disno.,historic,classification_key,disaster_group,disaster_subgroup,disaster_type,disaster_subtype,external_ids,event_name,iso,country,subregion,region,location,origin,associated_types,ofda_bha_response,appeal,declaration,aid_contribution_'000_us$,magnitude,magnitude_scale,latitude,longitude,river_basin,start_year,start_month,start_day,end_year,end_month,end_day,total_deaths,no._injured,no._affected,no._homeless,total_affected,reconstruction_costs_'000_us$,"reconstruction_costs,_adjusted_'000_us$",insured_damage_'000_us$,"insured_damage,_adjusted_'000_us$",total_damage_'000_us$,"total_damage,_adjusted_'000_us$",cpi,admin_units,gadm_admin_units,entry_date,last_update,start_date,end_date,event_date
2000-0769-AZE,No,nat-geo-ear-gro,Natural,Geophysical,Earthquake,Ground movement,USGS:usp000a4xu,,AZE,Azerbaijan,Western Asia,Asia,"Absheron, Baku, Sumgayit districts (Absheron province)",,,No,No,No,341.0,6.8,Moment Magnitude,40.245,49.946,,2000,11.0,25.0,2000,11.0,25.0,31.0,600.0,2694.0,,3294.0,,,,,10000.0,18696.0,53.48773668167872,"[{""adm2_code"":493,""adm2_name"":""Absheron""},{""adm2_code"":495,""adm2_name"":""Baku""},{""adm2_code"":552,""adm2_name"":""Sumgayit""}]",,2003-09-08,2023-09-25,2000-11-25,2000-11-25,2000-11-25
2000-0023-BGD,No,nat-geo-ear-gro,Natural,Geophysical,Earthquake,Ground movement,USGS:usp0009khm,,BGD,Bangladesh,Southern Asia,Asia,"Maheshkhali area (Cox's Bazar district, Chittagong province)",,,No,No,No,,4.3,Moment Magnitude,21.431,91.762,,2000,1.0,2.0,2000,1.0,2.0,,,1000.0,,1000.0,,,,,,,53.48773668167872,"[{""adm2_code"":5772,""adm2_name"":""Cox's Bazar""}]","[{""gid_2"":""BGD.2.6_1"",""migration_date"":""2025-12-20"",""migration_method"":""jaccard2"",""name_2"":""Cox'S Bazar""}]",2011-04-07,2025-12-20,2000-01-02,2000-01-02,2000-01-02
2000-0033-CHN,No,nat-geo-ear-gro,Natural,Geophysical,Earthquake,Ground movement,USGS:usp0009m4u,,CHN,China,Eastern Asia,Asia,"Yongren Xian, Yao'an Xian, Nanhua Xian, Dayao Xian areas (Chuxiong Yi district, Yunnan Sheng province), Xiangyun Xian area (Dali Bai district, Yunnan Sheng province)",,,Yes,No,No,765.0,5.9,Moment Magnitude,25.607,101.063,,2000,1.0,14.0,2000,1.0,14.0,7.0,2528.0,1760000.0,92479.0,1855007.0,,,,,73500.0,137415.0,53.48773668167872,"[{""adm2_code"":13307,""adm2_name"":""Chuxiong Yi""},{""adm2_code"":13312,""adm2_name"":""Dali Bai""}]","[{""gid_2"":""CHN.30.2_1"",""migration_date"":""2025-12-20"",""migration_method"":""jaccard2"",""name_2"":""Chuxiong Yi""},{""gid_2"":""CHN.30.3_1"",""migration_date"":""2025-12-20"",""migration_method"":""jaccard2"",""name_2"":""Dali Bai""}]",2003-09-09,2025-12-20,2000-01-14,2000-01-14,2000-01-14
2000-0036-CHN,No,nat-geo-ear-gro,Natural,Geophysical,Earthquake,Ground movement,USGS:usp0009mq6,,CHN,China,Eastern Asia,Asia,"Mile Xian area (Honghe Hani and Yi district, Yunnan Sheng province), Qiubei Xian area (Wenshan Zhuang and Miao district, Yunnan Sheng province)",,,No,No,No,,4.9,Moment Magnitude,24.263,103.797,,2000,1.0,26.0,2000,1.0,26.0,1.0,2.0,10300.0,,10302.0,,,,,483.0,903.0,53.48773668167872,"[{""adm2_code"":13308,""adm2_name"":""Honghe Hani and Yi""},{""adm2_code"":13309,""adm2_name"":""Wenshan Zhuang and Miao""}]","[{""gid_2"":""CHN.30.13_1"",""migration_date"":""2025-12-20"",""migration_method"":""jaccard2"",""name_2"":""Wenshan Zhuang and Miao""},{""gid_2"":""CHN.30.6_1"",""migration_date"":""2025-12-20"",""migration_method"":""jaccard2"",""name_2"":""Honghe Hani and Yi""}]",2010-03-04,2025-12-20,2000-01-26,2000-01-26,2000-01-26
2000-0041-CHN,No,nat-geo-ear-gro,Natural,Geophysical,Earthquake,Ground movement,USGS:usp0009m1j,,CHN,China,Eastern Asia,Asia,"Xiuyan Manzu Zizhixian area (Anshan district, Liaoning Sheng province)",,,No,No,No,,5.1,Moment Magnitude,40.498,122.994,,2000,1.0,11.0,2000,1.0,11.0,,30.0,44000.0,18000.0,62030.0,,,,,,,53.48773668167872,"[{""adm2_code"":13179,""adm2_name"":""Anshan""}]","[{""gid_2"":""CHN.18.1_1"",""migration_date"":""2025-12-20"",""migration_method"":""jaccard2"",""name_2"":""Anshan""}]",2003-09-09,2025-12-20,2000-01-11,2000-01-11,2000-01-11
2000-0298-CHN,No,nat-geo-ear-gro,Natural,Geophysical,Earthquake,Ground movement,USGS:usp0009u46,,CHN,China,Eastern Asia,Asia,"Lanzhou Shi area (Lanzhou district, Gansu Sheng province)",,,No,No,No,,5.6,Moment Magnitude,37.012,103.791,,2000,6.0,6.0,2000,6.0,6.0,,20.0,,80.0,100.0,,,,,,,53.48773668167872,"[{""adm2_code"":13014,""adm2_name"":""Lanzhou""}]","[{""gid_2"":""CHN.5.7_1"",""migration_date"":""2025-12-20"",""migration_method"":""jaccard2"",""name_2"":""Lanzhou""}]",2003-09-09,2025-12-20,2000-06-06,2000-06-06,2000-06-06
2000-0527-CHN,No,nat-geo-ear-gro,Natural,Geophysical,Earthquake,Ground movement,USGS:usp0009yvr,,CHN,China,Eastern Asia,Asia,"Wuding Xian area (Chuxiong Yi district, Yunnan Sheng province)",,,No,No,No,,4.9,Moment Magnitude,25.826,102.194,,2000,8.0,21.0,2000,8.0,21.0,1.0,211.0,,177400.0,177611.0,,,,,43000.0,80392.0,53.48773668167872,"[{""adm2_code"":13307,""adm2_name"":""Chuxiong Yi""}]","[{""gid_2"":""CHN.30.2_1"",""migration_date"":""2025-12-20"",""migration_method"":""jaccard2"",""name_2"":""Chuxiong Yi""}]",2005-04-17,2025-12-20,2000-08-21,2000-08-21,2000-08-21
2000-0081-COL,No,nat-geo-ear-gro,Natural,Geophysical,Earthquake,Ground movement,USGS:usp000a373,,COL,Colombia,Latin America and the Caribbean,Americas,Jurado island and Jurado districts (Choco province),,,No,No,No,,6.5,Moment Magnitude,7.042,-77.829,,2000,11.0,8.0,2000,11.0,8.0,2.0,,430.0,,430.0,,,,,,,53.48773668167872,"[{""adm2_code"":13795,""adm2_name"":""Jurado""},{""adm2_code"":13796,""adm2_name"":""Jurado (is.)""}]",,2008-05-08,2023-09-25,2000-11-08,2000-11-08,2000-11-08
2000-0303-GRC,No,nat-geo-ear-gro,Natural,Geophysical,Earthquake,Ground movement,USGS:usp0009tg5,,GRC,Greece,Southern Europe,Europe,"Michalitsi, Mitikas (Artis District, Ipeiros province), Flampoura, Kanali, Pantokratos villages (Prevezis district, Ipeiros province)",,,No,No,No,,5.6,Moment Magnitude,38.922,20.64,,2000,5.0,26.0,2000,5.0,26.0,,,600.0,,600.0,,,,,,,53.48773668167872,"[{""adm2_code"":16692,""adm2_name"":""Artis""},{""adm2_code"":16694,""adm2_name"":""Prevezis""}]",,2003-07-01,2023-09-25,2000-05-26,2000-05-26,2000-05-26
2000-0076-ISL,No,nat-geo-ear-gro,Natural,Geophysical,Earthquake,Ground movement,USGS:usp0009ux8,,ISL,Iceland,Northern Europe,Europe,"Grimsnes, Selfoss, Eyrarbakki, Stokkseyri city (Arnes provinces)",,,No,No,No,,6.5,Moment Magnitude,63.98,-20.758,,2000,6.0,21.0,2000,6.0,21.0,,,72.0,36.0,108.0,,,,,12000.0,22435.0,53.48773668167872,"[{""adm1_code"":1460,""adm1_name"":""Arnes""}]","[{""gid_2"":""ISL.5.11_1"",""migration_date"":""2025-12-20"",""migration_method"":""puzzle1_2"",""name_2"":""Hraungerðishreppur""},{""gid_2"":""ISL.5.12_1"",""migration_date"":""2025-12-20"",""migration_method"":""puzzle1_2"",""name_2"":""Hrunamannahreppur""},{""gid_2"":""ISL.5.13_1"",""migration_date"":""2025-12-20"",""migration_method"":""puzzle1_2"",""name_2"":""Hveragerði""},{""gid_2"":""ISL.5.15_1"",""migration_date"":""2025-12-20"",""migration_method"":""puzzle1_2"",""name_2"":""Laugardalshreppur""},{""gid_2"":""ISL.5.17_1"",""migration_date"":""2025-12-20"",""migration_method"":""puzzle1_2"",""name_2"":""Ölfushreppur""},{""gid_2"":""ISL.5.20_1"",""migration_date"":""2025-12-20"",""migration_method"":""puzzle1_2"",""name_2"":""Skeiðahreppur""},{""gid_2"":""ISL.5.21_1"",""migration_date"":""2025-12-20"",""migration_method"":""puzzle1_2"",""name_2"":""Sveitarfélagið Árborg""},{""gid_2"":""ISL.5.22_1"",""migration_date"":""2025-12-20"",""migration_method"":""puzzle1_2"",""name_2"":""Þingvallahreppur""},{""gid_2"":""ISL.5.4_1"",""migration_date"":""2025-12-20"",""migration_method"":""puzzle1_2"",""name_2"":""Biskupstungnahreppur""},{""gid_2"":""ISL.5.7_1"",""migration_date"":""2025-12-20"",""migration_method"":""puzzle1_2"",""name_2"":""Gaulverjabæjarhreppur""},{""gid_2"":""ISL.5.8_1"",""migration_date"":""2025-12-20"",""migration_method"":""puzzle1_2"",""name_2"":""Gnúpverjahreppur""},{""gid_2"":""ISL.5.9_1"",""migration_date"":""2025-12-20"",""migration_method"":""puzzle1_2"",""name_2"":""Grímsnes- og Grafningshreppur""}]",2008-05-08,2025-12-20,2000-06-21,2000-06-21,2000-06-21
2000-0335-ISL,No,nat-geo-ear-gro,Natural,Geophysical,Earthquake,Ground movement,USGS:usp0009urh,,ISL,Iceland,Northern Europe,Europe,Hella city (Rangarvalla province),,,No,No,No,,6.5,Moment Magnitude,63.966,-20.487,,2000,6.0,17.0,2000,6.0,17.0,,1.0,57.0,33.0,91.0,,,,,12000.0,22435.0,53.48773668167872,"[{""adm1_code"":1474,""adm1_name"":""Rangárvalla""}]","[{""gid_2"":""ISL.5.10_1"",""migration_date"":""2025-12-20"",""migration_method"":""puzzle1_2"",""name_2"":""Holta- og Landasveit""},{""gid_2"":""ISL.5.14_1"",""migration_date"":""2025-12-20"",""migration_method"":""puzzle1_2"",""name_2"":""Hvolhreppur""},{""gid_2"":""ISL.5.18_1"",""migration_date"":""2025-12-20"",""migration_method"":""puzzle1_2"",""name_2"":""Rangárvallahreppur""},{""gid_2"":""ISL.5.1_1"",""migration_date"":""2025-12-20"",""migration_method"":""puzzle1_2"",""name_2"":""Ásahreppur""},{""gid_2"":""ISL.5.23_1"",""migration_date"":""2025-12-20"",""migration_method"":""puzzle1_2"",""name_2"":""Uten navn - sysla""},{""gid_2"":""ISL.5.24_1"",""migration_date"":""2025-12-20"",""migration_method"":""puzzle1_2"",""name_2"":""Vestmannaeyjar""},{""gid_2"":""ISL.5.25_1"",""migration_date"":""2025-12-20"",""migration_method"":""puzzle1_2"",""name_2"":""Vestur-Eyjafjallahreppur""},{""gid_2"":""ISL.5.26_1"",""migration_date"":""2025-12-20"",""migration_method"":""puzzle1_2"",""name_2"":""Vestur-Landeyjahreppur""},{""gid_2"":""ISL.5.27_1"",""migration_date"":""2025-12-20"",""migration_method"":""puzzle1_2"",""name_2"":""Villingaholtshreppur""},{""gid_2"":""ISL.5.2_1"",""migration_date"":""2025-12-20"",""migration_method"":""puzzle1_2"",""name_2"":""Austur-Eyjafjallahreppur""},{""gid_2"":""ISL.5.3_1"",""migration_date"":""2025-12-20"",""migration_method"":""puzzle1_2"",""name_2"":""Austur-Landeyjahreppur""},{""gid_2"":""ISL.5.5_1"",""migration_date"":""2025-12-20"",""migration_method"":""puzzle1_2"",""name_2"":""Djúpárhreppur""},{""gid_2"":""ISL.5.6_1"",""migration_date"":""2025-12-20"",""migration_method"":""puzzle1_2"",""name_2"":""Fljótshlíðarhreppur""}]",2003-09-09,2025-12-20,2000-06-17,2000-06-17,2000-06-17
2000-0762-IDN,No,nat-geo-ear-gro,Natural,Geophysical,Earthquake,Ground movement,USGS:usp0009u6r,,IDN,Indonesia,South-eastern Asia,Asia,Lahat district (Sumatera Selatan province),,,No,No,No,,6.7,Moment Magnitude,-4.612,101.905,,2000,6.0,7.0,2000,6.0,7.0,1.0,,3000.0,,3000.0,,,,,,,53.48773668167872,"[{""adm2_code"":73769,""adm2_name"":""Lahat""}]","[{""gid_2"":""IDN.31.2_1"",""migration_date"":""2025-12-20"",""migration_method"":""puzzle2_2"",""name_2"":""Empat Lawang""},{""gid_2"":""IDN.31.3_1"",""migration_date"":""2025-12-20"",""migration_method"":""puzzle2_2"",""name_2"":""Lahat""}]",2014-02-25,2025-12-20,2000-06-07,2000-06-07,2000-06-07
2000-0293-IDN,No,nat-geo-ear-gro,Natural,Geophysical,Earthquake,Ground movement,USGS:usp0009txx,,IDN,Indonesia,South-eastern Asia,Asia,"Enggano island (Bengkulu Utara district, Bengkulu province)",,"Slide (land, mud, snow, rock)",Yes,No,No,5031.0,6.7,Moment Magnitude,-4.646,102.102,,2000,6.0,4.0,2000,6.0,4.0,103.0,2714.0,200000.0,2000.0,204714.0,,,,,41000.0,76653.0,53.48773668167872,"[{""adm2_code"":73654,""adm2_name"":""Bengkulu Utara""}]","[{""gid_2"":""IDN.5.2_1"",""migration_date"":""2025-12-20"",""migration_method"":""puzzle2_2"",""name_2"":""Bengkulu Tengah""},{""gid_2"":""IDN.5.3_1"",""migration_date"":""2025-12-20"",""migration_method"":""puzzle2_2"",""name_2"":""Bengkulu Utara""}]",2003-09-09,2025-12-20,2000-06-04,2000-06-04,2000-06-04
2000-0449-IDN,No,nat-geo-ear-gro,Natural,Geophysical,Earthquake,Ground movement,USGS:usp0009w9p,,IDN,Indonesia,South-eastern Asia,Asia,"Ciranggon village (Karawang district, Jawa Barat province)",,,No,No,No,,5.4,Moment Magnitude,-6.675,106.845,,2000,7.0,12.0,2000,7.0,12.0,,124.0,,4000.0,4124.0,,,,,2000.0,3739.0,53.48773668167872,"[{""adm2_code"":18014,""adm2_name"":""Karawang""}]","[{""gid_2"":""IDN.9.13_1"",""migration_date"":""2025-12-20"",""migration_method"":""jaccard2"",""name_2"":""Karawang""}]",2005-04-17,2025-12-20,2000-07-12,2000-07-12,2000-07-12
2000-0230-IDN,No,nat-geo-ear-gro,Natural,Geophysical,Earthquake,Ground movement,USGS:usp0009sbh,,IDN,Indonesia,South-eastern Asia,Asia,"Totikum, Tinangkung, Liang villages (Banggai Kepulauan district, Sulawesi Tengah province), Banggai district (Sulawesi Tengah province)",,Tsunami/Tidal wave,No,No,No,215.0,7.6,Moment Magnitude,-1.105,123.573,,2000,5.0,4.0,2000,5.0,4.0,45.0,270.0,,52500.0,52770.0,,,,,30000.0,56088.0,53.48773668167872,"[{""adm2_code"":73637,""adm2_name"":""Banggai Kepulauan""},{""adm2_code"":73638,""adm2_name"":""Banggai""}]","[{""gid_2"":""IDN.27.1_1"",""migration_date"":""2025-12-20"",""migration_method"":""jaccard2"",""name_2"":""Banggai Kepulauan""},{""gid_2"":""IDN.27.2_1"",""migration_date"":""2025-12-20"",""migration_method"":""jaccard2"",""name_2"":""Banggai""}]",2005-07-09,2025-12-20,2000-05-04,2000-05-04,2000-05-04
2000-0761-IDN,No,nat-geo-ear-gro,Natural,Geophysical,Earthquake,Ground movement,USGS:usp000a2ck,,IDN,Indonesia,South-eastern Asia,Asia,"Pandeglang, Lebak, Serang districts (Banten province)",,,No,No,No,,6.8,Moment Magnitude,-6.549,105.63,,2000,10.0,25.0,2000,10.0,25.0,,,5500.0,,5500.0,,,,,,,53.48773668167872,"[{""adm2_code"":18020,""adm2_name"":""Lebak""},{""adm2_code"":18022,""adm2_name"":""Pandeglang""},{""adm2_code"":18024,""adm2_name"":""Serang""}]","[{""gid_2"":""IDN.4.2_1"",""migration_date"":""2025-12-20"",""migration_method"":""puzzle2_2"",""name_2"":""Kota Serang""},{""gid_2"":""IDN.4.4_1"",""migration_date"":""2025-12-20"",""migration_method"":""jaccard2"",""name_2"":""Lebak""},{""gid_2"":""IDN.4.5_1"",""migration_date"":""2025-12-20"",""migration_method"":""jaccard2"",""name_2"":""Pandeglang""},{""gid_2"":""IDN.4.6_1"",""migration_date"":""2025-12-20"",""migration_method"":""puzzle2_2"",""name_2"":""Serang""}]",2003-09-08,2025-12-20,2000-10-25,2000-10-25,2000-10-25
2000-0051-IRN,No,nat-geo-ear-gro,Natural,Geophysical,Earthquake,Ground movement,USGS:usp0009mz6,,IRN,Iran (Islamic Republic of),Southern Asia,Asia,"Kashmar, Bardeskan districts (Khorasan)",,,No,No,No,,5.3,Moment Magnitude,35.288,58.218,,2000,2.0,2.0,2000,2.0,2.0,1.0,15.0,1500.0,500.0,2015.0,,,,,,,53.48773668167872,"[{""adm2_code"":40901,""adm2_name"":""Bardeskan""},{""adm2_code"":40992,""adm2_name"":""Kashmar""}]",,2014-03-07,2023-09-25,2000-02-02,2000-02-02,2000-02-02
2000-0065-IRN,No,nat-geo-ear-gro,Natural,Geophysical,Earthquake,Ground movement,USGS:usp0009ne8,,IRN,Iran (Islamic Republic of),Southern Asia,Asia,"Mohammadieh, Sarhozak, Hajiabad areas (Kashmar district, Khorasan province)",,,No,No,No,,4.9,Moment Magnitude,35.217,58.175,,2000,2.0,14.0,2000,2.0,14.0,,,1000.0,,1000.0,,,,,,,53.48773668167872,"[{""adm2_code"":40992,""adm2_name"":""Kashmar""}]",,2003-07-01,2023-09-25,2000-02-14,2000-02-14,2000-02-14
2000-0428-JPN,No,nat-geo-ear-gro,Natural,Geophysical,Earthquake,Ground movement,USGS:usp0009vhb,,JPN,Japan,Eastern Asia,Asia,"Koodusimamura, Niizimamura districts (Tookyoo province)",,,No,No,No,,6.1,Moment Magnitude,34.221,139.131,,2000,7.0,1.0,2000,7.0,1.0,1.0,,100.0,,100.0,,,,,,,53.48773668167872,"[{""adm2_code"":36308,""adm2_name"":""Koodusimamura""},{""adm2_code"":36323,""adm2_name"":""Niizimamura""}]",,2003-09-08,2023-09-25,2000-07-01,2000-07-01,2000-07-01
2000-0656-JPN,No,nat-geo-ear-gro,Natural,Geophysical,Earthquake,Ground movement,USGS:usp000a1b0,,JPN,Japan,Eastern Asia,Asia,"Aimityoo, Kisimototyoo, Mizokutityoo, Saihakutyoo, Daisentyoo, Nawatyoo, Nakayamatyoo, Hieduson districts (Tottori province), Simane, Okayama provinces",,"Slide (land, mud, snow, rock)",No,No,No,,6.7,Moment Magnitude,35.456,133.134,,2000,10.0,6.0,2000,10.0,6.0,,130.0,6690.0,312.0,7132.0,,,150000.0,280438.0,500000.0,934794.0,53.48773668167872,"[{""adm1_code"":1680,""adm1_name"":""Okayama""},{""adm1_code"":1686,""adm1_name"":""Simane""},{""adm2_code"":36345,""adm2_name"":""Aimityoo""},{""adm2_code"":36349,""adm2_name"":""Daisentyoo""},{""adm2_code"":36352,""adm2_name"":""Hieduson""},{""adm2_code"":36360,""adm2_name"":""Kisimototyoo""},{""adm2_code"":36366,""adm2_name"":""Mizokutityoo""},{""adm2_code"":36368,""adm2_name"":""Nakayamatyoo""},{""adm2_code"":36369,""adm2_name"":""Nawatyoo""},{""adm2_code"":36371,""adm2_name"":""Saihakutyoo""}]","[{""gid_1"":""JPN.31_1"",""migration_date"":""2025-12-20"",""migration_method"":""jaccard1"",""name_1"":""Okayama""},{""gid_1"":""JPN.37_1"",""migration_date"":""2025-12-20"",""migration_method"":""jaccard1"",""name_1"":""Shimane""},{""gid_2"":""JPN.42.12_1"",""migration_date"":""2025-12-20"",""migration_method"":""bufhaus2"",""name_2"":""Nanbu""},{""gid_2"":""JPN.42.12_1"",""migration_date"":""2025-12-20"",""migration_method"":""bufhaus2"",""name_2"":""Nanbu""},{""gid_2"":""JPN.42.2_1"",""migration_date"":""2025-12-20"",""migration_method"":""bufhaus2"",""name_2"":""Daisen""},{""gid_2"":""JPN.42.2_1"",""migration_date"":""2025-12-20"",""migration_method"":""bufhaus2"",""name_2"":""Daisen""},{""gid_2"":""JPN.42.2_1"",""migration_date"":""2025-12-20"",""migration_method"":""bufhaus2"",""name_2"":""Daisen""},{""gid_2"":""JPN.42.3_1"",""migration_date"":""2025-12-20"",""migration_method"":""jaccard2"",""name_2"":""Hiezu""},{""gid_2"":""JPN.42.5_1"",""migration_date"":""2025-12-20"",""migration_method"":""bufhaus2"",""name_2"":""Hōki""},{""gid_2"":""JPN.42.5_1"",""migration_date"":""2025-12-20"",""migration_method"":""bufhaus2"",""name_2"":""Hōki""}]",2011-04-27,2025-12-20,2000-10-06,2000-10-06,2000-10-06
2000-0387-NIC,No,nat-geo-ear-gro,Natural,Geophysical,Earthquake,Ground movement,USGS:usp0009vy1,,NIC,Nicaragua,Latin America and the Caribbean,Americas,"Laguna de Apoyo nature reserve (Masaya district, Masaya province)",,,No,No,No,69.0,5.4,Moment Magnitude,11.884,-85.988,,2000,7.0,6.0,2000,7.0,6.0,7.0,42.0,1785.0,5650.0,7477.0,,,,,,,53.48773668167872,"[{""adm2_code"":22499,""adm2_name"":""Masaya""}]","[{""gid_2"":""NIC.14.4_1"",""migration_date"":""2025-12-20"",""migration_method"":""jaccard2"",""name_2"":""Masaya""}]",2003-09-08,2025-12-20,2000-07-06,2000-07-06,2000-07-06
2000-0749-PNG,No,nat-geo-ear-gro,Natural,Geophysical,Earthquake,Ground movement,USGS:usp000a3qq,,PNG,Papua New Guinea,Melanesia,Oceania,"Duke of York island (Kokopo district, East New Britain province), New Ireland, Northern Solomons provinces",,Tsunami/Tidal wave,No,No,No,,8.0,Moment Magnitude,-3.98,152.169,,2000,11.0,16.0,2000,11.0,16.0,2.0,,,5000.0,5000.0,,,,,,,53.48773668167872,"[{""adm1_code"":2302,""adm1_name"":""New Ireland""},{""adm1_code"":2304,""adm1_name"":""Northern Solomons""},{""adm2_code"":37482,""adm2_name"":""Kokopo""}]","[{""gid_1"":""PNG.16_1"",""migration_date"":""2025-12-20"",""migration_method"":""jaccard1"",""name_1"":""New Ireland""},{""gid_1"":""PNG.1_1"",""migration_date"":""2025-12-20"",""migration_method"":""jaccard1"",""name_1"":""Bougainville""},{""gid_1"":""PNG.4_1"",""migration_date"":""2025-12-20"",""migration_method"":""parent2_1"",""name_1"":""East New Britain""}]",2014-02-25,2025-12-20,2000-11-16,2000-11-16,2000-11-16
2000-0480-RUS,No,nat-geo-ear-gro,Natural,Geophysical,Earthquake,Ground movement,USGS:usp0009xws,,RUS,Russian Federation,Eastern Europe,Europe,Ougklegorsk region (Sakhalinskaya Oblast Province),,"Slide (land, mud, snow, rock)",No,No,No,,6.8,Moment Magnitude,48.786,142.246,,2000,8.0,4.0,2000,8.0,4.0,,8.0,,19100.0,19108.0,,,,,920.0,1720.0,53.48773668167872,"[{""adm1_code"":2552,""adm1_name"":""Sakhalinskaya Oblast""}]","[{""gid_1"":""RUS.61_1"",""migration_date"":""2025-12-20"",""migration_method"":""jaccard1"",""name_1"":""Sakhalin""}]",2003-09-08,2025-12-20,2000-08-04,2000-08-04,2000-08-04
2000-0743-TJK,No,nat-geo-ear-gro,Natural,Geophysical,Earthquake,Ground movement,USGS:usp000a2se,,TJK,Tajikistan,Central Asia,Asia,"Khasanov village (Parharskiy district, Khatlon province)",,,Yes,No,No,,4.8,Moment Magnitude,37.451,69.498,,2000,10.0,30.0,2000,10.0,30.0,,,6000.0,,6000.0,,,,,,,53.48773668167872,"[{""adm2_code"":37595,""adm2_name"":""Parharskiy""}]",,2003-09-08,2023-09-25,2000-10-30,2000-10-30,2000-10-30
2000-0810-TKM,No,nat-geo-ear-gro,Natural,Geophysical,Earthquake,Ground movement,USGS:usp000a5m7,,TKM,Turkmenistan,Central Asia,Asia,Balkan province,,,No,No,No,,7.0,Moment Magnitude,39.566,54.799,,2000,12.0,6.0,2000,12.0,6.0,11.0,,,,,,,,,,,53.48773668167872,"[{""adm1_code"":147322,""adm1_name"":""Balkan""}]","[{""gid_1"":""TKM.3_1"",""migration_date"":""2025-12-20"",""migration_method"":""jaccard1"",""name_1"":""Balkan""}]",2003-09-08,2025-12-20,2000-12-06,2000-12-06,2000-12-06
2000-0272-TUR,No,nat-geo-ear-gro,Natural,Geophysical,Earthquake,Ground movement,USGS:usp0009ska,,TUR,Türkiye,Western Asia,Asia,Poturge district (Malatya province),,,No,No,No,,4.5,Moment Magnitude,38.164,38.777,,2000,5.0,7.0,2000,5.0,7.0,1.0,,1000.0,,1000.0,,,,,,,53.48773668167872,"[{""adm2_code"":28104,""adm2_name"":""Poturge""}]",,2003-09-09,2023-09-25,2000-05-07,2000-05-07,2000-05-07
2000-0291-TUR,No,nat-geo-ear-gro,Natural,Geophysical,Earthquake,Ground movement,USGS:usp0009u3d,,TUR,Türkiye,Western Asia,Asia,"Cerkes, Orta districts (Cankiri province), Cubuk district (Ankara province)",,,No,No,No,,6.0,Moment Magnitude,40.693,32.992,,2000,6.0,6.0,2000,6.0,6.0,2.0,80.0,23000.0,,23080.0,,,,,,,53.48773668167872,"[{""adm2_code"":27517,""adm2_name"":""Cubuk""},{""adm2_code"":27694,""adm2_name"":""Cerkes""},{""adm2_code"":27701,""adm2_name"":""Orta""}]",,2005-04-17,2025-03-14,2000-06-06,2000-06-06,2000-06-06
2000-0653-TZA,No,nat-geo-ear-gro,Natural,Geophysical,Earthquake,Ground movement,USGS:usp000a14k,,TZA,United Republic of Tanzania,Sub-Saharan Africa,Africa,"Isale, Kipili, Kirando, Namanyere, Wampelembe, Kate areas (Nkasi district, Rukwa province)",,,No,No,No,,6.5,Moment Magnitude,-7.977,30.709,,2000,10.0,2.0,2000,10.0,2.0,1.0,6.0,750.0,35.0,791.0,,,,,,,53.48773668167872,"[{""adm2_code"":48474,""adm2_name"":""Nkasi""}]","[{""gid_2"":""TZA.21.4_1"",""migration_date"":""2025-12-20"",""migration_method"":""jaccard2"",""name_2"":""Nkasi""}]",2003-09-08,2025-12-20,2000-10-02,2000-10-02,2000-10-02
2000-0598-USA,No,nat-geo-ear-gro,Natural,Geophysical,Earthquake,Ground movement,USGS:usp0009zmm,,USA,United States of America,Northern America,Americas,"Near Yountville city (Napa district, California province)",,,No,No,No,,4.9,Moment Magnitude,38.3788333,-122.4133333,,2000,9.0,3.0,2000,9.0,3.0,,70.0,25000.0,104.0,25174.0,,,,,50000.0,93479.0,53.48773668167872,"[{""adm2_code"":28892,""adm2_name"":""Napa""}]","[{""gid_2"":""USA.5.28_1"",""migration_date"":""2025-12-20"",""migration_method"":""jaccard2"",""name_2"":""Napa""}]",2005-04-17,2025-12-20,2000-09-03,2000-09-03,2000-09-03
2001-0233-AFG,No,nat-geo-ear-gro,Natural,Geophysical,Earthquake,Ground movement,USGS:usp000afvt,,AFG,Afghanistan,Southern Asia,Asia,"Panjsher, Parwan, Kapisa provinces",,,No,No,No,,5.0,Moment Magnitude,35.169,69.389,,2001,6.0,1.0,2001,6.0,1.0,4.0,20.0,,250.0,270.0,,,,,,,54.99938526629536,"[{""adm1_code"":286,""adm1_name"":""Kapisa""},{""adm1_code"":99879,""adm1_name"":""Panjsher""},{""adm1_code"":99880,""adm1_name"":""Parwan""}]","[{""gid_1"":""AFG.16_1"",""migration_date"":""2025-12-20"",""migration_method"":""jaccard1"",""name_1"":""Kapisa""},{""gid_1"":""AFG.27_1"",""migration_date"":""2025-12-20"",""migration_method"":""jaccard1"",""name_1"":""Panjshir""},{""gid_1"":""AFG.28_1"",""migration_date"":""2025-12-20"",""migration_method"":""jaccard1"",""name_1"":""Parwan""}]",2004-03-23,2025-12-20,2001-06-01,2001-06-01,2001-06-01
2001-0064-CHN,No,nat-geo-ear-gro,Natural,Geophysical,Earthquake,Ground movement,USGS:usp000aa5p,,CHN,China,Eastern Asia,Asia,"Yajiang Xian, Kangding Xian areas (Garze Tibetan district, Sichuan Sheng province)",,,Yes,No,No,,5.6,Moment Magnitude,29.513,101.129,,2001,2.0,23.0,2001,2.0,23.0,3.0,109.0,,300000.0,300109.0,,,,,24000.0,43637.0,54.99938526629536,"[{""adm2_code"":13271,""adm2_name"":""Garzê Tibetan""}]","[{""gid_2"":""CHN.26.5_1"",""migration_date"":""2025-12-20"",""migration_method"":""jaccard2"",""name_2"":""Garzê Tibetan""}]",2003-09-05,2025-12-20,2001-02-23,2001-02-23,2001-02-23
2001-0214-CHN,No,nat-geo-ear-gro,Natural,Geophysical,Earthquake,Ground movement,USGS:usp000afdp,,CHN,China,Eastern Asia,Asia,"Ninglang Yi Zizhixian area (Lijiang district, Yunnan Sheng province), Yanyuan Xian area (Liangshan Yi district, Sichuan Sheng province)",,,No,No,No,,5.5,Moment Magnitude,27.689,101.003,,2001,5.0,23.0,2001,5.0,23.0,2.0,605.0,,10000.0,10605.0,,,,,36000.0,65455.0,54.99938526629536,"[{""adm2_code"":13272,""adm2_name"":""Liangshan Yi""},{""adm2_code"":13315,""adm2_name"":""Lijiang""}]","[{""gid_2"":""CHN.26.9_1"",""migration_date"":""2025-12-20"",""migration_method"":""jaccard2"",""name_2"":""Liangshan Yi""},{""gid_2"":""CHN.30.8_1"",""migration_date"":""2025-12-20"",""migration_method"":""jaccard2"",""name_2"":""Lijiang""}]",2003-09-05,2025-12-20,2001-05-23,2001-05-23,2001-05-23
2001-0389-CHN,No,nat-geo-ear-gro,Natural,Geophysical,Earthquake,Ground movement,USGS:usp000ajhn,,CHN,China,Eastern Asia,Asia,"Donghua village (Yongsheng Xian area, Lijiang district, Yunnan Sheng province)",,,No,No,No,,4.6,Moment Magnitude,24.455,102.66,,2001,7.0,14.0,2001,7.0,14.0,,,25000.0,,25000.0,,,,,,,54.99938526629536,"[{""adm2_code"":13315,""adm2_name"":""Lijiang""}]","[{""gid_2"":""CHN.30.8_1"",""migration_date"":""2025-12-20"",""migration_method"":""jaccard2"",""name_2"":""Lijiang""}]",2003-09-05,2025-12-20,2001-07-14,2001-07-14,2001-07-14
2001-0598-CHN,No,nat-geo-ear-gro,Natural,Geophysical,Earthquake,Ground movement,USGS:usp000arq9,,CHN,China,Eastern Asia,Asia,"Yongsheng area (Lijiang district, Yunnan Sheng province)",,,No,No,No,,5.6,Moment Magnitude,26.316,100.648,,2001,10.0,27.0,2001,10.0,27.0,1.0,220.0,,17000.0,17220.0,,,,,,,54.99938526629536,"[{""adm2_code"":13315,""adm2_name"":""Lijiang""}]","[{""gid_2"":""CHN.30.8_1"",""migration_date"":""2025-12-20"",""migration_method"":""jaccard2"",""name_2"":""Lijiang""}]",2003-09-05,2025-12-20,2001-10-27,2001-10-27,2001-10-27
2001-0151-CHN,No,nat-geo-ear-gro,Natural,Geophysical,Earthquake,Ground movement,USGS:usp000ad3a,,CHN,China,Eastern Asia,Asia,"Shidian area (Baoshan district, Yunnan Sheng province)",,"Slide (land, mud, snow, rock)",No,No,No,,5.6,Moment Magnitude,24.768,99.061,,2001,4.0,12.0,2001,4.0,12.0,2.0,190.0,150000.0,,150190.0,,,,,31000.0,56364.0,54.99938526629536,"[{""adm2_code"":13313,""adm2_name"":""Baoshan""}]","[{""gid_2"":""CHN.30.1_1"",""migration_date"":""2025-12-20"",""migration_method"":""jaccard2"",""name_2"":""Baoshan""}]",2003-09-05,2025-12-20,2001-04-12,2001-04-12,2001-04-12
2001-0013-SLV,No,nat-geo-ear-gro,Natural,Geophysical,Earthquake,Ground movement,USGS:usp000a7m5,,SLV,El Salvador,Latin America and the Caribbean,Americas,"Berlin, Alegria, Tecapan, Santiago de Maria districts (Usulutan province), Santa Tecla, Comasagua districts (La Libertad province) ; San Miguel, Santa Ana, Sonsonate, Cuscatlan, San Vicente, La Union, Ahuachapan, Cabanas, Morazan, Chalatenango, La Paz, La Libertad, San Salvador, Usulutan provinces",,"Slide (land, mud, snow, rock)",Yes,Yes,No,,7.7,Moment Magnitude,13.049,-88.66,,2001,1.0,13.0,2001,1.0,13.0,844.0,4723.0,1329806.0,,1334529.0,,,290000.0,527279.0,1500000.0,2727303.0,54.99938526629536,"[{""adm1_code"":1184,""adm1_name"":""Ahuachapan""},{""adm1_code"":1185,""adm1_name"":""Cabanas""},{""adm1_code"":1186,""adm1_name"":""Chalatenango""},{""adm1_code"":1187,""adm1_name"":""Cuscatlan""},{""adm1_code"":1188,""adm1_name"":""La Libertad""},{""adm1_code"":1189,""adm1_name"":""La Paz""},{""adm1_code"":1190,""adm1_name"":""La Union""},{""adm1_code"":1191,""adm1_name"":""Morazan""},{""adm1_code"":1192,""adm1_name"":""San Miguel""},{""adm1_code"":1193,""adm1_name"":""San Salvador""},{""adm1_code"":1194,""adm1_name"":""San Vicente""},{""adm1_code"":1195,""adm1_name"":""Santa Ana""},{""adm1_code"":1196,""adm1_name"":""Sonsonate""},{""adm1_code"":1197,""adm1_name"":""Usulutan""}]","[{""gid_1"":""SLV.10_1"",""migration_date"":""2025-12-20"",""migration_method"":""jaccard1"",""name_1"":""San Salvador""},{""gid_1"":""SLV.11_1"",""migration_date"":""2025-12-20"",""migration_method"":""jaccard1"",""name_1"":""San Vicente""},{""gid_1"":""SLV.12_1"",""migration_date"":""2025-12-20"",""migration_method"":""jaccard1"",""name_1"":""Santa Ana""},{""gid_1"":""SLV.13_1"",""migration_date"":""2025-12-20"",""migration_method"":""jaccard1"",""name_1"":""Sonsonate""},{""gid_1"":""SLV.14_1"",""migration_date"":""2025-12-20"",""migration_method"":""jaccard1"",""name_1"":""Usulután""},{""gid_1"":""SLV.1_1"",""migration_date"":""2025-12-20"",""migration_method"":""jaccard1"",""name_1"":""Ahuachapán""},{""gid_1"":""SLV.2_1"",""migration_date"":""2025-12-20"",""migration_method"":""jaccard1"",""name_1"":""Cabañas""},{""gid_1"":""SLV.3_1"",""migration_date"":""2025-12-20"",""migration_method"":""jaccard1"",""name_1"":""Chalatenango""},{""gid_1"":""SLV.4_1"",""migration_date"":""2025-12-20"",""migration_method"":""jaccard1"",""name_1"":""Cuscatlán""},{""gid_1"":""SLV.5_1"",""migration_date"":""2025-12-20"",""migration_method"":""jaccard1"",""name_1"":""La Libertad""},{""gid_1"":""SLV.6_1"",""migration_date"":""2025-12-20"",""migration_method"":""jaccard1"",""name_1"":""La Paz""},{""gid_1"":""SLV.7_1"",""migration_date"":""2025-12-20"",""migration_method"":""jaccard1"",""name_1"":""La Unión""},{""gid_1"":""SLV.8_1"",""migration_date"":""2025-12-20"",""migration_method"":""jaccard1"",""name_1"":""Morazán""},{""gid_1"":""SLV.9_1"",""migration_date"":""2025-12-20"",""migration_method"":""jaccard1"",""name_1"":""San Miguel""}]",2014-02-26,2025-12-20,2001-01-13,2001-01-13,2001-01-13
2001-0042-SLV,No,nat-geo-ear-gro,Natural,Geophysical,Earthquake,Ground movement,USGS:usp000a9jv,,SLV,El Salvador,Latin America and the Caribbean,Americas,"La Paz, Cuscatlan, San Vicente, San Salvador, Morazan, La Libertad provinces ; San Juan Tepezontes district (La Paz province), Cojutepeque district (Cuscatlan province)",,"Slide (land, mud, snow, rock)",Yes,No,No,,6.6,Moment Magnitude,13.671,-88.938,,2001,2.0,13.0,2001,2.0,13.0,315.0,3399.0,252622.0,,256021.0,,,,,348500.0,633643.0,54.99938526629536,"[{""adm1_code"":1187,""adm1_name"":""Cuscatlan""},{""adm1_code"":1188,""adm1_name"":""La Libertad""},{""adm1_code"":1189,""adm1_name"":""La Paz""},{""adm1_code"":1191,""adm1_name"":""Morazan""},{""adm1_code"":1193,""adm1_name"":""San Salvador""},{""adm1_code"":1194,""adm1_name"":""San Vicente""}]","[{""gid_1"":""SLV.10_1"",""migration_date"":""2025-12-20"",""migration_method"":""jaccard1"",""name_1"":""San Salvador""},{""gid_1"":""SLV.11_1"",""migration_date"":""2025-12-20"",""migration_method"":""jaccard1"",""name_1"":""San Vicente""},{""gid_1"":""SLV.4_1"",""migration_date"":""2025-12-20"",""migration_method"":""jaccard1"",""name_1"":""Cuscatlán""},{""gid_1"":""SLV.5_1"",""migration_date"":""2025-12-20"",""migration_method"":""jaccard1"",""name_1"":""La Libertad""},{""gid_1"":""SLV.6_1"",""migration_date"":""2025-12-20"",""migration_method"":""jaccard1"",""name_1"":""La Paz""},{""gid_1"":""SLV.8_1"",""migration_date"":""2025-12-20"",""migration_method"":""jaccard1"",""name_1"":""Morazán""}]",2014-02-26,2025-12-20,2001-02-13,2001-02-13,2001-02-13
2001-0749-GRC,No,nat-geo-ear-gro,Natural,Geophysical,Earthquake,Ground movement,USGS:usp000ak5s,,GRC,Greece,Southern Europe,Europe,"Skyros Island (Evvoias district, Sterea Ellada province)",,,No,No,No,,6.5,Moment Magnitude,39.059,24.244,,2001,7.0,26.0,2001,7.0,26.0,,,300.0,,300.0,,,,,,,54.99938526629536,"[{""adm2_code"":16716,""adm2_name"":""Evvoias""}]",,2014-02-25,2023-09-25,2001-07-26,2001-07-26,2001-07-26
2001-0023-GTM,No,nat-geo-ear-gro,Natural,Geophysical,Earthquake,Ground movement,USGS:usp000a7m5,,GTM,Guatemala,Latin America and the Caribbean,Americas,Jutapia province,,,No,No,No,,7.7,Moment Magnitude,13.049,-88.66,,2001,1.0,13.0,2001,1.0,13.0,6.0,2.0,150.0,,152.0,,,,,50.0,91.0,54.99938526629536,"[{""adm1_code"":64842,""adm1_name"":""Jutiapa""}]","[{""gid_1"":""GTM.11_1"",""migration_date"":""2025-12-20"",""migration_method"":""jaccard1"",""name_1"":""Jutiapa""}]",2003-09-08,2025-12-20,2001-01-13,2001-01-13,2001-01-13
2001-0033-IND,No,nat-geo-ear-gro,Natural,Geophysical,Earthquake,Ground movement,USGS:usp000a8ds,,IND,India,Southern Asia,Asia,"Ahmadabad, Amreli, Anand, Banas Kantha, Bharuch, Bhavnagar, Dahdod, Gandhinagar, Jamnagar, Junagadh, Kachchh, Kheda, Mahesana, Navsari, Patan, Porbandar, Rajkot, Sabar Kantha, Surat, Surendranagar, Vadodara districts (Gurajat province)",,,Yes,No,No,118929.0,7.7,Moment Magnitude,23.419,70.232,,2001,1.0,26.0,2001,1.0,26.0,20005.0,166812.0,4365000.0,1790000.0,6321812.0,,,100000.0,181820.0,2623000.0,4769144.0,54.99938526629536,"[{""adm2_code"":17635,""adm2_name"":""Ahmadabad""},{""adm2_code"":17636,""adm2_name"":""Amreli""},{""adm2_code"":17637,""adm2_name"":""Banas Kantha""},{""adm2_code"":17638,""adm2_name"":""Bharuch""},{""adm2_code"":17639,""adm2_name"":""Bhavnagar""},{""adm2_code"":17640,""adm2_name"":""Gandhinagar""},{""adm2_code"":17641,""adm2_name"":""Jamnagar""},{""adm2_code"":17642,""adm2_name"":""Junagadh""},{""adm2_code"":17643,""adm2_name"":""Kachchh""},{""adm2_code"":17644,""adm2_name"":""Kheda""},{""adm2_code"":17645,""adm2_name"":""Mahesana""},{""adm2_code"":17647,""adm2_name"":""Rajkot""},{""adm2_code"":17648,""adm2_name"":""Sabar Kantha""},{""adm2_code"":17649,""adm2_name"":""Surat""},{""adm2_code"":17650,""adm2_name"":""Surendranagar""},{""adm2_code"":17652,""adm2_name"":""Vadodara""},{""adm2_code"":70124,""adm2_name"":""Anand""},{""adm2_code"":70125,""adm2_name"":""Dahod""},{""adm2_code"":70127,""adm2_name"":""Navsari""},{""adm2_code"":70129,""adm2_name"":""Patan""},{""adm2_code"":70130,""adm2_name"":""Porbandar""}]","[{""gid_2"":""IND.11.10_1"",""migration_date"":""2025-12-20"",""migration_method"":""jaccard2"",""name_2"":""Dahod""},{""gid_2"":""IND.11.11_1"",""migration_date"":""2025-12-20"",""migration_method"":""puzzle2_2"",""name_2"":""Devbhumi Dwarka""},{""gid_2"":""IND.11.12_1"",""migration_date"":""2025-12-20"",""migration_method"":""jaccard2"",""name_2"":""Gandhinagar""},{""gid_2"":""IND.11.13_1"",""migration_date"":""2025-12-20"",""migration_method"":""puzzle2_2"",""name_2"":""Gir Somnath""},{""gid_2"":""IND.11.14_1"",""migration_date"":""2025-12-20"",""migration_method"":""puzzle2_2"",""name_2"":""Jamnagar""},{""gid_2"":""IND.11.15_1"",""migration_date"":""2025-12-20"",""migration_method"":""puzzle2_2"",""name_2"":""Junagadh""},{""gid_2"":""IND.11.16_1"",""migration_date"":""2025-12-20"",""migration_method"":""bufhaus2"",""name_2"":""Kachchh""},{""gid_2"":""IND.11.17_1"",""migration_date"":""2025-12-20"",""migration_method"":""jaccard2"",""name_2"":""Kheda""},{""gid_2"":""IND.11.18_1"",""migration_date"":""2025-12-20"",""migration_method"":""jaccard2"",""name_2"":""Mahesana""},{""gid_2"":""IND.11.1_1"",""migration_date"":""2025-12-20"",""migration_method"":""jaccard2"",""name_2"":""Ahmadabad""},{""gid_2"":""IND.11.20_1"",""migration_date"":""2025-12-20"",""migration_method"":""puzzle2_2"",""name_2"":""Morbi""},{""gid_2"":""IND.11.22_1"",""migration_date"":""2025-12-20"",""migration_method"":""jaccard2"",""name_2"":""Navsari""},{""gid_2"":""IND.11.24_1"",""migration_date"":""2025-12-20"",""migration_method"":""jaccard2"",""name_2"":""Patan""},{""gid_2"":""IND.11.25_1"",""migration_date"":""2025-12-20"",""migration_method"":""jaccard2"",""name_2"":""Porbandar""},{""gid_2"":""IND.11.26_1"",""migration_date"":""2025-12-20"",""migration_method"":""puzzle2_2"",""name_2"":""Rajkot""},{""gid_2"":""IND.11.27_1"",""migration_date"":""2025-12-20"",""migration_method"":""puzzle2_2"",""name_2"":""Sabar Kantha""},{""gid_2"":""IND.11.28_1"",""migration_date"":""2025-12-20"",""migration_method"":""puzzle2_2"",""name_2"":""Surat""},{""gid_2"":""IND.11.29_1"",""migration_date"":""2025-12-20"",""migration_method"":""jaccard2"",""name_2"":""Surendranagar""},{""gid_2"":""IND.11.2_1"",""migration_date"":""2025-12-20"",""migration_method"":""jaccard2"",""name_2"":""Amreli""},{""gid_2"":""IND.11.30_1"",""migration_date"":""2025-12-20"",""migration_method"":""puzzle2_2"",""name_2"":""Tapi""},{""gid_2"":""IND.11.32_1"",""migration_date"":""2025-12-20"",""migration_method"":""puzzle2_2"",""name_2"":""Vadodara""},{""gid_2"":""IND.11.3_1"",""migration_date"":""2025-12-20"",""migration_method"":""jaccard2"",""name_2"":""Anand""},{""gid_2"":""IND.11.4_1"",""migration_date"":""2025-12-20"",""migration_method"":""puzzle2_2"",""name_2"":""Aravalli""},{""gid_2"":""IND.11.5_1"",""migration_date"":""2025-12-20"",""migration_method"":""jaccard2"",""name_2"":""Banas Kantha""},{""gid_2"":""IND.11.6_1"",""migration_date"":""2025-12-20"",""migration_method"":""jaccard2"",""name_2"":""Bharuch""},{""gid_2"":""IND.11.7_1"",""migration_date"":""2025-12-20"",""migration_method"":""puzzle2_2"",""name_2"":""Bhavnagar""},{""gid_2"":""IND.11.8_1"",""migration_date"":""2025-12-20"",""migration_method"":""puzzle2_2"",""name_2"":""Botad""},{""gid_2"":""IND.11.9_1"",""migration_date"":""2025-12-20"",""migration_method"":""puzzle2_2"",""name_2"":""Chhota Udaipur""}]",2014-04-04,2025-12-20,2001-01-26,2001-01-26,2001-01-26
2001-0546-IDN,No,nat-geo-ear-gro,Natural,Geophysical,Earthquake,Ground movement,USGS:usp000ahm8,,IDN,Indonesia,South-eastern Asia,Asia,Jawa Barat province,,,No,No,No,,5.0,Moment Magnitude,-6.99,108.275,,2001,6.0,28.0,2001,6.0,28.0,,12.0,12500.0,,12512.0,,,,,,,54.99938526629536,"[{""adm1_code"":73613,""adm1_name"":""Jawa Barat""}]","[{""gid_1"":""IDN.9_1"",""migration_date"":""2025-12-20"",""migration_method"":""jaccard1"",""name_1"":""Jawa Barat""}]",2008-05-08,2025-12-20,2001-06-28,2001-06-28,2001-06-28
2001-0669-IDN,No,nat-geo-ear-gro,Natural,Geophysical,Earthquake,Ground movement,USGS:usp000a9kc,,IDN,Indonesia,South-eastern Asia,Asia,Bengkulu province,,,No,No,No,,7.4,Moment Magnitude,-4.68,102.562,,2001,2.0,13.0,2001,2.0,13.0,,,,,,,,,,,,54.99938526629536,"[{""adm1_code"":1514,""adm1_name"":""Bengkulu""}]","[{""gid_1"":""IDN.5_1"",""migration_date"":""2025-12-20"",""migration_method"":""jaccard1"",""name_1"":""Bengkulu""}]",2008-05-08,2025-12-20,2001-02-13,2001-02-13,2001-02-13
2001-0750-IRN,No,nat-geo-ear-gro,Natural,Geophysical,Earthquake,Ground movement,USGS:usp000aqec,,IRN,Iran (Islamic Republic of),Southern Asia,Asia,Birjand district (Khorasan province),,,No,No,No,,4.9,Moment Magnitude,33.007,60.276,,2001,10.0,8.0,2001,10.0,8.0,,,1000.0,,1000.0,,,,,,,54.99938526629536,"[{""adm2_code"":40909,""adm2_name"":""Birjand""}]",,2008-05-08,2023-09-25,2001-10-08,2001-10-08,2001-10-08
2001-0123-JPN,No,nat-geo-ear-gro,Natural,Geophysical,Earthquake,Ground movement,USGS:usp000abyg,,JPN,Japan,Eastern Asia,Asia,"Hirosima, Ehime provinces",,,No,No,No,,6.8,Moment Magnitude,34.083,132.526,,2001,3.0,24.0,2001,3.0,24.0,2.0,161.0,11100.0,,11261.0,,,128000.0,232730.0,500000.0,909101.0,54.99938526629536,"[{""adm1_code"":1654,""adm1_name"":""Ehime""},{""adm1_code"":1660,""adm1_name"":""Hirosima""}]","[{""gid_1"":""JPN.11_1"",""migration_date"":""2025-12-20"",""migration_method"":""jaccard1"",""name_1"":""Hiroshima""},{""gid_1"":""JPN.5_1"",""migration_date"":""2025-12-20"",""migration_method"":""jaccard1"",""name_1"":""Ehime""}]",2014-02-26,2025-12-20,2001-03-24,2001-03-24,2001-03-24
2001-0033-PAK,No,nat-geo-ear-gro,Natural,Geophysical,Earthquake,Ground movement,USGS:usp000a8ds,,PAK,Pakistan,Southern Asia,Asia,"Badin District, Tharparkar District, Mirpur Khas District districts (Sindh province)",,,Yes,No,No,215.0,7.7,Moment Magnitude,23.419,70.232,,2001,1.0,26.0,2001,1.0,26.0,12.0,100.0,914192.0,,914292.0,,,,,500.0,909.0,54.99938526629536,"[{""adm2_code"":23681,""adm2_name"":""Badin District""},{""adm2_code"":40399,""adm2_name"":""Mirpur Khas District""},{""adm2_code"":40405,""adm2_name"":""Tharparkar District""}]",,2014-04-04,2023-09-25,2001-01-26,2001-01-26,2001-01-26
2001-0345-PNG,No,nat-geo-ear-gro,Natural,Geophysical,Earthquake,Ground movement,USGS:usp000ag32,,PNG,Papua New Guinea,Melanesia,Oceania,Mumeng district (Morobe province),,"Slide (land, mud, snow, rock)",No,No,No,,6.4,Moment Magnitude,-6.884,146.388,,2001,6.0,5.0,2001,6.0,5.0,,1.0,,200.0,201.0,,,,,,,54.99938526629536,"[{""adm2_code"":37525,""adm2_name"":""Mumeng""}]",,2008-05-08,2023-09-25,2001-06-05,2001-06-05,2001-06-05
2001-0294-PER,No,nat-geo-ear-tsu,Natural,Geophysical,Earthquake,Tsunami,USGS:usp000ah4q,,PER,Peru,Latin America and the Caribbean,Americas,"Arequipa, Moquegua, Tacna, Ayacucho provinces",,Tsunami/Tidal wave,Yes,No,No,20777.0,8.4,Moment Magnitude,-16.265,-73.641,,2001,6.0,23.0,2001,6.0,23.0,145.0,2713.0,222400.0,124865.0,349978.0,,,50000.0,90910.0,300000.0,545461.0,54.99938526629536,"[{""adm1_code"":2331,""adm1_name"":""Arequipa""},{""adm1_code"":2332,""adm1_name"":""Ayacucho""},{""adm1_code"":2345,""adm1_name"":""Moquegua""},{""adm1_code"":2350,""adm1_name"":""Tacna""}]","[{""gid_1"":""PER.19_1"",""migration_date"":""2025-12-20"",""migration_method"":""jaccard1"",""name_1"":""Moquegua""},{""gid_1"":""PER.24_1"",""migration_date"":""2025-12-20"",""migration_method"":""jaccard1"",""name_1"":""Tacna""},{""gid_1"":""PER.4_1"",""migration_date"":""2025-12-20"",""migration_method"":""jaccard1"",""name_1"":""Arequipa""},{""gid_1"":""PER.5_1"",""migration_date"":""2025-12-20"",""migration_method"":""jaccard1"",""name_1"":""Ayacucho""}]",2003-09-05,2025-12-20,2001-06-23,2001-06-23,2001-06-23
2001-0754-PER,No,nat-geo-ear-gro,Natural,Geophysical,Earthquake,Ground movement,USGS:usp000am2s,,PER,Peru,Latin America and the Caribbean,Americas,Antambaba district (Apurcmac province),,,No,No,No,,5.8,Moment Magnitude,-14.258,-72.683,,2001,8.0,9.0,2001,8.0,9.0,4.0,15.0,3950.0,,3965.0,,,,,,,54.99938526629536,"[{""adm2_code"":24034,""adm2_name"":""Antabamba""}]","[{""gid_2"":""PER.3.3_1"",""migration_date"":""2025-12-20"",""migration_method"":""jaccard2"",""name_2"":""Antabamba""}]",2008-05-08,2025-12-20,2001-08-09,2001-08-09,2001-08-09
2001-0751-PER,No,nat-geo-ear-gro,Natural,Geophysical,Earthquake,Ground movement,USGS:usp000atz4,,PER,Peru,Latin America and the Caribbean,Americas,"Pucuncho city (Cayarani municipality, Condesuyos district, Arequipa province) ; Chuquibamba municipality (Condesuyos district, Arequipa province)",,,No,No,No,,5.8,Moment Magnitude,-15.35,-72.516,,2001,12.0,4.0,2001,12.0,4.0,2.0,5.0,150.0,,155.0,,,,,,,54.99938526629536,"[{""adm2_code"":24044,""adm2_name"":""Condesuyos""}]","[{""gid_2"":""PER.4.6_1"",""migration_date"":""2025-12-20"",""migration_method"":""jaccard2"",""name_2"":""Condesuyos""}]",2014-02-27,2025-12-20,2001-12-04,2001-12-04,2001-12-04
2001-0358-TUR,No,nat-geo-ear-gro,Natural,Geophysical,Earthquake,Ground movement,USGS:usp000ahe3,,TUR,Türkiye,Western Asia,Asia,Osmaniye province,,,No,No,No,,5.5,Moment Magnitude,37.238,36.206,,2001,6.0,25.0,2001,6.0,25.0,,130.0,350.0,,480.0,,,,,,,54.99938526629536,"[{""adm1_code"":3079,""adm1_name"":""Osmaniye""}]",,2003-07-01,2023-09-25,2001-06-25,2001-06-25,2001-06-25
2001-0748-TUR,No,nat-geo-ear-gro,Natural,Geophysical,Earthquake,Ground movement,USGS:usp000ajbh,,TUR,Türkiye,Western Asia,Asia,Erzurum province,,,No,No,No,,5.4,Moment Magnitude,39.832,41.623,,2001,7.0,10.0,2001,7.0,10.0,,46.0,85.0,,131.0,,,,,,,54.99938526629536,"[{""adm1_code"":3046,""adm1_name"":""Erzurum""}]","[{""gid_1"":""TUR.31_1"",""migration_date"":""2025-12-20"",""migration_method"":""jaccard1"",""name_1"":""Erzurum""}]",2008-05-08,2025-12-20,2001-07-10,2001-07-10,2001-07-10
2001-0005-TZA,No,nat-geo-ear-gro,Natural,Geophysical,Earthquake,Ground movement,USGS:usp0009s0v,,TZA,United Republic of Tanzania,Sub-Saharan Africa,Africa,Rungwe district (Mbeya province),,,No,No,No,,4.3,Moment Magnitude,-9.278,33.766,,2001,1.0,5.0,2001,1.0,5.0,,,,700.0,700.0,,,,,,,54.99938526629536,"[{""adm2_code"":48442,""adm2_name"":""Rungwe""}]","[{""gid_2"":""TZA.13.10_1"",""migration_date"":""2025-12-20"",""migration_method"":""jaccard2"",""name_2"":""Rungwe""}]",2011-04-07,2025-12-20,2001-01-05,2001-01-05,2001-01-05
2001-0099-USA,No,nat-geo-ear-gro,Natural,Geophysical,Earthquake,Ground movement,USGS:uw10530748,,USA,United States of America,Northern America,Americas,"Seattle city (King district), Tacoma city (Pierce district), Olympia city (Thurston district) (Washington province)",,,No,No,No,,6.8,Moment Magnitude,47.149,-122.7266667,,2001,2.0,28.0,2001,2.0,28.0,1.0,400.0,,,400.0,,,305000.0,554552.0,2000000.0,3636404.0,54.99938526629536,"[{""adm2_code"":31646,""adm2_name"":""King""},{""adm2_code"":31656,""adm2_name"":""Pierce""},{""adm2_code"":31663,""adm2_name"":""Thurston""}]","[{""gid_2"":""USA.48.17_1"",""migration_date"":""2025-12-20"",""migration_method"":""jaccard2"",""name_2"":""King""},{""gid_2"":""USA.48.27_1"",""migration_date"":""2025-12-20"",""migration_method"":""jaccard2"",""name_2"":""Pierce""},{""gid_2"":""USA.48.34_1"",""migration_date"":""2025-12-20"",""migration_method"":""jaccard2"",""name_2"":""Thurston""}]",2003-09-05,2025-12-20,2001-02-28,2001-02-28,2001-02-28
2002-0175-AFG,No,nat-geo-ear-gro,Natural,Geophysical,Earthquake,Ground movement,USGS:usp000b10y,,AFG,Afghanistan,Southern Asia,Asia,Nahrin district (Baghlan province),,"Slide (land, mud, snow, rock)",Yes,No,No,6538.0,6.1,Moment Magnitude,36.062,69.315,,2002,3.0,25.0,2002,3.0,25.0,1000.0,1228.0,80000.0,10000.0,91228.0,,,,,,,55.87169607405011,"[{""adm2_code"":99984,""adm2_name"":""Nahrin""}]","[{""gid_2"":""AFG.3.10_1"",""migration_date"":""2025-12-20"",""migration_method"":""bufhaus2"",""name_2"":""Nahrin""}]",2008-01-03,2025-12-20,2002-03-25,2002-03-25,2002-03-25
2002-0122-AFG,No,nat-geo-ear-gro,Natural,Geophysical,Earthquake,Ground movement,USGS:usp000azhb,,AFG,Afghanistan,Southern Asia,Asia,"Hindu Kush montain (Wakhan district, Badakhshan province), Souchi Bala Payan, Yawan villages (Yawan district, Badakhshan province), Souch village (Jorm district, Badakhshan province), Jurm, Malang Ab villages (Baharak district, Badakhshan province), Rostaq district (Takhar province), Kabul district (Kabul province), Khuram Wa Sarbagh, Aybak districts (Samagan province)",,"Slide (land, mud, snow, rock)",No,No,No,,6.3,Moment Magnitude,36.429,70.438,,2002,3.0,3.0,2002,3.0,3.0,150.0,13.0,3500.0,,3513.0,,,,,,,55.87169607405011,"[{""adm2_code"":3456,""adm2_name"":""Wakhan""},{""adm2_code"":99997,""adm2_name"":""Yawan""},{""adm2_code"":100013,""adm2_name"":""Baharak""},{""adm2_code"":100015,""adm2_name"":""Jorm""},{""adm2_code"":3585,""adm2_name"":""Kabul""},{""adm2_code"":3724,""adm2_name"":""Aybak""},{""adm2_code"":3727,""adm2_name"":""Khuram Wa Sarbagh""},{""adm2_code"":3743,""adm2_name"":""Rostaq""}]","[{""gid_1"":""AFG.14_1"",""migration_date"":""2025-12-20"",""migration_method"":""parent2_1"",""name_1"":""Kabul""},{""gid_2"":""AFG.1.12_1"",""migration_date"":""2025-12-20"",""migration_method"":""jaccard2"",""name_2"":""Wakhan""},{""gid_2"":""AFG.1.1_1"",""migration_date"":""2025-12-20"",""migration_method"":""bufhaus2"",""name_2"":""Baharak""},{""gid_2"":""AFG.1.5_1"",""migration_date"":""2025-12-20"",""migration_method"":""bufhaus2"",""name_2"":""Jurm""},{""gid_2"":""AFG.1.9_1"",""migration_date"":""2025-12-20"",""migration_method"":""bufhaus2"",""name_2"":""Ragh""},{""gid_2"":""AFG.29.1_1"",""migration_date"":""2025-12-20"",""migration_method"":""jaccard2"",""name_2"":""Aybak""},{""gid_2"":""AFG.29.4_1"",""migration_date"":""2025-12-20"",""migration_method"":""jaccard2"",""name_2"":""Khuram Wa Sarbagh""},{""gid_2"":""AFG.31.9_1"",""migration_date"":""2025-12-20"",""migration_method"":""jaccard2"",""name_2"":""Rustaq""}]",2014-02-28,2025-12-20,2002-03-03,2002-03-03,2002-03-03
2002-0208-AFG,No,nat-geo-ear-gro,Natural,Geophysical,Earthquake,Ground movement,USGS:usp000b283,,AFG,Afghanistan,Southern Asia,Asia,"Dawabi, Khojakeder villages (Nahrin district, Baghlan province)",,"Slide (land, mud, snow, rock)",No,No,No,,5.9,Moment Magnitude,35.959,69.417,,2002,4.0,12.0,2002,4.0,12.0,50.0,150.0,6000.0,,6150.0,,,,,,,55.87169607405011,"[{""adm2_code"":99984,""adm2_name"":""Nahrin""}]","[{""gid_2"":""AFG.3.10_1"",""migration_date"":""2025-12-20"",""migration_method"":""bufhaus2"",""name_2"":""Nahrin""}]",2003-09-03,2025-12-20,2002-04-12,2002-04-12,2002-04-12
2002-0368-ARG,No,nat-geo-ear-gro,Natural,Geophysical,Earthquake,Ground movement,USGS:usp000b53c,,ARG,Argentina,Latin America and the Caribbean,Americas,"Aminga, Anillaco, Agua Blanca, Chuquis towns (Castro Barros district, La Rioja Provinve)",,"Slide (land, mud, snow, rock)",No,No,No,,6.0,Moment Magnitude,-28.937,-66.797,,2002,5.0,28.0,2002,5.0,28.0,,27.0,500.0,200.0,727.0,,,,,,,55.87169607405011,"[{""adm2_code"":4685,""adm2_name"":""Castro Barros""}]","[{""gid_2"":""ARG.12.3_1"",""migration_date"":""2025-12-20"",""migration_method"":""jaccard2"",""name_2"":""Castro Barros""}]",2003-09-03,2025-12-20,2002-05-28,2002-05-28,2002-05-28
2002-0655-CHN,No,nat-geo-ear-gro,Natural,Geophysical,Earthquake,Ground movement,USGS:usp000b9h8,,CHN,China,Eastern Asia,Asia,"Rulong village (Xinlong Xian area, Garze Tibetan district, Sichuan Sheng province)",,,No,No,No,,5.3,Moment Magnitude,30.916,99.927,,2002,8.0,8.0,2002,8.0,8.0,,,330.0,48.0,378.0,,,,,,,55.87169607405011,"[{""adm2_code"":13271,""adm2_name"":""Garzê Tibetan""}]","[{""gid_2"":""CHN.26.5_1"",""migration_date"":""2025-12-20"",""migration_method"":""jaccard2"",""name_2"":""Garzê Tibetan""}]",2014-03-11,2025-12-20,2002-08-08,2002-08-08,2002-08-08
2002-0835-CHN,No,nat-geo-ear-gro,Natural,Geophysical,Earthquake,Ground movement,USGS:usp000bkpm,,CHN,China,Eastern Asia,Asia,"Yumen Shi (Jiuquan district, Gansu Sheng province)",,,No,No,No,,5.6,Moment Magnitude,39.736,97.443,,2002,12.0,14.0,2002,12.0,14.0,2.0,,65500.0,,65500.0,,,,,,,55.87169607405011,"[{""adm2_code"":13019,""adm2_name"":""Jiuquan""}]","[{""gid_2"":""CHN.5.6_1"",""migration_date"":""2025-12-20"",""migration_method"":""jaccard2"",""name_2"":""Jiuquan""}]",2003-09-02,2025-12-20,2002-12-14,2002-12-14,2002-12-14
2002-0545-EGY,No,nat-geo-ear-gro,Natural,Geophysical,Earthquake,Ground movement,USGS:usp000baje,,EGY,Egypt,Northern Africa,Africa,Cairo province,,,No,No,No,,4.4,Moment Magnitude,30.2,31.41,,2002,8.0,24.0,2002,8.0,24.0,,,250.0,,250.0,,,,,,,55.87169607405011,"[{""adm1_code"":61515,""adm1_name"":""Cairo""}]","[{""gid_1"":""EGY.11_1"",""migration_date"":""2025-12-20"",""migration_method"":""jaccard1"",""name_1"":""Al Qahirah""}]",2003-07-01,2025-12-20,2002-08-24,2002-08-24,2002-08-24
2002-0247-GEO,No,nat-geo-ear-gro,Natural,Geophysical,Earthquake,Ground movement,USGS:usp000b35x,,GEO,Georgia,Western Asia,Asia,Tbilissi district (Tbilisi province),,"Slide (land, mud, snow, rock)",Yes,Yes,No,3376.0,4.8,Moment Magnitude,41.765,44.96,,2002,4.0,25.0,2002,4.0,25.0,6.0,70.0,18000.0,1086.0,19156.0,,,,,350000.0,626435.0,55.87169607405011,"[{""adm2_code"":16525,""adm2_name"":""Tbilissi""}]",,2005-04-19,2023-09-25,2002-04-25,2002-04-25,2002-04-25
2002-0757-GRC,No,nat-geo-ear-gro,Natural,Geophysical,Earthquake,Ground movement,USGS:usp000bjwy,,GRC,Greece,Southern Europe,Europe,"Vartholomio city (Ileias district, Dytiki Ellada province)",,,No,No,No,,5.7,Moment Magnitude,37.747,21.087,,2002,12.0,2.0,2002,12.0,2.0,,17.0,150.0,,167.0,,,,,,,55.87169607405011,"[{""adm2_code"":16683,""adm2_name"":""Ileias""}]",,2005-06-27,2023-09-25,2002-12-02,2002-12-02,2002-12-02
2002-0584-IND,No,nat-geo-ear-gro,Natural,Geophysical,Earthquake,Ground movement,USGS:usp000bc65,,IND,India,Southern Asia,Asia,Andaman Islands district (Andaman and Nicobar province),,Tsunami/Tidal wave,No,No,No,,6.5,Moment Magnitude,13.036,93.068,,2002,9.0,13.0,2002,9.0,13.0,2.0,,,200.0,200.0,,,,,,,55.87169607405011,"[{""adm2_code"":17545,""adm2_name"":""Andaman Islands""}]","[{""gid_2"":""IND.1.2_1"",""migration_date"":""2025-12-20"",""migration_method"":""puzzle2_2"",""name_2"":""North and Middle Andaman""},{""gid_2"":""IND.1.3_1"",""migration_date"":""2025-12-20"",""migration_method"":""puzzle2_2"",""name_2"":""South Andaman""}]",2005-06-27,2025-12-20,2002-09-13,2002-09-13,2002-09-13
2002-0822-IDN,No,nat-geo-ear-gro,Natural,Geophysical,Earthquake,Ground movement,USGS:usp000bfuz,,IDN,Indonesia,South-eastern Asia,Asia,Simeulue district (Nangroe Aceh Darussalam province),,,No,No,No,,7.4,Moment Magnitude,2.824,96.085,,2002,11.0,2.0,2002,11.0,2.0,3.0,60.0,,,60.0,,,,,,,55.87169607405011,"[{""adm2_code"":73850,""adm2_name"":""Simeulue""}]","[{""gid_2"":""IDN.1.22_1"",""migration_date"":""2025-12-20"",""migration_method"":""jaccard2"",""name_2"":""Simeulue""}]",2003-07-01,2025-12-20,2002-11-02,2002-11-02,2002-11-02
2002-0512-IDN,No,nat-geo-ear-gro,Natural,Geophysical,Earthquake,Ground movement,USGS:usp000b9xr,,IDN,Indonesia,South-eastern Asia,Asia,Poso district (Sulawesi Tengah province),,,No,No,No,,6.2,Moment Magnitude,-1.196,121.333,,2002,8.0,15.0,2002,8.0,15.0,,48.0,2500.0,,2548.0,,,,,,,55.87169607405011,"[{""adm2_code"":73830,""adm2_name"":""Poso""}]","[{""gid_2"":""IDN.27.8_1"",""migration_date"":""2025-12-20"",""migration_method"":""jaccard2"",""name_2"":""Poso""}]",2003-09-03,2025-12-20,2002-08-15,2002-08-15,2002-08-15
2002-0820-IDN,No,nat-geo-ear-gro,Natural,Geophysical,Earthquake,Ground movement,USGS:usp000bcqu,,IDN,Indonesia,South-eastern Asia,Asia,"Ransiki village (Manokwari district, Papua Barat province)",,,No,No,No,,6.4,Moment Magnitude,-1.68,134.234,,2002,9.0,20.0,2002,9.0,20.0,,,155.0,,155.0,,,,,,,55.87169607405011,"[{""adm2_code"":73790,""adm2_name"":""Manokwari""}]","[{""gid_2"":""IDN.22.4_1"",""migration_date"":""2025-12-20"",""migration_method"":""jaccard2"",""name_2"":""Manokwari""}]",2003-07-01,2025-12-20,2002-09-20,2002-09-20,2002-09-20
2002-0643-IDN,No,nat-geo-ear-tsu,Natural,Geophysical,Earthquake,Tsunami,USGS:usp000be54,,IDN,Indonesia,South-eastern Asia,Asia,"Manokwari, Ransiki, Oransbari, Prafi, Anggi, Warmare villages (Manokwari district, Papua Barat province), Bintuni village (Telukbintuni district, Papua Barat province), Windesi, Wasior villages (Telukwondama district, Papua Barat province)",,"Slide (land, mud, snow, rock)|Tsunami/Tidal wave",No,No,No,148.0,7.6,Moment Magnitude,-1.757,134.297,,2002,10.0,10.0,2002,10.0,10.0,8.0,632.0,8450.0,,9082.0,,,,,,,55.87169607405011,"[{""adm2_code"":73790,""adm2_name"":""Manokwari""},{""adm2_code"":73869,""adm2_name"":""Telukbintuni""},{""adm2_code"":73870,""adm2_name"":""Telukwondama""}]","[{""gid_2"":""IDN.22.10_1"",""migration_date"":""2025-12-20"",""migration_method"":""jaccard2"",""name_2"":""Teluk Bintuni""},{""gid_2"":""IDN.22.11_1"",""migration_date"":""2025-12-20"",""migration_method"":""bufhaus2"",""name_2"":""Teluk Wondama""},{""gid_2"":""IDN.22.4_1"",""migration_date"":""2025-12-20"",""migration_method"":""jaccard2"",""name_2"":""Manokwari""}]",2005-04-19,2025-12-20,2002-10-10,2002-10-10,2002-10-10
2002-0107-IRN,No,nat-geo-ear-gro,Natural,Geophysical,Earthquake,Ground movement,USGS:usp000ayn7,,IRN,Iran (Islamic Republic of),Southern Asia,Asia,Dashty district (Bushehr province),,,No,No,No,,5.4,Moment Magnitude,28.093,51.755,,2002,2.0,17.0,2002,2.0,17.0,1.0,30.0,750.0,,780.0,,,,,,,55.87169607405011,"[{""adm2_code"":40928,""adm2_name"":""Dashty""}]",,2014-03-07,2023-09-25,2002-02-17,2002-02-17,2002-02-17
2002-0378-IRN,No,nat-geo-ear-gro,Natural,Geophysical,Earthquake,Ground movement,USGS:usp000b6pk,,IRN,Iran (Islamic Republic of),Southern Asia,Asia,"Ab Garm, Buin Zahra, Avaj villages (Bueinzahra district, Ghazvin province), Shirin Su area (Kabudarahang district, Hamedan province), Razan district (Hamedan province), Abhar, Khodabandeh districts (Zanjan province)",,,Yes,Yes,No,4244.0,6.5,Moment Magnitude,35.626,49.047,,2002,6.0,22.0,2002,6.0,22.0,227.0,1300.0,110000.0,,111300.0,,,,,300000.0,536945.0,55.87169607405011,"[{""adm2_code"":40984,""adm2_name"":""Kabudarahang""},{""adm2_code"":41074,""adm2_name"":""Razan""},{""adm2_code"":40863,""adm2_name"":""Abhar""},{""adm2_code"":40998,""adm2_name"":""Khodabandeh""},{""adm2_code"":40915,""adm2_name"":""Bueinzahra""}]",,2014-03-12,2023-09-25,2002-06-22,2002-06-22,2002-06-22
2002-0246-IRN,No,nat-geo-ear-gro,Natural,Geophysical,Earthquake,Ground movement,USGS:usp000b33c,,IRN,Iran (Islamic Republic of),Southern Asia,Asia,"Behabad village (Sonqor district, Kermanshah province) Dinvar village (Sahneh district, Kermanshah province)",,,No,No,No,,5.4,Moment Magnitude,34.642,47.4,,2002,4.0,24.0,2002,4.0,24.0,2.0,56.0,20000.0,,20056.0,,,,,,,55.87169607405011,"[{""adm2_code"":41082,""adm2_name"":""Sahneh""},{""adm2_code"":41119,""adm2_name"":""Sonqor""}]",,2014-03-07,2023-09-25,2002-04-24,2002-04-24,2002-04-24
2002-0804-IRN,No,nat-geo-ear-gro,Natural,Geophysical,Earthquake,Ground movement,USGS:usp000bmbe,,IRN,Iran (Islamic Republic of),Southern Asia,Asia,Kermanshah province,,,No,No,No,,5.2,Moment Magnitude,34.594,47.454,,2002,12.0,24.0,2002,12.0,24.0,,15.0,15000.0,,15015.0,,,,,,,55.87169607405011,"[{""adm1_code"":1539,""adm1_name"":""Kermanshah""}]","[{""gid_1"":""IRN.14_1"",""migration_date"":""2025-12-20"",""migration_method"":""jaccard1"",""name_1"":""Kermanshah""}]",2014-04-04,2025-12-20,2002-12-24,2002-12-24,2002-12-24
2002-0821-IRN,No,nat-geo-ear-gro,Natural,Geophysical,Earthquake,Ground movement,USGS:usp000bd44,,IRN,Iran (Islamic Republic of),Southern Asia,Asia,Masjed-e soleiman district (Khuzestan province),,,No,No,No,,5.6,Moment Magnitude,31.995,49.329,,2002,9.0,25.0,2002,9.0,25.0,,5.0,,,5.0,,,,,,,55.87169607405011,"[{""adm2_code"":41032,""adm2_name"":""Masjed-e soleiman""}]",,2014-03-07,2023-09-25,2002-09-25,2002-09-25,2002-09-25
2002-0690-ITA,No,nat-geo-ear-gro,Natural,Geophysical,Earthquake,Ground movement,USGS:usp000bfqg,,ITA,Italy,Southern Europe,Europe,"San Guliano di Puglia town (Campobasso province, Molise region)",,"Slide (land, mud, snow, rock)",No,No,No,,5.9,Moment Magnitude,41.789,14.872,,2002,10.0,31.0,2002,10.0,31.0,30.0,33.0,,8500.0,8533.0,,,,,796000.0,1424693.0,55.87169607405011,"[{""adm2_code"":18371,""adm2_name"":""Campobasso""}]","[{""gid_2"":""ITA.12.1_1"",""migration_date"":""2025-12-20"",""migration_method"":""jaccard2"",""name_2"":""Campobasso""}]",2003-09-02,2025-12-20,2002-10-31,2002-10-31,2002-10-31
2002-0680-ITA,No,nat-geo-ear-gro,Natural,Geophysical,Earthquake,Ground movement,USGS:usp000bfkj,,ITA,Italy,Southern Europe,Europe,"Zafferana Etnea, Giarre, Santa Venerina towns (Catania Province, Sicilia Region)",,,No,No,No,,4.3,Moment Magnitude,37.67,15.267,,2002,10.0,29.0,2002,10.0,29.0,,9.0,,1000.0,1009.0,,,,,,,55.87169607405011,"[{""adm2_code"":18392,""adm2_name"":""Catania""}]","[{""gid_2"":""ITA.15.3_1"",""migration_date"":""2025-12-20"",""migration_method"":""jaccard2"",""name_2"":""Catania""}]",2003-09-02,2025-12-20,2002-10-29,2002-10-29,2002-10-29
2002-0882-ITA,No,nat-geo-ear-gro,Natural,Geophysical,Earthquake,Ground movement,USGS:usp000bbb2,,ITA,Italy,Southern Europe,Europe,Palermo Province (Sicilia Region),,,No,No,No,,6.0,Moment Magnitude,38.381,13.701,,2002,9.0,6.0,2002,9.0,6.0,2.0,,,,,,,,,500000.0,894908.0,55.87169607405011,"[{""adm2_code"":18395,""adm2_name"":""Palermo""}]","[{""gid_2"":""ITA.15.6_1"",""migration_date"":""2025-12-20"",""migration_method"":""jaccard2"",""name_2"":""Palermo""}]",2008-05-08,2025-12-20,2002-09-06,2002-09-06,2002-09-06
2002-0721-PAK,No,nat-geo-ear-gro,Natural,Geophysical,Earthquake,Ground movement,USGS:usp000bj2e,,PAK,Pakistan,Southern Asia,Asia,Administrative unit not available district (Jammu and Kashmir province),,"Slide (land, mud, snow, rock)",No,No,No,304.0,6.3,Moment Magnitude,35.414,74.515,,2002,11.0,20.0,2002,11.0,20.0,19.0,40.0,140742.0,,140782.0,,,,,,,55.87169607405011,"[{""adm2_code"":40418,""adm2_name"":""Administrative unit not available""}]",,2005-04-19,2023-09-25,2002-11-20,2002-11-20,2002-11-20
2002-0122-PAK,No,nat-geo-ear-gro,Natural,Geophysical,Earthquake,Ground movement,USGS:usp000azhb,,PAK,Pakistan,Southern Asia,Asia,Bajaur Agency district (Federally Administered Tribal Areas province),,,No,No,No,,6.3,Moment Magnitude,36.429,70.438,,2002,3.0,3.0,2002,3.0,3.0,3.0,,,,,,,,,,,55.87169607405011,"[{""adm2_code"":23631,""adm2_name"":""Bajaur Agency""}]",,2014-02-28,2023-09-25,2002-03-03,2002-03-03,2002-03-03
2002-0692-PAK,No,nat-geo-ear-gro,Natural,Geophysical,Earthquake,Ground movement,USGS:usp000bfug,,PAK,Pakistan,Southern Asia,Asia,Administrative unit not available district (Jammu and Kashmir province),,"Slide (land, mud, snow, rock)",No,No,No,,5.4,Moment Magnitude,35.517,74.654,,2002,11.0,2.0,2002,11.0,2.0,17.0,65.0,11000.0,4000.0,15065.0,,,,,,,55.87169607405011,"[{""adm2_code"":40418,""adm2_name"":""Administrative unit not available""}]",,2003-09-02,2023-09-25,2002-11-02,2002-11-02,2002-11-02
2002-0577-PNG,No,nat-geo-ear-gro,Natural,Geophysical,Earthquake,Ground movement,USGS:usp000bbpf,,PNG,Papua New Guinea,Melanesia,Oceania,Wewak district (East Sepik province),,Tsunami/Tidal wave,No,No,No,53.0,7.6,Moment Magnitude,-3.302,142.945,,2002,9.0,8.0,2002,9.0,8.0,4.0,70.0,4400.0,,4470.0,,,,,,,55.87169607405011,"[{""adm2_code"":37488,""adm2_name"":""Wewak""}]",,2005-04-19,2023-09-25,2002-09-08,2002-09-08,2002-09-08
2002-0070-PNG,No,nat-geo-ear-gro,Natural,Geophysical,Earthquake,Ground movement,USGS:usp000aw5z,,PNG,Papua New Guinea,Melanesia,Oceania,Aitape district (West Sepik province),,,No,No,No,,6.7,Moment Magnitude,-3.212,142.427,,2002,1.0,10.0,2002,1.0,10.0,1.0,,,1000.0,1000.0,,,,,,,55.87169607405011,"[{""adm2_code"":37557,""adm2_name"":""Aitape""}]",,2003-09-04,2023-09-25,2002-01-10,2002-01-10,2002-01-10
2002-0129-PHL,No,nat-geo-ear-gro,Natural,Geophysical,Earthquake,Ground movement,USGS:usp000azqw,,PHL,Philippines,South-eastern Asia,Asia,"General Santos city (South Cotabato district, Region XII (Soccsksargen) province), Kiamba area (Saranggani district, Region XII (Soccsksargen) province)",,Tsunami/Tidal wave,No,No,No,,7.5,Moment Magnitude,6.033,124.249,,2002,3.0,5.0,2002,3.0,5.0,15.0,100.0,73351.0,,73451.0,,,,,1714.0,3068.0,55.87169607405011,"[{""adm2_code"":24270,""adm2_name"":""Saranggani""},{""adm2_code"":24271,""adm2_name"":""South Cotabato""}]","[{""gid_2"":""PHL.67.1_1"",""migration_date"":""2025-12-20"",""migration_method"":""puzzle2_2"",""name_2"":""Alabel""},{""gid_2"":""PHL.67.2_1"",""migration_date"":""2025-12-20"",""migration_method"":""puzzle2_2"",""name_2"":""Glan""},{""gid_2"":""PHL.67.3_1"",""migration_date"":""2025-12-20"",""migration_method"":""puzzle2_2"",""name_2"":""Kiamba""},{""gid_2"":""PHL.67.4_1"",""migration_date"":""2025-12-20"",""migration_method"":""puzzle2_2"",""name_2"":""Maasim""},{""gid_2"":""PHL.67.5_1"",""migration_date"":""2025-12-20"",""migration_method"":""puzzle2_2"",""name_2"":""Maitum""},{""gid_2"":""PHL.67.6_1"",""migration_date"":""2025-12-20"",""migration_method"":""puzzle2_2"",""name_2"":""Malapatan""},{""gid_2"":""PHL.67.7_1"",""migration_date"":""2025-12-20"",""migration_method"":""puzzle2_2"",""name_2"":""Malungon""},{""gid_2"":""PHL.70.10_1"",""migration_date"":""2025-12-20"",""migration_method"":""puzzle2_2"",""name_2"":""Tampakan""},{""gid_2"":""PHL.70.11_1"",""migration_date"":""2025-12-20"",""migration_method"":""puzzle2_2"",""name_2"":""Tantangan""},{""gid_2"":""PHL.70.12_1"",""migration_date"":""2025-12-20"",""migration_method"":""puzzle2_2"",""name_2"":""Tupi""},{""gid_2"":""PHL.70.1_1"",""migration_date"":""2025-12-20"",""migration_method"":""puzzle2_2"",""name_2"":""Banga""},{""gid_2"":""PHL.70.2_1"",""migration_date"":""2025-12-20"",""migration_method"":""puzzle2_2"",""name_2"":""General Santos City""},{""gid_2"":""PHL.70.3_1"",""migration_date"":""2025-12-20"",""migration_method"":""puzzle2_2"",""name_2"":""Koronadal City""},{""gid_2"":""PHL.70.4_1"",""migration_date"":""2025-12-20"",""migration_method"":""puzzle2_2"",""name_2"":""Lake Sebu""},{""gid_2"":""PHL.70.5_1"",""migration_date"":""2025-12-20"",""migration_method"":""puzzle2_2"",""name_2"":""Norala""},{""gid_2"":""PHL.70.6_1"",""migration_date"":""2025-12-20"",""migration_method"":""puzzle2_2"",""name_2"":""Polomolok""},{""gid_2"":""PHL.70.7_1"",""migration_date"":""2025-12-20"",""migration_method"":""puzzle2_2"",""name_2"":""Santo Nino""},{""gid_2"":""PHL.70.8_1"",""migration_date"":""2025-12-20"",""migration_method"":""puzzle2_2"",""name_2"":""Surallah""},{""gid_2"":""PHL.70.9_1"",""migration_date"":""2025-12-20"",""migration_method"":""puzzle2_2"",""name_2"":""T'Boli""}]",2003-09-04,2025-12-20,2002-03-05,2002-03-05,2002-03-05
2002-0042-RWA,No,nat-geo-ear-gro,Natural,Geophysical,Earthquake,Ground movement,USGS:usp000awns,,RWA,Rwanda,Sub-Saharan Africa,Africa,"Gisenyi city (Rubavu district, West/Iburengerazuba province)",,,No,No,No,,4.7,Moment Magnitude,-1.684,29.077,,2002,1.0,17.0,2002,1.0,17.0,45.0,108.0,1535.0,,1643.0,,,,,,,55.87169607405011,"[{""adm2_code"":21998,""adm2_name"":""Rubavu""}]","[{""gid_2"":""RWA.4.5_1"",""migration_date"":""2025-12-20"",""migration_method"":""jaccard2"",""name_2"":""Rubavu""}]",2007-11-06,2025-12-20,2002-01-17,2002-01-17,2002-01-17
2002-0234-SCG,No,nat-geo-ear-gro,Natural,Geophysical,Earthquake,Ground movement,USGS:usp000b324,,SCG,Serbia Montenegro,Southern Europe,Europe,Gnjilane town (Kosovsko-pomoravski Province) (Serbia),,,No,No,No,,5.7,Moment Magnitude,42.436,21.466,,2002,4.0,24.0,2002,4.0,24.0,1.0,100.0,,,100.0,,,,,,,55.87169607405011,"[{""adm2_code"":47633,""adm2_name"":""Administrative unit not available""}]","[{""gid_2"":""XKO.2.1_1"",""migration_date"":""2025-12-20"",""migration_method"":""puzzle2_2"",""name_2"":""Gnjilane""},{""gid_2"":""XKO.2.2_1"",""migration_date"":""2025-12-20"",""migration_method"":""puzzle2_2"",""name_2"":""Kosovska Kamenica""},{""gid_2"":""XKO.2.3_1"",""migration_date"":""2025-12-20"",""migration_method"":""puzzle2_2"",""name_2"":""Vitina""},{""gid_2"":""XKO.5.4_1"",""migration_date"":""2025-12-20"",""migration_method"":""puzzle2_2"",""name_2"":""Novo Brdo""}]",2003-09-03,2025-12-20,2002-04-24,2002-04-24,2002-04-24
2002-0172-TWN,No,nat-geo-ear-gro,Natural,Geophysical,Earthquake,Ground movement,USGS:usp000b1e2,,TWN,Taiwan (Province of China),Eastern Asia,Asia,"Hualien area (Name Unknown district, Taiwan Sheng province)",,"Slide (land, mud, snow, rock)|Tsunami/Tidal wave",No,No,No,,7.1,Moment Magnitude,24.279,122.179,,2002,3.0,31.0,2002,3.0,31.0,4.0,200.0,300.0,,500.0,,,10000.0,17898.0,25000.0,44745.0,55.87169607405011,"[{""adm2_code"":13277,""adm2_name"":""Name Unknown""}]","[{""gid_2"":""TWN.2.1_1"",""migration_date"":""2025-12-20"",""migration_method"":""puzzle2_2"",""name_2"":""Kaohsiung""},{""gid_2"":""TWN.3.1_1"",""migration_date"":""2025-12-20"",""migration_method"":""puzzle2_2"",""name_2"":""New Taipei""},{""gid_2"":""TWN.4.1_1"",""migration_date"":""2025-12-20"",""migration_method"":""puzzle2_2"",""name_2"":""Taichung""},{""gid_2"":""TWN.5.1_1"",""migration_date"":""2025-12-20"",""migration_method"":""puzzle2_2"",""name_2"":""Tainan""},{""gid_2"":""TWN.7.11_1"",""migration_date"":""2025-12-20"",""migration_method"":""puzzle2_2"",""name_2"":""Pingtung""},{""gid_2"":""TWN.7.12_1"",""migration_date"":""2025-12-20"",""migration_method"":""puzzle2_2"",""name_2"":""Taitung""},{""gid_2"":""TWN.7.13_1"",""migration_date"":""2025-12-20"",""migration_method"":""puzzle2_2"",""name_2"":""Taoyuan""},{""gid_2"":""TWN.7.14_1"",""migration_date"":""2025-12-20"",""migration_method"":""puzzle2_2"",""name_2"":""Yilan""},{""gid_2"":""TWN.7.15_1"",""migration_date"":""2025-12-20"",""migration_method"":""puzzle2_2"",""name_2"":""Yulin""},{""gid_2"":""TWN.7.1_1"",""migration_date"":""2025-12-20"",""migration_method"":""puzzle2_2"",""name_2"":""Changhua""},{""gid_2"":""TWN.7.2_1"",""migration_date"":""2025-12-20"",""migration_method"":""puzzle2_2"",""name_2"":""Chiayi City""},{""gid_2"":""TWN.7.3_1"",""migration_date"":""2025-12-20"",""migration_method"":""puzzle2_2"",""name_2"":""Chiayi County""},{""gid_2"":""TWN.7.4_1"",""migration_date"":""2025-12-20"",""migration_method"":""puzzle2_2"",""name_2"":""Hsinchu City""},{""gid_2"":""TWN.7.5_1"",""migration_date"":""2025-12-20"",""migration_method"":""puzzle2_2"",""name_2"":""Hsinchu County""},{""gid_2"":""TWN.7.6_1"",""migration_date"":""2025-12-20"",""migration_method"":""puzzle2_2"",""name_2"":""Hualien""},{""gid_2"":""TWN.7.8_1"",""migration_date"":""2025-12-20"",""migration_method"":""puzzle2_2"",""name_2"":""Miaoli""},{""gid_2"":""TWN.7.9_1"",""migration_date"":""2025-12-20"",""migration_method"":""puzzle2_2"",""name_2"":""Nantou""}]",2003-09-03,2025-12-20,2002-03-31,2002-03-31,2002-03-31
2002-0015-TJK,No,nat-geo-ear-gro,Natural,Geophysical,Earthquake,Ground movement,USGS:usp000aw3f,,TJK,Tajikistan,Central Asia,Asia,"Taghi Akbar, Talkhan Chashma, Passimokhroukho areas (Rogunsky district, Tadzhikistan Territories province)",,,No,No,No,30.0,5.3,Moment Magnitude,38.673,69.902,,2002,1.0,9.0,2002,1.0,9.0,3.0,50.0,1000.0,,1050.0,,,,,,,55.87169607405011,"[{""adm2_code"":37625,""adm2_name"":""Rogunsky""}]",,2005-04-19,2023-09-25,2002-01-09,2002-01-09,2002-01-09
2002-0122-TJK,No,nat-geo-ear-gro,Natural,Geophysical,Earthquake,Ground movement,USGS:usp000azhb,,TJK,Tajikistan,Central Asia,Asia,Badakhshoni Kuni province,,,No,No,No,,6.3,Moment Magnitude,36.429,70.438,,2002,3.0,3.0,2002,3.0,3.0,,,,500.0,500.0,,,,,,,55.87169607405011,"[{""adm1_code"":2847,""adm1_name"":""Badakhshoni Kuni""}]","[{""gid_1"":""TJK.2_1"",""migration_date"":""2025-12-20"",""migration_method"":""jaccard1"",""name_1"":""Gorno-Badakhshan""}]",2014-02-28,2025-12-20,2002-03-03,2002-03-03,2002-03-03
2002-0065-TUR,No,nat-geo-ear-gro,Natural,Geophysical,Earthquake,Ground movement,USGS:usp000axp7,,TUR,Türkiye,Western Asia,Asia,Bolvadin district (Afyon province),,,No,No,No,1982.0,6.5,Moment Magnitude,38.573,31.271,,2002,2.0,3.0,2002,2.0,3.0,42.0,327.0,222000.0,30000.0,252327.0,,,,,95000.0,170032.0,55.87169607405011,"[{""adm2_code"":27472,""adm2_name"":""Bolvadin""}]",,2005-04-19,2023-09-25,2002-02-03,2002-02-03,2002-02-03
2002-0654-TZA,No,nat-geo-ear-gro,Natural,Geophysical,Earthquake,Ground movement,USGS:usp000b4j1,,TZA,United Republic of Tanzania,Sub-Saharan Africa,Africa,Bunda district (Mara province),,,No,No,No,,5.5,Moment Magnitude,-2.907,33.733,,2002,5.0,18.0,2002,5.0,18.0,2.0,,,2000.0,2000.0,,,,,,,55.87169607405011,"[{""adm2_code"":48430,""adm2_name"":""Bunda""}]","[{""gid_2"":""TZA.12.1_1"",""migration_date"":""2025-12-20"",""migration_method"":""jaccard2"",""name_2"":""Bunda""}]",2003-07-01,2025-12-20,2002-05-18,2002-05-18,2002-05-18
2002-0002-VUT,No,nat-geo-ear-gro,Natural,Geophysical,Earthquake,Ground movement,USGS:usp000avpw,,VUT,Vanuatu,Melanesia,Oceania,Port Vila city (Shefa province),,"Slide (land, mud, snow, rock)",No,No,No,,7.2,Moment Magnitude,-17.6,167.856,,2002,1.0,3.0,2002,1.0,3.0,,,500.0,,500.0,,,,,,,55.87169607405011,"[{""adm2_code"":31853,""adm2_name"":""Administrative unit not available""}]","[{""gid_2"":""VUT.4.10_1"",""migration_date"":""2025-12-20"",""migration_method"":""puzzle2_2"",""name_2"":""North Efate""},{""gid_2"":""VUT.4.11_1"",""migration_date"":""2025-12-20"",""migration_method"":""puzzle2_2"",""name_2"":""North Tongoa""},{""gid_2"":""VUT.4.12_1"",""migration_date"":""2025-12-20"",""migration_method"":""puzzle2_2"",""name_2"":""Pango""},{""gid_2"":""VUT.4.13_1"",""migration_date"":""2025-12-20"",""migration_method"":""puzzle2_2"",""name_2"":""Port Vila""},{""gid_2"":""VUT.4.14_1"",""migration_date"":""2025-12-20"",""migration_method"":""puzzle2_2"",""name_2"":""Tongariki""},{""gid_2"":""VUT.4.15_1"",""migration_date"":""2025-12-20"",""migration_method"":""puzzle2_2"",""name_2"":""Varisu""},{""gid_2"":""VUT.4.16_1"",""migration_date"":""2025-12-20"",""migration_method"":""puzzle2_2"",""name_2"":""Vermali""},{""gid_2"":""VUT.4.17_1"",""migration_date"":""2025-12-20"",""migration_method"":""puzzle2_2"",""name_2"":""Vermaul""},{""gid_2"":""VUT.4.18_1"",""migration_date"":""2025-12-20"",""migration_method"":""puzzle2_2"",""name_2"":""Yarsu""},{""gid_2"":""VUT.4.1_1"",""migration_date"":""2025-12-20"",""migration_method"":""puzzle2_2"",""name_2"":""Emau""},{""gid_2"":""VUT.4.2_1"",""migration_date"":""2025-12-20"",""migration_method"":""puzzle2_2"",""name_2"":""Erakor""},{""gid_2"":""VUT.4.3_1"",""migration_date"":""2025-12-20"",""migration_method"":""puzzle2_2"",""name_2"":""Eratap""},{""gid_2"":""VUT.4.4_1"",""migration_date"":""2025-12-20"",""migration_method"":""puzzle2_2"",""name_2"":""Eton""},{""gid_2"":""VUT.4.5_1"",""migration_date"":""2025-12-20"",""migration_method"":""puzzle2_2"",""name_2"":""Ifira""},{""gid_2"":""VUT.4.6_1"",""migration_date"":""2025-12-20"",""migration_method"":""puzzle2_2"",""name_2"":""Makimae""},{""gid_2"":""VUT.4.7_1"",""migration_date"":""2025-12-20"",""migration_method"":""puzzle2_2"",""name_2"":""Malorua""},{""gid_2"":""VUT.4.8_1"",""migration_date"":""2025-12-20"",""migration_method"":""puzzle2_2"",""name_2"":""Mele""},{""gid_2"":""VUT.4.9_1"",""migration_date"":""2025-12-20"",""migration_method"":""puzzle2_2"",""name_2"":""Nguna""}]",2004-03-24,2025-12-20,2002-01-03,2002-01-03,2002-01-03
2002-0770-VUT,No,nat-geo-ear-gro,Natural,Geophysical,Earthquake,Ground movement,USGS:usp000bjhn,,VUT,Vanuatu,Melanesia,Oceania,Merelava island (Torba province),,"Slide (land, mud, snow, rock)",No,No,No,,5.9,Moment Magnitude,-14.49,167.827,,2002,11.0,27.0,2002,11.0,27.0,,3.0,500.0,,503.0,,,,,,,55.87169607405011,"[{""adm2_code"":31855,""adm2_name"":""Administrative unit not available""}]","[{""gid_2"":""VUT.6.1_1"",""migration_date"":""2025-12-20"",""migration_method"":""puzzle2_2"",""name_2"":""Central Torba""},{""gid_2"":""VUT.6.2_1"",""migration_date"":""2025-12-20"",""migration_method"":""puzzle2_2"",""name_2"":""Northern Torba""},{""gid_2"":""VUT.6.3_1"",""migration_date"":""2025-12-20"",""migration_method"":""puzzle2_2"",""name_2"":""South Torba""},{""gid_2"":""VUT.6.4_1"",""migration_date"":""2025-12-20"",""migration_method"":""puzzle2_2"",""name_2"":""Southern Torba""}]",2003-07-01,2025-12-20,2002-11-27,2002-11-27,2002-11-27
2003-0236-AFG,No,nat-geo-ear-gro,Natural,Geophysical,Earthquake,Ground movement,USGS:usp000buvh,,AFG,Afghanistan,Southern Asia,Asia,"Yaka Bagh area (Namakab district, Takhar province)",,"Slide (land, mud, snow, rock)",No,No,No,,4.6,Moment Magnitude,35.893,70.62,,2003,4.0,10.0,2003,4.0,10.0,1.0,1.0,,1000.0,1001.0,,,,,,,57.1400352670416,"[{""adm2_code"":99990,""adm2_name"":""Namakab""}]",,2014-02-28,2023-09-25,2003-04-10,2003-04-10,2003-04-10
2003-0245-DZA,No,nat-geo-ear-gro,Natural,Geophysical,Earthquake,Ground movement,USGS:usp000bxpg,,DZA,Algeria,Northern Africa,Africa,"Thenia, Zemmouri, Boumerdes, Dellys, Khemis El Khechna, Bordj Menaiel, Isser districts (Boumerdes province), Reghaia, Rouiba, Bab El Oued, Alger, Casbah, Hamma Anassers districts (Alger province)",,Tsunami/Tidal wave,Yes,Yes,No,10700.0,6.8,Moment Magnitude,36.964,3.634,,2003,5.0,21.0,2003,5.0,21.0,2266.0,10261.0,,200000.0,210261.0,,,,,5000000.0,8750432.0,57.1400352670416,"[{""adm2_code"":37725,""adm2_name"":""Alger""},{""adm2_code"":37726,""adm2_name"":""Bab El Oued""},{""adm2_code"":37742,""adm2_name"":""Casbah""},{""adm2_code"":37756,""adm2_name"":""Hamma Anassers""},{""adm2_code"":37771,""adm2_name"":""Reghaia""},{""adm2_code"":37772,""adm2_name"":""Rouiba""},{""adm2_code"":38068,""adm2_name"":""Bordj Menaiel""},{""adm2_code"":38071,""adm2_name"":""Boumerdes""},{""adm2_code"":38075,""adm2_name"":""Dellys""},{""adm2_code"":38079,""adm2_name"":""Isser""},{""adm2_code"":38080,""adm2_name"":""Khemis El Khechna""},{""adm2_code"":38091,""adm2_name"":""Thenia""},{""adm2_code"":38094,""adm2_name"":""Zemmouri""}]","[{""gid_2"":""DZA.13.13_1"",""migration_date"":""2025-12-20"",""migration_method"":""jaccard2"",""name_2"":""Dellys""},{""gid_2"":""DZA.13.17_1"",""migration_date"":""2025-12-20"",""migration_method"":""jaccard2"",""name_2"":""Isser""},{""gid_2"":""DZA.13.18_1"",""migration_date"":""2025-12-20"",""migration_method"":""jaccard2"",""name_2"":""Khemis El Khechna""},{""gid_2"":""DZA.13.29_1"",""migration_date"":""2025-12-20"",""migration_method"":""jaccard2"",""name_2"":""Thenia""},{""gid_2"":""DZA.13.32_1"",""migration_date"":""2025-12-20"",""migration_method"":""jaccard2"",""name_2"":""Zemmouri""},{""gid_2"":""DZA.13.6_1"",""migration_date"":""2025-12-20"",""migration_method"":""jaccard2"",""name_2"":""Bordj Menaiel""},{""gid_2"":""DZA.13.9_1"",""migration_date"":""2025-12-20"",""migration_method"":""jaccard2"",""name_2"":""Boumerdes""},{""gid_2"":""DZA.4.14_1"",""migration_date"":""2025-12-20"",""migration_method"":""bufhaus2"",""name_2"":""Kouba""},{""gid_2"":""DZA.4.19_1"",""migration_date"":""2025-12-20"",""migration_method"":""jaccard2"",""name_2"":""Reghaia""},{""gid_2"":""DZA.4.20_1"",""migration_date"":""2025-12-20"",""migration_method"":""jaccard2"",""name_2"":""Rouiba""},{""gid_2"":""DZA.4.5_1"",""migration_date"":""2025-12-20"",""migration_method"":""bufhaus2"",""name_2"":""Bouzareah""},{""gid_2"":""DZA.4.5_1"",""migration_date"":""2025-12-20"",""migration_method"":""bufhaus2"",""name_2"":""Bouzareah""},{""gid_2"":""DZA.4.5_1"",""migration_date"":""2025-12-20"",""migration_method"":""bufhaus2"",""name_2"":""Bouzareah""}]",2005-04-13,2025-12-20,2003-05-21,2003-05-21,2003-05-21
2003-0255-DZA,No,nat-geo-ear-gro,Natural,Geophysical,Earthquake,Ground movement,USGS:usp000byae,,DZA,Algeria,Northern Africa,Africa,Zemmouri district (Boumerdes province),,,No,No,No,,5.8,Moment Magnitude,36.939,3.578,,2003,5.0,27.0,2003,5.0,27.0,9.0,200.0,,,200.0,,,,,,,57.1400352670416,"[{""adm2_code"":38094,""adm2_name"":""Zemmouri""}]","[{""gid_2"":""DZA.13.32_1"",""migration_date"":""2025-12-20"",""migration_method"":""jaccard2"",""name_2"":""Zemmouri""}]",2004-01-14,2025-12-20,2003-05-27,2003-05-27,2003-05-27
2003-0452-BGD,No,nat-geo-ear-gro,Natural,Geophysical,Earthquake,Ground movement,USGS:usp000c3ex,,BGD,Bangladesh,Southern Asia,Asia,"Chittagong, Cox's Bazar, Rangamati districts (Chittagong province)",,"Slide (land, mud, snow, rock)",No,No,No,,5.7,Moment Magnitude,22.854,92.306,,2003,7.0,26.0,2003,7.0,26.0,2.0,25.0,2500.0,,2525.0,,,,,,,57.1400352670416,"[{""adm2_code"":5770,""adm2_name"":""Chittagong""},{""adm2_code"":5772,""adm2_name"":""Cox's Bazar""},{""adm2_code"":5777,""adm2_name"":""Rangamati""}]","[{""gid_2"":""BGD.2.11_1"",""migration_date"":""2025-12-20"",""migration_method"":""jaccard2"",""name_2"":""Rangamati""},{""gid_2"":""BGD.2.4_1"",""migration_date"":""2025-12-20"",""migration_method"":""jaccard2"",""name_2"":""Chittagong""},{""gid_2"":""BGD.2.6_1"",""migration_date"":""2025-12-20"",""migration_method"":""jaccard2"",""name_2"":""Cox'S Bazar""}]",2004-01-14,2025-12-20,2003-07-26,2003-07-26,2003-07-26
2003-0546-CHN,No,nat-geo-ear-gro,Natural,Geophysical,Earthquake,Ground movement,USGS:usp000ccrh,,CHN,China,Eastern Asia,Asia,"Min Xian area (Dingxi district, Gansu Sheng province), Lintan Xian, Zhuoni Xian areas (Gannan Tibetan district, Gansu Sheng province),",,,No,No,No,,5.1,Moment Magnitude,34.712,103.834,,2003,11.0,13.0,2003,11.0,13.0,1.0,126.0,18243.0,5000.0,23369.0,,,,,,,57.1400352670416,"[{""adm2_code"":13022,""adm2_name"":""Dingxi""},{""adm2_code"":13027,""adm2_name"":""Gannan Tibetan""}]","[{""gid_2"":""CHN.5.2_1"",""migration_date"":""2025-12-20"",""migration_method"":""jaccard2"",""name_2"":""Dingxi""},{""gid_2"":""CHN.5.3_1"",""migration_date"":""2025-12-20"",""migration_method"":""jaccard2"",""name_2"":""Gannan Tibetan""}]",2004-01-14,2025-12-20,2003-11-13,2003-11-13,2003-11-13
2003-0547-CHN,No,nat-geo-ear-gro,Natural,Geophysical,Earthquake,Ground movement,USGS:usp000ccvr,,CHN,China,Eastern Asia,Asia,"Ludian Xian area (Zhaotong district, Yunnan Sheng province)",,,No,No,No,,5.6,Moment Magnitude,27.372,103.971,,2003,11.0,14.0,2003,11.0,14.0,4.0,65.0,490000.0,3000.0,493065.0,,,,,,,57.1400352670416,"[{""adm2_code"":13306,""adm2_name"":""Zhaotong""}]","[{""gid_2"":""CHN.30.16_1"",""migration_date"":""2025-12-20"",""migration_method"":""jaccard2"",""name_2"":""Zhaotong""}]",2004-01-14,2025-12-20,2003-11-14,2003-11-14,2003-11-14
2003-0105-CHN,No,nat-geo-ear-gro,Natural,Geophysical,Earthquake,Ground movement,USGS:usp000brbp,,CHN,China,Eastern Asia,Asia,"Payzawat village (Jiashi Xian area, Kashgar district, Xinjiang Uygur Zizhiqu province), Bachu Xian, Yuepuhu Xian, Yingjisha Xian, Maigaiti Xian, Shule Xian, Shufu Xian, Kashi Shi areas (Kashgar district, Xinjiang Uygur Zizhiqu province)",,,Yes,No,No,978.0,6.3,Moment Magnitude,39.61,77.23,,2003,2.0,24.0,2003,2.0,24.0,268.0,4000.0,510000.0,3000.0,517000.0,,,,,157000.0,274764.0,57.1400352670416,"[{""adm2_code"":13289,""adm2_name"":""Kashgar""}]","[{""gid_2"":""CHN.28.9_1"",""migration_date"":""2025-12-20"",""migration_method"":""jaccard2"",""name_2"":""Kashgar""}]",2005-04-13,2025-12-20,2003-02-24,2003-02-24,2003-02-24
2003-0183-CHN,No,nat-geo-ear-gro,Natural,Geophysical,Earthquake,Ground movement,USGS:usp000bvbg,,CHN,China,Eastern Asia,Asia,"Huaitoutalazhen village (Delingha Shi area, Haixi Mongol and Tibetan district, Qinghai Sheng province)",,,No,No,No,,6.4,Moment Magnitude,37.529,96.476,,2003,4.0,17.0,2003,4.0,17.0,,,3300.0,,3300.0,,,,,,,57.1400352670416,"[{""adm2_code"":13214,""adm2_name"":""Haixi Mongol and Tibetan""}]",,2004-01-14,2023-09-25,2003-04-17,2003-04-17,2003-04-17
2003-0209-CHN,No,nat-geo-ear-gro,Natural,Geophysical,Earthquake,Ground movement,USGS:usp000bwm1,,CHN,China,Eastern Asia,Asia,"Bachu Xian, Jiashi Xian areas (Kashgar district, Xinjiang Uygur Zizhiqu province)",,,No,No,No,,5.8,Moment Magnitude,39.43,77.219,,2003,5.0,4.0,2003,5.0,4.0,1.0,3.0,,8000.0,8003.0,,,,,,,57.1400352670416,"[{""adm2_code"":13289,""adm2_name"":""Kashgar""}]","[{""gid_2"":""CHN.28.9_1"",""migration_date"":""2025-12-20"",""migration_method"":""jaccard2"",""name_2"":""Kashgar""}]",2005-06-27,2025-12-20,2003-05-04,2003-05-04,2003-05-04
2003-0348-CHN,No,nat-geo-ear-gro,Natural,Geophysical,Earthquake,Ground movement,USGS:usp000c30u,,CHN,China,Eastern Asia,Asia,"Dayao Xian area (Chuxiong Yi district, Yunnan Sheng province)",,"Slide (land, mud, snow, rock)",No,No,No,,6.0,Moment Magnitude,25.975,101.29,,2003,7.0,21.0,2003,7.0,21.0,16.0,584.0,1250000.0,45000.0,1295584.0,,,,,75000.0,131256.0,57.1400352670416,"[{""adm2_code"":13307,""adm2_name"":""Chuxiong Yi""}]","[{""gid_2"":""CHN.30.2_1"",""migration_date"":""2025-12-20"",""migration_method"":""jaccard2"",""name_2"":""Chuxiong Yi""}]",2004-01-14,2025-12-20,2003-07-21,2003-07-21,2003-07-21
2003-0402-CHN,No,nat-geo-ear-gro,Natural,Geophysical,Earthquake,Ground movement,USGS:usp000c534,,CHN,China,Eastern Asia,Asia,"Lindong village (Balin-Zuo Qi area, Chifeng district, Nei Mongol Zizhiqu province), Tianshanzhen village (Aluke'erqin Qi area, Chifeng district, Nei Mongol Zizhiqu province)",,,No,No,No,,5.4,Moment Magnitude,43.77,119.643,,2003,8.0,16.0,2003,8.0,16.0,4.0,1000.0,415000.0,39500.0,455500.0,,,,,167000.0,292264.0,57.1400352670416,"[{""adm2_code"":13194,""adm2_name"":""Chifeng""}]","[{""gid_2"":""CHN.19.4_1"",""migration_date"":""2025-12-20"",""migration_method"":""jaccard2"",""name_2"":""Chifeng""}]",2004-01-14,2025-12-20,2003-08-16,2003-08-16,2003-08-16
2003-0519-CHN,No,nat-geo-ear-gro,Natural,Geophysical,Earthquake,Ground movement,USGS:usp000cb84,,CHN,China,Eastern Asia,Asia,"Minle Xian, Shandan Xian, Sunan Yugu Zizhixian areas (Zhangye district, Gansu Sheng province)",,,No,No,No,,5.8,Moment Magnitude,38.383,100.975,,2003,10.0,25.0,2003,10.0,25.0,9.0,43.0,50000.0,225000.0,275043.0,,,,,40000.0,70003.0,57.1400352670416,"[{""adm2_code"":13020,""adm2_name"":""Zhangye""}]","[{""gid_2"":""CHN.5.14_1"",""migration_date"":""2025-12-20"",""migration_method"":""jaccard2"",""name_2"":""Zhangye""}]",2004-01-14,2025-12-20,2003-10-25,2003-10-25,2003-10-25
2003-0509-CHN,No,nat-geo-ear-gro,Natural,Geophysical,Earthquake,Ground movement,USGS:usp000cagn,,CHN,China,Eastern Asia,Asia,"Dayao Xian area (Chuxiong Yi district, Yunnan Sheng province)",,,No,No,No,,5.6,Moment Magnitude,25.954,101.254,,2003,10.0,16.0,2003,10.0,16.0,3.0,56.0,60000.0,,60056.0,,,,,60000.0,105005.0,57.1400352670416,"[{""adm2_code"":13307,""adm2_name"":""Chuxiong Yi""}]","[{""gid_2"":""CHN.30.2_1"",""migration_date"":""2025-12-20"",""migration_method"":""jaccard2"",""name_2"":""Chuxiong Yi""}]",2004-01-14,2025-12-20,2003-10-16,2003-10-16,2003-10-16
2003-0582-CHN,No,nat-geo-ear-gro,Natural,Geophysical,Earthquake,Ground movement,USGS:usp000ce8k,,CHN,China,Eastern Asia,Asia,"Zhaosu Xian area (Ili Kazakh district, Xinjiang Uygur Zizhiqu province)",,,No,No,No,,6.0,Moment Magnitude,42.905,80.515,,2003,12.0,1.0,2003,12.0,1.0,11.0,73.0,3510.0,2435.0,6018.0,,,,,1933.0,3383.0,57.1400352670416,"[{""adm2_code"":13292,""adm2_name"":""Ili Kazakh""}]","[{""gid_2"":""CHN.28.7_1"",""migration_date"":""2025-12-20"",""migration_method"":""jaccard2"",""name_2"":""Ili Kazakh""}]",2004-01-14,2025-12-20,2003-12-01,2003-12-01,2003-12-01
2003-0596-CHN,No,nat-geo-ear-gro,Natural,Geophysical,Earthquake,Ground movement,USGS:usp000cdxz,,CHN,China,Eastern Asia,Asia,"Ludian Xian area (Zhaotong district, Yunnan Sheng province)",,,No,No,No,,4.7,Moment Magnitude,27.283,103.753,,2003,11.0,26.0,2003,11.0,26.0,,4.0,10000.0,,10004.0,,,,,,,57.1400352670416,"[{""adm2_code"":13306,""adm2_name"":""Zhaotong""}]","[{""gid_2"":""CHN.30.16_1"",""migration_date"":""2025-12-20"",""migration_method"":""jaccard2"",""name_2"":""Zhaotong""}]",2004-01-14,2025-12-20,2003-11-26,2003-11-26,2003-11-26
2003-0628-CRI,No,nat-geo-ear-gro,Natural,Geophysical,Earthquake,Ground movement,USGS:usp000cfzw,,CRI,Costa Rica,Latin America and the Caribbean,Americas,"Corredores, Golfito districts (Puntarenas province)",,,No,No,No,,6.5,Moment Magnitude,8.416,-82.824,,2003,12.0,25.0,2003,12.0,25.0,2.0,75.0,60.0,,135.0,,,,,,,57.1400352670416,"[{""adm2_code"":14522,""adm2_name"":""Corredores""},{""adm2_code"":14526,""adm2_name"":""Golfito""}]","[{""gid_2"":""CRI.6.3_1"",""migration_date"":""2025-12-20"",""migration_method"":""jaccard2"",""name_2"":""Corredores""},{""gid_2"":""CRI.6.7_1"",""migration_date"":""2025-12-20"",""migration_method"":""bufhaus2"",""name_2"":""Golfito""}]",2014-03-25,2025-12-20,2003-12-25,2003-12-25,2003-12-25
2003-0477-DOM,No,nat-geo-ear-gro,Natural,Geophysical,Earthquake,Ground movement,USGS:usp000c89d,,DOM,Dominican Republic,Latin America and the Caribbean,Americas,"Puerto Plata district (Puerto Plata province), San Francisco de Macoris district (Duarte province), Santiago district (Santiago province), Nagua district (Maria Trinidad Sanches province)",,"Slide (land, mud, snow, rock)",No,No,No,,6.4,Moment Magnitude,19.777,-70.673,,2003,9.0,22.0,2003,9.0,22.0,3.0,15.0,2000.0,,2015.0,,,,,,,57.1400352670416,"[{""adm2_code"":36897,""adm2_name"":""San Francisco de Macor¡s""},{""adm2_code"":36936,""adm2_name"":""Nagua""},{""adm2_code"":36965,""adm2_name"":""Puerto Plata""},{""adm2_code"":37011,""adm2_name"":""Santiago""}]","[{""gid_2"":""DOM.15.3_1"",""migration_date"":""2025-12-20"",""migration_method"":""jaccard2"",""name_2"":""Nagua""},{""gid_2"":""DOM.21.7_1"",""migration_date"":""2025-12-20"",""migration_method"":""puzzle2_2"",""name_2"":""Montellano""},{""gid_2"":""DOM.21.8_1"",""migration_date"":""2025-12-20"",""migration_method"":""puzzle2_2"",""name_2"":""San Felipe de Puerto Plata""},{""gid_2"":""DOM.30.6_1"",""migration_date"":""2025-12-20"",""migration_method"":""jaccard2"",""name_2"":""Santiago de los Caballeros""},{""gid_2"":""DOM.6.6_1"",""migration_date"":""2025-12-20"",""migration_method"":""jaccard2"",""name_2"":""San Francisco de Macorís""}]",2014-03-25,2025-12-20,2003-09-22,2003-09-22,2003-09-22
2003-0254-IDN,No,nat-geo-ear-gro,Natural,Geophysical,Earthquake,Ground movement,USGS:usp000by7n,,IDN,Indonesia,South-eastern Asia,Asia,"Morotai island (Halmahera Utara district, Malaku Utara province)",,,No,No,No,,7.0,Moment Magnitude,2.354,128.855,,2003,5.0,27.0,2003,5.0,27.0,1.0,7.0,100.0,140.0,247.0,,,,,,,57.1400352670416,"[{""adm2_code"":73681,""adm2_name"":""Halmahera Utara""}]","[{""gid_2"":""IDN.18.5_1"",""migration_date"":""2025-12-20"",""migration_method"":""puzzle2_2"",""name_2"":""Halmahera Utara""},{""gid_2"":""IDN.18.7_1"",""migration_date"":""2025-12-20"",""migration_method"":""puzzle2_2"",""name_2"":""Pulau Morotai""}]",2004-01-14,2025-12-20,2003-05-27,2003-05-27,2003-05-27
2003-0069-IDN,No,nat-geo-ear-gro,Natural,Geophysical,Earthquake,Ground movement,USGS:usp000bp0u,,IDN,Indonesia,South-eastern Asia,Asia,Dompu district (Nusatenggara Barat province),,,No,No,No,,5.5,Moment Magnitude,-8.807,118.524,,2003,1.0,23.0,2003,1.0,23.0,,2.0,2500.0,,2502.0,,,,,,,57.1400352670416,"[{""adm2_code"":18144,""adm2_name"":""Dompu""}]","[{""gid_2"":""IDN.20.2_1"",""migration_date"":""2025-12-20"",""migration_method"":""jaccard2"",""name_2"":""Dompu""}]",2004-01-14,2025-12-20,2003-01-23,2003-01-23,2003-01-23
2003-0414-IDN,No,nat-geo-ear-gro,Natural,Geophysical,Earthquake,Ground movement,USGS:usp000c4kv,,IDN,Indonesia,South-eastern Asia,Asia,"Wasile area (Halmahera Tengah district, Maluku Utara province)",,,No,No,No,,6.0,Moment Magnitude,1.142,128.152,,2003,8.0,11.0,2003,8.0,11.0,,,500.0,,500.0,,,,,,,57.1400352670416,"[{""adm2_code"":73679,""adm2_name"":""Halmahera Tengah""}]","[{""gid_2"":""IDN.18.4_1"",""migration_date"":""2025-12-20"",""migration_method"":""jaccard2"",""name_2"":""Halmahera Timur""}]",2003-10-10,2025-12-20,2003-08-11,2003-08-11,2003-08-11
2003-0068-IRN,No,nat-geo-ear-gro,Natural,Geophysical,Earthquake,Ground movement,USGS:usp000bndp,,IRN,Iran (Islamic Republic of),Southern Asia,Asia,"Nourabad area (Shiraz district, Fars province), Kazerun district (Fars province)",,,No,No,No,,5.2,Moment Magnitude,29.59,51.474,,2003,1.0,11.0,2003,1.0,11.0,,80.0,6750.0,3250.0,10080.0,,,,,,,57.1400352670416,"[{""adm2_code"":40993,""adm2_name"":""Kazerun""},{""adm2_code"":41111,""adm2_name"":""Shiraz""}]","[{""gid_2"":""IRN.7.16_1"",""migration_date"":""2025-12-20"",""migration_method"":""jaccard2"",""name_2"":""Shiraz""},{""gid_2"":""IRN.7.8_1"",""migration_date"":""2025-12-20"",""migration_method"":""jaccard2"",""name_2"":""Kazerun""}]",2014-03-07,2025-12-20,2003-01-11,2003-01-11,2003-01-11
2003-0322-IRN,No,nat-geo-ear-gro,Natural,Geophysical,Earthquake,Ground movement,USGS:usp000c1jh,,IRN,Iran (Islamic Republic of),Southern Asia,Asia,Torbat-e jam district (Khorasan province),,,No,No,No,,5.2,Moment Magnitude,35.476,60.784,,2003,7.0,3.0,2003,7.0,3.0,,1.0,1090.0,,1091.0,,,,,,,57.1400352670416,"[{""adm2_code"":41134,""adm2_name"":""Torbat-e jam""}]",,2014-03-07,2023-09-25,2003-07-03,2003-07-03,2003-07-03
2003-0438-IRN,No,nat-geo-ear-gro,Natural,Geophysical,Earthquake,Ground movement,USGS:usp000c251,,IRN,Iran (Islamic Republic of),Southern Asia,Asia,"Shahr e Pir, Deberan, Deh No, Darreh Shur, Darya, Zarrin-Dasht, Hajjiabad villages (Darab district, Fars province), Jahrom district (Fars province)",,,No,No,No,,5.8,Moment Magnitude,28.355,54.169,,2003,7.0,10.0,2003,7.0,10.0,1.0,25.0,,17500.0,17525.0,,,,,21666.0,37917.0,57.1400352670416,"[{""adm2_code"":40924,""adm2_name"":""Darab""},{""adm2_code"":40977,""adm2_name"":""Jahrom""}]","[{""gid_2"":""IRN.7.2_1"",""migration_date"":""2025-12-20"",""migration_method"":""jaccard2"",""name_2"":""Darab""},{""gid_2"":""IRN.7.7_1"",""migration_date"":""2025-12-20"",""migration_method"":""jaccard2"",""name_2"":""Jahrom""}]",2014-03-07,2025-12-20,2003-07-10,2003-07-10,2003-07-10
2003-0630-IRN,No,nat-geo-ear-gro,Natural,Geophysical,Earthquake,Ground movement,USGS:usp000cg2d,,IRN,Iran (Islamic Republic of),Southern Asia,Asia,Bam district (Kerman province),,,Yes,Yes,No,130852.0,6.6,Moment Magnitude,28.995,58.311,,2003,12.0,26.0,2003,12.0,26.0,26796.0,22628.0,200000.0,45000.0,267628.0,,,,,500000.0,875043.0,57.1400352670416,"[{""adm2_code"":40893,""adm2_name"":""Bam""}]",,2008-01-03,2023-09-25,2003-12-26,2003-12-26,2003-12-26
2003-0649-IRN,No,nat-geo-ear-gro,Natural,Geophysical,Earthquake,Ground movement,USGS:usp000cf1c,,IRN,Iran (Islamic Republic of),Southern Asia,Asia,Masjed-e soleiman district (Khuzestan province),,,No,No,No,,5.0,Moment Magnitude,31.953,49.209,,2003,12.0,11.0,2003,12.0,11.0,,5.0,710.0,10.0,725.0,,,,,,,57.1400352670416,"[{""adm2_code"":41032,""adm2_name"":""Masjed-e soleiman""}]",,2014-03-07,2023-09-25,2003-12-11,2003-12-11,2003-12-11
2003-0184-ITA,No,nat-geo-ear-gro,Natural,Geophysical,Earthquake,Ground movement,USGS:usp000buxn,,ITA,Italy,Southern Europe,Europe,Alessandria Province (Piemonte Region),,"Slide (land, mud, snow, rock)",No,No,No,,5.0,Moment Magnitude,44.792,8.892,,2003,4.0,11.0,2003,4.0,11.0,,2.0,230.0,,232.0,,,,,561352.0,982415.0,57.1400352670416,"[{""adm2_code"":18373,""adm2_name"":""Alessandria""}]","[{""gid_2"":""ITA.13.1_1"",""migration_date"":""2025-12-20"",""migration_method"":""jaccard2"",""name_2"":""Alessandria""}]",2004-01-14,2025-12-20,2003-04-11,2003-04-11,2003-04-11
2003-0354-JPN,No,nat-geo-ear-gro,Natural,Geophysical,Earthquake,Ground movement,USGS:usp000c3ay,,JPN,Japan,Eastern Asia,Asia,"Sendaisi_Aobaku, Sendaisi_Daisiroku, Sendaisi_Izumiku, Sendaisi_Miyaginoku, Sendaisi_Wakabayasiku, Isinomakisi, Hurukawasi, Kasimadaimati, Nangootyoon, Narusetyoo, Yamototyoo, Yoneyamatyoo districts (Miyagi province)",,"Slide (land, mud, snow, rock)",No,No,No,,5.5,Moment Magnitude,38.432,141.003,,2003,7.0,25.0,2003,7.0,25.0,,569.0,17403.0,219.0,18191.0,,,202000.0,353517.0,411000.0,719286.0,57.1400352670416,"[{""adm2_code"":35135,""adm2_name"":""Hurukawasi""},{""adm2_code"":35137,""adm2_name"":""Isinomakisi""},{""adm2_code"":35146,""adm2_name"":""Kasimadaimati""},{""adm2_code"":35162,""adm2_name"":""Nangootyoo""},{""adm2_code"":35164,""adm2_name"":""Narusetyoo""},{""adm2_code"":35176,""adm2_name"":""Sendaisi_Aobaku""},{""adm2_code"":35177,""adm2_name"":""Sendaisi_Daisiroku""},{""adm2_code"":35178,""adm2_name"":""Sendaisi_Izumiku""},{""adm2_code"":35179,""adm2_name"":""Sendaisi_Miyaginoku""},{""adm2_code"":35180,""adm2_name"":""Sendaisi_Wakabayasiku""},{""adm2_code"":35205,""adm2_name"":""Yamototyoo""},{""adm2_code"":35206,""adm2_name"":""Yoneyamatyoo""}]","[{""gid_2"":""JPN.24.12_1"",""migration_date"":""2025-12-20"",""migration_method"":""bufhaus2"",""name_2"":""Misato""},{""gid_2"":""JPN.24.19_1"",""migration_date"":""2025-12-20"",""migration_method"":""bufhaus2"",""name_2"":""Ōsaki""},{""gid_2"":""JPN.24.19_1"",""migration_date"":""2025-12-20"",""migration_method"":""bufhaus2"",""name_2"":""Ōsaki""},{""gid_2"":""JPN.24.1_1"",""migration_date"":""2025-12-20"",""migration_method"":""bufhaus2"",""name_2"":""Higashimatsushima""},{""gid_2"":""JPN.24.1_1"",""migration_date"":""2025-12-20"",""migration_method"":""bufhaus2"",""name_2"":""Higashimatsushima""},{""gid_2"":""JPN.24.22_1"",""migration_date"":""2025-12-20"",""migration_method"":""bufhaus2"",""name_2"":""Sendai""},{""gid_2"":""JPN.24.22_1"",""migration_date"":""2025-12-20"",""migration_method"":""bufhaus2"",""name_2"":""Sendai""},{""gid_2"":""JPN.24.22_1"",""migration_date"":""2025-12-20"",""migration_method"":""bufhaus2"",""name_2"":""Sendai""},{""gid_2"":""JPN.24.22_1"",""migration_date"":""2025-12-20"",""migration_method"":""bufhaus2"",""name_2"":""Sendai""},{""gid_2"":""JPN.24.22_1"",""migration_date"":""2025-12-20"",""migration_method"":""bufhaus2"",""name_2"":""Sendai""},{""gid_2"":""JPN.24.2_1"",""migration_date"":""2025-12-20"",""migration_method"":""bufhaus2"",""name_2"":""Ishinomaki""},{""gid_2"":""JPN.24.31_1"",""migration_date"":""2025-12-20"",""migration_method"":""bufhaus2"",""name_2"":""Tome""}]",2014-02-24,2025-12-20,2003-07-25,2003-07-25,2003-07-25
2003-0249-JPN,No,nat-geo-ear-gro,Natural,Geophysical,Earthquake,Ground movement,USGS:usp000by66,,JPN,Japan,Eastern Asia,Asia,"Iwate, Miyagi, Yamagata, Akita, Aomori provinces",,"Fire|Slide (land, mud, snow, rock)",No,No,No,,7.0,Moment Magnitude,38.849,141.568,,2003,5.0,26.0,2003,5.0,26.0,,143.0,2160.0,,2303.0,,,87000.0,152258.0,233000.0,407770.0,57.1400352670416,"[{""adm1_code"":1652,""adm1_name"":""Akita""},{""adm1_code"":1653,""adm1_name"":""Aomori""},{""adm1_code"":1665,""adm1_name"":""Iwate""},{""adm1_code"":1673,""adm1_name"":""Miyagi""},{""adm1_code"":1695,""adm1_name"":""Yamagata""}]","[{""gid_1"":""JPN.16_1"",""migration_date"":""2025-12-20"",""migration_method"":""jaccard1"",""name_1"":""Iwate""},{""gid_1"":""JPN.24_1"",""migration_date"":""2025-12-20"",""migration_method"":""jaccard1"",""name_1"":""Miyagi""},{""gid_1"":""JPN.2_1"",""migration_date"":""2025-12-20"",""migration_method"":""jaccard1"",""name_1"":""Akita""},{""gid_1"":""JPN.3_1"",""migration_date"":""2025-12-20"",""migration_method"":""jaccard1"",""name_1"":""Aomori""},{""gid_1"":""JPN.45_1"",""migration_date"":""2025-12-20"",""migration_method"":""jaccard1"",""name_1"":""Yamagata""}]",2014-02-24,2025-12-20,2003-05-26,2003-05-26,2003-05-26
2003-0476-JPN,No,nat-geo-ear-gro,Natural,Geophysical,Earthquake,Ground movement,USGS:usp000c8mb,,JPN,Japan,Eastern Asia,Asia,Hokkaidoo province,,Fire|Tsunami/Tidal wave,No,No,No,,7.4,Moment Magnitude,41.774,143.593,,2003,9.0,25.0,2003,9.0,25.0,2.0,773.0,,,773.0,,,87000.0,152258.0,563000.0,985299.0,57.1400352670416,"[{""adm1_code"":1661,""adm1_name"":""Hokkaidoo""}]","[{""gid_1"":""JPN.12_1"",""migration_date"":""2025-12-20"",""migration_method"":""jaccard1"",""name_1"":""Hokkaido""}]",2004-01-14,2025-12-20,2003-09-25,2003-09-25,2003-09-25
2003-0259-KAZ,No,nat-geo-ear-gro,Natural,Geophysical,Earthquake,Ground movement,USGS:usp000bxvn,,KAZ,Kazakhstan,Central Asia,Asia,Zhambyl district (Jambylslkaya province),,,No,No,No,,5.5,Moment Magnitude,42.946,72.764,,2003,5.0,23.0,2003,5.0,23.0,3.0,626.0,36000.0,,36626.0,,,,,,,57.1400352670416,"[{""adm2_code"":37223,""adm2_name"":""Zhambyl""}]",,2014-03-14,2023-09-25,2003-05-23,2003-05-23,2003-05-23
2003-0039-MEX,No,nat-geo-ear-gro,Natural,Geophysical,Earthquake,Ground movement,USGS:usp000bnyr,,MEX,Mexico,Latin America and the Caribbean,Americas,"Colima, Armeria, Coquimatlan, Ixtlahuacan, Cuahutemoc, Villa de Alvarez, Manzanillo, Minatitlan, Tecoman districts (Colima province), Zapotitlan de Vadillo, Toliman, Tonila, Pihuamo districts (Jalisco province)",,"Slide (land, mud, snow, rock)",Yes,No,Yes,229.0,7.6,Moment Magnitude,18.77,-104.104,,2003,1.0,22.0,2003,1.0,22.0,29.0,1073.0,177530.0,,178603.0,,,25000.0,43752.0,116300.0,203535.0,57.1400352670416,"[{""adm2_code"":19812,""adm2_name"":""Armeria""},{""adm2_code"":19813,""adm2_name"":""Colima""},{""adm2_code"":19815,""adm2_name"":""Coquimatlan""},{""adm2_code"":19816,""adm2_name"":""Cuauhtemoc""},{""adm2_code"":19817,""adm2_name"":""Ixtlahuacan""},{""adm2_code"":19818,""adm2_name"":""Manzanillo""},{""adm2_code"":19819,""adm2_name"":""Minatitlan""},{""adm2_code"":19820,""adm2_name"":""Tecoman""},{""adm2_code"":19821,""adm2_name"":""Villa De Alvarez""},{""adm2_code"":20151,""adm2_name"":""Pihuamo""},{""adm2_code"":20182,""adm2_name"":""Toliman""},{""adm2_code"":20186,""adm2_name"":""Tonila""},{""adm2_code"":20204,""adm2_name"":""Zapotitlan De Vadillo""}]","[{""gid_1"":""MEX.8_1"",""migration_date"":""2025-12-20"",""migration_method"":""parent2_1"",""name_1"":""Colima""},{""gid_1"":""MEX.8_1"",""migration_date"":""2025-12-20"",""migration_method"":""parent2_1"",""name_1"":""Colima""},{""gid_2"":""MEX.14.100_2"",""migration_date"":""2025-12-20"",""migration_method"":""bufhaus2"",""name_2"":""Tolimán""},{""gid_2"":""MEX.14.104_2"",""migration_date"":""2025-12-20"",""migration_method"":""bufhaus2"",""name_2"":""Tonila""},{""gid_2"":""MEX.14.122_2"",""migration_date"":""2025-12-20"",""migration_method"":""jaccard2"",""name_2"":""Zapotitlán de Vadillo""},{""gid_2"":""MEX.14.65_2"",""migration_date"":""2025-12-20"",""migration_method"":""bufhaus2"",""name_2"":""Pihuamo""}]",2005-04-13,2025-12-20,2003-01-22,2003-01-22,2003-01-22
2003-0411-PAN,No,nat-geo-ear-gro,Natural,Geophysical,Earthquake,Ground movement,USGS:usp000c4rd,,PAN,Panama,Latin America and the Caribbean,Americas,"Colon district (Colon province), Panama district (Panama province)",,,No,No,No,,5.4,Moment Magnitude,9.355,-79.941,,2003,8.0,13.0,2003,8.0,13.0,,,,340.0,340.0,,,,,,,57.1400352670416,"[{""adm2_code"":93680,""adm2_name"":""Colón""},{""adm2_code"":93693,""adm2_name"":""Panamá""}]","[{""gid_2"":""PAN.12.6_1"",""migration_date"":""2025-12-20"",""migration_method"":""jaccard2"",""name_2"":""Panamá""},{""gid_2"":""PAN.4.2_1"",""migration_date"":""2025-12-20"",""migration_method"":""bufhaus2"",""name_2"":""Colón""}]",2014-03-14,2025-12-20,2003-08-13,2003-08-13,2003-08-13
2003-0628-PAN,No,nat-geo-ear-gro,Natural,Geophysical,Earthquake,Ground movement,USGS:usp000cfzw,,PAN,Panama,Latin America and the Caribbean,Americas,"Puerto Armuelles municipality (Baru district, Chiriqui province)",,,No,No,No,,6.5,Moment Magnitude,8.416,-82.824,,2003,12.0,25.0,2003,12.0,25.0,2.0,75.0,1000.0,,1075.0,,,,,,,57.1400352670416,"[{""adm2_code"":23700,""adm2_name"":""Barú""}]","[{""gid_2"":""PAN.2.2_1"",""migration_date"":""2025-12-20"",""migration_method"":""jaccard2"",""name_2"":""Barú""}]",2014-03-25,2025-12-20,2003-12-25,2003-12-25,2003-12-25
2003-0497-RUS,No,nat-geo-ear-gro,Natural,Geophysical,Earthquake,Ground movement,USGS:usp000c8sz,,RUS,Russian Federation,Eastern Europe,Europe,"Kosh-Agachsky, Ust'-Ulagan, Ongudai, Shebalino towns (Altay Republic Province)",,"Slide (land, mud, snow, rock)",No,No,No,,7.3,Moment Magnitude,50.038,87.813,,2003,9.0,27.0,2003,9.0,27.0,3.0,5.0,,1800.0,1805.0,,,,,10600.0,18551.0,57.1400352670416,"[{""adm1_code"":2489,""adm1_name"":""Altay Rep.""}]","[{""gid_1"":""RUS.16_1"",""migration_date"":""2025-12-20"",""migration_method"":""jaccard1"",""name_1"":""Gorno-Altay""}]",2014-03-25,2025-12-20,2003-09-27,2003-09-27,2003-09-27
2003-0648-TUR,No,nat-geo-ear-gro,Natural,Geophysical,Earthquake,Ground movement,USGS:usp000c3c6,,TUR,Türkiye,Western Asia,Asia,Buldan district (Denizli province),,,No,No,No,,4.5,Moment Magnitude,38.111,28.887,,2003,7.0,26.0,2003,7.0,26.0,,,240.0,,240.0,,,,,,,57.1400352670416,"[{""adm2_code"":27725,""adm2_name"":""Buldan""}]",,2005-06-27,2023-09-25,2003-07-26,2003-07-26,2003-07-26
2003-0197-TUR,No,nat-geo-ear-gro,Natural,Geophysical,Earthquake,Ground movement,USGS:usp000bwbc,,TUR,Türkiye,Western Asia,Asia,"Bingol, Celtiksuyu, Sancak, Gokdere, Gozeler villages (Merkez district, Bingol province)",,,No,No,No,424.0,6.4,Moment Magnitude,39.007,40.464,,2003,5.0,1.0,2003,5.0,1.0,177.0,520.0,245000.0,45000.0,290520.0,,,1000.0,1750.0,135000.0,236262.0,57.1400352670416,"[{""adm2_code"":27624,""adm2_name"":""Merkez""}]","[{""gid_2"":""TUR.17.5_1"",""migration_date"":""2025-12-20"",""migration_method"":""jaccard2"",""name_2"":""Merkez""}]",2014-02-25,2025-12-20,2003-05-01,2003-05-01,2003-05-01
2003-0783-TUR,No,nat-geo-ear-gro,Natural,Geophysical,Earthquake,Ground movement,USGS:usp000buu9,,TUR,Türkiye,Western Asia,Asia,"Seferihisar, Konak districts (Izmir province)",,,No,No,No,,5.8,Moment Magnitude,38.221,26.958,,2003,4.0,10.0,2003,4.0,10.0,,170.0,,,170.0,,,,,,,57.1400352670416,"[{""adm2_code"":27937,""adm2_name"":""Konak""},{""adm2_code"":27942,""adm2_name"":""Seferihisar""}]",,2004-03-09,2023-09-25,2003-04-10,2003-04-10,2003-04-10
2003-0623-USA,No,nat-geo-ear-gro,Natural,Geophysical,Earthquake,Ground movement,,,USA,United States of America,Northern America,Americas,"Paso Robles, Templeton, Atascadero, Cambria, Morro Bay, Oceano villages (San Luis Obispo district, California province)",,,No,No,Yes,,6.5,Moment Magnitude,35.7005,-121.1005,,2003,12.0,22.0,2003,12.0,22.0,2.0,40.0,,120.0,160.0,,,,,200000.0,350017.0,57.1400352670416,"[{""adm2_code"":28904,""adm2_name"":""San Luis Obispo""}]","[{""gid_2"":""USA.5.40_1"",""migration_date"":""2025-12-20"",""migration_method"":""jaccard2"",""name_2"":""San Luis Obispo""}]",2014-03-25,2025-12-20,2003-12-22,2003-12-22,2003-12-22
2004-0436-AFG,No,nat-geo-ear-gro,Natural,Geophysical,Earthquake,Ground movement,USGS:usp000d0du,,AFG,Afghanistan,Southern Asia,Asia,Paktya province,,,No,No,No,,5.2,Moment Magnitude,33.426,69.524,,2004,7.0,18.0,2004,7.0,18.0,2.0,40.0,,1000.0,1040.0,,,,,,,58.66980929334124,"[{""adm1_code"":296,""adm1_name"":""Paktya""}]","[{""gid_2"":""AFG.26.11_1"",""migration_date"":""2025-12-20"",""migration_method"":""puzzle1_2"",""name_2"":""Shwak""},{""gid_2"":""AFG.26.12_1"",""migration_date"":""2025-12-20"",""migration_method"":""puzzle1_2"",""name_2"":""Zurmat""},{""gid_2"":""AFG.26.2_1"",""migration_date"":""2025-12-20"",""migration_method"":""puzzle1_2"",""name_2"":""Chamkani""},{""gid_2"":""AFG.26.3_1"",""migration_date"":""2025-12-20"",""migration_method"":""puzzle1_2"",""name_2"":""Dand Wa Patan""},{""gid_2"":""AFG.26.4_1"",""migration_date"":""2025-12-20"",""migration_method"":""puzzle1_2"",""name_2"":""Gardez""},{""gid_2"":""AFG.26.5_1"",""migration_date"":""2025-12-20"",""migration_method"":""puzzle1_2"",""name_2"":""Jadran""},{""gid_2"":""AFG.26.6_1"",""migration_date"":""2025-12-20"",""migration_method"":""puzzle1_2"",""name_2"":""Jaji""},{""gid_2"":""AFG.26.8_1"",""migration_date"":""2025-12-20"",""migration_method"":""puzzle1_2"",""name_2"":""Lija Mangal""},{""gid_2"":""AFG.26.9_1"",""migration_date"":""2025-12-20"",""migration_method"":""puzzle1_2"",""name_2"":""Sayid Karam""}]",2004-08-24,2025-12-20,2004-07-18,2004-07-18,2004-07-18
2004-0011-DZA,No,nat-geo-ear-gro,Natural,Geophysical,Earthquake,Ground movement,GLIDE:EQ-2004-000011|USGS:usp000chm5,,DZA,Algeria,Northern Africa,Africa,"Alger, Boumerdes provinces",,,No,No,No,,4.5,Moment Magnitude,36.852,3.418,,2004,1.0,10.0,2004,1.0,10.0,,300.0,,,300.0,,,,,,,58.66980929334124,"[{""adm1_code"":344,""adm1_name"":""Alger""},{""adm1_code"":353,""adm1_name"":""Boumerdes""}]","[{""gid_1"":""DZA.13_1"",""migration_date"":""2025-12-20"",""migration_method"":""jaccard1"",""name_1"":""Boumerdès""},{""gid_1"":""DZA.4_1"",""migration_date"":""2025-12-20"",""migration_method"":""jaccard1"",""name_1"":""Alger""}]",2014-03-26,2025-12-20,2004-01-10,2004-01-10,2004-01-10
2004-0620-DZA,No,nat-geo-ear-gro,Natural,Geophysical,Earthquake,Ground movement,USGS:usp000d9r7,,DZA,Algeria,Northern Africa,Africa,Boumerdes district (Boumerdes province),,,No,No,No,,4.5,Moment Magnitude,36.848,3.448,,2004,12.0,1.0,2004,12.0,1.0,,15.0,,,15.0,,,,,,,58.66980929334124,"[{""adm2_code"":38071,""adm2_name"":""Boumerdes""}]","[{""gid_2"":""DZA.13.9_1"",""migration_date"":""2025-12-20"",""migration_method"":""jaccard2"",""name_2"":""Boumerdes""}]",2005-01-03,2025-12-20,2004-12-01,2004-12-01,2004-12-01
2004-0659-BGD,No,nat-geo-ear-tsu,Natural,Geophysical,Earthquake,Tsunami,GLIDE:TS-2004-000147|USGS:official20041226005853450_30,,BGD,Bangladesh,Southern Asia,Asia,"Barisal, Chittagong, Khulna provinces",,,No,No,No,,9.1,Moment Magnitude,3.295,95.982,,2004,12.0,26.0,2004,12.0,26.0,2.0,,,,,,,,,500000.0,852227.0,58.66980929334124,"[{""adm1_code"":575,""adm1_name"":""Barisal""},{""adm1_code"":576,""adm1_name"":""Chittagong""},{""adm1_code"":578,""adm1_name"":""Khulna""}]","[{""gid_1"":""BGD.1_1"",""migration_date"":""2025-12-20"",""migration_method"":""jaccard1"",""name_1"":""Barisal""},{""gid_1"":""BGD.2_1"",""migration_date"":""2025-12-20"",""migration_method"":""jaccard1"",""name_1"":""Chittagong""},{""gid_1"":""BGD.4_1"",""migration_date"":""2025-12-20"",""migration_method"":""jaccard1"",""name_1"":""Khulna""}]",2014-03-27,2026-01-25,2004-12-26,2004-12-26,2004-12-26
2004-0671-BDI,No,nat-geo-ear-gro,Natural,Geophysical,Earthquake,Ground movement,USGS:usp000cmxd,,BDI,Burundi,Sub-Saharan Africa,Africa,"Ruyaga village (Rugombo district, Cibitoke province)",,,No,No,No,,4.7,Moment Magnitude,-3.393,29.558,,2004,2.0,24.0,2004,2.0,24.0,3.0,,,120.0,120.0,,,,,,,58.66980929334124,"[{""adm2_code"":40610,""adm2_name"":""Rugombo""}]","[{""gid_2"":""BDI.6.6_1"",""migration_date"":""2025-12-20"",""migration_method"":""jaccard2"",""name_2"":""Rugombo""}]",2005-02-03,2025-12-20,2004-02-24,2004-02-24,2004-02-24
2004-0680-CHN,No,nat-geo-ear-gro,Natural,Geophysical,Earthquake,Ground movement,USGS:usp000cu4k,,CHN,China,Eastern Asia,Asia,"Delingha area (Haixi Mongol and Tibetan district, Qinghai Sheng province)",,,No,No,No,,5.5,Moment Magnitude,37.506,96.758,,2004,5.0,4.0,2004,5.0,4.0,,,,4199.0,4199.0,,,,,,,58.66980929334124,"[{""adm2_code"":13214,""adm2_name"":""Haixi Mongol and Tibetan""}]",,2005-03-09,2023-09-25,2004-05-04,2004-05-04,2004-05-04
2004-0522-CHN,No,nat-geo-ear-gro,Natural,Geophysical,Earthquake,Ground movement,USGS:usp000d6mj,,CHN,China,Eastern Asia,Asia,Baoshan district (Yunnan Sheng province),,,No,No,No,,4.8,Moment Magnitude,25.073,99.169,,2004,10.0,18.0,2004,10.0,18.0,,12.0,100000.0,,100012.0,,,,,,,58.66980929334124,"[{""adm2_code"":13313,""adm2_name"":""Baoshan""}]","[{""gid_2"":""CHN.30.1_1"",""migration_date"":""2025-12-20"",""migration_method"":""jaccard2"",""name_2"":""Baoshan""}]",2014-03-11,2025-12-20,2004-10-18,2004-10-18,2004-10-18
2004-0126-CHN,No,nat-geo-ear-gro,Natural,Geophysical,Earthquake,Ground movement,USGS:usp000cqr9,,CHN,China,Eastern Asia,Asia,"Xiwuzhumuqin Qi area (Xilin Gol district, Nei Mongol Zizhiqu province)",,,No,No,No,,5.5,Moment Magnitude,45.382,118.256,,2004,3.0,24.0,2004,3.0,24.0,,100.0,190000.0,,190100.0,,,,,74000.0,126130.0,58.66980929334124,"[{""adm2_code"":13198,""adm2_name"":""Xilin Gol""}]","[{""gid_2"":""CHN.19.11_1"",""migration_date"":""2025-12-20"",""migration_method"":""jaccard2"",""name_2"":""Xilin Gol""}]",2014-03-11,2025-12-20,2004-03-24,2004-03-24,2004-03-24
2004-0406-CHN,No,nat-geo-ear-gro,Natural,Geophysical,Earthquake,Ground movement,GLIDE:EQ-2004-000074|USGS:usp000d1w5,,CHN,China,Eastern Asia,Asia,"Ludian Xian area (Zhaotong district, Yunnan Sheng province)",,,No,No,No,,5.4,Moment Magnitude,27.266,103.873,,2004,8.0,10.0,2004,8.0,10.0,4.0,600.0,,120000.0,120600.0,,,,,50000.0,85223.0,58.66980929334124,"[{""adm2_code"":13306,""adm2_name"":""Zhaotong""}]","[{""gid_2"":""CHN.30.16_1"",""migration_date"":""2025-12-20"",""migration_method"":""jaccard2"",""name_2"":""Zhaotong""}]",2005-06-27,2025-12-20,2004-08-10,2004-08-10,2004-08-10
2004-0571-CHN,No,nat-geo-ear-gro,Natural,Geophysical,Earthquake,Ground movement,USGS:usp000d3us,,CHN,China,Eastern Asia,Asia,Gansu Sheng province,,,No,No,No,,5.2,Moment Magnitude,34.682,103.781,,2004,9.0,7.0,2004,9.0,7.0,,19.0,19000.0,3000.0,22019.0,,,,,,,58.66980929334124,"[{""adm1_code"":902,""adm1_name"":""Gansu Sheng""}]","[{""gid_1"":""CHN.5_1"",""migration_date"":""2025-12-20"",""migration_method"":""jaccard1"",""name_1"":""Gansu""}]",2004-11-15,2025-12-20,2004-09-07,2004-09-07,2004-09-07
2004-0575-COL,No,nat-geo-ear-gro,Natural,Geophysical,Earthquake,Ground movement,GLIDE:EQ-2004-000125|USGS:usp000d8gx,,COL,Colombia,Latin America and the Caribbean,Americas,"Litoral de San Juan, Litoral de San Juan (is.), Bajo Baudo (is.), Bajo Baudo (pizzaro) districts (Choco province), Cali, Buenaventua, Buenaventura (is.), El Cerrito, Restrepo, Zarzal, Bugalagrande, Calima (darien), Vijes districts (Valle del Cauca province)",,,No,No,No,,7.2,Moment Magnitude,4.695,-77.508,,2004,11.0,15.0,2004,11.0,15.0,,20.0,8016.0,,8036.0,,,,,,,58.66980929334124,"[{""adm2_code"":13788,""adm2_name"":""Bajo Baudo (is.)""},{""adm2_code"":13789,""adm2_name"":""Bajo Baudo (pizarro)""},{""adm2_code"":13797,""adm2_name"":""Litoral Del San Juan""},{""adm2_code"":13798,""adm2_name"":""Litoral Del San Juan (is.""},{""adm2_code"":14369,""adm2_name"":""Buenaventura""},{""adm2_code"":14370,""adm2_name"":""Buenaventura (is.)""},{""adm2_code"":14372,""adm2_name"":""Bugalagrande""},{""adm2_code"":14374,""adm2_name"":""Cali""},{""adm2_code"":14375,""adm2_name"":""Calima  (darien)""},{""adm2_code"":14381,""adm2_name"":""El Cerrito""},{""adm2_code"":14394,""adm2_name"":""Restrepo""},{""adm2_code"":14404,""adm2_name"":""Vijes""},{""adm2_code"":14407,""adm2_name"":""Zarzal""}]","[{""gid_1"":""COL.31_2"",""migration_date"":""2025-12-20"",""migration_method"":""parent2_1"",""name_1"":""Valle del Cauca""},{""gid_1"":""COL.31_2"",""migration_date"":""2025-12-20"",""migration_method"":""parent2_1"",""name_1"":""Valle del Cauca""},{""gid_2"":""COL.13.14_2"",""migration_date"":""2025-12-20"",""migration_method"":""puzzle2_2"",""name_2"":""El Litoral del San Juan""},{""gid_2"":""COL.13.14_2"",""migration_date"":""2025-12-20"",""migration_method"":""bufhaus2"",""name_2"":""El Litoral del San Juan""},{""gid_2"":""COL.13.15_2"",""migration_date"":""2025-12-20"",""migration_method"":""puzzle2_2"",""name_2"":""Istmina""},{""gid_2"":""COL.13.19_2"",""migration_date"":""2025-12-20"",""migration_method"":""puzzle2_2"",""name_2"":""Medio Baudó""},{""gid_2"":""COL.13.6_2"",""migration_date"":""2025-12-20"",""migration_method"":""bufhaus2"",""name_2"":""Bajo Baudó""},{""gid_2"":""COL.13.6_2"",""migration_date"":""2025-12-20"",""migration_method"":""puzzle2_2"",""name_2"":""Bajo Baudó""}]",2008-05-08,2025-12-20,2004-11-15,2004-11-15,2004-11-15
2004-0426-COL,No,nat-geo-ear-gro,Natural,Geophysical,Earthquake,Ground movement,USGS:usp000d2cd,,COL,Colombia,Latin America and the Caribbean,Americas,Sotara district (Cauca province),,,No,No,No,,5.1,Moment Magnitude,2.265,-76.595,,2004,8.0,18.0,2004,8.0,18.0,1.0,2.0,,500.0,502.0,,,,,,,58.66980929334124,"[{""adm2_code"":13753,""adm2_name"":""Sotara""}]",,2004-08-20,2023-09-25,2004-08-18,2004-08-18,2004-08-18
2004-0599-CRI,No,nat-geo-ear-gro,Natural,Geophysical,Earthquake,Ground movement,GLIDE:EQ-2004-000129|USGS:usp000d8tf,,CRI,Costa Rica,Latin America and the Caribbean,Americas,"San Jose, Puntarenas provinces",,"Slide (land, mud, snow, rock)",No,No,No,,6.4,Moment Magnitude,9.602,-84.172,,2004,11.0,20.0,2004,11.0,20.0,8.0,,255.0,25.0,280.0,,,,,,,58.66980929334124,"[{""adm1_code"":986,""adm1_name"":""Puntarenas""},{""adm1_code"":987,""adm1_name"":""San Jose""}]","[{""gid_1"":""CRI.6_1"",""migration_date"":""2025-12-20"",""migration_method"":""jaccard1"",""name_1"":""Puntarenas""},{""gid_1"":""CRI.7_1"",""migration_date"":""2025-12-20"",""migration_method"":""jaccard1"",""name_1"":""San José""}]",2014-03-25,2025-12-20,2004-11-20,2004-11-20,2004-11-20
2004-0582-DMA,No,nat-geo-ear-gro,Natural,Geophysical,Earthquake,Ground movement,GLIDE:EQ-2004-000126|USGS:usp000d8w3,,DMA,Dominica,Latin America and the Caribbean,Americas,"St. Andrew, St. John, St. Joseph, St. Peter provinces",,,Yes,No,No,,6.3,Moment Magnitude,15.679,-61.706,,2004,11.0,21.0,2004,11.0,21.0,,,100.0,,100.0,,,,,,,58.66980929334124,"[{""adm1_code"":1098,""adm1_name"":""St. Andrew""},{""adm1_code"":1101,""adm1_name"":""St. John""},{""adm1_code"":1102,""adm1_name"":""St. Joseph""},{""adm1_code"":1107,""adm1_name"":""St. Peter""}]","[{""gid_1"":""DMA.10_1"",""migration_date"":""2025-12-20"",""migration_method"":""bufhaus1"",""name_1"":""Saint Peter""},{""gid_1"":""DMA.1_1"",""migration_date"":""2025-12-20"",""migration_method"":""jaccard1"",""name_1"":""Saint Andrew""},{""gid_1"":""DMA.4_1"",""migration_date"":""2025-12-20"",""migration_method"":""bufhaus1"",""name_1"":""Saint John""},{""gid_1"":""DMA.5_1"",""migration_date"":""2025-12-20"",""migration_method"":""jaccard1"",""name_1"":""Saint Joseph""}]",2005-02-03,2025-12-20,2004-11-21,2004-11-21,2004-11-21
2004-0669-DEU,No,nat-geo-ear-gro,Natural,Geophysical,Earthquake,Ground movement,USGS:usp000da1z,,DEU,Germany,Western Europe,Europe,"Waldkirch, Emmendingen towns (Freiburg district, Baden-Wuerttemberg Province)",,,No,No,No,,4.8,Moment Magnitude,48.115,8.077,,2004,12.0,5.0,2004,12.0,5.0,,,150.0,,150.0,,,8000.0,13636.0,12000.0,20453.0,58.66980929334124,"[{""adm2_code"":16526,""adm2_name"":""Freiburg""}]","[{""gid_2"":""CHE.5.2_1"",""migration_date"":""2025-12-20"",""migration_method"":""puzzle2_2"",""name_2"":""Bettingen""},{""gid_2"":""DEU.1.12_1"",""migration_date"":""2025-12-20"",""migration_method"":""puzzle2_2"",""name_2"":""Freiburg im Breisgau""},{""gid_2"":""DEU.1.22_1"",""migration_date"":""2025-12-20"",""migration_method"":""puzzle2_2"",""name_2"":""Konstanz""},{""gid_2"":""DEU.1.23_1"",""migration_date"":""2025-12-20"",""migration_method"":""puzzle2_2"",""name_2"":""Lörrach""},{""gid_2"":""DEU.1.28_1"",""migration_date"":""2025-12-20"",""migration_method"":""puzzle2_2"",""name_2"":""Ortenaukreis""},{""gid_2"":""DEU.1.36_1"",""migration_date"":""2025-12-20"",""migration_method"":""puzzle2_2"",""name_2"":""Rottweil""},{""gid_2"":""DEU.1.38_1"",""migration_date"":""2025-12-20"",""migration_method"":""puzzle2_2"",""name_2"":""Schwarzwald-Baar-Kreis""},{""gid_2"":""DEU.1.42_1"",""migration_date"":""2025-12-20"",""migration_method"":""puzzle2_2"",""name_2"":""Tuttlingen""},{""gid_2"":""DEU.1.44_1"",""migration_date"":""2025-12-20"",""migration_method"":""puzzle2_2"",""name_2"":""Waldshut""},{""gid_2"":""DEU.1.7_1"",""migration_date"":""2025-12-20"",""migration_method"":""puzzle2_2"",""name_2"":""Breisgau-Hochschwarzwald""},{""gid_2"":""DEU.1.9_1"",""migration_date"":""2025-12-20"",""migration_method"":""puzzle2_2"",""name_2"":""Emmendingen""}]",2005-02-02,2025-12-20,2004-12-05,2004-12-05,2004-12-05
2004-0582-GLP,No,nat-geo-ear-gro,Natural,Geophysical,Earthquake,Ground movement,GLIDE:EQ-2004-000126|USGS:usp000d8w3,,GLP,Guadeloupe,Latin America and the Caribbean,Americas,"Basse-Terre, Terre-de-Bas, Saintes Isl.",,,No,No,No,,6.3,Moment Magnitude,15.679,-61.706,,2004,11.0,21.0,2004,11.0,21.0,1.0,13.0,100.0,40.0,153.0,,,,,,,58.66980929334124,"[{""adm2_code"":16736,""adm2_name"":""Administrative unit not available""}]","[{""gid_2"":""BLM.1.10_1"",""migration_date"":""2025-12-20"",""migration_method"":""puzzle2_2"",""name_2"":""Isles""},{""gid_2"":""BLM.1.11_1"",""migration_date"":""2025-12-20"",""migration_method"":""puzzle2_2"",""name_2"":""Lorient""},{""gid_2"":""BLM.1.12_1"",""migration_date"":""2025-12-20"",""migration_method"":""puzzle2_2"",""name_2"":""Marigot""},{""gid_2"":""BLM.1.13_1"",""migration_date"":""2025-12-20"",""migration_method"":""puzzle2_2"",""name_2"":""Mont Jean""},{""gid_2"":""BLM.1.14_1"",""migration_date"":""2025-12-20"",""migration_method"":""puzzle2_2"",""name_2"":""Morne Criquet""},{""gid_2"":""BLM.1.15_1"",""migration_date"":""2025-12-20"",""migration_method"":""puzzle2_2"",""name_2"":""Morne de Dépoudré""},{""gid_2"":""BLM.1.16_1"",""migration_date"":""2025-12-20"",""migration_method"":""puzzle2_2"",""name_2"":""Morne Rouge""},{""gid_2"":""BLM.1.17_1"",""migration_date"":""2025-12-20"",""migration_method"":""puzzle2_2"",""name_2"":""Petit Cul-de-Sac""},{""gid_2"":""BLM.1.18_1"",""migration_date"":""2025-12-20"",""migration_method"":""puzzle2_2"",""name_2"":""Petite Saline""},{""gid_2"":""BLM.1.19_1"",""migration_date"":""2025-12-20"",""migration_method"":""puzzle2_2"",""name_2"":""Pointe Milou""},{""gid_2"":""BLM.1.1_1"",""migration_date"":""2025-12-20"",""migration_method"":""puzzle2_2"",""name_2"":""Anse du Gouverneur""},{""gid_2"":""BLM.1.20_1"",""migration_date"":""2025-12-20"",""migration_method"":""puzzle2_2"",""name_2"":""Toiny""},{""gid_2"":""BLM.1.21_1"",""migration_date"":""2025-12-20"",""migration_method"":""puzzle2_2"",""name_2"":""Vitet""},{""gid_2"":""BLM.1.2_1"",""migration_date"":""2025-12-20"",""migration_method"":""puzzle2_2"",""name_2"":""Anse du Grand Cul-de-Sac""},{""gid_2"":""BLM.1.3_1"",""migration_date"":""2025-12-20"",""migration_method"":""puzzle2_2"",""name_2"":""Barrière des Quatres Vents""},{""gid_2"":""BLM.1.4_1"",""migration_date"":""2025-12-20"",""migration_method"":""puzzle2_2"",""name_2"":""Camaruche""},{""gid_2"":""BLM.1.5_1"",""migration_date"":""2025-12-20"",""migration_method"":""puzzle2_2"",""name_2"":""Devet""},{""gid_2"":""BLM.1.6_1"",""migration_date"":""2025-12-20"",""migration_method"":""puzzle2_2"",""name_2"":""Gouverneur""},{""gid_2"":""BLM.1.7_1"",""migration_date"":""2025-12-20"",""migration_method"":""puzzle2_2"",""name_2"":""Grand Cul-de-Sac""},{""gid_2"":""BLM.1.8_1"",""migration_date"":""2025-12-20"",""migration_method"":""puzzle2_2"",""name_2"":""Grand Fond""},{""gid_2"":""BLM.1.9_1"",""migration_date"":""2025-12-20"",""migration_method"":""puzzle2_2"",""name_2"":""Grande Saline""},{""gid_2"":""BLM.2.10_1"",""migration_date"":""2025-12-20"",""migration_method"":""puzzle2_2"",""name_2"":""Gustavia""},{""gid_2"":""BLM.2.11_1"",""migration_date"":""2025-12-20"",""migration_method"":""puzzle2_2"",""name_2"":""Isles""},{""gid_2"":""BLM.2.12_1"",""migration_date"":""2025-12-20"",""migration_method"":""puzzle2_2"",""name_2"":""La Grande Montagne""},{""gid_2"":""BLM.2.13_1"",""migration_date"":""2025-12-20"",""migration_method"":""puzzle2_2"",""name_2"":""La Pointe""},{""gid_2"":""BLM.2.14_1"",""migration_date"":""2025-12-20"",""migration_method"":""puzzle2_2"",""name_2"":""Le Château""},{""gid_2"":""BLM.2.15_1"",""migration_date"":""2025-12-20"",""migration_method"":""puzzle2_2"",""name_2"":""Le Palidor""},{""gid_2"":""BLM.2.16_1"",""migration_date"":""2025-12-20"",""migration_method"":""puzzle2_2"",""name_2"":""Lurin""},{""gid_2"":""BLM.2.17_1"",""migration_date"":""2025-12-20"",""migration_method"":""puzzle2_2"",""name_2"":""Merlette""},{""gid_2"":""BLM.2.18_1"",""migration_date"":""2025-12-20"",""migration_method"":""puzzle2_2"",""name_2"":""Public""},{""gid_2"":""BLM.2.19_1"",""migration_date"":""2025-12-20"",""migration_method"":""puzzle2_2"",""name_2"":""Quartier du Roi""},{""gid_2"":""BLM.2.1_1"",""migration_date"":""2025-12-20"",""migration_method"":""puzzle2_2"",""name_2"":""Aéroport""},{""gid_2"":""BLM.2.20_1"",""migration_date"":""2025-12-20"",""migration_method"":""puzzle2_2"",""name_2"":""Saint-Jean""},{""gid_2"":""BLM.2.21_1"",""migration_date"":""2025-12-20"",""migration_method"":""puzzle2_2"",""name_2"":""Terre Neuve""},{""gid_2"":""BLM.2.2_1"",""migration_date"":""2025-12-20"",""migration_method"":""puzzle2_2"",""name_2"":""Anse des Cayes""},{""gid_2"":""BLM.2.3_1"",""migration_date"":""2025-12-20"",""migration_method"":""puzzle2_2"",""name_2"":""Anse des Lézards""},{""gid_2"":""BLM.2.4_1"",""migration_date"":""2025-12-20"",""migration_method"":""puzzle2_2"",""name_2"":""Carénage""},{""gid_2"":""BLM.2.5_1"",""migration_date"":""2025-12-20"",""migration_method"":""puzzle2_2"",""name_2"":""Col de la Tourmente""},{""gid_2"":""BLM.2.6_1"",""migration_date"":""2025-12-20"",""migration_method"":""puzzle2_2"",""name_2"":""Colombier""},{""gid_2"":""BLM.2.7_1"",""migration_date"":""2025-12-20"",""migration_method"":""puzzle2_2"",""name_2"":""Corossol""},{""gid_2"":""BLM.2.8_1"",""migration_date"":""2025-12-20"",""migration_method"":""puzzle2_2"",""name_2"":""Flamands""},{""gid_2"":""BLM.2.9_1"",""migration_date"":""2025-12-20"",""migration_method"":""puzzle2_2"",""name_2"":""Grande Vigie""},{""gid_2"":""GLP.1.10_1"",""migration_date"":""2025-12-20"",""migration_method"":""puzzle2_2"",""name_2"":""Petit-Bourg""},{""gid_2"":""GLP.1.11_1"",""migration_date"":""2025-12-20"",""migration_method"":""puzzle2_2"",""name_2"":""Pointe-Noire""},{""gid_2"":""GLP.1.12_1"",""migration_date"":""2025-12-20"",""migration_method"":""puzzle2_2"",""name_2"":""Saint-Claude""},{""gid_2"":""GLP.1.13_1"",""migration_date"":""2025-12-20"",""migration_method"":""puzzle2_2"",""name_2"":""Sainte-Rose""},{""gid_2"":""GLP.1.14_1"",""migration_date"":""2025-12-20"",""migration_method"":""puzzle2_2"",""name_2"":""Terre-De-Bas""},{""gid_2"":""GLP.1.15_1"",""migration_date"":""2025-12-20"",""migration_method"":""puzzle2_2"",""name_2"":""Terre-De-Haut""},{""gid_2"":""GLP.1.16_1"",""migration_date"":""2025-12-20"",""migration_method"":""puzzle2_2"",""name_2"":""Trois-Rivières""},{""gid_2"":""GLP.1.17_1"",""migration_date"":""2025-12-20"",""migration_method"":""puzzle2_2"",""name_2"":""Vieux-Fort""},{""gid_2"":""GLP.1.18_1"",""migration_date"":""2025-12-20"",""migration_method"":""puzzle2_2"",""name_2"":""Vieux-Habitants""},{""gid_2"":""GLP.1.1_1"",""migration_date"":""2025-12-20"",""migration_method"":""puzzle2_2"",""name_2"":""Baie-Mahault""},{""gid_2"":""GLP.1.2_1"",""migration_date"":""2025-12-20"",""migration_method"":""puzzle2_2"",""name_2"":""Baillif""},{""gid_2"":""GLP.1.3_1"",""migration_date"":""2025-12-20"",""migration_method"":""puzzle2_2"",""name_2"":""Basse-Terre""},{""gid_2"":""GLP.1.4_1"",""migration_date"":""2025-12-20"",""migration_method"":""puzzle2_2"",""name_2"":""Bouillante""},{""gid_2"":""GLP.1.5_1"",""migration_date"":""2025-12-20"",""migration_method"":""puzzle2_2"",""name_2"":""Capesterre-Belle-Eau""},{""gid_2"":""GLP.1.6_1"",""migration_date"":""2025-12-20"",""migration_method"":""puzzle2_2"",""name_2"":""Deshaies""},{""gid_2"":""GLP.1.7_1"",""migration_date"":""2025-12-20"",""migration_method"":""puzzle2_2"",""name_2"":""Gourbeyre""},{""gid_2"":""GLP.1.8_1"",""migration_date"":""2025-12-20"",""migration_method"":""puzzle2_2"",""name_2"":""Goyave""},{""gid_2"":""GLP.1.9_1"",""migration_date"":""2025-12-20"",""migration_method"":""puzzle2_2"",""name_2"":""Lamentin""},{""gid_2"":""GLP.2.10_1"",""migration_date"":""2025-12-20"",""migration_method"":""puzzle2_2"",""name_2"":""Pointe-à-Pitre""},{""gid_2"":""GLP.2.11_1"",""migration_date"":""2025-12-20"",""migration_method"":""puzzle2_2"",""name_2"":""Port-Louis""},{""gid_2"":""GLP.2.12_1"",""migration_date"":""2025-12-20"",""migration_method"":""puzzle2_2"",""name_2"":""Saint-François""},{""gid_2"":""GLP.2.13_1"",""migration_date"":""2025-12-20"",""migration_method"":""puzzle2_2"",""name_2"":""Saint-Louis""},{""gid_2"":""GLP.2.14_1"",""migration_date"":""2025-12-20"",""migration_method"":""puzzle2_2"",""name_2"":""Sainte-Anne""},{""gid_2"":""GLP.2.1_1"",""migration_date"":""2025-12-20"",""migration_method"":""puzzle2_2"",""name_2"":""Anse-Bertrand""},{""gid_2"":""GLP.2.2_1"",""migration_date"":""2025-12-20"",""migration_method"":""puzzle2_2"",""name_2"":""Capesterre-de-Marie-Galante""},{""gid_2"":""GLP.2.3_1"",""migration_date"":""2025-12-20"",""migration_method"":""puzzle2_2"",""name_2"":""Grand-Bourg""},{""gid_2"":""GLP.2.4_1"",""migration_date"":""2025-12-20"",""migration_method"":""puzzle2_2"",""name_2"":""La Désirade""},{""gid_2"":""GLP.2.5_1"",""migration_date"":""2025-12-20"",""migration_method"":""puzzle2_2"",""name_2"":""Le Gosier""},{""gid_2"":""GLP.2.6_1"",""migration_date"":""2025-12-20"",""migration_method"":""puzzle2_2"",""name_2"":""Le Moule""},{""gid_2"":""GLP.2.7_1"",""migration_date"":""2025-12-20"",""migration_method"":""puzzle2_2"",""name_2"":""Les Abymes""},{""gid_2"":""GLP.2.8_1"",""migration_date"":""2025-12-20"",""migration_method"":""puzzle2_2"",""name_2"":""Morne-à-L'eau""},{""gid_2"":""GLP.2.9_1"",""migration_date"":""2025-12-20"",""migration_method"":""puzzle2_2"",""name_2"":""Petit-Canal""}]",2005-02-03,2025-12-20,2004-11-21,2004-11-21,2004-11-21
2004-0659-IND,No,nat-geo-ear-tsu,Natural,Geophysical,Earthquake,Tsunami,GLIDE:TS-2004-000147|USGS:official20041226005853450_30,,IND,India,Southern Asia,Asia,"Kancheepuram, Villupuram, Nagapattinam, Thoothukudi, Tirunelveli Kattabo, Kanniyakumari, Chennai, Thiruvallur, Cuddalore, Pudukkottai, Ramanathapuram, Sivaganga, Thanjavur districts (Tamil Nadu province), Vishakhapatnam, East Godavari, West Godavari, Krishna, Guntur, Prakasam, Nellore districts (Andhra Pradesh province), Kollam, Alappuzha, Ernakulam districts (Kerala province), Puducherry, Karaikal district (Puducherry province), Andaman and Nicobar province",Earthquake,,Yes,No,No,,9.1,Moment Magnitude,3.295,95.982,,2004,12.0,26.0,2004,12.0,26.0,16389.0,6913.0,647599.0,,654512.0,,,5000.0,8522.0,1022800.0,1743316.0,58.66980929334124,"[{""adm1_code"":1484,""adm1_name"":""Andaman and Nicobar""},{""adm2_code"":17551,""adm2_name"":""East Godavari""},{""adm2_code"":17552,""adm2_name"":""Guntur""},{""adm2_code"":17556,""adm2_name"":""Krishna""},{""adm2_code"":17561,""adm2_name"":""Nellore""},{""adm2_code"":17563,""adm2_name"":""Prakasam""},{""adm2_code"":17566,""adm2_name"":""Vishakhapatnam""},{""adm2_code"":17569,""adm2_name"":""West Godavari""},{""adm2_code"":17699,""adm2_name"":""Ernakulam""},{""adm2_code"":17707,""adm2_name"":""Kollam""},{""adm2_code"":70298,""adm2_name"":""Alappuzha""},{""adm2_code"":17866,""adm2_name"":""Thoothukudi""},{""adm2_code"":17870,""adm2_name"":""Kanniyakumari""},{""adm2_code"":17876,""adm2_name"":""Pudukkottai""},{""adm2_code"":17878,""adm2_name"":""Ramanathapuram""},{""adm2_code"":17881,""adm2_name"":""Thanjavur""},{""adm2_code"":17882,""adm2_name"":""Sivaganga""},{""adm2_code"":17884,""adm2_name"":""Tirunelveli Kattabo""},{""adm2_code"":70242,""adm2_name"":""Chennai""},{""adm2_code"":70243,""adm2_name"":""Cuddalore""},{""adm2_code"":70244,""adm2_name"":""Kancheepuram""},{""adm2_code"":70247,""adm2_name"":""Nagapattinam""},{""adm2_code"":70251,""adm2_name"":""Thiruvallur""},{""adm2_code"":70255,""adm2_name"":""Villupuram""},{""adm2_code"":70226,""adm2_name"":""Karaikal""},{""adm2_code"":70228,""adm2_name"":""Puducherry""}]","[{""gid_1"":""IND.1_1"",""migration_date"":""2025-12-20"",""migration_method"":""jaccard1"",""name_1"":""Andaman and Nicobar""},{""gid_2"":""IND.17.1_1"",""migration_date"":""2025-12-20"",""migration_method"":""jaccard2"",""name_2"":""Alappuzha""},{""gid_2"":""IND.17.2_1"",""migration_date"":""2025-12-20"",""migration_method"":""jaccard2"",""name_2"":""Ernakulam""},{""gid_2"":""IND.17.6_1"",""migration_date"":""2025-12-20"",""migration_method"":""jaccard2"",""name_2"":""Kollam""},{""gid_2"":""IND.2.10_1"",""migration_date"":""2025-12-20"",""migration_method"":""jaccard2"",""name_2"":""Visakhapatnam""},{""gid_2"":""IND.2.12_1"",""migration_date"":""2025-12-20"",""migration_method"":""jaccard2"",""name_2"":""West Godavari""},{""gid_2"":""IND.2.3_1"",""migration_date"":""2025-12-20"",""migration_method"":""jaccard2"",""name_2"":""East Godavari""},{""gid_2"":""IND.2.4_1"",""migration_date"":""2025-12-20"",""migration_method"":""jaccard2"",""name_2"":""Guntur""},{""gid_2"":""IND.2.5_1"",""migration_date"":""2025-12-20"",""migration_method"":""jaccard2"",""name_2"":""Krishna""},{""gid_2"":""IND.2.7_1"",""migration_date"":""2025-12-20"",""migration_method"":""jaccard2"",""name_2"":""Nellore""},{""gid_2"":""IND.2.8_1"",""migration_date"":""2025-12-20"",""migration_method"":""jaccard2"",""name_2"":""Prakasam""},{""gid_2"":""IND.27.1_1"",""migration_date"":""2025-12-20"",""migration_method"":""jaccard2"",""name_2"":""Karaikal""},{""gid_2"":""IND.27.3_1"",""migration_date"":""2025-12-20"",""migration_method"":""jaccard2"",""name_2"":""Puducherry""},{""gid_2"":""IND.31.13_1"",""migration_date"":""2025-12-20"",""migration_method"":""puzzle2_2"",""name_2"":""Nagappattinam""},{""gid_2"":""IND.31.16_1"",""migration_date"":""2025-12-20"",""migration_method"":""jaccard2"",""name_2"":""Pudukkottai""},{""gid_2"":""IND.31.17_1"",""migration_date"":""2025-12-20"",""migration_method"":""jaccard2"",""name_2"":""Ramanathapuram""},{""gid_2"":""IND.31.19_1"",""migration_date"":""2025-12-20"",""migration_method"":""jaccard2"",""name_2"":""Sivaganga""},{""gid_2"":""IND.31.20_1"",""migration_date"":""2025-12-20"",""migration_method"":""jaccard2"",""name_2"":""Thanjavur""},{""gid_2"":""IND.31.23_1"",""migration_date"":""2025-12-20"",""migration_method"":""jaccard2"",""name_2"":""Thiruvallur""},{""gid_2"":""IND.31.24_1"",""migration_date"":""2025-12-20"",""migration_method"":""puzzle2_2"",""name_2"":""Thiruvarur""},{""gid_2"":""IND.31.25_1"",""migration_date"":""2025-12-20"",""migration_method"":""jaccard2"",""name_2"":""Thoothukkudi""},{""gid_2"":""IND.31.27_1"",""migration_date"":""2025-12-20"",""migration_method"":""jaccard2"",""name_2"":""Tirunelveli""},{""gid_2"":""IND.31.2_1"",""migration_date"":""2025-12-20"",""migration_method"":""jaccard2"",""name_2"":""Chennai""},{""gid_2"":""IND.31.31_1"",""migration_date"":""2025-12-20"",""migration_method"":""jaccard2"",""name_2"":""Viluppuram""},{""gid_2"":""IND.31.4_1"",""migration_date"":""2025-12-20"",""migration_method"":""jaccard2"",""name_2"":""Cuddalore""},{""gid_2"":""IND.31.8_1"",""migration_date"":""2025-12-20"",""migration_method"":""jaccard2"",""name_2"":""Kancheepuram""},{""gid_2"":""IND.31.9_1"",""migration_date"":""2025-12-20"",""migration_method"":""jaccard2"",""name_2"":""Kanniyakumari""}]",2014-03-27,2026-01-25,2004-12-26,2004-12-26,2004-12-26
2004-0088-IDN,No,nat-geo-ear-gro,Natural,Geophysical,Earthquake,Ground movement,GLIDE:EQ-2004-000168|USGS:usp000cmbk,,IDN,Indonesia,South-eastern Asia,Asia,Kota Padangpanjang district (Sumatera Barat province),,,No,No,No,,5.1,Moment Magnitude,-0.466,100.655,,2004,2.0,16.0,2004,2.0,16.0,5.0,7.0,500.0,,507.0,,,,,,,58.66980929334124,"[{""adm2_code"":18205,""adm2_name"":""Kota Padangpanjang""}]",,2004-03-03,2025-06-25,2004-02-16,2004-02-16,2004-02-16
2004-0562-IDN,No,nat-geo-ear-gro,Natural,Geophysical,Earthquake,Ground movement,GLIDE:EQ-2004-000121|USGS:usp000d85g,,IDN,Indonesia,South-eastern Asia,Asia,Alor district (Nusatenggara Timur province),,"Slide (land, mud, snow, rock)",Yes,Yes,No,1614.0,7.5,Moment Magnitude,-8.152,124.868,,2004,11.0,11.0,2004,11.0,11.0,33.0,311.0,83070.0,,83381.0,,,,,,,58.66980929334124,"[{""adm2_code"":18149,""adm2_name"":""Alor""}]","[{""gid_2"":""IDN.21.1_1"",""migration_date"":""2025-12-20"",""migration_method"":""jaccard2"",""name_2"":""Alor""}]",2005-04-12,2025-12-20,2004-11-11,2004-11-11,2004-11-11
2004-0659-IDN,No,nat-geo-ear-tsu,Natural,Geophysical,Earthquake,Tsunami,GLIDE:TS-2004-000147|USGS:official20041226005853450_30,,IDN,Indonesia,South-eastern Asia,Asia,"Nangroe Aceh Darussalam, Sumatera Utara provinces",,Tsunami/Tidal wave,No,No,No,,9.1,Moment Magnitude,3.295,95.982,,2004,12.0,26.0,2004,12.0,26.0,165708.0,,,532898.0,532898.0,,,225000.0,383502.0,4451600.0,7587548.0,58.66980929334124,"[{""adm1_code"":1512,""adm1_name"":""Nangroe Aceh Darussalam""},{""adm1_code"":1537,""adm1_name"":""Sumatera Utara""}]","[{""gid_1"":""IDN.1_1"",""migration_date"":""2025-12-20"",""migration_method"":""jaccard1"",""name_1"":""Aceh""},{""gid_1"":""IDN.32_1"",""migration_date"":""2025-12-20"",""migration_method"":""jaccard1"",""name_1"":""Sumatera Utara""}]",2014-03-27,2026-01-25,2004-12-26,2004-12-26,2004-12-26
2004-0001-IDN,No,nat-geo-ear-gro,Natural,Geophysical,Earthquake,Ground movement,GLIDE:EQ-2004-000001|USGS:usp000cgss,,IDN,Indonesia,South-eastern Asia,Asia,"Kota Mataram, Lombok Barat districts (Nusatenggara Barat), Klungkung, Karangasem districts (Bali province)",,,No,No,No,,5.8,Moment Magnitude,-8.31,115.788,,2004,1.0,1.0,2004,1.0,1.0,1.0,40.0,30000.0,,30040.0,,,,,12000.0,20453.0,58.66980929334124,"[{""adm2_code"":17974,""adm2_name"":""Karangasem""},{""adm2_code"":17975,""adm2_name"":""Klungkung""},{""adm2_code"":18145,""adm2_name"":""Lombok Barat""},{""adm2_code"":73736,""adm2_name"":""Kota Mataram""}]","[{""gid_2"":""IDN.2.7_1"",""migration_date"":""2025-12-20"",""migration_method"":""jaccard2"",""name_2"":""Karangasem""},{""gid_2"":""IDN.2.8_1"",""migration_date"":""2025-12-20"",""migration_method"":""jaccard2"",""name_2"":""Klungkung""},{""gid_2"":""IDN.20.4_1"",""migration_date"":""2025-12-20"",""migration_method"":""puzzle2_2"",""name_2"":""Lombok Barat""},{""gid_2"":""IDN.20.7_1"",""migration_date"":""2025-12-20"",""migration_method"":""puzzle2_2"",""name_2"":""Lombok Utara""},{""gid_2"":""IDN.20.8_1"",""migration_date"":""2025-12-20"",""migration_method"":""jaccard2"",""name_2"":""Mataram""}]",2014-02-25,2025-12-20,2004-01-01,2004-01-01,2004-01-01
2004-0607-IDN,No,nat-geo-ear-gro,Natural,Geophysical,Earthquake,Ground movement,USGS:usp000d975,,IDN,Indonesia,South-eastern Asia,Asia,Nabire district (Papua province),,Fire,No,Yes,No,670.0,7.1,Moment Magnitude,-3.609,135.404,,2004,11.0,26.0,2004,11.0,26.0,32.0,213.0,12620.0,,12833.0,,,,,55000.0,93745.0,58.66980929334124,"[{""adm2_code"":73808,""adm2_name"":""Nabire""}]",,2005-04-12,2023-09-25,2004-11-26,2004-11-26,2004-11-26
2004-0040-IDN,No,nat-geo-ear-gro,Natural,Geophysical,Earthquake,Ground movement,GLIDE:EQ-2004-000154|USGS:usp000ckg7,,IDN,Indonesia,South-eastern Asia,Asia,Nabire district (Papua province),,Fire,Yes,No,No,211.0,7.0,Moment Magnitude,-3.615,135.538,,2004,2.0,5.0,2004,2.0,5.0,37.0,682.0,13390.0,,14072.0,,,41.0,70.0,1000.0,1704.0,58.66980929334124,"[{""adm2_code"":73808,""adm2_name"":""Nabire""}]",,2007-11-08,2025-06-25,2004-02-05,2004-02-05,2004-02-05
2004-0234-IRN,No,nat-geo-ear-gro,Natural,Geophysical,Earthquake,Ground movement,GLIDE:EQ-2004-000030|USGS:usp000cwf9,,IRN,Iran (Islamic Republic of),Southern Asia,Asia,"Nour, Baladeh cities (Nur district, Mazandaran province), Alamout area (Qasr-e shirin district, Ghazvin province), Taleghan area (Savojbolagh district, Tehran province), Chalus, Noshahr districts (Mazandaran province)",,"Slide (land, mud, snow, rock)",No,No,No,,6.3,Moment Magnitude,36.29,51.61,,2004,5.0,28.0,2004,5.0,28.0,35.0,278.0,220.0,,498.0,,,59000.0,100563.0,165000.0,281235.0,58.66980929334124,"[{""adm2_code"":40919,""adm2_name"":""Chalus""},{""adm2_code"":41054,""adm2_name"":""Noshahr""},{""adm2_code"":41055,""adm2_name"":""Nur""},{""adm2_code"":41096,""adm2_name"":""Savojbolagh""},{""adm2_code"":41065,""adm2_name"":""Qasr-e shirin""}]",,2014-03-07,2025-06-25,2004-05-28,2004-05-28,2004-05-28
2004-0532-JPN,No,nat-geo-ear-gro,Natural,Geophysical,Earthquake,Ground movement,GLIDE:EQ-2004-000114|USGS:usp000d6vk,,JPN,Japan,Eastern Asia,Asia,"Odiyasi, Nagaokasi, Tookamatisi districts (Niigata province)",,"Fire|Slide (land, mud, snow, rock)",Yes,No,No,49.0,6.6,Moment Magnitude,37.226,138.779,,2004,10.0,23.0,2004,10.0,23.0,40.0,3183.0,59000.0,,62183.0,,,760000.0,1295385.0,28000000.0,47724716.0,58.66980929334124,"[{""adm1_code"":1690,""adm1_name"":""Tookyoo""},{""adm2_code"":35546,""adm2_name"":""Nagaokasi""},{""adm2_code"":35558,""adm2_name"":""Odiyasi""},{""adm2_code"":35583,""adm2_name"":""Tookamatisi""}]",,2011-04-27,2025-06-25,2004-10-23,2004-10-23,2004-10-23
2004-0659-KEN,No,nat-geo-ear-tsu,Natural,Geophysical,Earthquake,Tsunami,GLIDE:TS-2004-000147|USGS:official20041226005853450_30,,KEN,Kenya,Sub-Saharan Africa,Africa,Mombassa district (Coast province),,Tsunami/Tidal wave,No,No,No,,9.1,Moment Magnitude,3.295,95.982,,2004,12.0,26.0,2004,12.0,26.0,1.0,,,,,,,,,100000.0,170445.0,58.66980929334124,"[{""adm2_code"":51344,""adm2_name"":""Mombasa""}]","[{""gid_2"":""KEN.28.1_1"",""migration_date"":""2025-12-20"",""migration_method"":""puzzle2_2"",""name_2"":""Changamwe""},{""gid_2"":""KEN.28.2_1"",""migration_date"":""2025-12-20"",""migration_method"":""puzzle2_2"",""name_2"":""Jomvu""},{""gid_2"":""KEN.28.3_1"",""migration_date"":""2025-12-20"",""migration_method"":""puzzle2_2"",""name_2"":""Kisauni""},{""gid_2"":""KEN.28.4_1"",""migration_date"":""2025-12-20"",""migration_method"":""puzzle2_2"",""name_2"":""Likoni""},{""gid_2"":""KEN.28.5_1"",""migration_date"":""2025-12-20"",""migration_method"":""puzzle2_2"",""name_2"":""Mvita""},{""gid_2"":""KEN.28.6_1"",""migration_date"":""2025-12-20"",""migration_method"":""puzzle2_2"",""name_2"":""Nyali""}]",2014-03-27,2026-01-25,2004-12-26,2004-12-26,2004-12-26
2004-0659-MYS,No,nat-geo-ear-tsu,Natural,Geophysical,Earthquake,Tsunami,GLIDE:TS-2004-000147|USGS:official20041226005853450_30,,MYS,Malaysia,South-eastern Asia,Asia,"Barat Daya, Timur Laut district (Pulau Pinang province)",,Tsunami/Tidal wave,Yes,No,No,,9.1,Moment Magnitude,3.295,95.982,,2004,12.0,26.0,2004,12.0,26.0,80.0,767.0,,4296.0,5063.0,,,,,500000.0,852227.0,58.66980929334124,"[{""adm2_code"":37400,""adm2_name"":""Barat Daya""},{""adm2_code"":37404,""adm2_name"":""Timur Laut""}]","[{""gid_2"":""MYS.11.1_1"",""migration_date"":""2025-12-20"",""migration_method"":""jaccard2"",""name_2"":""Barat Daya""},{""gid_2"":""MYS.11.5_1"",""migration_date"":""2025-12-20"",""migration_method"":""jaccard2"",""name_2"":""Timur Laut""}]",2014-03-27,2026-01-25,2004-12-26,2004-12-26,2004-12-26
2004-0659-MDV,No,nat-geo-ear-tsu,Natural,Geophysical,Earthquake,Tsunami,GLIDE:TS-2004-000147|USGS:official20041226005853450_30,,MDV,Maldives,Southern Asia,Asia,"Alifu Alifu, Alifu Dhaalu, Baa, Faafu, Gaafu Alifu, Gaafu Dhaalu, Haa Alifu, Haa Dhaalu, Kaafu, Laamu, Lhaviyani, Male', Meemu, Noonu, Raa, Seenu, Shaviyani, Thaa, Vaavu provinces",,Tsunami/Tidal wave,Yes,No,Yes,,9.1,Moment Magnitude,3.295,95.982,,2004,12.0,26.0,2004,12.0,26.0,102.0,2214.0,12000.0,13000.0,27214.0,,,,,470100.0,801264.0,58.66980929334124,"[{""adm1_code"":1905,""adm1_name"":""Alifu Alifu""},{""adm1_code"":1906,""adm1_name"":""Alifu Dhaalu""},{""adm1_code"":1907,""adm1_name"":""Baa""},{""adm1_code"":1908,""adm1_name"":""Dhaalu""},{""adm1_code"":1909,""adm1_name"":""Faafu""},{""adm1_code"":1910,""adm1_name"":""Gaafu Alifu""},{""adm1_code"":1911,""adm1_name"":""Gaafu Dhaalu""},{""adm1_code"":1913,""adm1_name"":""Haa Alifu""},{""adm1_code"":1914,""adm1_name"":""Haa Dhaalu""},{""adm1_code"":1915,""adm1_name"":""Kaafu""},{""adm1_code"":1916,""adm1_name"":""Laamu""},{""adm1_code"":1917,""adm1_name"":""Lhaviyani""},{""adm1_code"":1918,""adm1_name"":""Male'""},{""adm1_code"":1919,""adm1_name"":""Meemu""},{""adm1_code"":1920,""adm1_name"":""Noonu""},{""adm1_code"":1921,""adm1_name"":""Raa""},{""adm1_code"":1922,""adm1_name"":""Seenu""},{""adm1_code"":1923,""adm1_name"":""Shaviyani""},{""adm1_code"":1924,""adm1_name"":""Thaa""},{""adm1_code"":1925,""adm1_name"":""Vaavu""}]",,2014-03-27,2026-01-25,2004-12-26,2004-12-26,2004-12-26
2004-0073-MAR,No,nat-geo-ear-gro,Natural,Geophysical,Earthquake,Ground movement,GLIDE:EQ-2004-000153|USGS:usp000cmxe,,MAR,Morocco,Northern Africa,Africa,"Tamassint village (Imrabten area, Bni Ouriagh sub-district, Al Hoceima district, Taza - Al Hoceima - Taounate province), Ajdir village (Ait Youssef Ouali area, Bni Ouriagh sub-district, Al Hoceima district, Taza - Al Hoceima - Taounate province), Ait Kamra, Bni Abdallah areas (Bni Ouriagh sub-district, Al Hoceima district, Taza - Al Hoceima - Taounate province), Imzouren sub-district (Al Hoceima district, Taza - Al Hoceima - Taounate province)",,,Yes,No,No,13218.0,6.4,Moment Magnitude,35.142,-3.997,,2004,2.0,24.0,2004,2.0,24.0,628.0,926.0,,12539.0,13465.0,,,,,400000.0,681782.0,58.66980929334124,"[{""adm2_code"":21787,""adm2_name"":""Al Hoceïma""}]","[{""gid_2"":""MAR.15.1_1"",""migration_date"":""2025-12-20"",""migration_method"":""jaccard2"",""name_2"":""Al Hoceïma""}]",2007-11-08,2025-12-20,2004-02-24,2004-02-24,2004-02-24
2004-0659-MMR,No,nat-geo-ear-tsu,Natural,Geophysical,Earthquake,Tsunami,GLIDE:TS-2004-000147|USGS:official20041226005853450_30,,MMR,Myanmar,South-eastern Asia,Asia,"Kawthoung, Pyapon, Pathein districts (Ayeyawaddy province), Kawthoung district (Taninthayi province), Sittwe district (Rakhine province)",,,No,No,No,,9.1,Moment Magnitude,3.295,95.982,,2004,12.0,26.0,2004,12.0,26.0,71.0,,12500.0,3200.0,15700.0,,,,,500000.0,852227.0,58.66980929334124,"[{""adm2_code"":41813,""adm2_name"":""Sittwe""},{""adm2_code"":41779,""adm2_name"":""Myaungmya""},{""adm2_code"":41780,""adm2_name"":""Pathein""},{""adm2_code"":41781,""adm2_name"":""Pyapon""},{""adm2_code"":41835,""adm2_name"":""Kawthoung""}]","[{""gid_2"":""MMR.1.1_1"",""migration_date"":""2025-12-20"",""migration_method"":""jaccard2"",""name_2"":""Bassein""},{""gid_2"":""MMR.1.4_1"",""migration_date"":""2025-12-20"",""migration_method"":""jaccard2"",""name_2"":""Myoungmya""},{""gid_2"":""MMR.1.5_1"",""migration_date"":""2025-12-20"",""migration_method"":""jaccard2"",""name_2"":""Pharpon""},{""gid_2"":""MMR.11.4_1"",""migration_date"":""2025-12-20"",""migration_method"":""jaccard2"",""name_2"":""Sittwe""},{""gid_2"":""MMR.14.2_1"",""migration_date"":""2025-12-20"",""migration_method"":""jaccard2"",""name_2"":""Kawthoung""}]",2014-03-27,2026-01-25,2004-12-26,2004-12-26,2004-12-26
2004-0054-PAK,No,nat-geo-ear-gro,Natural,Geophysical,Earthquake,Ground movement,USGS:usp000cm59,,PAK,Pakistan,Southern Asia,Asia,"Bisham Tehsil area (Shangla District district, North-West Frontier province), Batagram District, Mansehra District, Kohistan District districts (North-West Frontier province)",,"Slide (land, mud, snow, rock)",Yes,No,No,90.0,5.5,Moment Magnitude,34.774,73.216,,2004,2.0,14.0,2004,2.0,14.0,24.0,63.0,10765.0,2320.0,13148.0,,,,,,,58.66980929334124,"[{""adm2_code"":40331,""adm2_name"":""Batagram District""},{""adm2_code"":40340,""adm2_name"":""Kohistan District""},{""adm2_code"":40344,""adm2_name"":""Mansehra District""},{""adm2_code"":40348,""adm2_name"":""Shangla District""}]","[{""gid_2"":""PAK.5.4_1"",""migration_date"":""2025-12-20"",""migration_method"":""bufhaus2"",""name_2"":""Hazara""},{""gid_2"":""PAK.5.4_1"",""migration_date"":""2025-12-20"",""migration_method"":""bufhaus2"",""name_2"":""Hazara""},{""gid_2"":""PAK.5.4_1"",""migration_date"":""2025-12-20"",""migration_method"":""bufhaus2"",""name_2"":""Hazara""},{""gid_2"":""PAK.5.6_1"",""migration_date"":""2025-12-20"",""migration_method"":""bufhaus2"",""name_2"":""Malakand""}]",2005-11-30,2025-12-20,2004-02-14,2004-02-14,2004-02-14
2004-0250-RUS,No,nat-geo-ear-gro,Natural,Geophysical,Earthquake,Ground movement,USGS:usp000cwkb,,RUS,Russian Federation,Eastern Europe,Europe,Tatarsky Bay (Sakhalin Isl.) (Sakhalinskaya Oblast Province),,,No,No,No,,4.9,Moment Magnitude,47.311,142.12,,2004,5.0,31.0,2004,5.0,31.0,,,138.0,,138.0,,,,,,,58.66980929334124,"[{""adm1_code"":2552,""adm1_name"":""Sakhalinskaya Oblast""}]","[{""gid_1"":""RUS.61_1"",""migration_date"":""2025-12-20"",""migration_method"":""jaccard1"",""name_1"":""Sakhalin""}]",2004-06-18,2025-12-20,2004-05-31,2004-05-31,2004-05-31
2004-0659-SYC,No,nat-geo-ear-tsu,Natural,Geophysical,Earthquake,Tsunami,GLIDE:TS-2004-000147|USGS:official20041226005853450_30,,SYC,Seychelles,Sub-Saharan Africa,Africa,"Anse Aux Pins, Anse Boileau, Anse Etoile, Anse Royale, Au Cap, Baie Lazare, Beau Vallon, Bel Air, Belombre, Cascade, English River, Glacis, Grande Anse Mahe, La Digue, Les Mamelles, Mont Buxton, Mont Fleuri, Plaisance, Pointe Larue, Port Glaud, Praslin, Roche Caiman, St Louis, Takamaka provinces",Earthquake,,No,No,No,,9.1,Moment Magnitude,3.295,95.982,,2004,12.0,26.0,2004,12.0,26.0,3.0,,4760.0,70.0,4830.0,,,,,30000.0,51134.0,58.66980929334124,"[{""adm1_code"":61137,""adm1_name"":""Anse Aux Pins""},{""adm1_code"":61138,""adm1_name"":""Anse Boileau""},{""adm1_code"":61139,""adm1_name"":""Anse Etoile""},{""adm1_code"":61140,""adm1_name"":""Anse Royale""},{""adm1_code"":61144,""adm1_name"":""Au Cap""},{""adm1_code"":61145,""adm1_name"":""Baie Lazare""},{""adm1_code"":61146,""adm1_name"":""Beau Vallon""},{""adm1_code"":61147,""adm1_name"":""Bel Air""},{""adm1_code"":61148,""adm1_name"":""Belombre""},{""adm1_code"":61153,""adm1_name"":""Cascade""},{""adm1_code"":61164,""adm1_name"":""English River""},{""adm1_code"":61168,""adm1_name"":""Glacis""},{""adm1_code"":61169,""adm1_name"":""Grand Anse Mahe""},{""adm1_code"":61178,""adm1_name"":""La Digue""},{""adm1_code"":61179,""adm1_name"":""Les Mamelles""},{""adm1_code"":61183,""adm1_name"":""Mont Buxton""},{""adm1_code"":61184,""adm1_name"":""Mont Fleuri""},{""adm1_code"":61188,""adm1_name"":""Plaisance""},{""adm1_code"":61190,""adm1_name"":""Pointe Larue""},{""adm1_code"":61192,""adm1_name"":""Port Glaud""},{""adm1_code"":61193,""adm1_name"":""Praslin""},{""adm1_code"":61196,""adm1_name"":""Roche Caiman""},{""adm1_code"":61200,""adm1_name"":""St Louis""},{""adm1_code"":61205,""adm1_name"":""Takamaka""}]","[{""gid_1"":""SYC.10_1"",""migration_date"":""2025-12-20"",""migration_method"":""jaccard1"",""name_1"":""Belombre""},{""gid_1"":""SYC.11_1"",""migration_date"":""2025-12-20"",""migration_method"":""jaccard1"",""name_1"":""Cascade""},{""gid_1"":""SYC.12_1"",""migration_date"":""2025-12-20"",""migration_method"":""jaccard1"",""name_1"":""English River""},{""gid_1"":""SYC.13_1"",""migration_date"":""2025-12-20"",""migration_method"":""jaccard1"",""name_1"":""Glacis""},{""gid_1"":""SYC.14_1"",""migration_date"":""2025-12-20"",""migration_method"":""jaccard1"",""name_1"":""Grand' Anse""},{""gid_1"":""SYC.15_1"",""migration_date"":""2025-12-20"",""migration_method"":""puzzle1_1"",""name_1"":""Grand'Anse Praslin""},{""gid_1"":""SYC.16_1"",""migration_date"":""2025-12-20"",""migration_method"":""bufhaus1"",""name_1"":""La Digue and Inner Islands""},{""gid_1"":""SYC.17_1"",""migration_date"":""2025-12-20"",""migration_method"":""jaccard1"",""name_1"":""Les Mamelles""},{""gid_1"":""SYC.18_1"",""migration_date"":""2025-12-20"",""migration_method"":""jaccard1"",""name_1"":""Mont Buxton""},{""gid_1"":""SYC.19_1"",""migration_date"":""2025-12-20"",""migration_method"":""bufhaus1"",""name_1"":""Mont Fleuri""},{""gid_1"":""SYC.1_1"",""migration_date"":""2025-12-20"",""migration_method"":""jaccard1"",""name_1"":""Anse aux Pins""},{""gid_1"":""SYC.21_1"",""migration_date"":""2025-12-20"",""migration_method"":""jaccard1"",""name_1"":""Plaisance""},{""gid_1"":""SYC.22_1"",""migration_date"":""2025-12-20"",""migration_method"":""bufhaus1"",""name_1"":""Pointe La Rue""},{""gid_1"":""SYC.23_1"",""migration_date"":""2025-12-20"",""migration_method"":""jaccard1"",""name_1"":""Port Glaud""},{""gid_1"":""SYC.26_1"",""migration_date"":""2025-12-20"",""migration_method"":""jaccard1"",""name_1"":""Takamaka""},{""gid_1"":""SYC.2_1"",""migration_date"":""2025-12-20"",""migration_method"":""jaccard1"",""name_1"":""Anse Boileau""},{""gid_1"":""SYC.3_1"",""migration_date"":""2025-12-20"",""migration_method"":""jaccard1"",""name_1"":""Anse Étoile""},{""gid_1"":""SYC.4_1"",""migration_date"":""2025-12-20"",""migration_method"":""jaccard1"",""name_1"":""Anse Royale""},{""gid_1"":""SYC.5_1"",""migration_date"":""2025-12-20"",""migration_method"":""jaccard1"",""name_1"":""Au Cap""},{""gid_1"":""SYC.6_1"",""migration_date"":""2025-12-20"",""migration_method"":""jaccard1"",""name_1"":""Baie Lazare""},{""gid_1"":""SYC.7_1"",""migration_date"":""2025-12-20"",""migration_method"":""puzzle1_1"",""name_1"":""Baie Sainte Anne""},{""gid_1"":""SYC.8_1"",""migration_date"":""2025-12-20"",""migration_method"":""jaccard1"",""name_1"":""Beau Vallon""},{""gid_1"":""SYC.9_1"",""migration_date"":""2025-12-20"",""migration_method"":""jaccard1"",""name_1"":""Bel Air""}]",2014-03-27,2026-01-25,2004-12-26,2004-12-26,2004-12-26
2004-0670-SVN,No,nat-geo-ear-gro,Natural,Geophysical,Earthquake,Ground movement,USGS:usp000d00p,,SVN,Slovenia,Southern Europe,Europe,"Kobarid, Bovec districts (Goriska Province)",,"Slide (land, mud, snow, rock)",No,No,No,,5.2,Moment Magnitude,46.296,13.641,,2004,7.0,12.0,2004,7.0,12.0,1.0,5.0,600.0,,605.0,,,1000.0,1704.0,10000.0,17045.0,58.66980929334124,"[{""adm2_code"":25523,""adm2_name"":""Bovec""},{""adm2_code"":25528,""adm2_name"":""Kobarid""}]","[{""gid_2"":""SVN.2.2_1"",""migration_date"":""2025-12-20"",""migration_method"":""jaccard2"",""name_2"":""Bovec""},{""gid_2"":""SVN.2.7_1"",""migration_date"":""2025-12-20"",""migration_method"":""jaccard2"",""name_2"":""Kobarid""}]",2005-02-02,2025-12-20,2004-07-12,2004-07-12,2004-07-12
2004-0659-SOM,No,nat-geo-ear-tsu,Natural,Geophysical,Earthquake,Tsunami,GLIDE:TS-2004-000147|USGS:official20041226005853450_30,,SOM,Somalia,Sub-Saharan Africa,Africa,"Hafun village (Iskushuban district, Bari province), Garacad village (Jariiban district, Mudug province), Eyl district (Nugaal province), Marka, Baraawe districts (Shabelle Hoose province)",,,Yes,No,No,,9.1,Moment Magnitude,3.295,95.982,,2004,12.0,26.0,2004,12.0,26.0,298.0,283.0,104800.0,,105083.0,,,,,100000.0,170445.0,58.66980929334124,"[{""adm2_code"":25665,""adm2_name"":""Iskushuban""},{""adm2_code"":25692,""adm2_name"":""Baraawe""},{""adm2_code"":25694,""adm2_name"":""Marka""},{""adm2_code"":25708,""adm2_name"":""Jariiban""},{""adm2_code"":25711,""adm2_name"":""Eyl""}]","[{""gid_2"":""SOM.11.4_1"",""migration_date"":""2025-12-20"",""migration_method"":""jaccard2"",""name_2"":""Jariiban""},{""gid_2"":""SOM.12.2_1"",""migration_date"":""2025-12-20"",""migration_method"":""jaccard2"",""name_2"":""Eyl""},{""gid_2"":""SOM.15.2_1"",""migration_date"":""2025-12-20"",""migration_method"":""jaccard2"",""name_2"":""Baraawe""},{""gid_2"":""SOM.15.4_1"",""migration_date"":""2025-12-20"",""migration_method"":""jaccard2"",""name_2"":""Marka""},{""gid_2"":""SOM.4.4_1"",""migration_date"":""2025-12-20"",""migration_method"":""jaccard2"",""name_2"":""Iskushuban""}]",2014-03-27,2026-01-25,2004-12-26,2004-12-26,2004-12-26
2004-0659-LKA,No,nat-geo-ear-tsu,Natural,Geophysical,Earthquake,Tsunami,GLIDE:TS-2004-000147|USGS:official20041226005853450_30,,LKA,Sri Lanka,Southern Asia,Asia,"Jaffna, Kilinochchi, Mullativu, Trincomalee, Batticaloa, Ampara, Hambantota, Matara, Galle, Kalutara, Colombo, Gampaha, Puttalam, Vavuniya districts",,,Yes,No,No,,9.1,Moment Magnitude,3.295,95.982,,2004,12.0,26.0,2004,12.0,26.0,35399.0,23176.0,516130.0,480000.0,1019306.0,,,,,1316500.0,2243914.0,58.66980929334124,"[{""adm2_code"":25832,""adm2_name"":""Ampara""},{""adm2_code"":25833,""adm2_name"":""Batticaloa""},{""adm2_code"":25834,""adm2_name"":""Trincomalee""},{""adm2_code"":25838,""adm2_name"":""Puttalam""},{""adm2_code"":25839,""adm2_name"":""Jaffna""},{""adm2_code"":25840,""adm2_name"":""Kilinochchi""},{""adm2_code"":25842,""adm2_name"":""Mullattivu""},{""adm2_code"":25843,""adm2_name"":""Vavuniya""},{""adm2_code"":25846,""adm2_name"":""Galle""},{""adm2_code"":25847,""adm2_name"":""Hambantota""},{""adm2_code"":25848,""adm2_name"":""Matara""},{""adm2_code"":25851,""adm2_name"":""Colombo""},{""adm2_code"":25852,""adm2_name"":""Gampaha""},{""adm2_code"":25853,""adm2_name"":""Kalutara""}]","[{""gid_2"":""LKA.1.10_1"",""migration_date"":""2025-12-20"",""migration_method"":""puzzle2_2"",""name_2"":""Lahugala""},{""gid_2"":""LKA.1.11_1"",""migration_date"":""2025-12-20"",""migration_method"":""puzzle2_2"",""name_2"":""Mahaoya""},{""gid_2"":""LKA.1.12_1"",""migration_date"":""2025-12-20"",""migration_method"":""puzzle2_2"",""name_2"":""Navithanveli""},{""gid_2"":""LKA.1.13_1"",""migration_date"":""2025-12-20"",""migration_method"":""puzzle2_2"",""name_2"":""Ninthavur""},{""gid_2"":""LKA.1.14_1"",""migration_date"":""2025-12-20"",""migration_method"":""puzzle2_2"",""name_2"":""Padiyathalawa""},{""gid_2"":""LKA.1.15_1"",""migration_date"":""2025-12-20"",""migration_method"":""puzzle2_2"",""name_2"":""Pothuvil""},{""gid_2"":""LKA.1.16_1"",""migration_date"":""2025-12-20"",""migration_method"":""puzzle2_2"",""name_2"":""Sainthamarathu""},{""gid_2"":""LKA.1.17_1"",""migration_date"":""2025-12-20"",""migration_method"":""puzzle2_2"",""name_2"":""Samanthurai""},{""gid_2"":""LKA.1.18_1"",""migration_date"":""2025-12-20"",""migration_method"":""puzzle2_2"",""name_2"":""Thirukkovil""},{""gid_2"":""LKA.1.19_1"",""migration_date"":""2025-12-20"",""migration_method"":""puzzle2_2"",""name_2"":""Uhana""},{""gid_2"":""LKA.1.1_1"",""migration_date"":""2025-12-20"",""migration_method"":""puzzle2_2"",""name_2"":""Addalachchenai""},{""gid_2"":""LKA.1.2_1"",""migration_date"":""2025-12-20"",""migration_method"":""puzzle2_2"",""name_2"":""Akkaraipattu""},{""gid_2"":""LKA.1.3_1"",""migration_date"":""2025-12-20"",""migration_method"":""puzzle2_2"",""name_2"":""Alayadiwembu""},{""gid_2"":""LKA.1.4_1"",""migration_date"":""2025-12-20"",""migration_method"":""puzzle2_2"",""name_2"":""Ampara""},{""gid_2"":""LKA.1.5_1"",""migration_date"":""2025-12-20"",""migration_method"":""puzzle2_2"",""name_2"":""Damana""},{""gid_2"":""LKA.1.6_1"",""migration_date"":""2025-12-20"",""migration_method"":""puzzle2_2"",""name_2"":""Dehiattakandiya""},{""gid_2"":""LKA.1.7_1"",""migration_date"":""2025-12-20"",""migration_method"":""puzzle2_2"",""name_2"":""Eragama""},{""gid_2"":""LKA.1.8_1"",""migration_date"":""2025-12-20"",""migration_method"":""puzzle2_2"",""name_2"":""Kalmunai""},{""gid_2"":""LKA.1.9_1"",""migration_date"":""2025-12-20"",""migration_method"":""puzzle2_2"",""name_2"":""Karativu""},{""gid_2"":""LKA.10.10_1"",""migration_date"":""2025-12-20"",""migration_method"":""puzzle2_2"",""name_2"":""Mathugama""},{""gid_2"":""LKA.10.11_1"",""migration_date"":""2025-12-20"",""migration_method"":""puzzle2_2"",""name_2"":""Millaniya""},{""gid_2"":""LKA.10.12_1"",""migration_date"":""2025-12-20"",""migration_method"":""puzzle2_2"",""name_2"":""Palindanuwara""},{""gid_2"":""LKA.10.13_1"",""migration_date"":""2025-12-20"",""migration_method"":""puzzle2_2"",""name_2"":""Panadura""},{""gid_2"":""LKA.10.14_1"",""migration_date"":""2025-12-20"",""migration_method"":""puzzle2_2"",""name_2"":""Walallawita""},{""gid_2"":""LKA.10.1_1"",""migration_date"":""2025-12-20"",""migration_method"":""puzzle2_2"",""name_2"":""Agalawatta""},{""gid_2"":""LKA.10.2_1"",""migration_date"":""2025-12-20"",""migration_method"":""puzzle2_2"",""name_2"":""Bandaragama""},{""gid_2"":""LKA.10.3_1"",""migration_date"":""2025-12-20"",""migration_method"":""puzzle2_2"",""name_2"":""Beruwala""},{""gid_2"":""LKA.10.4_1"",""migration_date"":""2025-12-20"",""migration_method"":""puzzle2_2"",""name_2"":""Bulathsinhala""},{""gid_2"":""LKA.10.5_1"",""migration_date"":""2025-12-20"",""migration_method"":""puzzle2_2"",""name_2"":""Dodangoda""},{""gid_2"":""LKA.10.6_1"",""migration_date"":""2025-12-20"",""migration_method"":""puzzle2_2"",""name_2"":""Horana""},{""gid_2"":""LKA.10.7_1"",""migration_date"":""2025-12-20"",""migration_method"":""puzzle2_2"",""name_2"":""Ingiriya""},{""gid_2"":""LKA.10.8_1"",""migration_date"":""2025-12-20"",""migration_method"":""puzzle2_2"",""name_2"":""Kalutara""},{""gid_2"":""LKA.10.9_1"",""migration_date"":""2025-12-20"",""migration_method"":""puzzle2_2"",""name_2"":""Madurawala""},{""gid_2"":""LKA.13.1_1"",""migration_date"":""2025-12-20"",""migration_method"":""puzzle2_2"",""name_2"":""Kandawali""},{""gid_2"":""LKA.13.2_1"",""migration_date"":""2025-12-20"",""migration_method"":""puzzle2_2"",""name_2"":""Karachchi""},{""gid_2"":""LKA.13.3_1"",""migration_date"":""2025-12-20"",""migration_method"":""puzzle2_2"",""name_2"":""Pachchilaipalli""},{""gid_2"":""LKA.13.4_1"",""migration_date"":""2025-12-20"",""migration_method"":""puzzle2_2"",""name_2"":""Poonakary""},{""gid_2"":""LKA.17.10_1"",""migration_date"":""2025-12-20"",""migration_method"":""puzzle2_2"",""name_2"":""Matara Four Gravets""},{""gid_2"":""LKA.17.11_1"",""migration_date"":""2025-12-20"",""migration_method"":""puzzle2_2"",""name_2"":""Mulatiyana""},{""gid_2"":""LKA.17.12_1"",""migration_date"":""2025-12-20"",""migration_method"":""puzzle2_2"",""name_2"":""Pasgoda""},{""gid_2"":""LKA.17.13_1"",""migration_date"":""2025-12-20"",""migration_method"":""puzzle2_2"",""name_2"":""Pitabeddara""},{""gid_2"":""LKA.17.14_1"",""migration_date"":""2025-12-20"",""migration_method"":""puzzle2_2"",""name_2"":""Thihagoda""},{""gid_2"":""LKA.17.15_1"",""migration_date"":""2025-12-20"",""migration_method"":""puzzle2_2"",""name_2"":""Weligama""},{""gid_2"":""LKA.17.16_1"",""migration_date"":""2025-12-20"",""migration_method"":""puzzle2_2"",""name_2"":""Welipitiya""},{""gid_2"":""LKA.17.1_1"",""migration_date"":""2025-12-20"",""migration_method"":""puzzle2_2"",""name_2"":""Akuressa""},{""gid_2"":""LKA.17.2_1"",""migration_date"":""2025-12-20"",""migration_method"":""puzzle2_2"",""name_2"":""Athuraliya""},{""gid_2"":""LKA.17.3_1"",""migration_date"":""2025-12-20"",""migration_method"":""puzzle2_2"",""name_2"":""Devinuwara""},{""gid_2"":""LKA.17.4_1"",""migration_date"":""2025-12-20"",""migration_method"":""puzzle2_2"",""name_2"":""Dickwella""},{""gid_2"":""LKA.17.5_1"",""migration_date"":""2025-12-20"",""migration_method"":""puzzle2_2"",""name_2"":""Hakmana""},{""gid_2"":""LKA.17.6_1"",""migration_date"":""2025-12-20"",""migration_method"":""puzzle2_2"",""name_2"":""Kamburupitiya""},{""gid_2"":""LKA.17.7_1"",""migration_date"":""2025-12-20"",""migration_method"":""puzzle2_2"",""name_2"":""Kirinda-Puhulwella""},{""gid_2"":""LKA.17.8_1"",""migration_date"":""2025-12-20"",""migration_method"":""puzzle2_2"",""name_2"":""Kotapola""},{""gid_2"":""LKA.17.9_1"",""migration_date"":""2025-12-20"",""migration_method"":""puzzle2_2"",""name_2"":""Malimbada""},{""gid_2"":""LKA.19.1_1"",""migration_date"":""2025-12-20"",""migration_method"":""puzzle2_2"",""name_2"":""Manthai East""},{""gid_2"":""LKA.19.2_1"",""migration_date"":""2025-12-20"",""migration_method"":""puzzle2_2"",""name_2"":""Maritimepattu""},{""gid_2"":""LKA.19.3_1"",""migration_date"":""2025-12-20"",""migration_method"":""puzzle2_2"",""name_2"":""Oddusuddan""},{""gid_2"":""LKA.19.4_1"",""migration_date"":""2025-12-20"",""migration_method"":""puzzle2_2"",""name_2"":""Puthukudiyiruppu""},{""gid_2"":""LKA.19.5_1"",""migration_date"":""2025-12-20"",""migration_method"":""puzzle2_2"",""name_2"":""Thunukkai""},{""gid_2"":""LKA.22.10_1"",""migration_date"":""2025-12-20"",""migration_method"":""puzzle2_2"",""name_2"":""Mundalama""},{""gid_2"":""LKA.22.11_1"",""migration_date"":""2025-12-20"",""migration_method"":""puzzle2_2"",""name_2"":""Nattandiya""},{""gid_2"":""LKA.22.12_1"",""migration_date"":""2025-12-20"",""migration_method"":""puzzle2_2"",""name_2"":""Nawagattegama""},{""gid_2"":""LKA.22.13_1"",""migration_date"":""2025-12-20"",""migration_method"":""puzzle2_2"",""name_2"":""Pallama""},{""gid_2"":""LKA.22.14_1"",""migration_date"":""2025-12-20"",""migration_method"":""puzzle2_2"",""name_2"":""Puttalam""},{""gid_2"":""LKA.22.15_1"",""migration_date"":""2025-12-20"",""migration_method"":""puzzle2_2"",""name_2"":""Vanathavilluwa""},{""gid_2"":""LKA.22.16_1"",""migration_date"":""2025-12-20"",""migration_method"":""puzzle2_2"",""name_2"":""Wennappuwa""},{""gid_2"":""LKA.22.1_1"",""migration_date"":""2025-12-20"",""migration_method"":""puzzle2_2"",""name_2"":""Anamaduwa""},{""gid_2"":""LKA.22.2_1"",""migration_date"":""2025-12-20"",""migration_method"":""puzzle2_2"",""name_2"":""Arachchikattuwa PS""},{""gid_2"":""LKA.22.3_1"",""migration_date"":""2025-12-20"",""migration_method"":""puzzle2_2"",""name_2"":""Chilaw""},{""gid_2"":""LKA.22.4_1"",""migration_date"":""2025-12-20"",""migration_method"":""puzzle2_2"",""name_2"":""Dankotuwa""},{""gid_2"":""LKA.22.5_1"",""migration_date"":""2025-12-20"",""migration_method"":""puzzle2_2"",""name_2"":""Kalpitiya""},{""gid_2"":""LKA.22.6_1"",""migration_date"":""2025-12-20"",""migration_method"":""puzzle2_2"",""name_2"":""Karuwalagaswewa""},{""gid_2"":""LKA.22.7_1"",""migration_date"":""2025-12-20"",""migration_method"":""puzzle2_2"",""name_2"":""Madampe""},{""gid_2"":""LKA.22.8_1"",""migration_date"":""2025-12-20"",""migration_method"":""puzzle2_2"",""name_2"":""Mahakumbukkadawala""},{""gid_2"":""LKA.22.9_1"",""migration_date"":""2025-12-20"",""migration_method"":""puzzle2_2"",""name_2"":""Mahawewa""},{""gid_2"":""LKA.24.10_1"",""migration_date"":""2025-12-20"",""migration_method"":""puzzle2_2"",""name_2"":""Trincomalee Town and Gravets""},{""gid_2"":""LKA.24.11_1"",""migration_date"":""2025-12-20"",""migration_method"":""puzzle2_2"",""name_2"":""Verugal""},{""gid_2"":""LKA.24.1_1"",""migration_date"":""2025-12-20"",""migration_method"":""puzzle2_2"",""name_2"":""Gomarankadawala""},{""gid_2"":""LKA.24.2_1"",""migration_date"":""2025-12-20"",""migration_method"":""puzzle2_2"",""name_2"":""Kantalai""},{""gid_2"":""LKA.24.3_1"",""migration_date"":""2025-12-20"",""migration_method"":""puzzle2_2"",""name_2"":""Kinniya""},{""gid_2"":""LKA.24.4_1"",""migration_date"":""2025-12-20"",""migration_method"":""puzzle2_2"",""name_2"":""Kuchchaveli""},{""gid_2"":""LKA.24.5_1"",""migration_date"":""2025-12-20"",""migration_method"":""puzzle2_2"",""name_2"":""Morawewa""},{""gid_2"":""LKA.24.6_1"",""migration_date"":""2025-12-20"",""migration_method"":""puzzle2_2"",""name_2"":""Muttur""},{""gid_2"":""LKA.24.7_1"",""migration_date"":""2025-12-20"",""migration_method"":""puzzle2_2"",""name_2"":""Padavi Sri Pura""},{""gid_2"":""LKA.24.8_1"",""migration_date"":""2025-12-20"",""migration_method"":""puzzle2_2"",""name_2"":""Seruvila""},{""gid_2"":""LKA.24.9_1"",""migration_date"":""2025-12-20"",""migration_method"":""puzzle2_2"",""name_2"":""Thampalakamam""},{""gid_2"":""LKA.25.1_1"",""migration_date"":""2025-12-20"",""migration_method"":""puzzle2_2"",""name_2"":""Vavuniya""},{""gid_2"":""LKA.25.2_1"",""migration_date"":""2025-12-20"",""migration_method"":""puzzle2_2"",""name_2"":""Vavuniya North""},{""gid_2"":""LKA.25.3_1"",""migration_date"":""2025-12-20"",""migration_method"":""puzzle2_2"",""name_2"":""Vavuniya South""},{""gid_2"":""LKA.25.4_1"",""migration_date"":""2025-12-20"",""migration_method"":""puzzle2_2"",""name_2"":""Vengalacheddiculam""},{""gid_2"":""LKA.4.10_1"",""migration_date"":""2025-12-20"",""migration_method"":""puzzle2_2"",""name_2"":""Manmunai South and Eruvilpattu""},{""gid_2"":""LKA.4.11_1"",""migration_date"":""2025-12-20"",""migration_method"":""puzzle2_2"",""name_2"":""Manmunai West""},{""gid_2"":""LKA.4.12_1"",""migration_date"":""2025-12-20"",""migration_method"":""puzzle2_2"",""name_2"":""Porativu Pattu""},{""gid_2"":""LKA.4.1_1"",""migration_date"":""2025-12-20"",""migration_method"":""puzzle2_2"",""name_2"":""Eravur Pattu""},{""gid_2"":""LKA.4.2_1"",""migration_date"":""2025-12-20"",""migration_method"":""puzzle2_2"",""name_2"":""Eravur Town""},{""gid_2"":""LKA.4.3_1"",""migration_date"":""2025-12-20"",""migration_method"":""puzzle2_2"",""name_2"":""Kattankudy""},{""gid_2"":""LKA.4.4_1"",""migration_date"":""2025-12-20"",""migration_method"":""puzzle2_2"",""name_2"":""Koralai Pattu (Valachchenai)""},{""gid_2"":""LKA.4.5_1"",""migration_date"":""2025-12-20"",""migration_method"":""puzzle2_2"",""name_2"":""Koralai Pattu North""},{""gid_2"":""LKA.4.6_1"",""migration_date"":""2025-12-20"",""migration_method"":""puzzle2_2"",""name_2"":""Koralai Pattu West (Oddamavadi)""},{""gid_2"":""LKA.4.7_1"",""migration_date"":""2025-12-20"",""migration_method"":""puzzle2_2"",""name_2"":""Manmunai North""},{""gid_2"":""LKA.4.8_1"",""migration_date"":""2025-12-20"",""migration_method"":""puzzle2_2"",""name_2"":""Manmunai Pattu (Araipattai)""},{""gid_2"":""LKA.4.9_1"",""migration_date"":""2025-12-20"",""migration_method"":""puzzle2_2"",""name_2"":""Manmunai South-West""},{""gid_2"":""LKA.5.10_1"",""migration_date"":""2025-12-20"",""migration_method"":""puzzle2_2"",""name_2"":""Padukka""},{""gid_2"":""LKA.5.11_1"",""migration_date"":""2025-12-20"",""migration_method"":""puzzle2_2"",""name_2"":""Sri Jayawardanapura Kotte""},{""gid_2"":""LKA.5.12_1"",""migration_date"":""2025-12-20"",""migration_method"":""puzzle2_2"",""name_2"":""Thimbirigasyaya""},{""gid_2"":""LKA.5.1_1"",""migration_date"":""2025-12-20"",""migration_method"":""puzzle2_2"",""name_2"":""Colombo""},{""gid_2"":""LKA.5.2_1"",""migration_date"":""2025-12-20"",""migration_method"":""puzzle2_2"",""name_2"":""Dehiwala-Mount Lavinia""},{""gid_2"":""LKA.5.3_1"",""migration_date"":""2025-12-20"",""migration_method"":""puzzle2_2"",""name_2"":""Hanwella""},{""gid_2"":""LKA.5.4_1"",""migration_date"":""2025-12-20"",""migration_method"":""puzzle2_2"",""name_2"":""Homagama""},{""gid_2"":""LKA.5.5_1"",""migration_date"":""2025-12-20"",""migration_method"":""puzzle2_2"",""name_2"":""Kaduwela""},{""gid_2"":""LKA.5.6_1"",""migration_date"":""2025-12-20"",""migration_method"":""puzzle2_2"",""name_2"":""Kesbewa""},{""gid_2"":""LKA.5.7_1"",""migration_date"":""2025-12-20"",""migration_method"":""puzzle2_2"",""name_2"":""Kolonnawa""},{""gid_2"":""LKA.5.8_1"",""migration_date"":""2025-12-20"",""migration_method"":""puzzle2_2"",""name_2"":""Maharagama""},{""gid_2"":""LKA.5.9_1"",""migration_date"":""2025-12-20"",""migration_method"":""puzzle2_2"",""name_2"":""Moratuwa""},{""gid_2"":""LKA.6.10_1"",""migration_date"":""2025-12-20"",""migration_method"":""puzzle2_2"",""name_2"":""Hikkaduwa""},{""gid_2"":""LKA.6.11_1"",""migration_date"":""2025-12-20"",""migration_method"":""puzzle2_2"",""name_2"":""Imaduwa""},{""gid_2"":""LKA.6.12_1"",""migration_date"":""2025-12-20"",""migration_method"":""puzzle2_2"",""name_2"":""Karandeniya""},{""gid_2"":""LKA.6.13_1"",""migration_date"":""2025-12-20"",""migration_method"":""puzzle2_2"",""name_2"":""Nagoda""},{""gid_2"":""LKA.6.14_1"",""migration_date"":""2025-12-20"",""migration_method"":""puzzle2_2"",""name_2"":""Neluwa""},{""gid_2"":""LKA.6.15_1"",""migration_date"":""2025-12-20"",""migration_method"":""puzzle2_2"",""name_2"":""Niyagama""},{""gid_2"":""LKA.6.16_1"",""migration_date"":""2025-12-20"",""migration_method"":""puzzle2_2"",""name_2"":""Thawalama""},{""gid_2"":""LKA.6.17_1"",""migration_date"":""2025-12-20"",""migration_method"":""puzzle2_2"",""name_2"":""Welivitiya-Divithura""},{""gid_2"":""LKA.6.18_1"",""migration_date"":""2025-12-20"",""migration_method"":""puzzle2_2"",""name_2"":""Yakkalamulla""},{""gid_2"":""LKA.6.1_1"",""migration_date"":""2025-12-20"",""migration_method"":""puzzle2_2"",""name_2"":""Akmeemana""},{""gid_2"":""LKA.6.2_1"",""migration_date"":""2025-12-20"",""migration_method"":""puzzle2_2"",""name_2"":""Ambalangoda""},{""gid_2"":""LKA.6.3_1"",""migration_date"":""2025-12-20"",""migration_method"":""puzzle2_2"",""name_2"":""Baddegama""},{""gid_2"":""LKA.6.4_1"",""migration_date"":""2025-12-20"",""migration_method"":""puzzle2_2"",""name_2"":""Balapitiya""},{""gid_2"":""LKA.6.5_1"",""migration_date"":""2025-12-20"",""migration_method"":""puzzle2_2"",""name_2"":""Bentota""},{""gid_2"":""LKA.6.6_1"",""migration_date"":""2025-12-20"",""migration_method"":""puzzle2_2"",""name_2"":""Bope-Poddala""},{""gid_2"":""LKA.6.7_1"",""migration_date"":""2025-12-20"",""migration_method"":""puzzle2_2"",""name_2"":""Elpitiya""},{""gid_2"":""LKA.6.8_1"",""migration_date"":""2025-12-20"",""migration_method"":""puzzle2_2"",""name_2"":""Galle Four Gravets""},{""gid_2"":""LKA.6.9_1"",""migration_date"":""2025-12-20"",""migration_method"":""puzzle2_2"",""name_2"":""Habaraduwa""},{""gid_2"":""LKA.7.10_1"",""migration_date"":""2025-12-20"",""migration_method"":""puzzle2_2"",""name_2"":""Minuwangoda""},{""gid_2"":""LKA.7.11_1"",""migration_date"":""2025-12-20"",""migration_method"":""puzzle2_2"",""name_2"":""Mirigama""},{""gid_2"":""LKA.7.12_1"",""migration_date"":""2025-12-20"",""migration_method"":""puzzle2_2"",""name_2"":""Negombo""},{""gid_2"":""LKA.7.13_1"",""migration_date"":""2025-12-20"",""migration_method"":""puzzle2_2"",""name_2"":""Wattala""},{""gid_2"":""LKA.7.1_1"",""migration_date"":""2025-12-20"",""migration_method"":""puzzle2_2"",""name_2"":""Attanagalla""},{""gid_2"":""LKA.7.2_1"",""migration_date"":""2025-12-20"",""migration_method"":""puzzle2_2"",""name_2"":""Biyagama""},{""gid_2"":""LKA.7.3_1"",""migration_date"":""2025-12-20"",""migration_method"":""puzzle2_2"",""name_2"":""Divulapitiya""},{""gid_2"":""LKA.7.4_1"",""migration_date"":""2025-12-20"",""migration_method"":""puzzle2_2"",""name_2"":""Dompe""},{""gid_2"":""LKA.7.5_1"",""migration_date"":""2025-12-20"",""migration_method"":""puzzle2_2"",""name_2"":""Gampaha""},{""gid_2"":""LKA.7.6_1"",""migration_date"":""2025-12-20"",""migration_method"":""puzzle2_2"",""name_2"":""Ja-Ela""},{""gid_2"":""LKA.7.7_1"",""migration_date"":""2025-12-20"",""migration_method"":""puzzle2_2"",""name_2"":""Katana""},{""gid_2"":""LKA.7.8_1"",""migration_date"":""2025-12-20"",""migration_method"":""puzzle2_2"",""name_2"":""Kelaniya""},{""gid_2"":""LKA.7.9_1"",""migration_date"":""2025-12-20"",""migration_method"":""puzzle2_2"",""name_2"":""Mahara""},{""gid_2"":""LKA.8.10_1"",""migration_date"":""2025-12-20"",""migration_method"":""puzzle2_2"",""name_2"":""Thissamaharama""},{""gid_2"":""LKA.8.11_1"",""migration_date"":""2025-12-20"",""migration_method"":""puzzle2_2"",""name_2"":""Weeraketiya""},{""gid_2"":""LKA.8.1_1"",""migration_date"":""2025-12-20"",""migration_method"":""puzzle2_2"",""name_2"":""Ambalanthota""},{""gid_2"":""LKA.8.2_1"",""migration_date"":""2025-12-20"",""migration_method"":""puzzle2_2"",""name_2"":""Angunakolapelessa""},{""gid_2"":""LKA.8.3_1"",""migration_date"":""2025-12-20"",""migration_method"":""puzzle2_2"",""name_2"":""Beliatta""},{""gid_2"":""LKA.8.4_1"",""migration_date"":""2025-12-20"",""migration_method"":""puzzle2_2"",""name_2"":""Hambantota""},{""gid_2"":""LKA.8.5_1"",""migration_date"":""2025-12-20"",""migration_method"":""puzzle2_2"",""name_2"":""Katuwana""},{""gid_2"":""LKA.8.6_1"",""migration_date"":""2025-12-20"",""migration_method"":""puzzle2_2"",""name_2"":""Lunugamvehera""},{""gid_2"":""LKA.8.7_1"",""migration_date"":""2025-12-20"",""migration_method"":""puzzle2_2"",""name_2"":""Okewela""},{""gid_2"":""LKA.8.8_1"",""migration_date"":""2025-12-20"",""migration_method"":""puzzle2_2"",""name_2"":""Sooriyawewa""},{""gid_2"":""LKA.8.9_1"",""migration_date"":""2025-12-20"",""migration_method"":""puzzle2_2"",""name_2"":""Tangalle""},{""gid_2"":""LKA.9.10_1"",""migration_date"":""2025-12-20"",""migration_method"":""puzzle2_2"",""name_2"":""Valikamam East""},{""gid_2"":""LKA.9.11_1"",""migration_date"":""2025-12-20"",""migration_method"":""puzzle2_2"",""name_2"":""Valikamam North""},{""gid_2"":""LKA.9.12_1"",""migration_date"":""2025-12-20"",""migration_method"":""puzzle2_2"",""name_2"":""Valikamam South""},{""gid_2"":""LKA.9.13_1"",""migration_date"":""2025-12-20"",""migration_method"":""puzzle2_2"",""name_2"":""Valikamam South-West""},{""gid_2"":""LKA.9.14_1"",""migration_date"":""2025-12-20"",""migration_method"":""puzzle2_2"",""name_2"":""Valikamam West""},{""gid_2"":""LKA.9.1_1"",""migration_date"":""2025-12-20"",""migration_method"":""puzzle2_2"",""name_2"":""Delft""},{""gid_2"":""LKA.9.2_1"",""migration_date"":""2025-12-20"",""migration_method"":""puzzle2_2"",""name_2"":""Island South (Velanai)""},{""gid_2"":""LKA.9.3_1"",""migration_date"":""2025-12-20"",""migration_method"":""puzzle2_2"",""name_2"":""Islands North (Kayts)""},{""gid_2"":""LKA.9.4_1"",""migration_date"":""2025-12-20"",""migration_method"":""puzzle2_2"",""name_2"":""Jaffna""},{""gid_2"":""LKA.9.5_1"",""migration_date"":""2025-12-20"",""migration_method"":""puzzle2_2"",""name_2"":""Nallur""},{""gid_2"":""LKA.9.6_1"",""migration_date"":""2025-12-20"",""migration_method"":""puzzle2_2"",""name_2"":""Thenmaradchy (Chavakachcheri)""},{""gid_2"":""LKA.9.7_1"",""migration_date"":""2025-12-20"",""migration_method"":""puzzle2_2"",""name_2"":""Vadamaradchi South-West""},{""gid_2"":""LKA.9.8_1"",""migration_date"":""2025-12-20"",""migration_method"":""puzzle2_2"",""name_2"":""Vadamaradchy East""},{""gid_2"":""LKA.9.9_1"",""migration_date"":""2025-12-20"",""migration_method"":""puzzle2_2"",""name_2"":""Vadamaradchy North""}]",2014-03-27,2026-01-25,2004-12-26,2004-12-26,2004-12-26
2004-0147-TJK,No,nat-geo-ear-gro,Natural,Geophysical,Earthquake,Ground movement,USGS:usp000cy53,,TJK,Tajikistan,Central Asia,Asia,"Karabuin village (Penjikenskiy district,Sogd province)",,"Slide (land, mud, snow, rock)",No,No,No,,4.3,Moment Magnitude,39.57,67.479,,2004,4.0,1.0,2004,4.0,1.0,,,180.0,,180.0,,,,,,,58.66980929334124,"[{""adm2_code"":37612,""adm2_name"":""Penjikenskiy""}]","[{""gid_2"":""TJK.4.11_1"",""migration_date"":""2025-12-20"",""migration_method"":""jaccard2"",""name_2"":""Pandjakent""}]",2014-02-28,2025-12-20,2004-04-01,2004-04-01,2004-04-01
2004-0659-THA,No,nat-geo-ear-tsu,Natural,Geophysical,Earthquake,Tsunami,GLIDE:TS-2004-000147|USGS:official20041226005853450_30,,THA,Thailand,South-eastern Asia,Asia,"Krabi, Phangnga, Phuket, Ranong, Satun, Trang provinces",,Tsunami/Tidal wave,Yes,No,No,,9.1,Moment Magnitude,3.295,95.982,,2004,12.0,26.0,2004,12.0,26.0,8345.0,8457.0,58550.0,,67007.0,,,250000.0,426114.0,1000000.0,1704454.0,58.66980929334124,"[{""adm1_code"":2867,""adm1_name"":""Krabi""},{""adm1_code"":2889,""adm1_name"":""Phangnga""},{""adm1_code"":2898,""adm1_name"":""Phuket""},{""adm1_code"":2900,""adm1_name"":""Ranong""},{""adm1_code"":2910,""adm1_name"":""Satun""},{""adm1_code"":2920,""adm1_name"":""Trang""}]","[{""gid_1"":""THA.18_1"",""migration_date"":""2025-12-20"",""migration_method"":""jaccard1"",""name_1"":""Krabi""},{""gid_1"":""THA.39_1"",""migration_date"":""2025-12-20"",""migration_method"":""jaccard1"",""name_1"":""Phangnga""},{""gid_1"":""THA.48_1"",""migration_date"":""2025-12-20"",""migration_method"":""jaccard1"",""name_1"":""Phuket""},{""gid_1"":""THA.51_1"",""migration_date"":""2025-12-20"",""migration_method"":""jaccard1"",""name_1"":""Ranong""},{""gid_1"":""THA.61_1"",""migration_date"":""2025-12-20"",""migration_method"":""jaccard1"",""name_1"":""Satun""},{""gid_1"":""THA.70_1"",""migration_date"":""2025-12-20"",""migration_method"":""jaccard1"",""name_1"":""Trang""}]",2014-03-27,2026-01-25,2004-12-26,2004-12-26,2004-12-26
2004-0127-TUR,No,nat-geo-ear-gro,Natural,Geophysical,Earthquake,Ground movement,USGS:usp000cqvt,,TUR,Türkiye,Western Asia,Asia,"Askale, Buyukgecit, Kucukgecit, Karabiyik, Kandilli villages (Askale district, Erzurum province)",,,No,No,No,,5.6,Moment Magnitude,39.93,40.812,,2004,3.0,25.0,2004,3.0,25.0,9.0,30.0,4000.0,,4030.0,,,,,,,58.66980929334124,"[{""adm2_code"":27780,""adm2_name"":""Askale""}]",,2004-06-18,2025-03-17,2004-03-25,2004-03-25,2004-03-25
2004-0132-TUR,No,nat-geo-ear-gro,Natural,Geophysical,Earthquake,Ground movement,USGS:usp000cr2z,,TUR,Türkiye,Western Asia,Asia,"Askale, Ilica, Cat districts (Erzurum province)",,"Slide (land, mud, snow, rock)",No,No,No,,5.6,Moment Magnitude,39.847,40.874,,2004,3.0,28.0,2004,3.0,28.0,,30.0,32500.0,,32530.0,,,,,,,58.66980929334124,"[{""adm2_code"":27780,""adm2_name"":""Askale""},{""adm2_code"":27781,""adm2_name"":""Cat""},{""adm2_code"":27784,""adm2_name"":""Ilica""}]","[{""gid_2"":""TUR.31.1_1"",""migration_date"":""2025-12-20"",""migration_method"":""jaccard2"",""name_2"":""Aşkale""},{""gid_2"":""TUR.31.2_1"",""migration_date"":""2025-12-20"",""migration_method"":""jaccard2"",""name_2"":""Çat""},{""gid_2"":""TUR.31.5_1"",""migration_date"":""2025-12-20"",""migration_method"":""jaccard2"",""name_2"":""Ilıca""}]",2004-06-18,2025-12-20,2004-03-28,2004-03-28,2004-03-28
2004-0308-TUR,No,nat-geo-ear-gro,Natural,Geophysical,Earthquake,Ground movement,GLIDE:EQ-2004-000046|USGS:usp000czcr,,TUR,Türkiye,Western Asia,Asia,Dogubeyazit district (Agri province),,,No,No,No,,5.1,Moment Magnitude,39.766,43.979,,2004,7.0,1.0,2004,7.0,1.0,18.0,21.0,335.0,,356.0,,,,,,,58.66980929334124,"[{""adm2_code"":27489,""adm2_name"":""Dogubeyazit""}]","[{""gid_2"":""TUR.4.2_1"",""migration_date"":""2025-12-20"",""migration_method"":""jaccard2"",""name_2"":""Doğubeyazıt""}]",2004-08-24,2025-12-20,2004-07-01,2004-07-01,2004-07-01
2004-0659-TZA,No,nat-geo-ear-tsu,Natural,Geophysical,Earthquake,Tsunami,GLIDE:TS-2004-000147|USGS:official20041226005853450_30,,TZA,United Republic of Tanzania,Sub-Saharan Africa,Africa,Dar-es-salaam,,,No,No,No,,9.1,Moment Magnitude,3.295,95.982,,2004,12.0,26.0,2004,12.0,26.0,10.0,,,,,,,,,,,58.66980929334124,"[{""adm1_code"":48358,""adm1_name"":""Dar-es-salaam""}]","[{""gid_1"":""TZA.2_1"",""migration_date"":""2025-12-20"",""migration_method"":""jaccard1"",""name_1"":""Dar es Salaam""}]",2014-03-27,2026-01-25,2004-12-26,2004-12-26,2004-12-26
2005-0686-AFG,No,nat-geo-ear-gro,Natural,Geophysical,Earthquake,Ground movement,USGS:usp000e61s,,AFG,Afghanistan,Southern Asia,Asia,"Alishang district (Laghman province), Jalalabad district (Nangarhar province), Badakhsan province",,,No,No,No,,6.5,Moment Magnitude,36.357,71.093,,2005,12.0,13.0,2005,12.0,13.0,5.0,1.0,500.0,,501.0,,,,,,,60.66033175273918,"[{""adm1_code"":272,""adm1_name"":""Badakhshan""},{""adm2_code"":3645,""adm2_name"":""Alishang""},{""adm2_code"":99913,""adm2_name"":""Jalalabad""}]","[{""gid_1"":""AFG.1_1"",""migration_date"":""2025-12-20"",""migration_method"":""jaccard1"",""name_1"":""Badakhshan""},{""gid_2"":""AFG.20.2_1"",""migration_date"":""2025-12-20"",""migration_method"":""jaccard2"",""name_2"":""Alishing""},{""gid_2"":""AFG.22.9_1"",""migration_date"":""2025-12-20"",""migration_method"":""bufhaus2"",""name_2"":""Jalal abad""}]",2014-02-28,2025-12-20,2005-12-13,2005-12-13,2005-12-13
2005-0575-AFG,No,nat-geo-ear-gro,Natural,Geophysical,Earthquake,Ground movement,GLIDE:EQ-2005-000174|USGS:usp000e12e,,AFG,Afghanistan,Southern Asia,Asia,Jalalabad district (Nangarhar province),,,No,No,No,,7.6,Moment Magnitude,34.539,73.588,,2005,10.0,8.0,2005,10.0,8.0,1.0,,,,,,,,,50.0,82.0,60.66033175273918,"[{""adm2_code"":99913,""adm2_name"":""Jalalabad""}]",,2014-03-26,2025-06-25,2005-10-08,2005-10-08,2005-10-08
2005-0321-CHL,No,nat-geo-ear-gro,Natural,Geophysical,Earthquake,Ground movement,GLIDE:EQ-2005-000088|USGS:usp000dsw1,,CHL,Chile,Latin America and the Caribbean,Americas,"Iquique, Alto Hospicio towns (Iquique district, Tarapaca province), Pozo Almonte, Pica, Camina, Huara, Colchane towns (Tamarugal district, Tarapaca province)",,"Slide (land, mud, snow, rock)",No,No,Yes,150.0,7.8,Moment Magnitude,-19.987,-69.197,,2005,6.0,13.0,2005,6.0,13.0,11.0,182.0,27463.0,,27645.0,,,,,5000.0,8243.0,60.66033175273918,"[{""adm2_code"":91517,""adm2_name"":""Iquique""},{""adm2_code"":91518,""adm2_name"":""Tamarugal""}]","[{""gid_1"":""CHL.15_1"",""migration_date"":""2025-12-20"",""migration_method"":""parent2_1"",""name_1"":""Tarapacá""}]",2007-02-22,2025-12-20,2005-06-13,2005-06-13,2005-06-13
2005-0740-CHN,No,nat-geo-ear-gro,Natural,Geophysical,Earthquake,Ground movement,USGS:usp000dwrc,,CHN,China,Eastern Asia,Asia,"Huize area (Qujing district, Yunnan Sheng province)",,,No,No,No,,5.2,Moment Magnitude,26.569,103.036,,2005,8.0,5.0,2005,8.0,5.0,,9.0,18500.0,,18509.0,,,,,,,60.66033175273918,"[{""adm2_code"":13304,""adm2_name"":""Qujing""}]","[{""gid_2"":""CHN.30.12_1"",""migration_date"":""2025-12-20"",""migration_method"":""jaccard2"",""name_2"":""Qujing""}]",2006-01-20,2025-12-20,2005-08-05,2005-08-05,2005-08-05
2005-0651-CHN,No,nat-geo-ear-gro,Natural,Geophysical,Earthquake,Ground movement,GLIDE:EQ-2005-000198|USGS:usp000e4wu,,CHN,China,Eastern Asia,Asia,Jiujiang district (Jiangxi Sheng province),,,No,No,No,166.0,5.2,Moment Magnitude,29.671,115.688,,2005,11.0,26.0,2005,11.0,26.0,16.0,8000.0,607500.0,,615500.0,,,,,,,60.66033175273918,"[{""adm2_code"":13160,""adm2_name"":""Jiujiang""}]","[{""gid_2"":""CHN.16.5_1"",""migration_date"":""2025-12-20"",""migration_method"":""jaccard2"",""name_2"":""Jiujiang""}]",2008-05-08,2025-12-20,2005-11-26,2005-11-26,2005-11-26
2005-0671-COD,No,nat-geo-ear-gro,Natural,Geophysical,Earthquake,Ground movement,GLIDE:EQ-2005-000203|USGS:usp000e5jx,,COD,Democratic Republic of the Congo,Sub-Saharan Africa,Africa,"Kalemie city (Tanganyka district, Katanga province)",,,No,No,No,,6.8,Moment Magnitude,-6.224,29.83,,2005,12.0,5.0,2005,12.0,5.0,6.0,5.0,,1500.0,1505.0,,,,,,,60.66033175273918,"[{""adm2_code"":14986,""adm2_name"":""Tanganyka""}]","[{""gid_2"":""COD.24.10_1"",""migration_date"":""2025-12-20"",""migration_method"":""puzzle2_2"",""name_2"":""Nyunzu""},{""gid_2"":""COD.24.1_1"",""migration_date"":""2025-12-20"",""migration_method"":""puzzle2_2"",""name_2"":""Kabalo""},{""gid_2"":""COD.24.2_1"",""migration_date"":""2025-12-20"",""migration_method"":""puzzle2_2"",""name_2"":""Kalemie""},{""gid_2"":""COD.24.3_1"",""migration_date"":""2025-12-20"",""migration_method"":""puzzle2_2"",""name_2"":""Kalemie (ville)""},{""gid_2"":""COD.24.4_1"",""migration_date"":""2025-12-20"",""migration_method"":""puzzle2_2"",""name_2"":""Kaoze""},{""gid_2"":""COD.24.5_1"",""migration_date"":""2025-12-20"",""migration_method"":""puzzle2_2"",""name_2"":""Kongolo""},{""gid_2"":""COD.24.6_1"",""migration_date"":""2025-12-20"",""migration_method"":""puzzle2_2"",""name_2"":""Kongolo (ville)""},{""gid_2"":""COD.24.7_1"",""migration_date"":""2025-12-20"",""migration_method"":""puzzle2_2"",""name_2"":""Manono""},{""gid_2"":""COD.24.8_1"",""migration_date"":""2025-12-20"",""migration_method"":""puzzle2_2"",""name_2"":""Manono (ville)""},{""gid_2"":""COD.24.9_1"",""migration_date"":""2025-12-20"",""migration_method"":""puzzle2_2"",""name_2"":""Moba""}]",2005-12-15,2025-12-20,2005-12-05,2005-12-05,2005-12-05
2005-0240-SLV,No,nat-geo-ear-gro,Natural,Geophysical,Earthquake,Ground movement,USGS:usp000dpwb,,SLV,El Salvador,Latin America and the Caribbean,Americas,"Apaneca district (Ahuachapan province), Juayua district (Sonsonate province)",,"Slide (land, mud, snow, rock)",No,No,No,,4.8,Moment Magnitude,13.835,-89.759,,2005,5.0,5.0,2005,5.0,5.0,1.0,1.0,750.0,,751.0,,,,,,,60.66033175273918,"[{""adm2_code"":15567,""adm2_name"":""Apaneca""},{""adm2_code"":15794,""adm2_name"":""Juayua""}]",,2005-06-06,2023-09-25,2005-05-05,2005-05-05,2005-05-05
2005-0575-IND,No,nat-geo-ear-gro,Natural,Geophysical,Earthquake,Ground movement,GLIDE:EQ-2005-000174|USGS:usp000e12e,,IND,India,Southern Asia,Asia,Administrative unit not available districts (Jammu and Kashmir province),,Fire,Yes,No,No,,7.6,Moment Magnitude,34.539,73.588,,2005,10.0,8.0,2005,10.0,8.0,1309.0,6622.0,,150000.0,156622.0,,,,,1000000.0,1648524.0,60.66033175273918,"[{""adm2_code"":40410,""adm2_name"":""Administrative unit not available""},{""adm2_code"":40414,""adm2_name"":""Administrative unit not available""},{""adm2_code"":72802,""adm2_name"":""Administrative unit not available""},{""adm2_code"":72789,""adm2_name"":""Administrative unit not available""},{""adm2_code"":72810,""adm2_name"":""Administrative unit not available""}]",,2014-03-26,2025-06-25,2005-10-08,2005-10-08,2005-10-08
2005-0160-IDN,No,nat-geo-ear-gro,Natural,Geophysical,Earthquake,Ground movement,GLIDE:EQ-2005-000053|USGS:official20050328160936530_30,,IDN,Indonesia,South-eastern Asia,Asia,"Simeulue, Aceh Singkil districts (Nangroe Aceh Darussalam province) Nias, Nias Selatan districts (Sumatera Utara province)",,Tsunami/Tidal wave,Yes,No,No,3629.0,8.6,Moment Magnitude,2.085,97.108,,2005,3.0,28.0,2005,3.0,28.0,915.0,1146.0,104167.0,,105313.0,,,,,,,60.66033175273918,"[{""adm2_code"":73627,""adm2_name"":""Aceh Singkil""},{""adm2_code"":73850,""adm2_name"":""Simeulue""},{""adm2_code"":73811,""adm2_name"":""Nias Selatan""},{""adm2_code"":73812,""adm2_name"":""Nias""}]","[{""gid_2"":""IDN.1.22_1"",""migration_date"":""2025-12-20"",""migration_method"":""jaccard2"",""name_2"":""Simeulue""},{""gid_2"":""IDN.1.23_1"",""migration_date"":""2025-12-20"",""migration_method"":""puzzle2_2"",""name_2"":""Subulussalam""},{""gid_2"":""IDN.1.6_1"",""migration_date"":""2025-12-20"",""migration_method"":""puzzle2_2"",""name_2"":""Aceh Singkil""},{""gid_2"":""IDN.32.17_1"",""migration_date"":""2025-12-20"",""migration_method"":""puzzle2_2"",""name_2"":""Nias Barat""},{""gid_2"":""IDN.32.18_1"",""migration_date"":""2025-12-20"",""migration_method"":""jaccard2"",""name_2"":""Nias Selatan""},{""gid_2"":""IDN.32.19_1"",""migration_date"":""2025-12-20"",""migration_method"":""puzzle2_2"",""name_2"":""Nias Utara""},{""gid_2"":""IDN.32.20_1"",""migration_date"":""2025-12-20"",""migration_method"":""puzzle2_2"",""name_2"":""Nias""},{""gid_2"":""IDN.32.5_1"",""migration_date"":""2025-12-20"",""migration_method"":""puzzle2_2"",""name_2"":""Gunungsitoli""}]",2006-03-17,2026-01-25,2005-03-28,2005-03-28,2005-03-28
2005-0031-IDN,No,nat-geo-ear-gro,Natural,Geophysical,Earthquake,Ground movement,USGS:usp000de4m,,IDN,Indonesia,South-eastern Asia,Asia,Kota Palu district (Sulawesi Tengah province),,,No,No,No,,6.3,Moment Magnitude,-1.198,119.933,,2005,1.0,23.0,2005,1.0,23.0,1.0,4.0,680.0,,684.0,,,,,,,60.66033175273918,"[{""adm2_code"":73741,""adm2_name"":""Kota Palu""}]",,2014-02-25,2025-03-17,2005-01-23,2005-01-23,2005-01-23
2005-0092-IRN,No,nat-geo-ear-gro,Natural,Geophysical,Earthquake,Ground movement,GLIDE:EQ-2005-000026|USGS:usp000dgpx,,IRN,Iran (Islamic Republic of),Southern Asia,Asia,"Rooein Abad, Akbar, Asghar, Dehaafkan, Behabad, Sardkooyeh, Fathabad, Motaharabad, Eslam Abad, Arjomandieh, Baharestan villages (Zarand district, Kerman province)",,,No,No,No,1785.0,6.4,Moment Magnitude,30.754,56.816,,2005,2.0,22.0,2005,2.0,22.0,612.0,1411.0,93355.0,,94766.0,,,,,80000.0,131882.0,60.66033175273918,"[{""adm2_code"":41141,""adm2_name"":""Zarand""}]",,2005-07-28,2025-06-25,2005-02-22,2005-02-22,2005-02-22
2005-0016-IRN,No,nat-geo-ear-gro,Natural,Geophysical,Earthquake,Ground movement,USGS:usp000dd01,,IRN,Iran (Islamic Republic of),Southern Asia,Asia,"Agh Ghala area (Gorgan district, Golestan province)",,,No,No,No,,5.4,Moment Magnitude,37.103,54.574,,2005,1.0,10.0,2005,1.0,10.0,,110.0,,,110.0,,,,,,,60.66033175273918,"[{""adm2_code"":40969,""adm2_name"":""Gorgan""}]",,2014-03-07,2023-09-25,2005-01-10,2005-01-10,2005-01-10
2005-0654-IRN,No,nat-geo-ear-gro,Natural,Geophysical,Earthquake,Ground movement,GLIDE:EQ-2005-000199|USGS:usp000e501,,IRN,Iran (Islamic Republic of),Southern Asia,Asia,"Ghurzin, Kosheh, Viranagh, Tourian, Tonban, Ramkan, Gharbdan, Karavan, Khaledin, Giahdan villages (Geshm district, Hormozgan province)",,,No,No,No,,5.9,Moment Magnitude,26.774,55.858,,2005,11.0,27.0,2005,11.0,27.0,13.0,100.0,,,100.0,,,,,,,60.66033175273918,"[{""adm2_code"":40963,""adm2_name"":""Geshm""}]","[{""gid_2"":""IRN.11.14_1"",""migration_date"":""2025-12-20"",""migration_method"":""jaccard2"",""name_2"":""Qeshm""}]",2006-03-03,2025-12-20,2005-11-27,2005-11-27,2005-11-27
2005-0738-IRN,No,nat-geo-ear-gro,Natural,Geophysical,Earthquake,Ground movement,GLIDE:EQ-2005-000035|USGS:usp000dj38,,IRN,Iran (Islamic Republic of),Southern Asia,Asia,Saravan district (Sistan-o baluchestan province),,,No,No,No,,6.0,Moment Magnitude,27.095,61.887,,2005,3.0,13.0,2005,3.0,13.0,,,21912.0,,21912.0,,,,,,,60.66033175273918,"[{""adm2_code"":41090,""adm2_name"":""Saravan""}]",,2006-01-18,2025-06-25,2005-03-13,2005-03-13,2005-03-13
2005-0211-JPN,No,nat-geo-ear-gro,Natural,Geophysical,Earthquake,Ground movement,USGS:usp000dnsk,,JPN,Japan,Eastern Asia,Asia,"Hukuoka, Saga provinces",,"Slide (land, mud, snow, rock)",No,No,No,,5.5,Moment Magnitude,33.637,130.179,,2005,4.0,19.0,2005,4.0,19.0,,58.0,837.0,,895.0,,,,,,,60.66033175273918,"[{""adm1_code"":1656,""adm1_name"":""Hukuoka""},{""adm1_code"":1683,""adm1_name"":""Saga""}]","[{""gid_1"":""JPN.34_1"",""migration_date"":""2025-12-20"",""migration_method"":""jaccard1"",""name_1"":""Saga""},{""gid_1"":""JPN.7_1"",""migration_date"":""2025-12-20"",""migration_method"":""jaccard1"",""name_1"":""Fukuoka""}]",2005-05-03,2025-12-20,2005-04-19,2005-04-19,2005-04-19
2005-0129-JPN,No,nat-geo-ear-gro,Natural,Geophysical,Earthquake,Ground movement,GLIDE:EQ-2005-000047|USGS:usp000djku,,JPN,Japan,Eastern Asia,Asia,Hukuoka province,,"Slide (land, mud, snow, rock)",No,No,No,,6.6,Moment Magnitude,33.807,130.131,,2005,3.0,20.0,2005,3.0,20.0,1.0,735.0,2800.0,,3535.0,,,120000.0,197823.0,400000.0,659410.0,60.66033175273918,"[{""adm1_code"":1656,""adm1_name"":""Hukuoka""}]","[{""gid_1"":""JPN.7_1"",""migration_date"":""2025-12-20"",""migration_method"":""jaccard1"",""name_1"":""Fukuoka""}]",2011-04-27,2025-12-20,2005-03-20,2005-03-20,2005-03-20
2005-0575-PAK,No,nat-geo-ear-gro,Natural,Geophysical,Earthquake,Ground movement,GLIDE:EQ-2005-000174|USGS:usp000e12e,,PAK,Pakistan,Southern Asia,Asia,"Bisham Tehsil, Chakisar Tehsil areas (Shangla District district, North-West Frontier province), Palas Sub-Division area (Kohistan District district, North-West Frontier province), Abbottabad District, Mansehra District, Batagram District districts (North-West Frontier province), Gujranwala District, Gujrat District, Rawalpindi District districts (Punjab province), Islamabad District district (Islamabad province),",,,Yes,No,No,,7.6,Moment Magnitude,34.539,73.588,,2005,10.0,8.0,2005,10.0,8.0,73338.0,128309.0,,5000000.0,5128309.0,5200000.0,8572324.0,,,5200000.0,8572324.0,60.66033175273918,"[{""adm2_code"":23638,""adm2_name"":""Islamabad District""},{""adm2_code"":40329,""adm2_name"":""Abbottabad District""},{""adm2_code"":40331,""adm2_name"":""Batagram District""},{""adm2_code"":40340,""adm2_name"":""Kohistan District""},{""adm2_code"":40344,""adm2_name"":""Mansehra District""},{""adm2_code"":40348,""adm2_name"":""Shangla District""},{""adm2_code"":23674,""adm2_name"":""Rawalpindi District""},{""adm2_code"":40360,""adm2_name"":""Gujranwala District""},{""adm2_code"":40361,""adm2_name"":""Gujrat District""}]","[{""gid_2"":""PAK.4.1_1"",""migration_date"":""2025-12-20"",""migration_method"":""bufhaus2"",""name_2"":""Islamabad""},{""gid_2"":""PAK.5.4_1"",""migration_date"":""2025-12-20"",""migration_method"":""bufhaus2"",""name_2"":""Hazara""},{""gid_2"":""PAK.5.4_1"",""migration_date"":""2025-12-20"",""migration_method"":""bufhaus2"",""name_2"":""Hazara""},{""gid_2"":""PAK.5.4_1"",""migration_date"":""2025-12-20"",""migration_method"":""bufhaus2"",""name_2"":""Hazara""},{""gid_2"":""PAK.5.4_1"",""migration_date"":""2025-12-20"",""migration_method"":""bufhaus2"",""name_2"":""Hazara""},{""gid_2"":""PAK.5.6_1"",""migration_date"":""2025-12-20"",""migration_method"":""bufhaus2"",""name_2"":""Malakand""},{""gid_2"":""PAK.7.4_1"",""migration_date"":""2025-12-20"",""migration_method"":""bufhaus2"",""name_2"":""Gujranwala""},{""gid_2"":""PAK.7.4_1"",""migration_date"":""2025-12-20"",""migration_method"":""bufhaus2"",""name_2"":""Gujranwala""},{""gid_2"":""PAK.7.7_1"",""migration_date"":""2025-12-20"",""migration_method"":""bufhaus2"",""name_2"":""Rawalpindi""}]",2014-03-11,2025-12-20,2005-10-08,2005-10-08,2005-10-08
2005-0328-PNG,No,nat-geo-ear-gro,Natural,Geophysical,Earthquake,Ground movement,USGS:usp000ds6y,,PNG,Papua New Guinea,Melanesia,Oceania,Lae district (Morobe province),,,No,No,No,,6.1,Moment Magnitude,-6.319,146.846,,2005,6.0,4.0,2005,6.0,4.0,1.0,,,200.0,200.0,,,,,,,60.66033175273918,"[{""adm2_code"":37523,""adm2_name"":""Lae""}]","[{""gid_1"":""PNG.14_1"",""migration_date"":""2025-12-20"",""migration_method"":""parent2_1"",""name_1"":""Morobe""}]",2005-06-24,2025-12-20,2005-06-04,2005-06-04,2005-06-04
2005-0558-PER,No,nat-geo-ear-gro,Natural,Geophysical,Earthquake,Ground movement,GLIDE:EQ-2005-000167|USGS:usp000e09h,,PER,Peru,Latin America and the Caribbean,Americas,"Moyobamba, Lamas districts (San Martin province)",,,No,No,No,,7.5,Moment Magnitude,-5.678,-76.398,,2005,9.0,26.0,2005,9.0,26.0,5.0,59.0,2446.0,,2505.0,,,,,,,60.66033175273918,"[{""adm2_code"":24182,""adm2_name"":""Lamas""},{""adm2_code"":24184,""adm2_name"":""Moyobamba""}]","[{""gid_2"":""PER.23.4_1"",""migration_date"":""2025-12-20"",""migration_method"":""jaccard2"",""name_2"":""Lamas""},{""gid_2"":""PER.23.6_1"",""migration_date"":""2025-12-20"",""migration_method"":""jaccard2"",""name_2"":""Moyobamba""}]",2014-02-27,2025-12-20,2005-09-26,2005-09-26,2005-09-26
2005-0321-PER,No,nat-geo-ear-gro,Natural,Geophysical,Earthquake,Ground movement,GLIDE:EQ-2005-000088|USGS:usp000dsw1,,PER,Peru,Latin America and the Caribbean,Americas,"Arequipa district (Arequipa province), Ilo, General Sanchez Cerro, Mariscal Nieto districts (Moquega province), Candarave, Jorge Basadre, Tacna, Tarata districts (Tacna province) ; Punta de Bombon (Islay district, Arequipa province)",,,No,No,No,,7.8,Moment Magnitude,-19.987,-69.197,,2005,6.0,13.0,2005,6.0,13.0,,,,,,,,,,50.0,82.0,60.66033175273918,"[{""adm2_code"":24039,""adm2_name"":""Arequipa""},{""adm2_code"":24045,""adm2_name"":""Islay""},{""adm2_code"":24151,""adm2_name"":""General Sánchez Cerro""},{""adm2_code"":24152,""adm2_name"":""Ilo""},{""adm2_code"":24153,""adm2_name"":""Mariscal Nieto""},{""adm2_code"":24189,""adm2_name"":""Candarave""},{""adm2_code"":24190,""adm2_name"":""Jorge Basadre""},{""adm2_code"":24191,""adm2_name"":""Tacna""},{""adm2_code"":24192,""adm2_name"":""Tarata""}]","[{""gid_2"":""PER.19.1_1"",""migration_date"":""2025-12-20"",""migration_method"":""jaccard2"",""name_2"":""General Sánchez Cerro""},{""gid_2"":""PER.19.2_1"",""migration_date"":""2025-12-20"",""migration_method"":""jaccard2"",""name_2"":""Ilo""},{""gid_2"":""PER.19.3_1"",""migration_date"":""2025-12-20"",""migration_method"":""jaccard2"",""name_2"":""Mariscal Nieto""},{""gid_2"":""PER.24.1_1"",""migration_date"":""2025-12-20"",""migration_method"":""jaccard2"",""name_2"":""Candarave""},{""gid_2"":""PER.24.2_1"",""migration_date"":""2025-12-20"",""migration_method"":""jaccard2"",""name_2"":""Jorge Basadre""},{""gid_2"":""PER.24.3_1"",""migration_date"":""2025-12-20"",""migration_method"":""jaccard2"",""name_2"":""Tacna""},{""gid_2"":""PER.24.4_1"",""migration_date"":""2025-12-20"",""migration_method"":""jaccard2"",""name_2"":""Tarata""},{""gid_2"":""PER.4.1_1"",""migration_date"":""2025-12-20"",""migration_method"":""jaccard2"",""name_2"":""Arequipa""},{""gid_2"":""PER.4.7_1"",""migration_date"":""2025-12-20"",""migration_method"":""jaccard2"",""name_2"":""Islay""}]",2014-02-19,2025-12-20,2005-06-13,2005-06-13,2005-06-13
2005-0132-ZAF,No,nat-geo-ear-gro,Natural,Geophysical,Earthquake,Ground movement,GLIDE:EQ-2005-000033|USGS:usp000dhva,,ZAF,South Africa,Sub-Saharan Africa,Africa,"Klerksdorp, Stilfontein villages (Dr Kenneth Kaunda District Municipality district, North West province)",,,No,No,No,,5.0,Moment Magnitude,-26.913,26.789,,2005,3.0,9.0,2005,3.0,9.0,2.0,58.0,,,58.0,,,10000.0,16485.0,20000.0,32970.0,60.66033175273918,"[{""adm2_code"":77350,""adm2_name"":""Dr Kenneth Kaunda District Municipality""}]","[{""gid_2"":""ZAF.7.2_1"",""migration_date"":""2025-12-20"",""migration_method"":""jaccard2"",""name_2"":""Dr Kenneth Kaunda""}]",2005-04-04,2025-12-20,2005-03-09,2005-03-09,2005-03-09
2005-0126-TUR,No,nat-geo-ear-gro,Natural,Geophysical,Earthquake,Ground movement,GLIDE:EQ-2005-000036|USGS:usp000dj5f,,TUR,Türkiye,Western Asia,Asia,Karliova district (Bingol province),,,No,No,No,,5.8,Moment Magnitude,39.354,40.89,,2005,3.0,14.0,2005,3.0,14.0,,18.0,2250.0,,2268.0,,,,,,,60.66033175273918,"[{""adm2_code"":27622,""adm2_name"":""Karliova""}]","[{""gid_2"":""TUR.17.3_1"",""migration_date"":""2025-12-20"",""migration_method"":""bufhaus2"",""name_2"":""Karlıova""}]",2005-05-03,2026-09-10,2005-03-14,2005-03-14,2005-03-14
2005-0329-TUR,No,nat-geo-ear-gro,Natural,Geophysical,Earthquake,Ground movement,GLIDE:EQ-2005-000082|USGS:usp000dsbj,,TUR,Türkiye,Western Asia,Asia,Karliova district (Bingol province),,,No,No,No,,5.6,Moment Magnitude,39.22,41.08,,2005,6.0,6.0,2005,6.0,6.0,,54.0,300.0,,354.0,,,,,,,60.66033175273918,"[{""adm2_code"":27622,""adm2_name"":""Karliova""}]","[{""gid_2"":""TUR.17.3_1"",""migration_date"":""2025-12-20"",""migration_method"":""bufhaus2"",""name_2"":""Karlıova""}]",2006-01-17,2026-09-10,2005-06-06,2005-06-06,2005-06-06
2005-0070-TUR,No,nat-geo-ear-gro,Natural,Geophysical,Earthquake,Ground movement,GLIDE:EQ-2005-000009|USGS:usp000debc,,TUR,Türkiye,Western Asia,Asia,"Batman city (Merkez district, Batman province), Siirt city (Merkez district, Siirt province), Adana, Van, Hakkari provinces",,,No,No,No,,5.9,Moment Magnitude,37.622,43.703,,2005,1.0,25.0,2005,1.0,25.0,2.0,22.0,400.0,,422.0,,,,,,,60.66033175273918,"[{""adm1_code"":3017,""adm1_name"":""Adana""},{""adm1_code"":3051,""adm1_name"":""Hakkari""},{""adm1_code"":3093,""adm1_name"":""Van""},{""adm2_code"":27607,""adm2_name"":""Merkez""},{""adm2_code"":28246,""adm2_name"":""Merkez""}]","[{""gid_1"":""TUR.1_1"",""migration_date"":""2025-12-20"",""migration_method"":""jaccard1"",""name_1"":""Adana""},{""gid_1"":""TUR.36_1"",""migration_date"":""2025-12-20"",""migration_method"":""jaccard1"",""name_1"":""Hakkari""},{""gid_1"":""TUR.69_1"",""migration_date"":""2025-12-20"",""migration_method"":""within2_1"",""name_1"":""Siirt""},{""gid_1"":""TUR.78_1"",""migration_date"":""2025-12-20"",""migration_method"":""jaccard1"",""name_1"":""Van""},{""gid_2"":""TUR.14.5_1"",""migration_date"":""2025-12-20"",""migration_method"":""bufhaus2"",""name_2"":""Merkez""}]",2006-01-17,2025-12-20,2005-01-25,2005-01-25,2005-01-25
2005-0671-TZA,No,nat-geo-ear-gro,Natural,Geophysical,Earthquake,Ground movement,GLIDE:EQ-2005-000203|USGS:usp000e5jx,,TZA,United Republic of Tanzania,Sub-Saharan Africa,Africa,Kigoma province,,,No,No,No,,6.8,Moment Magnitude,-6.224,29.83,,2005,12.0,5.0,2005,12.0,5.0,2.0,,5000.0,,5000.0,,,,,,,60.66033175273918,"[{""adm1_code"":48362,""adm1_name"":""Kigoma""}]","[{""gid_1"":""TZA.8_1"",""migration_date"":""2025-12-20"",""migration_method"":""jaccard1"",""name_1"":""Kigoma""}]",2006-01-20,2025-12-20,2005-12-05,2005-12-05,2005-12-05
2006-0405-AFG,No,nat-geo-ear-gro,Natural,Geophysical,Earthquake,Ground movement,GLIDE:EQ-2006-000109|GLIDE:EQ-2006-000111|USGS:usp000epsz,,AFG,Afghanistan,Southern Asia,Asia,Emamsaheb district (Kunduz province),,,No,No,No,,5.6,Moment Magnitude,37.255,68.828,,2006,7.0,29.0,2006,7.0,29.0,1.0,,740.0,195.0,935.0,,,,,,,62.61719478103453,"[{""adm2_code"":3640,""adm2_name"":""Emamsaheb""}]","[{""gid_2"":""AFG.19.4_1"",""migration_date"":""2025-12-20"",""migration_method"":""jaccard2"",""name_2"":""Hazrati Imam""}]",2011-07-28,2025-12-20,2006-07-29,2006-07-29,2006-07-29
2006-0149-DZA,No,nat-geo-ear-gro,Natural,Geophysical,Earthquake,Ground movement,GLIDE:EQ-2006-000038|USGS:usp000ecjv,,DZA,Algeria,Northern Africa,Africa,"Laalam village (Tamridjet district, Bejaia province)",,,No,No,No,,5.2,Moment Magnitude,36.623,5.328,,2006,3.0,20.0,2006,3.0,20.0,4.0,9.0,160.0,150.0,319.0,,,,,,,62.61719478103453,"[{""adm2_code"":37915,""adm2_name"":""Tamridjet""}]","[{""gid_2"":""DZA.8.39_1"",""migration_date"":""2025-12-20"",""migration_method"":""jaccard2"",""name_2"":""Tamridjet""}]",2006-05-03,2025-12-20,2006-03-20,2006-03-20,2006-03-20
2006-0148-BGR,No,nat-geo-ear-gro,Natural,Geophysical,Earthquake,Ground movement,USGS:usp000eaez,,BGR,Bulgaria,Eastern Europe,Europe,"Murgovo village (Kardzhali district, Kardzhali province)",,,No,No,No,,4.6,Moment Magnitude,41.708,25.544,,2006,2.0,20.0,2006,2.0,20.0,,2.0,525.0,,527.0,,,,,,,62.61719478103453,"[{""adm2_code"":11907,""adm2_name"":""Kardzhali""}]","[{""gid_2"":""BGR.7.4_1"",""migration_date"":""2025-12-20"",""migration_method"":""jaccard2"",""name_2"":""Kardzhali""}]",2006-03-20,2025-12-20,2006-02-20,2006-02-20,2006-02-20
2006-0397-CHN,No,nat-geo-ear-gro,Natural,Geophysical,Earthquake,Ground movement,GLIDE:EQ-2006-000103|USGS:usp000ep9q,,CHN,China,Eastern Asia,Asia,"Yanjin area (Zhaotong district, Yunnan Sheng province)",,,No,No,No,,4.9,Moment Magnitude,27.995,104.138,,2006,7.0,22.0,2006,7.0,22.0,22.0,106.0,190000.0,75000.0,265106.0,,,,,,,62.61719478103453,"[{""adm2_code"":13306,""adm2_name"":""Zhaotong""}]","[{""gid_2"":""CHN.30.16_1"",""migration_date"":""2025-12-20"",""migration_method"":""jaccard2"",""name_2"":""Zhaotong""}]",2014-03-11,2025-12-20,2006-07-22,2006-07-22,2006-07-22
2006-0586-CHN,No,nat-geo-ear-gro,Natural,Geophysical,Earthquake,Ground movement,USGS:usp000ew4d,,CHN,China,Eastern Asia,Asia,Hubei Sheng province,,,No,No,No,,4.5,Moment Magnitude,31.56,113.21,,2006,10.0,27.0,2006,10.0,27.0,,,20000.0,,20000.0,,,,,,,62.61719478103453,"[{""adm1_code"":911,""adm1_name"":""Hubei Sheng""}]","[{""gid_1"":""CHN.13_1"",""migration_date"":""2025-12-20"",""migration_method"":""jaccard1"",""name_1"":""Hubei""}]",2007-11-08,2025-12-20,2006-10-27,2006-10-27,2006-10-27
2006-0464-CHN,No,nat-geo-ear-gro,Natural,Geophysical,Earthquake,Ground movement,USGS:usp000ekvx,,CHN,China,Eastern Asia,Asia,"Xinsi village (Tongwei Xian area, Dingxi district, Gansu Sheng province), Linjian village (Lintan Xian area, Gannan Tibetan district, Gansu Sheng province), Liping village (Hui Xian area, Longnan district, Gansu Sheng province)",,,No,No,No,,4.9,Moment Magnitude,33.068,104.95,,2006,6.0,20.0,2006,6.0,20.0,,5.0,125.0,,130.0,,,,,,,62.61719478103453,"[{""adm2_code"":13022,""adm2_name"":""Dingxi""},{""adm2_code"":13023,""adm2_name"":""Longnan""},{""adm2_code"":13027,""adm2_name"":""Gannan Tibetan""}]","[{""gid_2"":""CHN.5.2_1"",""migration_date"":""2025-12-20"",""migration_method"":""jaccard2"",""name_2"":""Dingxi""},{""gid_2"":""CHN.5.3_1"",""migration_date"":""2025-12-20"",""migration_method"":""jaccard2"",""name_2"":""Gannan Tibetan""},{""gid_2"":""CHN.5.9_1"",""migration_date"":""2025-12-20"",""migration_method"":""jaccard2"",""name_2"":""Longnan""}]",2014-03-11,2025-12-20,2006-06-20,2006-06-20,2006-06-20
2006-0620-CHN,No,nat-geo-ear-gro,Natural,Geophysical,Earthquake,Ground movement,USGS:usp000ewhk,,CHN,China,Eastern Asia,Asia,Chifeng district (Nei Mongol Zizhiqu province),,,No,No,No,,4.7,Moment Magnitude,43.469,119.558,,2006,11.0,3.0,2006,11.0,3.0,,,12000.0,,12000.0,,,,,291.0,465.0,62.61719478103453,"[{""adm2_code"":13194,""adm2_name"":""Chifeng""}]","[{""gid_2"":""CHN.19.4_1"",""migration_date"":""2025-12-20"",""migration_method"":""jaccard2"",""name_2"":""Chifeng""}]",2014-03-11,2025-12-20,2006-11-03,2006-11-03,2006-11-03
2006-0061-CHN,No,nat-geo-ear-gro,Natural,Geophysical,Earthquake,Ground movement,USGS:usp000e82j,,CHN,China,Eastern Asia,Asia,"Mojiang area (Pu'er district, Yunnan Sheng province)",,,No,No,No,,4.6,Moment Magnitude,23.282,101.693,,2006,1.0,12.0,2006,1.0,12.0,,1.0,,68760.0,68761.0,,,,,6900.0,11019.0,62.61719478103453,"[{""adm2_code"":13310,""adm2_name"":""Pu'er""}]","[{""gid_2"":""CHN.30.11_1"",""migration_date"":""2025-12-20"",""migration_method"":""jaccard2"",""name_2"":""Pu'er""}]",2006-02-02,2025-12-20,2006-01-12,2006-01-12,2006-01-12
2006-0475-CHN,No,nat-geo-ear-gro,Natural,Geophysical,Earthquake,Ground movement,USGS:usp000erq0,,CHN,China,Eastern Asia,Asia,"Doushazhen village (Yanjin Xian area, Zhaotong district, Yunnan Sheng province)",,"Slide (land, mud, snow, rock)",No,No,No,,5.0,Moment Magnitude,28.012,104.151,,2006,8.0,25.0,2006,8.0,25.0,1.0,31.0,45520.0,,45551.0,,,,,,,62.61719478103453,"[{""adm2_code"":13306,""adm2_name"":""Zhaotong""}]","[{""gid_2"":""CHN.30.16_1"",""migration_date"":""2025-12-20"",""migration_method"":""jaccard2"",""name_2"":""Zhaotong""}]",2007-01-03,2025-12-20,2006-08-25,2006-08-25,2006-08-25
2006-0699-SLV,No,nat-geo-ear-gro,Natural,Geophysical,Earthquake,Ground movement,GLIDE:EQ-2006-000196|USGS:usp000f0mk,,SLV,El Salvador,Latin America and the Caribbean,Americas,"San Lorenzo, Atiquizaya, Ahuachapan, Turin, El Refugio districts (Ahuachapan province)",,,No,No,Yes,,4.1,Moment Magnitude,14.028,-89.785,,2006,12.0,17.0,2006,12.0,17.0,,,16470.0,,16470.0,,,,,,,62.61719478103453,"[{""adm2_code"":15566,""adm2_name"":""Ahuachapan""},{""adm2_code"":15568,""adm2_name"":""Atiquizaya""},{""adm2_code"":15570,""adm2_name"":""El Refugio""},{""adm2_code"":15574,""adm2_name"":""San Lorenzo""},{""adm2_code"":15577,""adm2_name"":""Turin""}]","[{""gid_1"":""SLV.1_1"",""migration_date"":""2025-12-20"",""migration_method"":""parent2_1"",""name_1"":""Ahuachapán""},{""gid_1"":""SLV.1_1"",""migration_date"":""2025-12-20"",""migration_method"":""parent2_1"",""name_1"":""Ahuachapán""}]",2011-04-07,2025-12-20,2006-12-17,2006-12-17,2006-12-17
2006-0279-IDN,No,nat-geo-ear-gro,Natural,Geophysical,Earthquake,Ground movement,GLIDE:EQ-2006-000064|USGS:usp000ej1c,,IDN,Indonesia,South-eastern Asia,Asia,"Kulonprogo, Sleman, Kota Yogyakarta, Gunungkidul, Bantul districts (Daerah Istimewa Yogyakarta province), Purworejo, Kota Klaten, Magelang, Klaten, Boyolali districts (Jawa Tengah province)",,,Yes,No,No,88051.0,6.3,Moment Magnitude,-7.961,110.446,,2006,5.0,26.0,2006,5.0,26.0,5778.0,137883.0,2340745.0,699295.0,3177923.0,,,40000.0,63880.0,3100000.0,4950717.0,62.61719478103453,"[{""adm2_code"":17981,""adm2_name"":""Bantul""},{""adm2_code"":17982,""adm2_name"":""Gunungkidul""},{""adm2_code"":17983,""adm2_name"":""Kota Yogyakarta""},{""adm2_code"":17984,""adm2_name"":""Kulonprogo""},{""adm2_code"":17985,""adm2_name"":""Sleman""},{""adm2_code"":18034,""adm2_name"":""Boyolali""},{""adm2_code"":18042,""adm2_name"":""Klaten""},{""adm2_code"":18050,""adm2_name"":""Magelang""},{""adm2_code"":18055,""adm2_name"":""Purworejo""},{""adm2_code"":73730,""adm2_name"":""Kota Klaten""}]","[{""gid_2"":""IDN.10.14_1"",""migration_date"":""2025-12-20"",""migration_method"":""bufhaus2"",""name_2"":""Klaten""},{""gid_2"":""IDN.10.14_1"",""migration_date"":""2025-12-20"",""migration_method"":""jaccard2"",""name_2"":""Klaten""},{""gid_2"":""IDN.10.20_1"",""migration_date"":""2025-12-20"",""migration_method"":""jaccard2"",""name_2"":""Magelang""},{""gid_2"":""IDN.10.25_1"",""migration_date"":""2025-12-20"",""migration_method"":""jaccard2"",""name_2"":""Purworejo""},{""gid_2"":""IDN.10.5_1"",""migration_date"":""2025-12-20"",""migration_method"":""jaccard2"",""name_2"":""Boyolali""},{""gid_2"":""IDN.33.1_1"",""migration_date"":""2025-12-20"",""migration_method"":""jaccard2"",""name_2"":""Bantul""},{""gid_2"":""IDN.33.2_1"",""migration_date"":""2025-12-20"",""migration_method"":""jaccard2"",""name_2"":""Gunung Kidul""},{""gid_2"":""IDN.33.3_1"",""migration_date"":""2025-12-20"",""migration_method"":""jaccard2"",""name_2"":""Kota Yogyakarta""},{""gid_2"":""IDN.33.4_1"",""migration_date"":""2025-12-20"",""migration_method"":""jaccard2"",""name_2"":""Kulon Progo""},{""gid_2"":""IDN.33.5_1"",""migration_date"":""2025-12-20"",""migration_method"":""jaccard2"",""name_2"":""Sleman""}]",2008-05-08,2025-12-20,2006-05-26,2006-05-26,2006-05-26
2006-0231-IDN,No,nat-geo-ear-tsu,Natural,Geophysical,Earthquake,Tsunami,GLIDE:EQ-2006-000035|USGS:usp000ec4d,,IDN,Indonesia,South-eastern Asia,Asia,"Pela, Batu Junku, Waimarot, Wailawa, Waimoly villages (Bata Bual sub-district,Buru district, Maluku Utara province)",,Tsunami/Tidal wave,No,No,No,,6.7,Moment Magnitude,-3.595,127.214,,2006,3.0,14.0,2006,3.0,14.0,3.0,2.0,1200.0,,1202.0,,,,,,,62.61719478103453,"[{""adm2_code"":73665,""adm2_name"":""Buru""}]","[{""gid_2"":""IDN.19.2_1"",""migration_date"":""2025-12-20"",""migration_method"":""puzzle2_2"",""name_2"":""Buru Selatan""},{""gid_2"":""IDN.19.3_1"",""migration_date"":""2025-12-20"",""migration_method"":""puzzle2_2"",""name_2"":""Buru""}]",2014-02-25,2025-12-20,2006-03-14,2006-03-14,2006-03-14
2006-0372-IDN,No,nat-geo-ear-tsu,Natural,Geophysical,Earthquake,Tsunami,GLIDE:EQ-2006-000087|GLIDE:TS-2006-000087|USGS:usp000ensm,,IDN,Indonesia,South-eastern Asia,Asia,"Tasikmalaya, Kota Tasikmalaya, Ciamis, Sukabumi, kota Sukabumi, Garut districts (Jawa Barat province), Cilacap, Kebumen, Banyumas districts (Jawa Tengah province), Gunungkidul, Bantul district (Daerah Istimewa Yogyakarta province)",Earthquake,,Yes,No,No,3817.0,7.7,Moment Magnitude,-9.284,107.419,,2006,7.0,17.0,2006,7.0,17.0,802.0,543.0,35000.0,,35543.0,,,1000.0,1597.0,55000.0,87835.0,62.61719478103453,"[{""adm2_code"":17981,""adm2_name"":""Bantul""},{""adm2_code"":17982,""adm2_name"":""Gunungkidul""},{""adm2_code"":18031,""adm2_name"":""Banyumas""},{""adm2_code"":18036,""adm2_name"":""Cilacap""},{""adm2_code"":18041,""adm2_name"":""Kebumen""},{""adm2_code"":18012,""adm2_name"":""Garut""},{""adm2_code"":18018,""adm2_name"":""Kota Sukabumi""},{""adm2_code"":18026,""adm2_name"":""Sukabumi""},{""adm2_code"":73667,""adm2_name"":""Ciamis""},{""adm2_code"":73756,""adm2_name"":""Kota Tasikmalaya""},{""adm2_code"":73867,""adm2_name"":""Tasikmalaya""}]","[{""gid_2"":""IDN.10.12_1"",""migration_date"":""2025-12-20"",""migration_method"":""jaccard2"",""name_2"":""Kebumen""},{""gid_2"":""IDN.10.2_1"",""migration_date"":""2025-12-20"",""migration_method"":""jaccard2"",""name_2"":""Banyumas""},{""gid_2"":""IDN.10.7_1"",""migration_date"":""2025-12-20"",""migration_method"":""jaccard2"",""name_2"":""Cilacap""},{""gid_2"":""IDN.33.1_1"",""migration_date"":""2025-12-20"",""migration_method"":""jaccard2"",""name_2"":""Bantul""},{""gid_2"":""IDN.33.2_1"",""migration_date"":""2025-12-20"",""migration_method"":""jaccard2"",""name_2"":""Gunung Kidul""},{""gid_2"":""IDN.9.11_1"",""migration_date"":""2025-12-20"",""migration_method"":""jaccard2"",""name_2"":""Garut""},{""gid_2"":""IDN.9.18_1"",""migration_date"":""2025-12-20"",""migration_method"":""jaccard2"",""name_2"":""Kota Sukabumi""},{""gid_2"":""IDN.9.19_1"",""migration_date"":""2025-12-20"",""migration_method"":""jaccard2"",""name_2"":""Kota Tasikmalaya""},{""gid_2"":""IDN.9.24_1"",""migration_date"":""2025-12-20"",""migration_method"":""jaccard2"",""name_2"":""Sukabumi""},{""gid_2"":""IDN.9.26_1"",""migration_date"":""2025-12-20"",""migration_method"":""jaccard2"",""name_2"":""Tasikmalaya""},{""gid_2"":""IDN.9.6_1"",""migration_date"":""2025-12-20"",""migration_method"":""jaccard2"",""name_2"":""Ciamis""}]",2011-07-28,2025-12-20,2006-07-17,2006-07-17,2006-07-17
2006-0705-IDN,No,nat-geo-ear-gro,Natural,Geophysical,Earthquake,Ground movement,USGS:usp000ez9y,,IDN,Indonesia,South-eastern Asia,Asia,Bima district (Nusatenggara Barat province),,,No,No,No,,6.3,Moment Magnitude,-8.261,118.753,,2006,12.0,1.0,2006,12.0,1.0,1.0,14.0,,100.0,114.0,,,,,,,62.61719478103453,"[{""adm2_code"":73656,""adm2_name"":""Bima""}]","[{""gid_2"":""IDN.20.1_1"",""migration_date"":""2025-12-20"",""migration_method"":""jaccard2"",""name_2"":""Bima""}]",2007-01-03,2025-12-20,2006-12-01,2006-12-01,2006-12-01
2006-0678-IDN,No,nat-geo-ear-gro,Natural,Geophysical,Earthquake,Ground movement,GLIDE:EQ-2006-000186|GLIDE:EQ-2006-000187|USGS:usp000f0er,,IDN,Indonesia,South-eastern Asia,Asia,"Muara Sipongi area (Mandailingnatal district, Sumatera Utara province)",,"Slide (land, mud, snow, rock)",No,No,No,,5.8,Moment Magnitude,0.626,99.859,,2006,12.0,17.0,2006,12.0,17.0,8.0,200.0,1000.0,,1200.0,,,,,,,62.61719478103453,"[{""adm2_code"":73787,""adm2_name"":""Mandailingnatal""}]","[{""gid_2"":""IDN.32.16_1"",""migration_date"":""2025-12-20"",""migration_method"":""jaccard2"",""name_2"":""Mandailing Natal""}]",2008-05-08,2025-12-20,2006-12-17,2006-12-17,2006-12-17
2006-0123-IRN,No,nat-geo-ear-gro,Natural,Geophysical,Earthquake,Ground movement,USGS:usp000eb19,,IRN,Iran (Islamic Republic of),Southern Asia,Asia,"Faryab village (Kahnug district, Kerman province), Baft, Jiroft districts (Kerman province)",,,No,No,No,,6.0,Moment Magnitude,28.12,56.865,,2006,2.0,28.0,2006,2.0,28.0,,6.0,7000.0,,7006.0,,,,,,,62.61719478103453,"[{""adm2_code"":40890,""adm2_name"":""Baft""},{""adm2_code"":40981,""adm2_name"":""Jiroft""},{""adm2_code"":40985,""adm2_name"":""Kahnug""}]","[{""gid_2"":""IRN.13.1_1"",""migration_date"":""2025-12-20"",""migration_method"":""jaccard2"",""name_2"":""Baft""},{""gid_2"":""IRN.13.4_1"",""migration_date"":""2025-12-20"",""migration_method"":""jaccard2"",""name_2"":""Jiroft""},{""gid_2"":""IRN.13.5_1"",""migration_date"":""2025-12-20"",""migration_method"":""jaccard2"",""name_2"":""Kahnuj""}]",2014-03-07,2025-12-20,2006-02-28,2006-02-28,2006-02-28
2006-0153-IRN,No,nat-geo-ear-gro,Natural,Geophysical,Earthquake,Ground movement,GLIDE:EQ-2006-000043|USGS:usp000edad,,IRN,Iran (Islamic Republic of),Southern Asia,Asia,"Aleshtar village (Selseleh district, Lorestan province), Silakhor village (Dorud district, Lorestan province), Borugerd, Khorramabad districts (Lorestan province)",,,No,No,No,5315.0,6.1,Moment Magnitude,33.5,48.78,,2006,3.0,31.0,2006,3.0,31.0,63.0,1418.0,160000.0,,161418.0,,,,,42262.0,67493.0,62.61719478103453,"[{""adm2_code"":40911,""adm2_name"":""Borugerd""},{""adm2_code"":40937,""adm2_name"":""Dorud""},{""adm2_code"":41001,""adm2_name"":""Khorramabad""},{""adm2_code"":41097,""adm2_name"":""Selseleh""}]",,2007-11-08,2025-06-25,2006-03-31,2006-03-31,2006-03-31
2006-0239-IRN,No,nat-geo-ear-gro,Natural,Geophysical,Earthquake,Ground movement,USGS:usp000egfm,,IRN,Iran (Islamic Republic of),Southern Asia,Asia,Zarand district (Kerman province),,,No,No,No,,5.0,Moment Magnitude,30.79,56.7,,2006,5.0,7.0,2006,5.0,7.0,,70.0,,,70.0,,,,,,,62.61719478103453,"[{""adm2_code"":41141,""adm2_name"":""Zarand""}]",,2007-01-03,2023-09-25,2006-05-07,2006-05-07,2006-05-07
2006-0694-KGZ,No,nat-geo-ear-gro,Natural,Geophysical,Earthquake,Ground movement,GLIDE:EQ-2006-000195|USGS:usp000f0zk,,KGZ,Kyrgyzstan,Central Asia,Asia,"Isakeevo, Kochkorka, Semiz-Bel areas (Kochkor district, Naryn province)",,,No,No,No,312.0,5.8,Moment Magnitude,42.156,76.163,,2006,12.0,26.0,2006,12.0,26.0,,,12000.0,50.0,12050.0,,,,,,,62.61719478103453,"[{""adm2_code"":18614,""adm2_name"":""Kochkor""}]","[{""gid_2"":""KGZ.5.4_1"",""migration_date"":""2025-12-20"",""migration_method"":""jaccard2"",""name_2"":""Kochkor""}]",2007-02-19,2025-12-20,2006-12-26,2006-12-26,2006-12-26
2006-0100-MOZ,No,nat-geo-ear-gro,Natural,Geophysical,Earthquake,Ground movement,USGS:usp000eamh,,MOZ,Mozambique,Sub-Saharan Africa,Africa,"Machaze, Mossurize, Cidade de Chimoio districts (Manica province), Cidade da Beira district (Sofala province)",,,No,No,No,,7.0,Moment Magnitude,-21.324,33.583,,2006,2.0,22.0,2006,2.0,22.0,4.0,36.0,,1440.0,1476.0,,,,,,,62.61719478103453,"[{""adm2_code"":21875,""adm2_name"":""Machaze""},{""adm2_code"":21878,""adm2_name"":""Mossurize""},{""adm2_code"":65251,""adm2_name"":""Cidade de Chimoio""},{""adm2_code"":65263,""adm2_name"":""Cidade da Beira""}]","[{""gid_2"":""MOZ.4.2_1"",""migration_date"":""2025-12-20"",""migration_method"":""bufhaus2"",""name_2"":""Gondola""},{""gid_2"":""MOZ.4.4_1"",""migration_date"":""2025-12-20"",""migration_method"":""jaccard2"",""name_2"":""Machaze""},{""gid_2"":""MOZ.4.7_1"",""migration_date"":""2025-12-20"",""migration_method"":""jaccard2"",""name_2"":""Mossurize""},{""gid_2"":""MOZ.9.6_1"",""migration_date"":""2025-12-20"",""migration_method"":""bufhaus2"",""name_2"":""Dondo""}]",2009-12-09,2025-12-20,2006-02-22,2006-02-22,2006-02-22
2006-0214-RUS,No,nat-geo-ear-gro,Natural,Geophysical,Earthquake,Ground movement,GLIDE:EQ-2006-000051|USGS:usp000ef1h,,RUS,Russian Federation,Eastern Europe,Europe,"Apuka, Khailino and Vyvenka villages, Korf-Tilichiki area (Koryakskiy Okrug province)",,,No,No,No,,7.6,Moment Magnitude,60.949,167.089,,2006,4.0,20.0,2006,4.0,20.0,,40.0,12000.0,,12040.0,,,,,55000.0,87835.0,62.61719478103453,"[{""adm1_code"":2522,""adm1_name"":""Koryakskiy Okrug""}]","[{""gid_2"":""RUS.24.4_1"",""migration_date"":""2025-12-20"",""migration_method"":""puzzle1_2"",""name_2"":""Karaginskiy rayon""},{""gid_2"":""RUS.24.6_1"",""migration_date"":""2025-12-20"",""migration_method"":""puzzle1_2"",""name_2"":""Olyutorskiy rayon""},{""gid_2"":""RUS.24.7_1"",""migration_date"":""2025-12-20"",""migration_method"":""puzzle1_2"",""name_2"":""Penzhinskiy rayon""},{""gid_2"":""RUS.24.9_1"",""migration_date"":""2025-12-20"",""migration_method"":""puzzle1_2"",""name_2"":""Tigil'skiy rayon""}]",2014-03-25,2025-12-20,2006-04-20,2006-04-20,2006-04-20
2006-0688-TWN,No,nat-geo-ear-gro,Natural,Geophysical,Earthquake,Ground movement,GLIDE:EQ-2006-000194|USGS:usp000f114,,TWN,Taiwan (Province of China),Eastern Asia,Asia,"Pingtung city (Name Unknown district, Taiwan Sheng province)",,,No,No,No,,7.1,Moment Magnitude,21.799,120.547,,2006,12.0,26.0,2006,12.0,26.0,2.0,42.0,,,42.0,,,,,,,62.61719478103453,"[{""adm2_code"":13277,""adm2_name"":""Name Unknown""}]","[{""gid_2"":""TWN.2.1_1"",""migration_date"":""2025-12-20"",""migration_method"":""puzzle2_2"",""name_2"":""Kaohsiung""},{""gid_2"":""TWN.3.1_1"",""migration_date"":""2025-12-20"",""migration_method"":""puzzle2_2"",""name_2"":""New Taipei""},{""gid_2"":""TWN.4.1_1"",""migration_date"":""2025-12-20"",""migration_method"":""puzzle2_2"",""name_2"":""Taichung""},{""gid_2"":""TWN.5.1_1"",""migration_date"":""2025-12-20"",""migration_method"":""puzzle2_2"",""name_2"":""Tainan""},{""gid_2"":""TWN.7.11_1"",""migration_date"":""2025-12-20"",""migration_method"":""puzzle2_2"",""name_2"":""Pingtung""},{""gid_2"":""TWN.7.12_1"",""migration_date"":""2025-12-20"",""migration_method"":""puzzle2_2"",""name_2"":""Taitung""},{""gid_2"":""TWN.7.13_1"",""migration_date"":""2025-12-20"",""migration_method"":""puzzle2_2"",""name_2"":""Taoyuan""},{""gid_2"":""TWN.7.14_1"",""migration_date"":""2025-12-20"",""migration_method"":""puzzle2_2"",""name_2"":""Yilan""},{""gid_2"":""TWN.7.15_1"",""migration_date"":""2025-12-20"",""migration_method"":""puzzle2_2"",""name_2"":""Yulin""},{""gid_2"":""TWN.7.1_1"",""migration_date"":""2025-12-20"",""migration_method"":""puzzle2_2"",""name_2"":""Changhua""},{""gid_2"":""TWN.7.2_1"",""migration_date"":""2025-12-20"",""migration_method"":""puzzle2_2"",""name_2"":""Chiayi City""},{""gid_2"":""TWN.7.3_1"",""migration_date"":""2025-12-20"",""migration_method"":""puzzle2_2"",""name_2"":""Chiayi County""},{""gid_2"":""TWN.7.4_1"",""migration_date"":""2025-12-20"",""migration_method"":""puzzle2_2"",""name_2"":""Hsinchu City""},{""gid_2"":""TWN.7.5_1"",""migration_date"":""2025-12-20"",""migration_method"":""puzzle2_2"",""name_2"":""Hsinchu County""},{""gid_2"":""TWN.7.6_1"",""migration_date"":""2025-12-20"",""migration_method"":""puzzle2_2"",""name_2"":""Hualien""},{""gid_2"":""TWN.7.8_1"",""migration_date"":""2025-12-20"",""migration_method"":""puzzle2_2"",""name_2"":""Miaoli""},{""gid_2"":""TWN.7.9_1"",""migration_date"":""2025-12-20"",""migration_method"":""puzzle2_2"",""name_2"":""Nantou""}]",2014-02-19,2025-12-20,2006-12-26,2006-12-26,2006-12-26
2006-0405-TJK,No,nat-geo-ear-gro,Natural,Geophysical,Earthquake,Ground movement,GLIDE:EQ-2006-000109|GLIDE:EQ-2006-000111|USGS:usp000epsz,,TJK,Tajikistan,Central Asia,Asia,"Kumsangir village (Kolhosobadskiy districts, Khatlon province), Panj Jamoat village (Piynjskiy districts, Khatlon province)",,,Yes,Yes,No,257.0,5.6,Moment Magnitude,37.255,68.828,,2006,7.0,29.0,2006,7.0,29.0,3.0,19.0,15408.0,,15427.0,,,,,22000.0,35134.0,62.61719478103453,"[{""adm2_code"":37589,""adm2_name"":""Kolhosobadskiy""},{""adm2_code"":37596,""adm2_name"":""Piynjskiy""}]",,2011-07-28,2025-06-25,2006-07-29,2006-07-29,2006-07-29
2006-0704-USA,No,nat-geo-ear-gro,Natural,Geophysical,Earthquake,Ground movement,GLIDE:EQ-2006-000149|USGS:usp000ev94,,USA,United States of America,Northern America,Americas,Hawai province,,"Slide (land, mud, snow, rock)|Tsunami/Tidal wave",No,No,No,,6.7,Moment Magnitude,19.878,-155.935,,2006,10.0,15.0,2006,10.0,15.0,,10.0,3519.0,,3529.0,,,40000.0,63880.0,150000.0,239551.0,62.61719478103453,"[{""adm1_code"":3225,""adm1_name"":""Hawaii""}]","[{""gid_1"":""USA.12_1"",""migration_date"":""2025-12-20"",""migration_method"":""jaccard1"",""name_1"":""Hawaii""}]",2007-01-03,2025-12-20,2006-10-15,2006-10-15,2006-10-15
2007-0572-BRB,No,nat-geo-ear-gro,Natural,Geophysical,Earthquake,Ground movement,GLIDE:EQ-2007-000218|USGS:usp000ftj1,,BRB,Barbados,Latin America and the Caribbean,Americas,Bridgetown (St. Michael Province),,"Slide (land, mud, snow, rock)",No,No,No,,7.4,Moment Magnitude,14.944,-61.274,,2007,11.0,29.0,2007,11.0,29.0,,1.0,,,1.0,,,,,,,64.40346368476521,"[{""adm2_code"":5832,""adm2_name"":""Administrative unit not available""}]",,2008-08-01,2025-03-17,2007-11-29,2007-11-29,2007-11-29
2007-0653-BRA,No,nat-geo-ear-gro,Natural,Geophysical,Earthquake,Ground movement,USGS:usp000fu34,,BRA,Brazil,Latin America and the Caribbean,Americas,"Itacarambi, Januaria, Manga, Varzelandia districts (Minas Gerais province)",,,No,No,No,,4.9,Moment Magnitude,-15.048,-44.231,,2007,12.0,9.0,2007,12.0,9.0,1.0,6.0,280.0,,286.0,,,,,,,64.40346368476521,"[{""adm2_code"":8235,""adm2_name"":""Itacarambi""},{""adm2_code"":8269,""adm2_name"":""Januaria""},{""adm2_code"":8323,""adm2_name"":""Manga""},{""adm2_code"":8708,""adm2_name"":""Varzelandia""}]","[{""gid_2"":""BRA.13.365_2"",""migration_date"":""2025-12-20"",""migration_method"":""jaccard2"",""name_2"":""Itacarambi""},{""gid_2"":""BRA.13.399_2"",""migration_date"":""2025-12-20"",""migration_method"":""jaccard2"",""name_2"":""Januária""},{""gid_2"":""BRA.13.453_2"",""migration_date"":""2025-12-20"",""migration_method"":""jaccard2"",""name_2"":""Manga""},{""gid_2"":""BRA.13.838_2"",""migration_date"":""2025-12-20"",""migration_method"":""jaccard2"",""name_2"":""Varzelândia""}]",2014-03-27,2025-12-20,2007-12-09,2007-12-09,2007-12-09
2007-0587-CHL,No,nat-geo-ear-gro,Natural,Geophysical,Earthquake,Ground movement,GLIDE:EQ-2007-000207|USGS:usp000fshy,,CHL,Chile,Latin America and the Caribbean,Americas,"Tocopilla, Maria Elena, Quillagua town (Topicalla Province, Antofagasta Region), Mejillones (Antofagasta Province, Antofagasta Region)",,,No,No,Yes,,7.7,Moment Magnitude,-22.247,-69.89,,2007,11.0,14.0,2007,11.0,14.0,2.0,155.0,25000.0,,25155.0,,,,,100000.0,155271.0,64.40346368476521,"[{""adm2_code"":12932,""adm2_name"":""Antofagasta""},{""adm2_code"":12934,""adm2_name"":""Tocopilla""}]","[{""gid_2"":""CHL.2.1_1"",""migration_date"":""2025-12-20"",""migration_method"":""jaccard2"",""name_2"":""Antofagasta""},{""gid_2"":""CHL.2.3_1"",""migration_date"":""2025-12-20"",""migration_method"":""jaccard2"",""name_2"":""Tocopilla""}]",2008-08-01,2025-12-20,2007-11-14,2007-11-14,2007-11-14
2007-0158-CHL,No,nat-geo-ear-tsu,Natural,Geophysical,Earthquake,Tsunami,USGS:usp000fa97,,CHL,Chile,Latin America and the Caribbean,Americas,"Puerto Aisen, Puerto Chacabuco towns (Aisen district, Aisen del General Carlos Ibañez del Campo province), Balmacada town (Coyhaique district, Aisen province), Cochrane town (Capitan Prat district, Aisen province)",Sub-marine volcano,Tsunami/Tidal wave,No,No,No,,6.2,Moment Magnitude,-45.243,-72.648,,2007,4.0,21.0,2007,4.0,21.0,10.0,,,,,,,,,,,64.40346368476521,"[{""adm2_code"":12940,""adm2_name"":""Aisen""},{""adm2_code"":12941,""adm2_name"":""Capitan Prat""},{""adm2_code"":12942,""adm2_name"":""Coyhaique""}]","[{""gid_2"":""CHL.1.1_1"",""migration_date"":""2025-12-20"",""migration_method"":""jaccard2"",""name_2"":""Aysén""},{""gid_2"":""CHL.1.2_1"",""migration_date"":""2025-12-20"",""migration_method"":""jaccard2"",""name_2"":""Capitán Prat""},{""gid_2"":""CHL.1.3_1"",""migration_date"":""2025-12-20"",""migration_method"":""jaccard2"",""name_2"":""Coyhaique""}]",2007-08-19,2025-12-20,2007-04-21,2007-04-21,2007-04-21
2007-0217-CHN,No,nat-geo-ear-gro,Natural,Geophysical,Earthquake,Ground movement,GLIDE:EQ-2007-000074|USGS:usp000fd8a,,CHN,China,Eastern Asia,Asia,Pu'er district (Yunnan Sheng province),,,No,No,No,,6.1,Moment Magnitude,23.028,101.052,,2007,6.0,2.0,2007,6.0,2.0,3.0,329.0,,,329.0,,,10000.0,15527.0,342000.0,531027.0,64.40346368476521,"[{""adm2_code"":13310,""adm2_name"":""Pu'er""}]","[{""gid_2"":""CHN.30.11_1"",""migration_date"":""2025-12-20"",""migration_method"":""jaccard2"",""name_2"":""Pu'er""}]",2008-08-04,2025-12-20,2007-06-02,2007-06-02,2007-06-02
2007-0433-COL,No,nat-geo-ear-gro,Natural,Geophysical,Earthquake,Ground movement,USGS:usp000fmtk,,COL,Colombia,Latin America and the Caribbean,Americas,"El Charco, El Charco (is.), Mosquera, La Tola districts (Narino department)",,,No,No,No,,6.8,Moment Magnitude,2.966,-77.963,,2007,9.0,10.0,2007,9.0,10.0,,5.0,170.0,,175.0,,,,,,,64.40346368476521,"[{""adm2_code"":14075,""adm2_name"":""El Charco""},{""adm2_code"":14076,""adm2_name"":""El Charco (is.)""},{""adm2_code"":14091,""adm2_name"":""La Tola""},{""adm2_code"":14098,""adm2_name"":""Mosquera""}]",,2014-04-02,2023-09-25,2007-09-10,2007-09-10,2007-09-10
2007-0461-HND,No,nat-geo-ear-gro,Natural,Geophysical,Earthquake,Ground movement,GLIDE:EQ-2007-000166|USGS:usp000fnc9,,HND,Honduras,Latin America and the Caribbean,Americas,"El Progreso district (Yoro province), Santa Barbara, Las Vegas districts (Santa Barbara province)",,,No,No,No,,5.3,Moment Magnitude,14.828,-87.12,,2007,9.0,15.0,2007,9.0,15.0,,18.0,,1865.0,1883.0,,,,,,,64.40346368476521,"[{""adm2_code"":17463,""adm2_name"":""Las Vegas""},{""adm2_code"":17477,""adm2_name"":""Santa Barbara""},{""adm2_code"":17491,""adm2_name"":""El Progreso""}]","[{""gid_2"":""HND.16.11_1"",""migration_date"":""2025-12-20"",""migration_method"":""jaccard2"",""name_2"":""Las Vegas""},{""gid_2"":""HND.16.26_1"",""migration_date"":""2025-12-20"",""migration_method"":""jaccard2"",""name_2"":""Santa Bárbara""},{""gid_2"":""HND.18.3_1"",""migration_date"":""2025-12-20"",""migration_method"":""jaccard2"",""name_2"":""El Progreso""}]",2014-02-19,2025-12-20,2007-09-15,2007-09-15,2007-09-15
2007-0485-IDN,No,nat-geo-ear-gro,Natural,Geophysical,Earthquake,Ground movement,USGS:usp000fmst,,IDN,Indonesia,South-eastern Asia,Asia,Situbondo district (Java Timur province),,,No,No,No,,4.9,Moment Magnitude,-7.783,114.338,,2007,9.0,9.0,2007,9.0,9.0,,19.0,450.0,,469.0,,,,,,,64.40346368476521,"[{""adm2_code"":18096,""adm2_name"":""Situbondo""}]","[{""gid_2"":""IDN.11.33_1"",""migration_date"":""2025-12-20"",""migration_method"":""jaccard2"",""name_2"":""Situbondo""}]",2008-03-30,2025-12-20,2007-09-09,2007-09-09,2007-09-09
2007-0087-IDN,No,nat-geo-ear-gro,Natural,Geophysical,Earthquake,Ground movement,GLIDE:EQ-2007-000033|USGS:usp000f660,,IDN,Indonesia,South-eastern Asia,Asia,"Tanahdatar, Solok, Kota Solok, Padangpariaman, Kota Padangpanjang, Kota Payakumbuh, Kota Bukitinggi, Agam, Limapuluhkoto, Kota Pariaman districts (Sumatera Barat province)",,,Yes,No,No,1877.0,6.3,Moment Magnitude,-0.488,100.53,,2007,3.0,6.0,2007,3.0,6.0,67.0,826.0,136834.0,,137660.0,,,5000.0,7764.0,200000.0,310542.0,64.40346368476521,"[{""adm2_code"":18202,""adm2_name"":""Agam""},{""adm2_code"":18205,""adm2_name"":""Kota Padangpanjang""},{""adm2_code"":18207,""adm2_name"":""Kota Solok""},{""adm2_code"":18208,""adm2_name"":""Limapuluhkoto""},{""adm2_code"":18215,""adm2_name"":""Tanahdatar""},{""adm2_code"":73716,""adm2_name"":""Kota Bukitinggi""},{""adm2_code"":73743,""adm2_name"":""Kota Pariaman""},{""adm2_code"":73746,""adm2_name"":""Kota Payakumbuh""},{""adm2_code"":73819,""adm2_name"":""Padangpariaman""},{""adm2_code"":73853,""adm2_name"":""Solok""}]","[{""gid_2"":""IDN.30.11_1"",""migration_date"":""2025-12-20"",""migration_method"":""bufhaus2"",""name_2"":""Pariaman""},{""gid_2"":""IDN.30.14_1"",""migration_date"":""2025-12-20"",""migration_method"":""jaccard2"",""name_2"":""Payakumbuh""},{""gid_2"":""IDN.30.19_1"",""migration_date"":""2025-12-20"",""migration_method"":""jaccard2"",""name_2"":""Solok""},{""gid_2"":""IDN.30.1_1"",""migration_date"":""2025-12-20"",""migration_method"":""jaccard2"",""name_2"":""Agam""},{""gid_2"":""IDN.30.20_1"",""migration_date"":""2025-12-20"",""migration_method"":""puzzle2_2"",""name_2"":""Tanah Datar""},{""gid_2"":""IDN.30.2_1"",""migration_date"":""2025-12-20"",""migration_method"":""jaccard2"",""name_2"":""Bukittinggi""},{""gid_2"":""IDN.30.3_1"",""migration_date"":""2025-12-20"",""migration_method"":""puzzle2_2"",""name_2"":""Danau""},{""gid_2"":""IDN.30.6_1"",""migration_date"":""2025-12-20"",""migration_method"":""bufhaus2"",""name_2"":""Kota Solok""},{""gid_2"":""IDN.30.7_1"",""migration_date"":""2025-12-20"",""migration_method"":""jaccard2"",""name_2"":""Lima Puluh Kota""},{""gid_2"":""IDN.30.8_1"",""migration_date"":""2025-12-20"",""migration_method"":""bufhaus2"",""name_2"":""Padang Panjang""},{""gid_2"":""IDN.30.9_1"",""migration_date"":""2025-12-20"",""migration_method"":""jaccard2"",""name_2"":""Padang Pariaman""}]",2008-08-04,2025-12-20,2007-03-06,2007-03-06,2007-03-06
2007-0565-IDN,No,nat-geo-ear-gro,Natural,Geophysical,Earthquake,Ground movement,GLIDE:EQ-2007-000215|GLIDE:EQ-2007-000218|USGS:usp000ft98,,IDN,Indonesia,South-eastern Asia,Asia,Sumbawa district (Nusatengarra Barat province),,,No,No,No,,6.5,Moment Magnitude,-8.292,118.37,,2007,11.0,25.0,2007,11.0,25.0,3.0,1800.0,20000.0,,21800.0,,,,,,,64.40346368476521,"[{""adm2_code"":73858,""adm2_name"":""Sumbawa""}]","[{""gid_2"":""IDN.20.10_1"",""migration_date"":""2025-12-20"",""migration_method"":""jaccard2"",""name_2"":""Sumbawa""}]",2008-08-01,2025-12-20,2007-11-25,2007-11-25,2007-11-25
2007-0440-IDN,No,nat-geo-ear-gro,Natural,Geophysical,Earthquake,Ground movement,GLIDE:EQ-2007-000157|USGS:official20070912111026830_34,,IDN,Indonesia,South-eastern Asia,Asia,"Bengkulu, Jambi, Riau, Sumatera Barat provinces",,Tsunami/Tidal wave,Yes,No,No,687.0,8.4,Moment Magnitude,-4.438,101.367,,2007,9.0,12.0,2007,9.0,12.0,25.0,82.0,422685.0,36800.0,459567.0,,,,,500000.0,776356.0,64.40346368476521,"[{""adm1_code"":1514,""adm1_name"":""Bengkulu""},{""adm1_code"":1518,""adm1_name"":""Jambi""},{""adm1_code"":1535,""adm1_name"":""Sumatera Barat""},{""adm1_code"":73618,""adm1_name"":""Riau""}]","[{""gid_1"":""IDN.24_1"",""migration_date"":""2025-12-20"",""migration_method"":""jaccard1"",""name_1"":""Riau""},{""gid_1"":""IDN.30_1"",""migration_date"":""2025-12-20"",""migration_method"":""jaccard1"",""name_1"":""Sumatera Barat""},{""gid_1"":""IDN.5_1"",""migration_date"":""2025-12-20"",""migration_method"":""jaccard1"",""name_1"":""Bengkulu""},{""gid_1"":""IDN.8_1"",""migration_date"":""2025-12-20"",""migration_method"":""jaccard1"",""name_1"":""Jambi""}]",2014-02-25,2026-01-25,2007-09-12,2007-09-12,2007-09-12
2007-0258-JPN,No,nat-geo-ear-gro,Natural,Geophysical,Earthquake,Ground movement,GLIDE:EQ-2007-000102|USGS:usp000fg9t,,JPN,Japan,Eastern Asia,Asia,"Aikawamati, Akadomarimura, Hatanomati, Izumozakimati, Kanaimati, Kariwamura, Kasiwazakisi, Manomati, Nagaokasi, Niigatasi, Odiyasi, Ogimati, Sanzyoosi, Sawatamati, Yosidamati, Zyooetusi districts (Niigata province), Nagano, Toyama provinces",,Fire|Tsunami/Tidal wave,Yes,No,No,,6.6,Moment Magnitude,37.535,138.446,,2007,7.0,16.0,2007,7.0,16.0,9.0,1000.0,13000.0,,14000.0,,,335000.0,520158.0,12500000.0,19408894.0,64.40346368476521,"[{""adm1_code"":1675,""adm1_name"":""Nagano""},{""adm1_code"":1692,""adm1_name"":""Toyama""},{""adm2_code"":35494,""adm2_name"":""Aikawamati""},{""adm2_code"":35495,""adm2_name"":""Akadomarimura""},{""adm2_code"":35503,""adm2_name"":""Hatanomati""},{""adm2_code"":35510,""adm2_name"":""Izumozakimati""},{""adm2_code"":35516,""adm2_name"":""Kanaimati""},{""adm2_code"":35518,""adm2_name"":""Kariwamura""},{""adm2_code"":35519,""adm2_name"":""Kasiwazakisi""},{""adm2_code"":35534,""adm2_name"":""Manomati""},{""adm2_code"":35546,""adm2_name"":""Nagaokasi""},{""adm2_code"":35553,""adm2_name"":""Niigatasi""},{""adm2_code"":35558,""adm2_name"":""Odiyasi""},{""adm2_code"":35559,""adm2_name"":""Ogimati""},{""adm2_code"":35568,""adm2_name"":""Sanzyoosi""},{""adm2_code"":35570,""adm2_name"":""Sawatamati""},{""adm2_code"":35600,""adm2_name"":""Yosidamati""},{""adm2_code"":35604,""adm2_name"":""Zyooetusi""}]","[{""gid_1"":""JPN.26_1"",""migration_date"":""2025-12-20"",""migration_method"":""jaccard1"",""name_1"":""Nagano""},{""gid_1"":""JPN.29_1"",""migration_date"":""2025-12-20"",""migration_method"":""parent2_1"",""name_1"":""Niigata""},{""gid_1"":""JPN.43_1"",""migration_date"":""2025-12-20"",""migration_method"":""jaccard1"",""name_1"":""Toyama""}]",2014-02-24,2025-12-20,2007-07-16,2007-07-16,2007-07-16
2007-0654-JPN,No,nat-geo-ear-gro,Natural,Geophysical,Earthquake,Ground movement,USGS:usp000f9rr,,JPN,Japan,Eastern Asia,Asia,"Mie, Nara, Siga provinces",,,No,No,No,,5.1,Moment Magnitude,34.807,136.239,,2007,4.0,15.0,2007,4.0,15.0,,12.0,189.0,,201.0,,,,,,,64.40346368476521,"[{""adm1_code"":1672,""adm1_name"":""Mie""},{""adm1_code"":1677,""adm1_name"":""Nara""},{""adm1_code"":1685,""adm1_name"":""Siga""}]","[{""gid_1"":""JPN.23_1"",""migration_date"":""2025-12-20"",""migration_method"":""jaccard1"",""name_1"":""Mie""},{""gid_1"":""JPN.28_1"",""migration_date"":""2025-12-20"",""migration_method"":""jaccard1"",""name_1"":""Nara""},{""gid_1"":""JPN.36_1"",""migration_date"":""2025-12-20"",""migration_method"":""jaccard1"",""name_1"":""Shiga""}]",2008-01-06,2025-12-20,2007-04-15,2007-04-15,2007-04-15
2007-0101-JPN,No,nat-geo-ear-gro,Natural,Geophysical,Earthquake,Ground movement,GLIDE:EQ-2007-000039|USGS:usp000f7b5,,JPN,Japan,Eastern Asia,Asia,"Nanao, Wajima districts (Isikawa province), Niigata, Toyama provinces",,"Slide (land, mud, snow, rock)|Tsunami/Tidal wave",No,No,No,,6.7,Moment Magnitude,37.336,136.588,,2007,3.0,25.0,2007,3.0,25.0,1.0,359.0,,40668.0,41027.0,,,22000.0,34160.0,250000.0,388178.0,64.40346368476521,"[{""adm1_code"":1678,""adm1_name"":""Niigata""},{""adm1_code"":1692,""adm1_name"":""Toyama""},{""adm2_code"":34580,""adm2_name"":""Nanaosi""},{""adm2_code"":34605,""adm2_name"":""Wazimasi""}]","[{""gid_1"":""JPN.29_1"",""migration_date"":""2025-12-20"",""migration_method"":""jaccard1"",""name_1"":""Niigata""},{""gid_1"":""JPN.43_1"",""migration_date"":""2025-12-20"",""migration_method"":""jaccard1"",""name_1"":""Toyama""},{""gid_2"":""JPN.15.11_1"",""migration_date"":""2025-12-20"",""migration_method"":""bufhaus2"",""name_2"":""Nanao""},{""gid_2"":""JPN.15.19_1"",""migration_date"":""2025-12-20"",""migration_method"":""bufhaus2"",""name_2"":""Wajima""}]",2008-08-04,2025-12-20,2007-03-25,2007-03-25,2007-03-25
2007-0572-MTQ,No,nat-geo-ear-gro,Natural,Geophysical,Earthquake,Ground movement,GLIDE:EQ-2007-000218|USGS:usp000ftj1,,MTQ,Martinique,Latin America and the Caribbean,Americas,Fort-De-France province,,,No,No,No,,7.4,Moment Magnitude,14.944,-61.274,,2007,11.0,29.0,2007,11.0,29.0,1.0,100.0,,,100.0,,,,,,,64.40346368476521,"[{""adm2_code"":61301,""adm2_name"":""Administrative unit not available""}]","[{""gid_2"":""MTQ.1.1_1"",""migration_date"":""2025-12-20"",""migration_method"":""puzzle2_2"",""name_2"":""Fort-de-France""},{""gid_2"":""MTQ.1.2_1"",""migration_date"":""2025-12-20"",""migration_method"":""puzzle2_2"",""name_2"":""Le Lamentin""},{""gid_2"":""MTQ.1.3_1"",""migration_date"":""2025-12-20"",""migration_method"":""puzzle2_2"",""name_2"":""Saint-Joseph""},{""gid_2"":""MTQ.1.4_1"",""migration_date"":""2025-12-20"",""migration_method"":""puzzle2_2"",""name_2"":""Schœlcher""}]",2008-08-01,2025-12-20,2007-11-29,2007-11-29,2007-11-29
2007-0362-PER,No,nat-geo-ear-gro,Natural,Geophysical,Earthquake,Ground movement,GLIDE:EQ-2007-000133|USGS:usp000fjta,,PER,Peru,Latin America and the Caribbean,Americas,"Pisco, Ica, Chincha districts (Ica province), Canete, Lima districts (Lima province) ; Paracas city (Pisco district, Ica province), San Vicente de Canete city (Canete district, Lima province)",,"Slide (land, mud, snow, rock)|Tsunami/Tidal wave",Yes,Yes,Yes,52191.0,8.0,Moment Magnitude,-13.386,-76.603,,2007,8.0,15.0,2007,8.0,15.0,593.0,1366.0,656965.0,,658331.0,,,200000.0,310542.0,600000.0,931627.0,64.40346368476521,"[{""adm2_code"":24103,""adm2_name"":""Chincha""},{""adm2_code"":24104,""adm2_name"":""Ica""},{""adm2_code"":24107,""adm2_name"":""Pisco""},{""adm2_code"":24134,""adm2_name"":""Cañete""},{""adm2_code"":91841,""adm2_name"":""Lima""}]","[{""gid_2"":""PER.11.1_1"",""migration_date"":""2025-12-20"",""migration_method"":""jaccard2"",""name_2"":""Chincha""},{""gid_2"":""PER.11.2_1"",""migration_date"":""2025-12-20"",""migration_method"":""jaccard2"",""name_2"":""Ica""},{""gid_2"":""PER.11.5_1"",""migration_date"":""2025-12-20"",""migration_method"":""jaccard2"",""name_2"":""Pisco""},{""gid_2"":""PER.15.1_1"",""migration_date"":""2025-12-20"",""migration_method"":""jaccard2"",""name_2"":""Lima""},{""gid_2"":""PER.16.3_1"",""migration_date"":""2025-12-20"",""migration_method"":""jaccard2"",""name_2"":""Cañete""}]",2014-02-27,2025-12-20,2007-08-15,2007-08-15,2007-08-15
2007-0334-RUS,No,nat-geo-ear-gro,Natural,Geophysical,Earthquake,Ground movement,GLIDE:EQ-2007-000119|USGS:usp000fhn0,,RUS,Russian Federation,Eastern Europe,Europe,"Yuzhno-Sakhalinsk, Nevelsk towns (Sakhalinskaya Oblast Province)",,"Slide (land, mud, snow, rock)|Tsunami/Tidal wave",No,No,No,,6.2,Moment Magnitude,47.116,141.798,,2007,8.0,2.0,2007,8.0,2.0,2.0,12.0,25000.0,,25012.0,,,,,420000.0,652139.0,64.40346368476521,"[{""adm1_code"":2552,""adm1_name"":""Sakhalinskaya Oblast""}]","[{""gid_1"":""RUS.61_1"",""migration_date"":""2025-12-20"",""migration_method"":""jaccard1"",""name_1"":""Sakhalin""}]",2008-08-04,2025-12-20,2007-08-02,2007-08-02,2007-08-02
2007-0572-LCA,No,nat-geo-ear-gro,Natural,Geophysical,Earthquake,Ground movement,GLIDE:EQ-2007-000218|USGS:usp000ftj1,,LCA,Saint Lucia,Latin America and the Caribbean,Americas,"Cap Estate, Gros Islet areas (Region Number 1 province), Castries and Soufriere area (Region Number 6 province), Choc village (Region Number 8 province)",,,No,No,No,,7.4,Moment Magnitude,14.944,-61.274,,2007,11.0,29.0,2007,11.0,29.0,,,,,,,,,,,,64.40346368476521,"[{""adm2_code"":25291,""adm2_name"":""Administrative unit not available""},{""adm2_code"":25296,""adm2_name"":""Administrative unit not available""},{""adm2_code"":25298,""adm2_name"":""Administrative unit not available""}]",,2014-02-19,2025-03-17,2007-11-29,2007-11-29,2007-11-29
2007-0127-SLB,No,nat-geo-ear-tsu,Natural,Geophysical,Earthquake,Tsunami,GLIDE:TS-2007-000042|USGS:usp000f83m,,SLB,Solomon Islands,Melanesia,Oceania,Administrative unit not available,Earthquake,"Slide (land, mud, snow, rock)|Tsunami/Tidal wave",Yes,No,No,5113.0,8.1,Moment Magnitude,-8.466,157.043,,2007,4.0,1.0,2007,4.0,1.0,52.0,9.0,2375.0,,2384.0,,,,,,,64.40346368476521,"[{""adm2_code"":25652,""adm2_name"":""Administrative unit not available""}]","[{""gid_2"":""SLB.1.10_1"",""migration_date"":""2025-12-20"",""migration_method"":""puzzle2_2"",""name_2"":""South Savo""},{""gid_2"":""SLB.1.11_1"",""migration_date"":""2025-12-20"",""migration_method"":""puzzle2_2"",""name_2"":""South West Gela""},{""gid_2"":""SLB.1.12_1"",""migration_date"":""2025-12-20"",""migration_method"":""puzzle2_2"",""name_2"":""Tulagi""},{""gid_2"":""SLB.1.13_1"",""migration_date"":""2025-12-20"",""migration_method"":""puzzle2_2"",""name_2"":""West Gela""},{""gid_2"":""SLB.1.1_1"",""migration_date"":""2025-12-20"",""migration_method"":""puzzle2_2"",""name_2"":""East Gela""},{""gid_2"":""SLB.1.2_1"",""migration_date"":""2025-12-20"",""migration_method"":""puzzle2_2"",""name_2"":""Lovukol""},{""gid_2"":""SLB.1.3_1"",""migration_date"":""2025-12-20"",""migration_method"":""puzzle2_2"",""name_2"":""Mbanika""},{""gid_2"":""SLB.1.4_1"",""migration_date"":""2025-12-20"",""migration_method"":""puzzle2_2"",""name_2"":""North East Gela""},{""gid_2"":""SLB.1.5_1"",""migration_date"":""2025-12-20"",""migration_method"":""puzzle2_2"",""name_2"":""North Savo""},{""gid_2"":""SLB.1.6_1"",""migration_date"":""2025-12-20"",""migration_method"":""puzzle2_2"",""name_2"":""North West Gela""},{""gid_2"":""SLB.1.7_1"",""migration_date"":""2025-12-20"",""migration_method"":""puzzle2_2"",""name_2"":""Pavuvu""},{""gid_2"":""SLB.1.8_1"",""migration_date"":""2025-12-20"",""migration_method"":""puzzle2_2"",""name_2"":""Sandfly-Buenavista""},{""gid_2"":""SLB.1.9_1"",""migration_date"":""2025-12-20"",""migration_method"":""puzzle2_2"",""name_2"":""South East Gela""},{""gid_2"":""SLB.10.10_1"",""migration_date"":""2025-12-20"",""migration_method"":""puzzle2_2"",""name_2"":""Munda""},{""gid_2"":""SLB.10.11_1"",""migration_date"":""2025-12-20"",""migration_method"":""puzzle2_2"",""name_2"":""Nggatokae""},{""gid_2"":""SLB.10.12_1"",""migration_date"":""2025-12-20"",""migration_method"":""puzzle2_2"",""name_2"":""Nono""},{""gid_2"":""SLB.10.13_1"",""migration_date"":""2025-12-20"",""migration_method"":""puzzle2_2"",""name_2"":""Noro""},{""gid_2"":""SLB.10.14_1"",""migration_date"":""2025-12-20"",""migration_method"":""puzzle2_2"",""name_2"":""North Kolombangara""},{""gid_2"":""SLB.10.15_1"",""migration_date"":""2025-12-20"",""migration_method"":""puzzle2_2"",""name_2"":""North Ranongga""},{""gid_2"":""SLB.10.16_1"",""migration_date"":""2025-12-20"",""migration_method"":""puzzle2_2"",""name_2"":""North Rendova""},{""gid_2"":""SLB.10.17_1"",""migration_date"":""2025-12-20"",""migration_method"":""puzzle2_2"",""name_2"":""North Vangunu""},{""gid_2"":""SLB.10.18_1"",""migration_date"":""2025-12-20"",""migration_method"":""puzzle2_2"",""name_2"":""Nusa Roviana""},{""gid_2"":""SLB.10.19_1"",""migration_date"":""2025-12-20"",""migration_method"":""puzzle2_2"",""name_2"":""Outer Shortlands""},{""gid_2"":""SLB.10.1_1"",""migration_date"":""2025-12-20"",""migration_method"":""puzzle2_2"",""name_2"":""Bilua""},{""gid_2"":""SLB.10.20_1"",""migration_date"":""2025-12-20"",""migration_method"":""puzzle2_2"",""name_2"":""Roviana Lagoon""},{""gid_2"":""SLB.10.21_1"",""migration_date"":""2025-12-20"",""migration_method"":""puzzle2_2"",""name_2"":""Simbo""},{""gid_2"":""SLB.10.22_1"",""migration_date"":""2025-12-20"",""migration_method"":""puzzle2_2"",""name_2"":""South Kolombangara""},{""gid_2"":""SLB.10.23_1"",""migration_date"":""2025-12-20"",""migration_method"":""puzzle2_2"",""name_2"":""South Ranongga""},{""gid_2"":""SLB.10.24_1"",""migration_date"":""2025-12-20"",""migration_method"":""puzzle2_2"",""name_2"":""South Rendova""},{""gid_2"":""SLB.10.25_1"",""migration_date"":""2025-12-20"",""migration_method"":""puzzle2_2"",""name_2"":""Vonavona""},{""gid_2"":""SLB.10.26_1"",""migration_date"":""2025-12-20"",""migration_method"":""puzzle2_2"",""name_2"":""Vonunu""},{""gid_2"":""SLB.10.2_1"",""migration_date"":""2025-12-20"",""migration_method"":""puzzle2_2"",""name_2"":""Buini Tusu""},{""gid_2"":""SLB.10.3_1"",""migration_date"":""2025-12-20"",""migration_method"":""puzzle2_2"",""name_2"":""Central Ranongga""},{""gid_2"":""SLB.10.4_1"",""migration_date"":""2025-12-20"",""migration_method"":""puzzle2_2"",""name_2"":""Dovele""},{""gid_2"":""SLB.10.5_1"",""migration_date"":""2025-12-20"",""migration_method"":""puzzle2_2"",""name_2"":""Gizo""},{""gid_2"":""SLB.10.6_1"",""migration_date"":""2025-12-20"",""migration_method"":""puzzle2_2"",""name_2"":""Inner Shortlands""},{""gid_2"":""SLB.10.7_1"",""migration_date"":""2025-12-20"",""migration_method"":""puzzle2_2"",""name_2"":""Iringgila""},{""gid_2"":""SLB.10.8_1"",""migration_date"":""2025-12-20"",""migration_method"":""puzzle2_2"",""name_2"":""Kolombaghea""},{""gid_2"":""SLB.10.9_1"",""migration_date"":""2025-12-20"",""migration_method"":""puzzle2_2"",""name_2"":""Kusaghe""},{""gid_2"":""SLB.2.10_1"",""migration_date"":""2025-12-20"",""migration_method"":""puzzle2_2"",""name_2"":""Tavula""},{""gid_2"":""SLB.2.11_1"",""migration_date"":""2025-12-20"",""migration_method"":""puzzle2_2"",""name_2"":""Tepakaza""},{""gid_2"":""SLB.2.12_1"",""migration_date"":""2025-12-20"",""migration_method"":""puzzle2_2"",""name_2"":""Vasiduki""},{""gid_2"":""SLB.2.13_1"",""migration_date"":""2025-12-20"",""migration_method"":""puzzle2_2"",""name_2"":""Viviru""},{""gid_2"":""SLB.2.14_1"",""migration_date"":""2025-12-20"",""migration_method"":""puzzle2_2"",""name_2"":""Waghina""},{""gid_2"":""SLB.2.1_1"",""migration_date"":""2025-12-20"",""migration_method"":""puzzle2_2"",""name_2"":""Babatana""},{""gid_2"":""SLB.2.2_1"",""migration_date"":""2025-12-20"",""migration_method"":""puzzle2_2"",""name_2"":""Bangara""},{""gid_2"":""SLB.2.3_1"",""migration_date"":""2025-12-20"",""migration_method"":""puzzle2_2"",""name_2"":""Batava""},{""gid_2"":""SLB.2.4_1"",""migration_date"":""2025-12-20"",""migration_method"":""puzzle2_2"",""name_2"":""Katupika""},{""gid_2"":""SLB.2.5_1"",""migration_date"":""2025-12-20"",""migration_method"":""puzzle2_2"",""name_2"":""Kerepangara""},{""gid_2"":""SLB.2.6_1"",""migration_date"":""2025-12-20"",""migration_method"":""puzzle2_2"",""name_2"":""Kirugela""},{""gid_2"":""SLB.2.7_1"",""migration_date"":""2025-12-20"",""migration_method"":""puzzle2_2"",""name_2"":""Polo""},{""gid_2"":""SLB.2.8_1"",""migration_date"":""2025-12-20"",""migration_method"":""puzzle2_2"",""name_2"":""Senga""},{""gid_2"":""SLB.2.9_1"",""migration_date"":""2025-12-20"",""migration_method"":""puzzle2_2"",""name_2"":""Susuka""},{""gid_2"":""SLB.3.10_1"",""migration_date"":""2025-12-20"",""migration_method"":""puzzle2_2"",""name_2"":""Moli""},{""gid_2"":""SLB.3.11_1"",""migration_date"":""2025-12-20"",""migration_method"":""puzzle2_2"",""name_2"":""Paripao""},{""gid_2"":""SLB.3.12_1"",""migration_date"":""2025-12-20"",""migration_method"":""puzzle2_2"",""name_2"":""Saghalu""},{""gid_2"":""SLB.3.13_1"",""migration_date"":""2025-12-20"",""migration_method"":""puzzle2_2"",""name_2"":""Savulei""},{""gid_2"":""SLB.3.14_1"",""migration_date"":""2025-12-20"",""migration_method"":""puzzle2_2"",""name_2"":""Talise""},{""gid_2"":""SLB.3.15_1"",""migration_date"":""2025-12-20"",""migration_method"":""puzzle2_2"",""name_2"":""Tandai""},{""gid_2"":""SLB.3.16_1"",""migration_date"":""2025-12-20"",""migration_method"":""puzzle2_2"",""name_2"":""Tangarare""},{""gid_2"":""SLB.3.17_1"",""migration_date"":""2025-12-20"",""migration_method"":""puzzle2_2"",""name_2"":""Tetekanji""},{""gid_2"":""SLB.3.18_1"",""migration_date"":""2025-12-20"",""migration_method"":""puzzle2_2"",""name_2"":""Valasi""},{""gid_2"":""SLB.3.19_1"",""migration_date"":""2025-12-20"",""migration_method"":""puzzle2_2"",""name_2"":""Vatukulau""},{""gid_2"":""SLB.3.1_1"",""migration_date"":""2025-12-20"",""migration_method"":""puzzle2_2"",""name_2"":""Aola""},{""gid_2"":""SLB.3.20_1"",""migration_date"":""2025-12-20"",""migration_method"":""puzzle2_2"",""name_2"":""Vulolo""},{""gid_2"":""SLB.3.21_1"",""migration_date"":""2025-12-20"",""migration_method"":""puzzle2_2"",""name_2"":""Wanderer Bay""},{""gid_2"":""SLB.3.22_1"",""migration_date"":""2025-12-20"",""migration_method"":""puzzle2_2"",""name_2"":""West Ghaobata""},{""gid_2"":""SLB.3.2_1"",""migration_date"":""2025-12-20"",""migration_method"":""puzzle2_2"",""name_2"":""Avuavu""},{""gid_2"":""SLB.3.3_1"",""migration_date"":""2025-12-20"",""migration_method"":""puzzle2_2"",""name_2"":""Birao""},{""gid_2"":""SLB.3.4_1"",""migration_date"":""2025-12-20"",""migration_method"":""puzzle2_2"",""name_2"":""Duidui""},{""gid_2"":""SLB.3.5_1"",""migration_date"":""2025-12-20"",""migration_method"":""puzzle2_2"",""name_2"":""East Ghaobata""},{""gid_2"":""SLB.3.6_1"",""migration_date"":""2025-12-20"",""migration_method"":""puzzle2_2"",""name_2"":""East Tasimboko""},{""gid_2"":""SLB.3.7_1"",""migration_date"":""2025-12-20"",""migration_method"":""puzzle2_2"",""name_2"":""Kolokarako""},{""gid_2"":""SLB.3.8_1"",""migration_date"":""2025-12-20"",""migration_method"":""puzzle2_2"",""name_2"":""Longgu""},{""gid_2"":""SLB.3.9_1"",""migration_date"":""2025-12-20"",""migration_method"":""puzzle2_2"",""name_2"":""Malango""},{""gid_2"":""SLB.4.10_1"",""migration_date"":""2025-12-20"",""migration_method"":""puzzle2_2"",""name_2"":""Vavaea""},{""gid_2"":""SLB.4.11_1"",""migration_date"":""2025-12-20"",""migration_method"":""puzzle2_2"",""name_2"":""Vuhokesa""},{""gid_2"":""SLB.4.12_1"",""migration_date"":""2025-12-20"",""migration_method"":""puzzle2_2"",""name_2"":""Vura""},{""gid_2"":""SLB.4.1_1"",""migration_date"":""2025-12-20"",""migration_method"":""puzzle2_2"",""name_2"":""Cruz""},{""gid_2"":""SLB.4.2_1"",""migration_date"":""2025-12-20"",""migration_method"":""puzzle2_2"",""name_2"":""Kola'a""},{""gid_2"":""SLB.4.3_1"",""migration_date"":""2025-12-20"",""migration_method"":""puzzle2_2"",""name_2"":""Kukum""},{""gid_2"":""SLB.4.4_1"",""migration_date"":""2025-12-20"",""migration_method"":""puzzle2_2"",""name_2"":""Mataniko""},{""gid_2"":""SLB.4.5_1"",""migration_date"":""2025-12-20"",""migration_method"":""puzzle2_2"",""name_2"":""Mbumburu""},{""gid_2"":""SLB.4.6_1"",""migration_date"":""2025-12-20"",""migration_method"":""puzzle2_2"",""name_2"":""Naha""},{""gid_2"":""SLB.4.7_1"",""migration_date"":""2025-12-20"",""migration_method"":""puzzle2_2"",""name_2"":""Nggosi""},{""gid_2"":""SLB.4.8_1"",""migration_date"":""2025-12-20"",""migration_method"":""puzzle2_2"",""name_2"":""Panatina""},{""gid_2"":""SLB.4.9_1"",""migration_date"":""2025-12-20"",""migration_method"":""puzzle2_2"",""name_2"":""Rove - Lengakiki""},{""gid_2"":""SLB.5.10_1"",""migration_date"":""2025-12-20"",""migration_method"":""puzzle2_2"",""name_2"":""Kolotubi""},{""gid_2"":""SLB.5.11_1"",""migration_date"":""2025-12-20"",""migration_method"":""puzzle2_2"",""name_2"":""Koviloko""},{""gid_2"":""SLB.5.12_1"",""migration_date"":""2025-12-20"",""migration_method"":""puzzle2_2"",""name_2"":""Samasodu""},{""gid_2"":""SLB.5.13_1"",""migration_date"":""2025-12-20"",""migration_method"":""puzzle2_2"",""name_2"":""Sigana""},{""gid_2"":""SLB.5.14_1"",""migration_date"":""2025-12-20"",""migration_method"":""puzzle2_2"",""name_2"":""Susubona""},{""gid_2"":""SLB.5.15_1"",""migration_date"":""2025-12-20"",""migration_method"":""puzzle2_2"",""name_2"":""Tatamba""},{""gid_2"":""SLB.5.16_1"",""migration_date"":""2025-12-20"",""migration_method"":""puzzle2_2"",""name_2"":""Tirotonga""},{""gid_2"":""SLB.5.1_1"",""migration_date"":""2025-12-20"",""migration_method"":""puzzle2_2"",""name_2"":""Buala""},{""gid_2"":""SLB.5.2_1"",""migration_date"":""2025-12-20"",""migration_method"":""puzzle2_2"",""name_2"":""Havulei""},{""gid_2"":""SLB.5.3_1"",""migration_date"":""2025-12-20"",""migration_method"":""puzzle2_2"",""name_2"":""Hovukoilo""},{""gid_2"":""SLB.5.4_1"",""migration_date"":""2025-12-20"",""migration_method"":""puzzle2_2"",""name_2"":""Japuana""},{""gid_2"":""SLB.5.5_1"",""migration_date"":""2025-12-20"",""migration_method"":""puzzle2_2"",""name_2"":""Kaloka""},{""gid_2"":""SLB.5.6_1"",""migration_date"":""2025-12-20"",""migration_method"":""puzzle2_2"",""name_2"":""Kia""},{""gid_2"":""SLB.5.7_1"",""migration_date"":""2025-12-20"",""migration_method"":""puzzle2_2"",""name_2"":""Kmaga""},{""gid_2"":""SLB.5.8_1"",""migration_date"":""2025-12-20"",""migration_method"":""puzzle2_2"",""name_2"":""Kokota""},{""gid_2"":""SLB.5.9_1"",""migration_date"":""2025-12-20"",""migration_method"":""puzzle2_2"",""name_2"":""Kolomola""},{""gid_2"":""SLB.6.10_1"",""migration_date"":""2025-12-20"",""migration_method"":""puzzle2_2"",""name_2"":""Rawo""},{""gid_2"":""SLB.6.11_1"",""migration_date"":""2025-12-20"",""migration_method"":""puzzle2_2"",""name_2"":""Santa Ana""},{""gid_2"":""SLB.6.12_1"",""migration_date"":""2025-12-20"",""migration_method"":""puzzle2_2"",""name_2"":""Santa Catalina""},{""gid_2"":""SLB.6.13_1"",""migration_date"":""2025-12-20"",""migration_method"":""puzzle2_2"",""name_2"":""South Ulawa""},{""gid_2"":""SLB.6.14_1"",""migration_date"":""2025-12-20"",""migration_method"":""puzzle2_2"",""name_2"":""Star Harbour North""},{""gid_2"":""SLB.6.15_1"",""migration_date"":""2025-12-20"",""migration_method"":""puzzle2_2"",""name_2"":""Star Harbour South""},{""gid_2"":""SLB.6.16_1"",""migration_date"":""2025-12-20"",""migration_method"":""puzzle2_2"",""name_2"":""Ugi and Pio""},{""gid_2"":""SLB.6.17_1"",""migration_date"":""2025-12-20"",""migration_method"":""puzzle2_2"",""name_2"":""Wainoni East""},{""gid_2"":""SLB.6.18_1"",""migration_date"":""2025-12-20"",""migration_method"":""puzzle2_2"",""name_2"":""Wainoni West""},{""gid_2"":""SLB.6.19_1"",""migration_date"":""2025-12-20"",""migration_method"":""puzzle2_2"",""name_2"":""Weather Coast""},{""gid_2"":""SLB.6.1_1"",""migration_date"":""2025-12-20"",""migration_method"":""puzzle2_2"",""name_2"":""Arosi East""},{""gid_2"":""SLB.6.20_1"",""migration_date"":""2025-12-20"",""migration_method"":""puzzle2_2"",""name_2"":""West Ulawa""},{""gid_2"":""SLB.6.2_1"",""migration_date"":""2025-12-20"",""migration_method"":""puzzle2_2"",""name_2"":""Arosi North""},{""gid_2"":""SLB.6.3_1"",""migration_date"":""2025-12-20"",""migration_method"":""puzzle2_2"",""name_2"":""Arosi South""},{""gid_2"":""SLB.6.4_1"",""migration_date"":""2025-12-20"",""migration_method"":""puzzle2_2"",""name_2"":""Arosi West""},{""gid_2"":""SLB.6.5_1"",""migration_date"":""2025-12-20"",""migration_method"":""puzzle2_2"",""name_2"":""Bauro Central""},{""gid_2"":""SLB.6.6_1"",""migration_date"":""2025-12-20"",""migration_method"":""puzzle2_2"",""name_2"":""Bauro East""},{""gid_2"":""SLB.6.7_1"",""migration_date"":""2025-12-20"",""migration_method"":""puzzle2_2"",""name_2"":""Bauro West""},{""gid_2"":""SLB.6.8_1"",""migration_date"":""2025-12-20"",""migration_method"":""puzzle2_2"",""name_2"":""Haununu""},{""gid_2"":""SLB.6.9_1"",""migration_date"":""2025-12-20"",""migration_method"":""puzzle2_2"",""name_2"":""North Ulawa""},{""gid_2"":""SLB.7.10_1"",""migration_date"":""2025-12-20"",""migration_method"":""puzzle2_2"",""name_2"":""Faumamanu - Kwai""},{""gid_2"":""SLB.7.11_1"",""migration_date"":""2025-12-20"",""migration_method"":""puzzle2_2"",""name_2"":""Foondo - Gwaiau""},{""gid_2"":""SLB.7.12_1"",""migration_date"":""2025-12-20"",""migration_method"":""puzzle2_2"",""name_2"":""Fouenda""},{""gid_2"":""SLB.7.13_1"",""migration_date"":""2025-12-20"",""migration_method"":""puzzle2_2"",""name_2"":""Gulalafou""},{""gid_2"":""SLB.7.14_1"",""migration_date"":""2025-12-20"",""migration_method"":""puzzle2_2"",""name_2"":""Kwaimela - Radefasu""},{""gid_2"":""SLB.7.15_1"",""migration_date"":""2025-12-20"",""migration_method"":""puzzle2_2"",""name_2"":""Kwarekwareo""},{""gid_2"":""SLB.7.16_1"",""migration_date"":""2025-12-20"",""migration_method"":""puzzle2_2"",""name_2"":""Langalanga""},{""gid_2"":""SLB.7.18_1"",""migration_date"":""2025-12-20"",""migration_method"":""puzzle2_2"",""name_2"":""Malu'u""},{""gid_2"":""SLB.7.19_1"",""migration_date"":""2025-12-20"",""migration_method"":""puzzle2_2"",""name_2"":""Mandalua - Folotana""},{""gid_2"":""SLB.7.1_1"",""migration_date"":""2025-12-20"",""migration_method"":""puzzle2_2"",""name_2"":""Aba - Asimeuru""},{""gid_2"":""SLB.7.20_1"",""migration_date"":""2025-12-20"",""migration_method"":""puzzle2_2"",""name_2"":""Mareho""},{""gid_2"":""SLB.7.21_1"",""migration_date"":""2025-12-20"",""migration_method"":""puzzle2_2"",""name_2"":""Matakwalao""},{""gid_2"":""SLB.7.22_1"",""migration_date"":""2025-12-20"",""migration_method"":""puzzle2_2"",""name_2"":""Nafinua""},{""gid_2"":""SLB.7.24_1"",""migration_date"":""2025-12-20"",""migration_method"":""puzzle2_2"",""name_2"":""Raroisuu""},{""gid_2"":""SLB.7.25_1"",""migration_date"":""2025-12-20"",""migration_method"":""puzzle2_2"",""name_2"":""Siesie""},{""gid_2"":""SLB.7.27_1"",""migration_date"":""2025-12-20"",""migration_method"":""puzzle2_2"",""name_2"":""Sububenu-Burianias""},{""gid_2"":""SLB.7.28_1"",""migration_date"":""2025-12-20"",""migration_method"":""puzzle2_2"",""name_2"":""Sulufou-Kwarande""},{""gid_2"":""SLB.7.29_1"",""migration_date"":""2025-12-20"",""migration_method"":""puzzle2_2"",""name_2"":""Tai""},{""gid_2"":""SLB.7.2_1"",""migration_date"":""2025-12-20"",""migration_method"":""puzzle2_2"",""name_2"":""Aiaisi""},{""gid_2"":""SLB.7.30_1"",""migration_date"":""2025-12-20"",""migration_method"":""puzzle2_2"",""name_2"":""Takwa""},{""gid_2"":""SLB.7.31_1"",""migration_date"":""2025-12-20"",""migration_method"":""puzzle2_2"",""name_2"":""Waneagu-Taelanasin""},{""gid_2"":""SLB.7.32_1"",""migration_date"":""2025-12-20"",""migration_method"":""puzzle2_2"",""name_2"":""Weagu Silana Sina""},{""gid_2"":""SLB.7.33_1"",""migration_date"":""2025-12-20"",""migration_method"":""puzzle2_2"",""name_2"":""West Baegut-Fatale""},{""gid_2"":""SLB.7.3_1"",""migration_date"":""2025-12-20"",""migration_method"":""puzzle2_2"",""name_2"":""Aimela""},{""gid_2"":""SLB.7.4_1"",""migration_date"":""2025-12-20"",""migration_method"":""puzzle2_2"",""name_2"":""Areare""},{""gid_2"":""SLB.7.5_1"",""migration_date"":""2025-12-20"",""migration_method"":""puzzle2_2"",""name_2"":""Asimae""},{""gid_2"":""SLB.7.6_1"",""migration_date"":""2025-12-20"",""migration_method"":""puzzle2_2"",""name_2"":""Auki""},{""gid_2"":""SLB.7.7_1"",""migration_date"":""2025-12-20"",""migration_method"":""puzzle2_2"",""name_2"":""Buma""},{""gid_2"":""SLB.7.8_1"",""migration_date"":""2025-12-20"",""migration_method"":""puzzle2_2"",""name_2"":""East Baegu""},{""gid_2"":""SLB.7.9_1"",""migration_date"":""2025-12-20"",""migration_method"":""puzzle2_2"",""name_2"":""Fauabu""},{""gid_2"":""SLB.8.1_1"",""migration_date"":""2025-12-20"",""migration_method"":""puzzle2_2"",""name_2"":""East Ghongau""},{""gid_2"":""SLB.8.3_1"",""migration_date"":""2025-12-20"",""migration_method"":""puzzle2_2"",""name_2"":""Kangava""},{""gid_2"":""SLB.8.4_1"",""migration_date"":""2025-12-20"",""migration_method"":""puzzle2_2"",""name_2"":""Lughu""},{""gid_2"":""SLB.8.5_1"",""migration_date"":""2025-12-20"",""migration_method"":""puzzle2_2"",""name_2"":""Matangi""},{""gid_2"":""SLB.8.6_1"",""migration_date"":""2025-12-20"",""migration_method"":""puzzle2_2"",""name_2"":""Mugihenua""},{""gid_2"":""SLB.8.7_1"",""migration_date"":""2025-12-20"",""migration_method"":""puzzle2_2"",""name_2"":""Sa'Aiho""},{""gid_2"":""SLB.8.8_1"",""migration_date"":""2025-12-20"",""migration_method"":""puzzle2_2"",""name_2"":""Tetau Nangoto""},{""gid_2"":""SLB.8.9_1"",""migration_date"":""2025-12-20"",""migration_method"":""puzzle2_2"",""name_2"":""West Ghongau""},{""gid_2"":""SLB.9.10_1"",""migration_date"":""2025-12-20"",""migration_method"":""puzzle2_2"",""name_2"":""Neo""},{""gid_2"":""SLB.9.11_1"",""migration_date"":""2025-12-20"",""migration_method"":""puzzle2_2"",""name_2"":""Nevenema""},{""gid_2"":""SLB.9.12_1"",""migration_date"":""2025-12-20"",""migration_method"":""puzzle2_2"",""name_2"":""Nipua-Nopoli""},{""gid_2"":""SLB.9.13_1"",""migration_date"":""2025-12-20"",""migration_method"":""puzzle2_2"",""name_2"":""North East Santa Cruz""},{""gid_2"":""SLB.9.14_1"",""migration_date"":""2025-12-20"",""migration_method"":""puzzle2_2"",""name_2"":""Polynesian Outer Islands""},{""gid_2"":""SLB.9.15_1"",""migration_date"":""2025-12-20"",""migration_method"":""puzzle2_2"",""name_2"":""Tikopia""},{""gid_2"":""SLB.9.16_1"",""migration_date"":""2025-12-20"",""migration_method"":""puzzle2_2"",""name_2"":""Utupua""},{""gid_2"":""SLB.9.17_1"",""migration_date"":""2025-12-20"",""migration_method"":""puzzle2_2"",""name_2"":""Vanikoro""},{""gid_2"":""SLB.9.3_1"",""migration_date"":""2025-12-20"",""migration_method"":""puzzle2_2"",""name_2"":""Graciosa Bay""},{""gid_2"":""SLB.9.4_1"",""migration_date"":""2025-12-20"",""migration_method"":""puzzle2_2"",""name_2"":""Lipe-Temua""},{""gid_2"":""SLB.9.5_1"",""migration_date"":""2025-12-20"",""migration_method"":""puzzle2_2"",""name_2"":""Luva Station""},{""gid_2"":""SLB.9.6_1"",""migration_date"":""2025-12-20"",""migration_method"":""puzzle2_2"",""name_2"":""Manuopo""},{""gid_2"":""SLB.9.7_1"",""migration_date"":""2025-12-20"",""migration_method"":""puzzle2_2"",""name_2"":""Nanggu-Lord Howe""},{""gid_2"":""SLB.9.8_1"",""migration_date"":""2025-12-20"",""migration_method"":""puzzle2_2"",""name_2"":""Nea-Noole""},{""gid_2"":""SLB.9.9_1"",""migration_date"":""2025-12-20"",""migration_method"":""puzzle2_2"",""name_2"":""Nenumpo""}]",2011-07-28,2025-12-20,2007-04-01,2007-04-01,2007-04-01
2007-0287-TJK,No,nat-geo-ear-gro,Natural,Geophysical,Earthquake,Ground movement,GLIDE:EQ-2007-000108|USGS:usp000fgtx,,TJK,Tajikistan,Central Asia,Asia,"Oshoba, Oilmo areas (Ashtskiy district, Sogd province)",,"Flood|Slide (land, mud, snow, rock)",No,No,No,,5.2,Moment Magnitude,38.936,70.485,,2007,7.0,21.0,2007,7.0,21.0,11.0,3.0,7000.0,,7003.0,,,,,,,64.40346368476521,"[{""adm2_code"":37604,""adm2_name"":""Ashtskiy""}]","[{""gid_2"":""TJK.4.1_1"",""migration_date"":""2025-12-20"",""migration_method"":""jaccard2"",""name_2"":""Asht""}]",2010-02-02,2025-12-20,2007-07-21,2007-07-21,2007-07-21
2007-0692-GBR,No,nat-geo-ear-gro,Natural,Geophysical,Earthquake,Ground movement,USGS:usp000fase,,GBR,United Kingdom of Great Britain and Northern Ireland,Northern Europe,Europe,"Folkestone town (Kent district, England province)",,,No,No,No,,4.6,Moment Magnitude,51.085,1.009,,2007,4.0,28.0,2007,4.0,28.0,,1.0,4500.0,,4501.0,,,30000.0,46581.0,60000.0,93163.0,64.40346368476521,"[{""adm2_code"":40117,""adm2_name"":""Kent""}]","[{""gid_2"":""GBR.1.44_1"",""migration_date"":""2025-12-20"",""migration_method"":""jaccard2"",""name_2"":""Kent""}]",2008-04-17,2025-12-20,2007-04-28,2007-04-28,2007-04-28
2008-0455-CHN,No,nat-geo-ear-gro,Natural,Geophysical,Earthquake,Ground movement,GLIDE:EQ-2008-000183|USGS:usp000gjgt,,CHN,China,Eastern Asia,Asia,"Ningzhongxiang village (Dangxiong Xian area, Lhasa district, Xizang Zizhiqu province)",,,No,No,No,,6.3,Moment Magnitude,29.807,90.35,,2008,10.0,6.0,2008,10.0,6.0,30.0,19.0,,735.0,754.0,,,,,,,66.87597417890872,"[{""adm2_code"":13296,""adm2_name"":""Lhasa""}]","[{""gid_2"":""CHN.29.2_1"",""migration_date"":""2025-12-20"",""migration_method"":""jaccard2"",""name_2"":""Lhasa""}]",2009-03-19,2025-12-20,2008-10-06,2008-10-06,2008-10-06
2008-0588-CHN,No,nat-geo-ear-gro,Natural,Geophysical,Earthquake,Ground movement,GLIDE:EQ-2008-000247|USGS:usp000grfr,,CHN,China,Eastern Asia,Asia,Yunnan Sheng province,,,No,No,No,,4.8,Moment Magnitude,23.97,97.569,,2008,12.0,25.0,2008,12.0,25.0,,19.0,27000.0,150.0,27169.0,,,,,,,66.87597417890872,"[{""adm1_code"":929,""adm1_name"":""Yunnan Sheng""}]","[{""gid_1"":""CHN.30_1"",""migration_date"":""2025-12-20"",""migration_method"":""jaccard1"",""name_1"":""Yunnan""}]",2008-12-29,2025-12-20,2008-12-25,2008-12-25,2008-12-25
2008-0355-CHN,No,nat-geo-ear-gro,Natural,Geophysical,Earthquake,Ground movement,GLIDE:EQ-2008-000146|USGS:usp000gf5p,,CHN,China,Eastern Asia,Asia,"Yingjiang area (Dehong Dai and Jingpo district, Yunnan Sheng province)",,,No,No,No,,6.0,Moment Magnitude,25.039,97.697,,2008,8.0,21.0,2008,8.0,21.0,6.0,160.0,,,160.0,,,,,,,66.87597417890872,"[{""adm2_code"":13314,""adm2_name"":""Dehong Dai and Jingpo""}]","[{""gid_2"":""CHN.30.4_1"",""migration_date"":""2025-12-20"",""migration_method"":""jaccard2"",""name_2"":""Dehong Dai and Jingpo""}]",2008-09-11,2025-12-20,2008-08-21,2008-08-21,2008-08-21
2008-0374-CHN,No,nat-geo-ear-gro,Natural,Geophysical,Earthquake,Ground movement,GLIDE:EQ-2008-000149|USGS:usp000gg00,,CHN,China,Eastern Asia,Asia,"Huili area (Liangshan Yi district, Sichuan Sheng province), Miyi area (Panzhihua district, Sichuan Sheng province), Kunming, Chuxiong Yi, Zhaotong, Lijiang, Dali Bai districts (Yunnan Sheng province)",,,No,No,No,,6.0,Moment Magnitude,26.241,101.889,,2008,8.0,30.0,2008,8.0,30.0,40.0,589.0,950000.0,50000.0,1000589.0,,,,,492000.0,735690.0,66.87597417890872,"[{""adm2_code"":13257,""adm2_name"":""Panzhihua""},{""adm2_code"":13272,""adm2_name"":""Liangshan Yi""},{""adm2_code"":13303,""adm2_name"":""Kunming""},{""adm2_code"":13306,""adm2_name"":""Zhaotong""},{""adm2_code"":13307,""adm2_name"":""Chuxiong Yi""},{""adm2_code"":13312,""adm2_name"":""Dali Bai""},{""adm2_code"":13315,""adm2_name"":""Lijiang""}]","[{""gid_2"":""CHN.26.17_1"",""migration_date"":""2025-12-20"",""migration_method"":""jaccard2"",""name_2"":""Panzhihua""},{""gid_2"":""CHN.26.9_1"",""migration_date"":""2025-12-20"",""migration_method"":""jaccard2"",""name_2"":""Liangshan Yi""},{""gid_2"":""CHN.30.16_1"",""migration_date"":""2025-12-20"",""migration_method"":""jaccard2"",""name_2"":""Zhaotong""},{""gid_2"":""CHN.30.2_1"",""migration_date"":""2025-12-20"",""migration_method"":""jaccard2"",""name_2"":""Chuxiong Yi""},{""gid_2"":""CHN.30.3_1"",""migration_date"":""2025-12-20"",""migration_method"":""jaccard2"",""name_2"":""Dali Bai""},{""gid_2"":""CHN.30.7_1"",""migration_date"":""2025-12-20"",""migration_method"":""jaccard2"",""name_2"":""Kunming""},{""gid_2"":""CHN.30.8_1"",""migration_date"":""2025-12-20"",""migration_method"":""jaccard2"",""name_2"":""Lijiang""}]",2009-03-19,2025-12-20,2008-08-30,2008-08-30,2008-08-30
2008-0192-CHN,No,nat-geo-ear-gro,Natural,Geophysical,Earthquake,Ground movement,GLIDE:EQ-2008-000062|USGS:usp000g650,,CHN,China,Eastern Asia,Asia,"Wenchuan Xian, Aba Xian areas (Ngawa Tibetan and Qiang district, Sichuan Sheng province), Chengdu Shi area (Chengdu district, Sichuan Sheng province), Deyang Shi, Mianzhu areas (Deyang district, Sichuan Sheng province), Beichuan Xian, Mianyang Shi areas (Mianyang district, Sichuan Sheng province), Gansu Sheng, Chongqing Shi, Guizhou Sheng, Hubei Sheng, Hunan Sheng, Henan Sheng, Shaanxi Sheng, Shanxi Sheng, Yunnan Sheng provinces",,"Slide (land, mud, snow, rock)",Yes,No,No,303663.0,7.9,Moment Magnitude,31.002,103.322,,2008,5.0,12.0,2008,5.0,12.0,87476.0,366596.0,45610000.0,,45976596.0,10000000.0,14953053.0,300000.0,448592.0,85000000.0,127100952.0,66.87597417890872,"[{""adm1_code"":900,""adm1_name"":""Chongqing Shi""},{""adm1_code"":902,""adm1_name"":""Gansu Sheng""},{""adm1_code"":905,""adm1_name"":""Guizhou Sheng""},{""adm1_code"":909,""adm1_name"":""Henan Sheng""},{""adm1_code"":911,""adm1_name"":""Hubei Sheng""},{""adm1_code"":912,""adm1_name"":""Hunan Sheng""},{""adm1_code"":920,""adm1_name"":""Shaanxi Sheng""},{""adm1_code"":923,""adm1_name"":""Shanxi Sheng""},{""adm1_code"":929,""adm1_name"":""Yunnan Sheng""},{""adm2_code"":13255,""adm2_name"":""Chengdu""},{""adm2_code"":13259,""adm2_name"":""Deyang""},{""adm2_code"":13260,""adm2_name"":""Mianyang""},{""adm2_code"":13270,""adm2_name"":""Ngawa Tibetan and Qiang""}]","[{""gid_1"":""CHN.12_1"",""migration_date"":""2025-12-20"",""migration_method"":""jaccard1"",""name_1"":""Henan""},{""gid_1"":""CHN.13_1"",""migration_date"":""2025-12-20"",""migration_method"":""jaccard1"",""name_1"":""Hubei""},{""gid_1"":""CHN.14_1"",""migration_date"":""2025-12-20"",""migration_method"":""jaccard1"",""name_1"":""Hunan""},{""gid_1"":""CHN.22_1"",""migration_date"":""2025-12-20"",""migration_method"":""jaccard1"",""name_1"":""Shaanxi""},{""gid_1"":""CHN.25_1"",""migration_date"":""2025-12-20"",""migration_method"":""jaccard1"",""name_1"":""Shanxi""},{""gid_1"":""CHN.30_1"",""migration_date"":""2025-12-20"",""migration_method"":""jaccard1"",""name_1"":""Yunnan""},{""gid_1"":""CHN.3_1"",""migration_date"":""2025-12-20"",""migration_method"":""jaccard1"",""name_1"":""Chongqing""},{""gid_1"":""CHN.5_1"",""migration_date"":""2025-12-20"",""migration_method"":""jaccard1"",""name_1"":""Gansu""},{""gid_1"":""CHN.8_1"",""migration_date"":""2025-12-20"",""migration_method"":""jaccard1"",""name_1"":""Guizhou""},{""gid_2"":""CHN.26.12_1"",""migration_date"":""2025-12-20"",""migration_method"":""jaccard2"",""name_2"":""Mianyang""},{""gid_2"":""CHN.26.16_1"",""migration_date"":""2025-12-20"",""migration_method"":""jaccard2"",""name_2"":""Ngawa Tibetan and Qiang""},{""gid_2"":""CHN.26.2_1"",""migration_date"":""2025-12-20"",""migration_method"":""jaccard2"",""name_2"":""Chengdu""},{""gid_2"":""CHN.26.4_1"",""migration_date"":""2025-12-20"",""migration_method"":""jaccard2"",""name_2"":""Deyang""}]",2014-03-11,2025-12-20,2008-05-12,2008-05-12,2008-05-12
2008-0325-CHN,No,nat-geo-ear-gro,Natural,Geophysical,Earthquake,Ground movement,USGS:usp000gdw4,,CHN,China,Eastern Asia,Asia,"Qingchuan area (Guangyuan district, Sichuan Sheng province)",,,No,No,No,,6.0,Moment Magnitude,32.756,105.494,,2008,8.0,5.0,2008,8.0,5.0,4.0,29.0,,13500.0,13529.0,,,,,,,66.87597417890872,"[{""adm2_code"":13261,""adm2_name"":""Guangyuan""}]","[{""gid_2"":""CHN.26.7_1"",""migration_date"":""2025-12-20"",""migration_method"":""jaccard2"",""name_2"":""Guangyuan""}]",2014-03-11,2025-12-20,2008-08-05,2008-08-05,2008-08-05
2008-0650-CHN,No,nat-geo-ear-gro,Natural,Geophysical,Earthquake,Ground movement,USGS:usp000g7r4,,CHN,China,Eastern Asia,Asia,Sichuan Sheng province,,,No,No,No,,6.1,Moment Magnitude,32.56,105.423,,2008,5.0,25.0,2008,5.0,25.0,8.0,1000.0,,350000.0,351000.0,,,,,,,66.87597417890872,"[{""adm1_code"":924,""adm1_name"":""Sichuan Sheng""}]","[{""gid_1"":""CHN.26_1"",""migration_date"":""2025-12-20"",""migration_method"":""jaccard1"",""name_1"":""Sichuan""}]",2014-03-11,2025-12-20,2008-05-25,2008-05-25,2008-05-25
2008-0649-COL,No,nat-geo-ear-gro,Natural,Geophysical,Earthquake,Ground movement,GLIDE:EQ-2008-000070|USGS:usp000g7p6,,COL,Colombia,Latin America and the Caribbean,Americas,"Quetame district (Cundinamarca province), Meta province",,"Slide (land, mud, snow, rock)",No,No,No,,5.9,Moment Magnitude,4.33,-73.764,,2008,5.0,24.0,2008,5.0,24.0,11.0,54.0,,1700.0,1754.0,,,,,10000.0,14953.0,66.87597417890872,"[{""adm1_code"":954,""adm1_name"":""Meta""},{""adm2_code"":13906,""adm2_name"":""Quetame""}]","[{""gid_1"":""COL.15_2"",""migration_date"":""2025-12-20"",""migration_method"":""within2_1"",""name_1"":""Cundinamarca""},{""gid_1"":""COL.21_2"",""migration_date"":""2025-12-20"",""migration_method"":""jaccard1"",""name_1"":""Meta""}]",2009-03-19,2025-12-20,2008-05-24,2008-05-24,2008-05-24
2008-0040-COD,No,nat-geo-ear-gro,Natural,Geophysical,Earthquake,Ground movement,GLIDE:EQ-2008-000017|USGS:usp000fy21,,COD,Democratic Republic of the Congo,Sub-Saharan Africa,Africa,Bukavu district (Sud-Kivu province),,,No,No,No,,5.9,Moment Magnitude,-2.296,28.9,,2008,2.0,3.0,2008,2.0,3.0,11.0,,17355.0,,17355.0,,,,,7000.0,10467.0,66.87597417890872,"[{""adm2_code"":74354,""adm2_name"":""Bukavu""}]",,2008-07-31,2023-09-25,2008-02-03,2008-02-03,2008-02-03
2008-0226-GRC,No,nat-geo-ear-gro,Natural,Geophysical,Earthquake,Ground movement,USGS:usp000g8vs,,GRC,Greece,Southern Europe,Europe,"Achaïe (Achaias district, Dytiki Ellada province), Elide (Ileias district, Dytiki Ellada province), Leucade Isl. (Lefkados district, Ionioi Nisoi province)",,"Slide (land, mud, snow, rock)",No,No,No,,6.4,Moment Magnitude,37.963,21.525,,2008,6.0,8.0,2008,6.0,8.0,2.0,240.0,3468.0,,3708.0,,,,,,,66.87597417890872,"[{""adm2_code"":16681,""adm2_name"":""Achaias""},{""adm2_code"":16683,""adm2_name"":""Ileias""},{""adm2_code"":16690,""adm2_name"":""Lefkados""}]","[{""gid_2"":""GRC.7.1_1"",""migration_date"":""2025-12-20"",""migration_method"":""bufhaus2"",""name_2"":""Ionian Islands""},{""gid_2"":""GRC.7.3_1"",""migration_date"":""2025-12-20"",""migration_method"":""bufhaus2"",""name_2"":""West Greece""},{""gid_2"":""GRC.7.3_1"",""migration_date"":""2025-12-20"",""migration_method"":""bufhaus2"",""name_2"":""West Greece""}]",2009-03-19,2025-12-20,2008-06-08,2008-06-08,2008-06-08
2008-0403-IDN,No,nat-geo-ear-gro,Natural,Geophysical,Earthquake,Ground movement,USGS:usp000ggpt,,IDN,Indonesia,South-eastern Asia,Asia,"Jarai village (Lahat district, Sumatra Selatan province)",,,No,No,No,,5.2,Moment Magnitude,-3.935,103.058,,2008,9.0,9.0,2008,9.0,9.0,2.0,60.0,565.0,,625.0,,,,,,,66.87597417890872,"[{""adm2_code"":73769,""adm2_name"":""Lahat""}]","[{""gid_2"":""IDN.31.2_1"",""migration_date"":""2025-12-20"",""migration_method"":""puzzle2_2"",""name_2"":""Empat Lawang""},{""gid_2"":""IDN.31.3_1"",""migration_date"":""2025-12-20"",""migration_method"":""puzzle2_2"",""name_2"":""Lahat""}]",2014-02-26,2025-12-20,2008-09-09,2008-09-09,2008-09-09
2008-0536-IDN,No,nat-geo-ear-gro,Natural,Geophysical,Earthquake,Ground movement,GLIDE:EQ-2008-000226|USGS:usp000gnur,,IDN,Indonesia,South-eastern Asia,Asia,Buol district (Sulawesi Tengah province) Gorontalo province,,,No,No,No,,7.4,Moment Magnitude,1.271,122.091,,2008,11.0,16.0,2008,11.0,16.0,6.0,77.0,10000.0,,10077.0,,,,,,,66.87597417890872,"[{""adm1_code"":73611,""adm1_name"":""Gorontalo""},{""adm2_code"":73664,""adm2_name"":""Buol""}]","[{""gid_1"":""IDN.6_1"",""migration_date"":""2025-12-20"",""migration_method"":""jaccard1"",""name_1"":""Gorontalo""},{""gid_2"":""IDN.27.3_1"",""migration_date"":""2025-12-20"",""migration_method"":""jaccard2"",""name_2"":""Buol""}]",2009-03-19,2025-12-20,2008-11-16,2008-11-16,2008-11-16
2008-0178-IRN,No,nat-geo-ear-gro,Natural,Geophysical,Earthquake,Ground movement,USGS:usp000g57j,,IRN,Iran (Islamic Republic of),Southern Asia,Asia,Borugerd district (Lorestan province),,,No,No,No,,4.5,Moment Magnitude,33.86,48.59,,2008,5.0,1.0,2008,5.0,1.0,,170.0,,,170.0,,,,,,,66.87597417890872,"[{""adm2_code"":40911,""adm2_name"":""Borugerd""}]",,2008-06-11,2023-09-25,2008-05-01,2008-05-01,2008-05-01
2008-0401-IRN,No,nat-geo-ear-gro,Natural,Geophysical,Earthquake,Ground movement,GLIDE:EQ-2008-000156|USGS:usp000ggsg,,IRN,Iran (Islamic Republic of),Southern Asia,Asia,"Tonban village (Geshm district, Hormozgan province), Roudan village (Rudan district, Hormozgan province)",,,No,No,No,,6.1,Moment Magnitude,26.743,55.828,,2008,9.0,10.0,2008,9.0,10.0,6.0,45.0,20500.0,,20545.0,,,,,,,66.87597417890872,"[{""adm2_code"":40963,""adm2_name"":""Geshm""},{""adm2_code"":41078,""adm2_name"":""Rudan""}]",,2008-10-14,2025-06-25,2008-09-10,2008-09-10,2008-09-10
2008-0242-JPN,No,nat-geo-ear-gro,Natural,Geophysical,Earthquake,Ground movement,GLIDE:EQ-2008-000087|USGS:usp000g9h6,,JPN,Japan,Eastern Asia,Asia,"Mizusawasi, Moriokasi districts (Iwate province), Tukidatetyoo, Hurukawasi, Sendaisi_Aobaku, Sendaisi_Daisiroku, Sendaisi_Izumiku, Sendaisi_Miyaginoku, Sendaisi_Wakabayasiku districts (Miyagi province), Akita province",,"Slide (land, mud, snow, rock)",No,No,No,,6.9,Moment Magnitude,39.03,140.881,,2008,6.0,13.0,2008,6.0,13.0,23.0,448.0,,,448.0,,,55000.0,82242.0,167000.0,249716.0,66.87597417890872,"[{""adm1_code"":1652,""adm1_name"":""Akita""},{""adm2_code"":34638,""adm2_name"":""Mizusawasi""},{""adm2_code"":34639,""adm2_name"":""Moriokasi""},{""adm2_code"":35135,""adm2_name"":""Hurukawasi""},{""adm2_code"":35176,""adm2_name"":""Sendaisi_Aobaku""},{""adm2_code"":35177,""adm2_name"":""Sendaisi_Daisiroku""},{""adm2_code"":35178,""adm2_name"":""Sendaisi_Izumiku""},{""adm2_code"":35179,""adm2_name"":""Sendaisi_Miyaginoku""},{""adm2_code"":35180,""adm2_name"":""Sendaisi_Wakabayasiku""},{""adm2_code"":35197,""adm2_name"":""Tukidatetyoo""}]","[{""gid_1"":""JPN.2_1"",""migration_date"":""2025-12-20"",""migration_method"":""jaccard1"",""name_1"":""Akita""},{""gid_2"":""JPN.16.20_1"",""migration_date"":""2025-12-20"",""migration_method"":""bufhaus2"",""name_2"":""Morioka""},{""gid_2"":""JPN.16.25_1"",""migration_date"":""2025-12-20"",""migration_method"":""bufhaus2"",""name_2"":""Ōshū""},{""gid_2"":""JPN.24.19_1"",""migration_date"":""2025-12-20"",""migration_method"":""bufhaus2"",""name_2"":""Ōsaki""},{""gid_2"":""JPN.24.22_1"",""migration_date"":""2025-12-20"",""migration_method"":""bufhaus2"",""name_2"":""Sendai""},{""gid_2"":""JPN.24.22_1"",""migration_date"":""2025-12-20"",""migration_method"":""bufhaus2"",""name_2"":""Sendai""},{""gid_2"":""JPN.24.22_1"",""migration_date"":""2025-12-20"",""migration_method"":""bufhaus2"",""name_2"":""Sendai""},{""gid_2"":""JPN.24.22_1"",""migration_date"":""2025-12-20"",""migration_method"":""bufhaus2"",""name_2"":""Sendai""},{""gid_2"":""JPN.24.22_1"",""migration_date"":""2025-12-20"",""migration_method"":""bufhaus2"",""name_2"":""Sendai""},{""gid_2"":""JPN.24.8_1"",""migration_date"":""2025-12-20"",""migration_method"":""bufhaus2"",""name_2"":""Kurihara""}]",2014-02-24,2025-12-20,2008-06-13,2008-06-13,2008-06-13
2008-0275-JPN,No,nat-geo-ear-gro,Natural,Geophysical,Earthquake,Ground movement,GLIDE:EQ-2008-000115|USGS:usp000gczp,,JPN,Japan,Eastern Asia,Asia,Hatinohesi district (Aomori province),,"Slide (land, mud, snow, rock)",No,No,No,,6.8,Moment Magnitude,39.802,141.464,,2008,7.0,23.0,2008,7.0,24.0,1.0,200.0,270.0,,470.0,,,,,110000.0,164484.0,66.87597417890872,"[{""adm2_code"":33543,""adm2_name"":""Hatinohesi""}]",,2009-03-19,2023-09-25,2008-07-23,2008-07-24,2008-07-23
2008-0001-KGZ,No,nat-geo-ear-gro,Natural,Geophysical,Earthquake,Ground movement,GLIDE:EQ-2008-000002|USGS:usp000fvrz,,KGZ,Kyrgyzstan,Central Asia,Asia,"Kara-suu, Alay, Nookat districts (Osh province)",,,Yes,No,No,1668.0,5.6,Moment Magnitude,40.288,72.985,,2008,1.0,13.0,2008,1.0,13.0,,,3000.0,,3000.0,,,,,,,66.87597417890872,"[{""adm2_code"":18616,""adm2_name"":""Alay""},{""adm2_code"":18620,""adm2_name"":""Kara-Suu""},{""adm2_code"":18621,""adm2_name"":""Nookat""}]","[{""gid_2"":""KGZ.7.1_1"",""migration_date"":""2025-12-20"",""migration_method"":""jaccard2"",""name_2"":""Alai""},{""gid_2"":""KGZ.7.5_1"",""migration_date"":""2025-12-20"",""migration_method"":""jaccard2"",""name_2"":""Kara-Suu""},{""gid_2"":""KGZ.7.6_1"",""migration_date"":""2025-12-20"",""migration_method"":""jaccard2"",""name_2"":""Nookat""}]",2014-04-02,2025-12-20,2008-01-13,2008-01-13,2008-01-13
2008-0454-KGZ,No,nat-geo-ear-gro,Natural,Geophysical,Earthquake,Ground movement,GLIDE:EQ-2008-000181|USGS:usp000gjd4,,KGZ,Kyrgyzstan,Central Asia,Asia,"Nura village (Alay district, Osh province), Chong-Alay district (Osh province)",,,Yes,No,No,1984.0,6.7,Moment Magnitude,39.533,73.824,,2008,10.0,5.0,2008,10.0,5.0,74.0,142.0,,1055.0,1197.0,,,,,,,66.87597417890872,"[{""adm2_code"":18616,""adm2_name"":""Alay""},{""adm2_code"":18618,""adm2_name"":""Chong-Alay""}]","[{""gid_2"":""KGZ.7.1_1"",""migration_date"":""2025-12-20"",""migration_method"":""jaccard2"",""name_2"":""Alai""},{""gid_2"":""KGZ.7.3_1"",""migration_date"":""2025-12-20"",""migration_method"":""jaccard2"",""name_2"":""Chong-Alay""}]",2014-04-02,2025-12-20,2008-10-05,2008-10-05,2008-10-05
2008-0500-PAK,No,nat-geo-ear-gro,Natural,Geophysical,Earthquake,Ground movement,GLIDE:EQ-2008-000206|USGS:usp000gm8g,,PAK,Pakistan,Southern Asia,Asia,"Khanozai village (Pishin District district, Balochistan province), Kawas village (Ziarat District district, Balochistan province), Harnai area (Sibi District district, Balochistan province)",,"Slide (land, mud, snow, rock)",Yes,No,No,15792.0,6.4,Moment Magnitude,30.639,67.351,,2008,10.0,28.0,2008,10.0,28.0,166.0,320.0,75000.0,,75320.0,,,,,10000.0,14953.0,66.87597417890872,"[{""adm2_code"":40310,""adm2_name"":""Pishin District""},{""adm2_code"":40312,""adm2_name"":""Sibi District""},{""adm2_code"":40314,""adm2_name"":""Ziarat District""}]",,2010-08-16,2023-09-25,2008-10-28,2008-10-28,2008-10-28
2008-0476-RUS,No,nat-geo-ear-gro,Natural,Geophysical,Earthquake,Ground movement,GLIDE:EQ-2008-000189|USGS:usp000gjy6,,RUS,Russian Federation,Eastern Europe,Europe,Chechnya Rep. Province,,,No,No,No,,5.8,Moment Magnitude,43.372,46.254,,2008,10.0,11.0,2008,10.0,11.0,13.0,100.0,5135.0,,5235.0,,,,,,,66.87597417890872,"[{""adm1_code"":2498,""adm1_name"":""Chechnya Rep.""}]","[{""gid_1"":""RUS.10_1"",""migration_date"":""2025-12-20"",""migration_method"":""jaccard1"",""name_1"":""Chechnya""}]",2009-01-07,2025-12-20,2008-10-11,2008-10-11,2008-10-11
2008-0040-RWA,No,nat-geo-ear-gro,Natural,Geophysical,Earthquake,Ground movement,GLIDE:EQ-2008-000017|USGS:usp000fy21,,RWA,Rwanda,Sub-Saharan Africa,Africa,"Cyangugu, Nyamasheke villages (Rusizi district, West/Iburengerazuba province)",,,No,No,No,,5.9,Moment Magnitude,-2.296,28.9,,2008,2.0,3.0,2008,2.0,3.0,36.0,643.0,,,643.0,,,,,,,66.87597417890872,"[{""adm2_code"":22001,""adm2_name"":""Rusizi""}]","[{""gid_2"":""RWA.4.6_1"",""migration_date"":""2025-12-20"",""migration_method"":""jaccard2"",""name_2"":""Rusizi""}]",2014-02-19,2025-12-20,2008-02-03,2008-02-03,2008-02-03
2008-0099-USA,No,nat-geo-ear-gro,Natural,Geophysical,Earthquake,Ground movement,USGS:nn00234425,,USA,United States of America,Northern America,Americas,"Wells city (Elko district, Nevada province)",,,No,No,No,,5.9,Moment Magnitude,41.1444,-114.8721,,2008,2.0,21.0,2008,2.0,21.0,,3.0,2100.0,,2103.0,,,,,,,66.87597417890872,"[{""adm2_code"":30428,""adm2_name"":""Elko""}]","[{""gid_2"":""USA.29.5_1"",""migration_date"":""2025-12-20"",""migration_method"":""jaccard2"",""name_2"":""Elko""}]",2008-04-14,2025-12-20,2008-02-21,2008-02-21,2008-02-21
2009-0156-AFG,No,nat-geo-ear-gro,Natural,Geophysical,Earthquake,Ground movement,GLIDE:EQ-2009-000077|USGS:usp000gw84,,AFG,Afghanistan,Southern Asia,Asia,"Sherzad, Hesarak, Khogyani districts (Nangarhar province)",,,No,No,No,,5.2,Moment Magnitude,34.185,70.076,,2009,4.0,16.0,2009,4.0,16.0,22.0,59.0,,3250.0,3309.0,,,,,,,66.63820107166443,"[{""adm2_code"":3661,""adm2_name"":""Hesarak""},{""adm2_code"":3664,""adm2_name"":""Khogyani""},{""adm2_code"":3671,""adm2_name"":""Sherzad""}]","[{""gid_2"":""AFG.22.11_1"",""migration_date"":""2025-12-20"",""migration_method"":""bufhaus2"",""name_2"":""Khogyani""},{""gid_2"":""AFG.22.18_1"",""migration_date"":""2025-12-20"",""migration_method"":""jaccard2"",""name_2"":""Sherzad""},{""gid_2"":""AFG.22.8_1"",""migration_date"":""2025-12-20"",""migration_method"":""jaccard2"",""name_2"":""Hisarak""}]",2014-02-28,2025-12-20,2009-04-16,2009-04-16,2009-04-16
2009-0366-ALB,No,nat-geo-ear-gro,Natural,Geophysical,Earthquake,Ground movement,USGS:usp000h19n,,ALB,Albania,Southern Europe,Europe,Peshkopi district,,,No,No,No,,5.5,Moment Magnitude,41.483,20.388,,2009,9.0,7.0,2009,9.0,7.0,,,,150.0,150.0,,,,,,,66.63820107166443,"[{""adm2_code"":3813,""adm2_name"":""Peshkopi""}]",,2009-09-23,2023-09-25,2009-09-07,2009-09-07,2009-09-07
2009-0420-ASM,No,nat-geo-ear-tsu,Natural,Geophysical,Earthquake,Tsunami,GLIDE:TS-2009-000209|GLIDE:TS-2009-000210|USGS:usp000h1ys,,ASM,American Samoa,Polynesia,Oceania,"Pago Pago, Tula villages",,Tsunami/Tidal wave,No,No,No,,8.1,Moment Magnitude,-15.489,-172.095,,2009,9.0,29.0,2009,9.0,29.0,34.0,,2500.0,,2500.0,,,,,,,66.63820107166443,"[{""adm2_code"":4197,""adm2_name"":""Administrative unit not available""}]","[{""gid_2"":""ASM.1.1_1"",""migration_date"":""2025-12-20"",""migration_method"":""puzzle2_2"",""name_2"":""Ituau""},{""gid_2"":""ASM.1.2_1"",""migration_date"":""2025-12-20"",""migration_method"":""puzzle2_2"",""name_2"":""Ma'Oputasi""},{""gid_2"":""ASM.1.3_1"",""migration_date"":""2025-12-20"",""migration_method"":""puzzle2_2"",""name_2"":""Sa'Ole""},{""gid_2"":""ASM.1.4_1"",""migration_date"":""2025-12-20"",""migration_method"":""puzzle2_2"",""name_2"":""Sua""},{""gid_2"":""ASM.1.5_1"",""migration_date"":""2025-12-20"",""migration_method"":""puzzle2_2"",""name_2"":""Vaifanua""},{""gid_2"":""ASM.2.1_1"",""migration_date"":""2025-12-20"",""migration_method"":""puzzle2_2"",""name_2"":""Faleasao""},{""gid_2"":""ASM.2.2_1"",""migration_date"":""2025-12-20"",""migration_method"":""puzzle2_2"",""name_2"":""Fitiuta""},{""gid_2"":""ASM.2.3_1"",""migration_date"":""2025-12-20"",""migration_method"":""puzzle2_2"",""name_2"":""Ofu""},{""gid_2"":""ASM.2.4_1"",""migration_date"":""2025-12-20"",""migration_method"":""puzzle2_2"",""name_2"":""Olosega""},{""gid_2"":""ASM.2.5_1"",""migration_date"":""2025-12-20"",""migration_method"":""puzzle2_2"",""name_2"":""Ta'u""},{""gid_2"":""ASM.3.2_1"",""migration_date"":""2025-12-20"",""migration_method"":""puzzle2_2"",""name_2"":""Swains""},{""gid_2"":""ASM.4.1_2"",""migration_date"":""2025-12-20"",""migration_method"":""puzzle2_2"",""name_2"":""Lealataua""},{""gid_2"":""ASM.4.2_1"",""migration_date"":""2025-12-20"",""migration_method"":""puzzle2_2"",""name_2"":""Leasina""},{""gid_2"":""ASM.4.3_1"",""migration_date"":""2025-12-20"",""migration_method"":""puzzle2_2"",""name_2"":""Tualatai""},{""gid_2"":""ASM.4.4_1"",""migration_date"":""2025-12-20"",""migration_method"":""puzzle2_2"",""name_2"":""Tualauta""},{""gid_2"":""ASM.4.5_1"",""migration_date"":""2025-12-20"",""migration_method"":""puzzle2_2"",""name_2"":""Fofo""}]",2014-05-13,2025-12-20,2009-09-29,2009-09-29,2009-09-29
2009-0406-BTN,No,nat-geo-ear-gro,Natural,Geophysical,Earthquake,Ground movement,GLIDE:EQ-2009-000200|USGS:usp000h1r4,,BTN,Bhutan,Southern Asia,Asia,"Monggar, Trashigang provinces",,,No,No,No,184.0,8.1,Moment Magnitude,-15.489,-172.095,,2009,9.0,21.0,2009,9.0,21.0,11.0,12.0,,,12.0,,,,,,,66.63820107166443,"[{""adm1_code"":628,""adm1_name"":""Monggar""},{""adm1_code"":637,""adm1_name"":""Trashigang""}]","[{""gid_1"":""BTN.15_1"",""migration_date"":""2025-12-20"",""migration_method"":""jaccard1"",""name_1"":""Trashigang""},{""gid_1"":""BTN.7_1"",""migration_date"":""2025-12-20"",""migration_method"":""jaccard1"",""name_1"":""Monggar""}]",2010-02-05,2025-12-20,2009-09-21,2009-09-21,2009-09-21
2009-0059-CHN,No,nat-geo-ear-gro,Natural,Geophysical,Earthquake,Ground movement,GLIDE:EQ-2009-000027|USGS:usp000gt2t,,CHN,China,Eastern Asia,Asia,"Chabucha'er Xibo Zizhixian, Zhaosu areas (Ili Kazakh district, Xinjiang Uygur Zizhiqu province)",,,No,No,No,,5.1,Moment Magnitude,43.236,80.893,,2009,1.0,25.0,2009,1.0,25.0,,,4549.0,,4549.0,,,,,3100.0,4652.0,66.63820107166443,"[{""adm2_code"":13292,""adm2_name"":""Ili Kazakh""}]","[{""gid_2"":""CHN.28.7_1"",""migration_date"":""2025-12-20"",""migration_method"":""jaccard2"",""name_2"":""Ili Kazakh""}]",2009-03-10,2025-12-20,2009-01-25,2009-01-25,2009-01-25
2009-0249-CHN,No,nat-geo-ear-gro,Natural,Geophysical,Earthquake,Ground movement,GLIDE:EQ-2009-000130|USGS:usp000gz2j,,CHN,China,Eastern Asia,Asia,"Guantun village (Yao'an Xian area, Chuxiong Yi district, Yunnan Sheng province), Dali Bai district (Yunnan Sheng province)",,,No,No,No,,5.7,Moment Magnitude,25.632,101.095,,2009,7.0,9.0,2009,7.0,9.0,1.0,336.0,15000.0,50000.0,65336.0,,,,,315000.0,472702.0,66.63820107166443,"[{""adm2_code"":13307,""adm2_name"":""Chuxiong Yi""},{""adm2_code"":13312,""adm2_name"":""Dali Bai""}]","[{""gid_2"":""CHN.30.2_1"",""migration_date"":""2025-12-20"",""migration_method"":""jaccard2"",""name_2"":""Chuxiong Yi""},{""gid_2"":""CHN.30.3_1"",""migration_date"":""2025-12-20"",""migration_method"":""jaccard2"",""name_2"":""Dali Bai""}]",2010-03-07,2025-12-20,2009-07-09,2009-07-09,2009-07-09
2009-0002-CRI,No,nat-geo-ear-gro,Natural,Geophysical,Earthquake,Ground movement,GLIDE:EQ-2009-000009|USGS:usp000gscg,,CRI,Costa Rica,Latin America and the Caribbean,Americas,"Alajuela, Alfaro Ruiz, Grecia, Poas, Valverde Vega districts (Alajuela province), Barva, Heredia, Santa Barbara, Sarapiqui districts (Heredia province)",,"Slide (land, mud, snow, rock)",Yes,Yes,Yes,413.0,6.1,Moment Magnitude,10.165,-84.197,,2009,1.0,8.0,2009,1.0,8.0,31.0,91.0,128527.0,,128618.0,,,100000.0,150064.0,200000.0,300128.0,66.63820107166443,"[{""adm2_code"":14470,""adm2_name"":""Alajuela""},{""adm2_code"":14471,""adm2_name"":""Alfaro Ruiz""},{""adm2_code"":14473,""adm2_name"":""Grecia""},{""adm2_code"":14479,""adm2_name"":""Poas""},{""adm2_code"":14484,""adm2_name"":""Valverde Vega""},{""adm2_code"":14504,""adm2_name"":""Barva""},{""adm2_code"":14507,""adm2_name"":""Heredia""},{""adm2_code"":14511,""adm2_name"":""Santa Barbara""},{""adm2_code"":14513,""adm2_name"":""Sarapiqui""}]","[{""gid_2"":""CRI.1.10_1"",""migration_date"":""2025-12-20"",""migration_method"":""bufhaus2"",""name_2"":""Poás""},{""gid_2"":""CRI.1.15_1"",""migration_date"":""2025-12-20"",""migration_method"":""jaccard2"",""name_2"":""Sarchí""},{""gid_2"":""CRI.1.16_1"",""migration_date"":""2025-12-20"",""migration_method"":""jaccard2"",""name_2"":""Zarcero""},{""gid_2"":""CRI.1.17_1"",""migration_date"":""2025-12-20"",""migration_method"":""puzzle2_2"",""name_2"":""Río Cuarto""},{""gid_2"":""CRI.1.1_1"",""migration_date"":""2025-12-20"",""migration_method"":""jaccard2"",""name_2"":""Alajuela""},{""gid_2"":""CRI.1.4_1"",""migration_date"":""2025-12-20"",""migration_method"":""puzzle2_2"",""name_2"":""Grecia""},{""gid_2"":""CRI.4.10_1"",""migration_date"":""2025-12-20"",""migration_method"":""jaccard2"",""name_2"":""Sarapiquí""},{""gid_2"":""CRI.4.1_1"",""migration_date"":""2025-12-20"",""migration_method"":""jaccard2"",""name_2"":""Barva""},{""gid_2"":""CRI.4.4_1"",""migration_date"":""2025-12-20"",""migration_method"":""jaccard2"",""name_2"":""Heredia""},{""gid_2"":""CRI.4.8_1"",""migration_date"":""2025-12-20"",""migration_method"":""jaccard2"",""name_2"":""Santa Bárbara""}]",2014-03-25,2025-12-20,2009-01-08,2009-01-08,2009-01-08
2009-0388-GEO,No,nat-geo-ear-gro,Natural,Geophysical,Earthquake,Ground movement,GLIDE:EQ-2009-000191|USGS:usp000h1ar,,GEO,Georgia,Western Asia,Asia,"Nigavzebi, Utsera , Gari, Nakieti villages (Oni district, Racha-Lechkhumi and Kvemo (lower) Svaneti province), Satchekhere district (Imereti province)",,,No,No,No,14.0,6.0,Moment Magnitude,42.66,43.443,,2009,9.0,7.0,2009,9.0,7.0,,6.0,7300.0,,7306.0,,,,,,,66.63820107166443,"[{""adm2_code"":16469,""adm2_name"":""Satchekhere""},{""adm2_code"":16499,""adm2_name"":""Oni""}]","[{""gid_2"":""GEO.4.6_1"",""migration_date"":""2025-12-20"",""migration_method"":""bufhaus2"",""name_2"":""Sachkhere""},{""gid_2"":""GEO.8.3_1"",""migration_date"":""2025-12-20"",""migration_method"":""jaccard2"",""name_2"":""Oni""}]",2010-02-19,2025-12-20,2009-09-07,2009-09-07,2009-09-07
2009-0205-HND,No,nat-geo-ear-gro,Natural,Geophysical,Earthquake,Ground movement,GLIDE:EQ-2009-000108|USGS:usp000gxkj,,HND,Honduras,Latin America and the Caribbean,Americas,"La Ceiba, Tela districts (Atlantida province), La Lima, Omoa, Puerto Cortes, San Pedro Sula districts (Cortes province), Jesus De Otoro, Guanaja, Roatan, Jose Santos Guardiola districts (Islas De Bahia province), Ceguaca, Chinda, Gualala, Ilama, Las Vegas, Petoa, San Jose De Colimas, Santa Barbara, Trinidad districts (Santa Barbara province), El Progreso, Olanchito districts (Yoro province)",,"Slide (land, mud, snow, rock)",No,No,No,,7.3,Moment Magnitude,16.731,-86.217,,2009,5.0,28.0,2009,5.0,28.0,7.0,136.0,50000.0,,50136.0,,,,,100000.0,150064.0,66.63820107166443,"[{""adm2_code"":17212,""adm2_name"":""La Ceiba""},{""adm2_code"":17215,""adm2_name"":""Tela""},{""adm2_code"":17287,""adm2_name"":""La Lima""},{""adm2_code"":17288,""adm2_name"":""Omoa""},{""adm2_code"":17291,""adm2_name"":""Puerto Cortes""},{""adm2_code"":17295,""adm2_name"":""San Pedro Sula""},{""adm2_code"":17334,""adm2_name"":""Jesus De Otoro""},{""adm2_code"":17345,""adm2_name"":""Guanaja""},{""adm2_code"":17346,""adm2_name"":""Jose Santos Guardiola""},{""adm2_code"":17347,""adm2_name"":""Roatan""},{""adm2_code"":17456,""adm2_name"":""Ceguaca""},{""adm2_code"":17457,""adm2_name"":""Chinda""},{""adm2_code"":17461,""adm2_name"":""Gualala""},{""adm2_code"":17462,""adm2_name"":""Ilama""},{""adm2_code"":17463,""adm2_name"":""Las Vegas""},{""adm2_code"":17467,""adm2_name"":""Petoa""},{""adm2_code"":17471,""adm2_name"":""San Jose De Colimas""},{""adm2_code"":17477,""adm2_name"":""Santa Barbara""},{""adm2_code"":17479,""adm2_name"":""Trinidad""},{""adm2_code"":17491,""adm2_name"":""El Progreso""},{""adm2_code"":17494,""adm2_name"":""Olanchito""}]","[{""gid_2"":""HND.1.5_1"",""migration_date"":""2025-12-20"",""migration_method"":""jaccard2"",""name_2"":""La Ceiba""},{""gid_2"":""HND.1.8_1"",""migration_date"":""2025-12-20"",""migration_method"":""jaccard2"",""name_2"":""Tela""},{""gid_2"":""HND.10.6_1"",""migration_date"":""2025-12-20"",""migration_method"":""jaccard2"",""name_2"":""Jesús de Otoro""},{""gid_2"":""HND.11.1_1"",""migration_date"":""2025-12-20"",""migration_method"":""jaccard2"",""name_2"":""Guanaja""},{""gid_2"":""HND.11.2_1"",""migration_date"":""2025-12-20"",""migration_method"":""bufhaus2"",""name_2"":""José Santos Guardiola""},{""gid_2"":""HND.11.3_1"",""migration_date"":""2025-12-20"",""migration_method"":""jaccard2"",""name_2"":""Roatán""},{""gid_2"":""HND.16.10_1"",""migration_date"":""2025-12-20"",""migration_method"":""jaccard2"",""name_2"":""Ilama""},{""gid_2"":""HND.16.11_1"",""migration_date"":""2025-12-20"",""migration_method"":""jaccard2"",""name_2"":""Las Vegas""},{""gid_2"":""HND.16.16_1"",""migration_date"":""2025-12-20"",""migration_method"":""jaccard2"",""name_2"":""Petoa""},{""gid_2"":""HND.16.20_1"",""migration_date"":""2025-12-20"",""migration_method"":""jaccard2"",""name_2"":""San José de Colinas""},{""gid_2"":""HND.16.26_1"",""migration_date"":""2025-12-20"",""migration_method"":""jaccard2"",""name_2"":""Santa Bárbara""},{""gid_2"":""HND.16.28_1"",""migration_date"":""2025-12-20"",""migration_method"":""jaccard2"",""name_2"":""Trinidad de Copán""},{""gid_2"":""HND.16.4_1"",""migration_date"":""2025-12-20"",""migration_method"":""jaccard2"",""name_2"":""Ceguaca""},{""gid_2"":""HND.16.5_1"",""migration_date"":""2025-12-20"",""migration_method"":""jaccard2"",""name_2"":""Chinda""},{""gid_2"":""HND.16.9_1"",""migration_date"":""2025-12-20"",""migration_method"":""jaccard2"",""name_2"":""Gualala""},{""gid_2"":""HND.18.3_1"",""migration_date"":""2025-12-20"",""migration_method"":""jaccard2"",""name_2"":""El Progreso""},{""gid_2"":""HND.18.6_1"",""migration_date"":""2025-12-20"",""migration_method"":""jaccard2"",""name_2"":""Olanchito""},{""gid_2"":""HND.6.10_1"",""migration_date"":""2025-12-20"",""migration_method"":""jaccard2"",""name_2"":""San Pedro Sula""},{""gid_2"":""HND.6.2_1"",""migration_date"":""2025-12-20"",""migration_method"":""jaccard2"",""name_2"":""La Lima""},{""gid_2"":""HND.6.3_1"",""migration_date"":""2025-12-20"",""migration_method"":""jaccard2"",""name_2"":""Omoa""},{""gid_2"":""HND.6.6_1"",""migration_date"":""2025-12-20"",""migration_method"":""jaccard2"",""name_2"":""Puerto Cortés""}]",2014-04-03,2025-12-20,2009-05-28,2009-05-28,2009-05-28
2009-0354-IDN,No,nat-geo-ear-gro,Natural,Geophysical,Earthquake,Ground movement,GLIDE:TS-2009-000173|USGS:usp000h152,,IDN,Indonesia,South-eastern Asia,Asia,"Cianjur, Bandung, Kota Bandung, Garut, Tasikmalaya, Kota Tasilmalaya, Sukabumi, Kota Bogor, Bogor, Ciamis, Sumedang, Kuningan, Kota Banjar, Purwakarta, Kota Cimahi, Kota Sukabumi districts (Jawa Barat province), Cilacap district (Jawa Tengah province), Dki Jakarta province",,"Slide (land, mud, snow, rock)",Yes,No,No,,7.0,Moment Magnitude,-7.782,107.297,,2009,9.0,2.0,2009,9.0,2.0,128.0,1442.0,338350.0,,339792.0,,,,,160000.0,240103.0,66.63820107166443,"[{""adm1_code"":1516,""adm1_name"":""Dki Jakarta""},{""adm2_code"":18036,""adm2_name"":""Cilacap""},{""adm2_code"":18008,""adm2_name"":""Bogor""},{""adm2_code"":18010,""adm2_name"":""Cianjur""},{""adm2_code"":18012,""adm2_name"":""Garut""},{""adm2_code"":18015,""adm2_name"":""Kota Bandung""},{""adm2_code"":18016,""adm2_name"":""Kota Bogor""},{""adm2_code"":18018,""adm2_name"":""Kota Sukabumi""},{""adm2_code"":18019,""adm2_name"":""Kuningan""},{""adm2_code"":18023,""adm2_name"":""Purwakarta""},{""adm2_code"":18026,""adm2_name"":""Sukabumi""},{""adm2_code"":18027,""adm2_name"":""Sumedang""},{""adm2_code"":73636,""adm2_name"":""Bandung""},{""adm2_code"":73667,""adm2_name"":""Ciamis""},{""adm2_code"":73707,""adm2_name"":""Kota Banjar""},{""adm2_code"":73718,""adm2_name"":""Kota Cimahi""},{""adm2_code"":73756,""adm2_name"":""Kota Tasikmalaya""},{""adm2_code"":73867,""adm2_name"":""Tasikmalaya""}]","[{""gid_1"":""IDN.7_1"",""migration_date"":""2025-12-20"",""migration_method"":""jaccard1"",""name_1"":""Jakarta Raya""},{""gid_2"":""IDN.10.7_1"",""migration_date"":""2025-12-20"",""migration_method"":""jaccard2"",""name_2"":""Cilacap""},{""gid_2"":""IDN.9.11_1"",""migration_date"":""2025-12-20"",""migration_method"":""jaccard2"",""name_2"":""Garut""},{""gid_2"":""IDN.9.14_1"",""migration_date"":""2025-12-20"",""migration_method"":""jaccard2"",""name_2"":""Kota Bandung""},{""gid_2"":""IDN.9.16_1"",""migration_date"":""2025-12-20"",""migration_method"":""jaccard2"",""name_2"":""Kota Bogor""},{""gid_2"":""IDN.9.18_1"",""migration_date"":""2025-12-20"",""migration_method"":""jaccard2"",""name_2"":""Kota Sukabumi""},{""gid_2"":""IDN.9.19_1"",""migration_date"":""2025-12-20"",""migration_method"":""jaccard2"",""name_2"":""Kota Tasikmalaya""},{""gid_2"":""IDN.9.1_1"",""migration_date"":""2025-12-20"",""migration_method"":""puzzle2_2"",""name_2"":""Bandung Barat""},{""gid_2"":""IDN.9.20_1"",""migration_date"":""2025-12-20"",""migration_method"":""jaccard2"",""name_2"":""Kuningan""},{""gid_2"":""IDN.9.22_1"",""migration_date"":""2025-12-20"",""migration_method"":""jaccard2"",""name_2"":""Purwakarta""},{""gid_2"":""IDN.9.24_1"",""migration_date"":""2025-12-20"",""migration_method"":""jaccard2"",""name_2"":""Sukabumi""},{""gid_2"":""IDN.9.25_1"",""migration_date"":""2025-12-20"",""migration_method"":""jaccard2"",""name_2"":""Sumedang""},{""gid_2"":""IDN.9.26_1"",""migration_date"":""2025-12-20"",""migration_method"":""jaccard2"",""name_2"":""Tasikmalaya""},{""gid_2"":""IDN.9.27_1"",""migration_date"":""2025-12-20"",""migration_method"":""puzzle2_2"",""name_2"":""Waduk Cirata""},{""gid_2"":""IDN.9.2_1"",""migration_date"":""2025-12-20"",""migration_method"":""puzzle2_2"",""name_2"":""Bandung""},{""gid_2"":""IDN.9.3_1"",""migration_date"":""2025-12-20"",""migration_method"":""jaccard2"",""name_2"":""Banjar""},{""gid_2"":""IDN.9.5_1"",""migration_date"":""2025-12-20"",""migration_method"":""jaccard2"",""name_2"":""Bogor""},{""gid_2"":""IDN.9.6_1"",""migration_date"":""2025-12-20"",""migration_method"":""jaccard2"",""name_2"":""Ciamis""},{""gid_2"":""IDN.9.7_1"",""migration_date"":""2025-12-20"",""migration_method"":""jaccard2"",""name_2"":""Cianjur""},{""gid_2"":""IDN.9.8_1"",""migration_date"":""2025-12-20"",""migration_method"":""bufhaus2"",""name_2"":""Cimahi""},{""gid_2"":""IDN.9.8_1"",""migration_date"":""2025-12-20"",""migration_method"":""puzzle2_2"",""name_2"":""Cimahi""}]",2010-08-16,2025-12-20,2009-09-02,2009-09-02,2009-09-02
2009-0112-IDN,No,nat-geo-ear-gro,Natural,Geophysical,Earthquake,Ground movement,GLIDE:EQ-2009-000043|USGS:usp000gtnc,,IDN,Indonesia,South-eastern Asia,Asia,Kepulauan-talaud district (Sulawesi Utara province),,,No,No,No,,7.2,Moment Magnitude,3.886,126.387,,2009,2.0,11.0,2009,2.0,11.0,,64.0,2985.0,,3049.0,,,,,9000.0,13506.0,66.63820107166443,"[{""adm2_code"":73701,""adm2_name"":""Kepulauan-talaud""}]","[{""gid_2"":""IDN.29.7_1"",""migration_date"":""2025-12-20"",""migration_method"":""jaccard2"",""name_2"":""Kepulauan Talaud""}]",2010-03-07,2025-12-20,2009-02-11,2009-02-11,2009-02-11
2009-0479-IDN,No,nat-geo-ear-gro,Natural,Geophysical,Earthquake,Ground movement,USGS:usp000h3vc,,IDN,Indonesia,South-eastern Asia,Asia,"Raba village (Kota Bima district, Nusatenggara Barat province)",,,No,No,No,,7.6,Moment Magnitude,-0.72,99.867,,2009,11.0,8.0,2009,11.0,8.0,2.0,100.0,1410.0,,1510.0,,,,,2430.0,3647.0,66.63820107166443,"[{""adm2_code"":73713,""adm2_name"":""Kota Bima""}]","[{""gid_2"":""IDN.20.3_1"",""migration_date"":""2025-12-20"",""migration_method"":""jaccard2"",""name_2"":""Kota Bima""}]",2010-03-07,2025-12-20,2009-11-08,2009-11-08,2009-11-08
2009-0001-IDN,No,nat-geo-ear-gro,Natural,Geophysical,Earthquake,Ground movement,GLIDE:EQ-2009-000001|USGS:usp000gs2d,,IDN,Indonesia,South-eastern Asia,Asia,"Manokwari , Sorong districts (Papua Barat province)",,,No,No,No,,7.7,Moment Magnitude,-0.414,132.885,,2009,1.0,3.0,2009,1.0,3.0,5.0,250.0,4000.0,,4250.0,,,,,10000.0,15006.0,66.63820107166443,"[{""adm2_code"":73790,""adm2_name"":""Manokwari""},{""adm2_code"":73855,""adm2_name"":""Sorong""}]","[{""gid_2"":""IDN.22.4_1"",""migration_date"":""2025-12-20"",""migration_method"":""jaccard2"",""name_2"":""Manokwari""},{""gid_2"":""IDN.22.8_1"",""migration_date"":""2025-12-20"",""migration_method"":""puzzle2_2"",""name_2"":""Sorong""},{""gid_2"":""IDN.22.9_1"",""migration_date"":""2025-12-20"",""migration_method"":""puzzle2_2"",""name_2"":""Tambrauw""}]",2010-03-07,2025-12-20,2009-01-03,2009-01-03,2009-01-03
2009-0421-IDN,No,nat-geo-ear-gro,Natural,Geophysical,Earthquake,Ground movement,GLIDE:TS-2009-000211|USGS:usp000h237,,IDN,Indonesia,South-eastern Asia,Asia,"Agam, Kepulauan Mentawai, Kota Bukitinggi, Kota Padang, Kota Padangpanjang, Kota Pariaman, Kota Pasaman, Kota Pasaman Barat, Kota Payakumbuh, Kota Sawahlunto, Kota Solok, Limapuluhkoto, Padangpariaman, Solok, Solok Selatan, Pesisir Selatan, Sawahlunto/sijunjung, Tanahdatar districts (Sumatera Barat province), Keranci, Merangin districts (Jambi province)",,"Slide (land, mud, snow, rock)|Tsunami/Tidal wave",Yes,Yes,No,77768.0,6.6,Moment Magnitude,-8.207,118.631,,2009,9.0,30.0,2009,9.0,30.0,1195.0,1798.0,2500000.0,,2501798.0,,,100000.0,150064.0,2200000.0,3301410.0,66.63820107166443,"[{""adm2_code"":18002,""adm2_name"":""Kerinci""},{""adm2_code"":73795,""adm2_name"":""Merangin""},{""adm2_code"":18202,""adm2_name"":""Agam""},{""adm2_code"":18204,""adm2_name"":""Kota Padang""},{""adm2_code"":18205,""adm2_name"":""Kota Padangpanjang""},{""adm2_code"":18206,""adm2_name"":""Kota Sawahlunto""},{""adm2_code"":18207,""adm2_name"":""Kota Solok""},{""adm2_code"":18208,""adm2_name"":""Limapuluhkoto""},{""adm2_code"":18212,""adm2_name"":""Pesisir Selatan""},{""adm2_code"":18215,""adm2_name"":""Tanahdatar""},{""adm2_code"":73696,""adm2_name"":""Kepulauan Mentawai""},{""adm2_code"":73716,""adm2_name"":""Kota Bukitinggi""},{""adm2_code"":73743,""adm2_name"":""Kota Pariaman""},{""adm2_code"":73745,""adm2_name"":""Kota Pasaman""},{""adm2_code"":73746,""adm2_name"":""Kota Payakumbuh""},{""adm2_code"":73819,""adm2_name"":""Padangpariaman""},{""adm2_code"":73822,""adm2_name"":""Kota Pasaman Barat""},{""adm2_code"":73842,""adm2_name"":""Sawahlunto/sijunjung""},{""adm2_code"":73852,""adm2_name"":""Solok Selatan""},{""adm2_code"":73853,""adm2_name"":""Solok""}]","[{""gid_2"":""IDN.30.10_1"",""migration_date"":""2025-12-20"",""migration_method"":""jaccard2"",""name_2"":""Padang""},{""gid_2"":""IDN.30.11_1"",""migration_date"":""2025-12-20"",""migration_method"":""bufhaus2"",""name_2"":""Pariaman""},{""gid_2"":""IDN.30.12_1"",""migration_date"":""2025-12-20"",""migration_method"":""jaccard2"",""name_2"":""Pasaman Barat""},{""gid_2"":""IDN.30.13_1"",""migration_date"":""2025-12-20"",""migration_method"":""jaccard2"",""name_2"":""Pasaman""},{""gid_2"":""IDN.30.14_1"",""migration_date"":""2025-12-20"",""migration_method"":""jaccard2"",""name_2"":""Payakumbuh""},{""gid_2"":""IDN.30.15_1"",""migration_date"":""2025-12-20"",""migration_method"":""jaccard2"",""name_2"":""Pesisir Selatan""},{""gid_2"":""IDN.30.16_1"",""migration_date"":""2025-12-20"",""migration_method"":""bufhaus2"",""name_2"":""Sawahlunto""},{""gid_2"":""IDN.30.17_1"",""migration_date"":""2025-12-20"",""migration_method"":""jaccard2"",""name_2"":""Sijunjung""},{""gid_2"":""IDN.30.18_1"",""migration_date"":""2025-12-20"",""migration_method"":""jaccard2"",""name_2"":""Solok Selatan""},{""gid_2"":""IDN.30.19_1"",""migration_date"":""2025-12-20"",""migration_method"":""jaccard2"",""name_2"":""Solok""},{""gid_2"":""IDN.30.1_1"",""migration_date"":""2025-12-20"",""migration_method"":""jaccard2"",""name_2"":""Agam""},{""gid_2"":""IDN.30.20_1"",""migration_date"":""2025-12-20"",""migration_method"":""puzzle2_2"",""name_2"":""Tanah Datar""},{""gid_2"":""IDN.30.2_1"",""migration_date"":""2025-12-20"",""migration_method"":""jaccard2"",""name_2"":""Bukittinggi""},{""gid_2"":""IDN.30.3_1"",""migration_date"":""2025-12-20"",""migration_method"":""puzzle2_2"",""name_2"":""Danau""},{""gid_2"":""IDN.30.5_1"",""migration_date"":""2025-12-20"",""migration_method"":""jaccard2"",""name_2"":""Kepulauan Mentawai""},{""gid_2"":""IDN.30.6_1"",""migration_date"":""2025-12-20"",""migration_method"":""bufhaus2"",""name_2"":""Kota Solok""},{""gid_2"":""IDN.30.7_1"",""migration_date"":""2025-12-20"",""migration_method"":""jaccard2"",""name_2"":""Lima Puluh Kota""},{""gid_2"":""IDN.30.8_1"",""migration_date"":""2025-12-20"",""migration_method"":""bufhaus2"",""name_2"":""Padang Panjang""},{""gid_2"":""IDN.30.9_1"",""migration_date"":""2025-12-20"",""migration_method"":""jaccard2"",""name_2"":""Padang Pariaman""},{""gid_2"":""IDN.8.4_1"",""migration_date"":""2025-12-20"",""migration_method"":""puzzle2_2"",""name_2"":""Kerinci""},{""gid_2"":""IDN.8.5_1"",""migration_date"":""2025-12-20"",""migration_method"":""jaccard2"",""name_2"":""Merangin""},{""gid_2"":""IDN.8.8_1"",""migration_date"":""2025-12-20"",""migration_method"":""puzzle2_2"",""name_2"":""Sungai Penuh""}]",2014-05-12,2025-12-20,2009-09-30,2009-09-30,2009-09-30
2009-0493-IRN,No,nat-geo-ear-gro,Natural,Geophysical,Earthquake,Ground movement,USGS:usp000h3qd,,IRN,Iran (Islamic Republic of),Southern Asia,Asia,Bandar-e abbas district (Hormozgan province),,,No,No,No,,5.0,Moment Magnitude,27.334,56.202,,2009,11.0,3.0,2009,11.0,3.0,,269.0,,,269.0,,,,,,,66.63820107166443,"[{""adm2_code"":40896,""adm2_name"":""Bandar-e abbas""}]",,2010-03-07,2023-09-25,2009-11-03,2009-11-03,2009-11-03
2009-0136-ITA,No,nat-geo-ear-gro,Natural,Geophysical,Earthquake,Ground movement,GLIDE:EQ-2009-000072|USGS:usp000gvtu,,ITA,Italy,Southern Europe,Europe,"Aquila, Villa Sant'Angelo, Borgo di Castelnuovo Onna, Poggio Picenze, Tormintarte, Totani, Poggio di Roio, Massa d'Albe, Tempera, Paganica, Fossa towns (L'Aquila Province, Abruzzo region)",,"Slide (land, mud, snow, rock)",Yes,No,Yes,,6.3,Moment Magnitude,42.334,13.334,,2009,4.0,6.0,2009,4.0,6.0,300.0,2000.0,,70000.0,72000.0,,,260000.0,390167.0,2500000.0,3751602.0,66.63820107166443,"[{""adm2_code"":18318,""adm2_name"":""L'Aquila""}]","[{""gid_2"":""ITA.1.2_1"",""migration_date"":""2025-12-20"",""migration_method"":""jaccard2"",""name_2"":""L'Aquila""}]",2010-08-16,2025-12-20,2009-04-06,2009-04-06,2009-04-06
2009-0320-JPN,No,nat-geo-ear-tsu,Natural,Geophysical,Earthquake,Tsunami,GLIDE:EQ-2009-000157|USGS:usp000h05y,,JPN,Japan,Eastern Asia,Asia,"Sizuokasi, Yaidusi, Sagaratyoo, Huziedasi, Simadasi, Kakegawasi, Haibaratyoo districts (Sizuola province), Tookyoo province",,Fire|Tsunami/Tidal wave,No,No,No,,6.2,Moment Magnitude,34.743,138.264,,2009,8.0,10.0,2009,8.0,10.0,1.0,319.0,25000.0,,25319.0,,,250000.0,375160.0,400000.0,600256.0,66.63820107166443,"[{""adm1_code"":1690,""adm1_name"":""Tookyoo""},{""adm2_code"":36114,""adm2_name"":""Haibaratyoo""},{""adm2_code"":36125,""adm2_name"":""Huziedasi""},{""adm2_code"":36133,""adm2_name"":""Kakegawasi""},{""adm2_code"":36164,""adm2_name"":""Sagaratyoo""},{""adm2_code"":36167,""adm2_name"":""Simadasi""},{""adm2_code"":36171,""adm2_name"":""Sizuokasi""},{""adm2_code"":36179,""adm2_name"":""Yaidusi""}]","[{""gid_1"":""JPN.41_1"",""migration_date"":""2025-12-20"",""migration_method"":""jaccard1"",""name_1"":""Tokyo""},{""gid_2"":""JPN.38.15_1"",""migration_date"":""2025-12-20"",""migration_method"":""bufhaus2"",""name_2"":""Kakegawa""},{""gid_2"":""JPN.38.22_1"",""migration_date"":""2025-12-20"",""migration_method"":""bufhaus2"",""name_2"":""Makinohara""},{""gid_2"":""JPN.38.22_1"",""migration_date"":""2025-12-20"",""migration_method"":""bufhaus2"",""name_2"":""Makinohara""},{""gid_2"":""JPN.38.35_1"",""migration_date"":""2025-12-20"",""migration_method"":""bufhaus2"",""name_2"":""Shimada""},{""gid_2"":""JPN.38.38_1"",""migration_date"":""2025-12-20"",""migration_method"":""jaccard2"",""name_2"":""Shizuoka""},{""gid_2"":""JPN.38.41_1"",""migration_date"":""2025-12-20"",""migration_method"":""jaccard2"",""name_2"":""Yaizu""},{""gid_2"":""JPN.38.4_1"",""migration_date"":""2025-12-20"",""migration_method"":""jaccard2"",""name_2"":""Fujieda""}]",2011-04-27,2025-12-20,2009-08-10,2009-08-10,2009-08-10
2009-0573-MWI,No,nat-geo-ear-gro,Natural,Geophysical,Earthquake,Ground movement,USGS:usp000h56x,,MWI,Malawi,Sub-Saharan Africa,Africa,Karonga district (Northern Region province),,,Yes,No,Yes,551.0,6.0,Moment Magnitude,-10.108,33.818,,2009,12.0,20.0,2009,12.0,20.0,3.0,171.0,,5550.0,5721.0,,,,,,,66.63820107166443,"[{""adm2_code"":19317,""adm2_name"":""Karonga""}]","[{""gid_2"":""MWI.8.1_1"",""migration_date"":""2025-12-20"",""migration_method"":""puzzle2_2"",""name_2"":""Karonga Town""},{""gid_2"":""MWI.8.3_1"",""migration_date"":""2025-12-20"",""migration_method"":""puzzle2_2"",""name_2"":""Nyipa N. P. - Karonga""},{""gid_2"":""MWI.8.4_1"",""migration_date"":""2025-12-20"",""migration_method"":""puzzle2_2"",""name_2"":""SC Mwakaboko""},{""gid_2"":""MWI.8.5_1"",""migration_date"":""2025-12-20"",""migration_method"":""puzzle2_2"",""name_2"":""SC Mwirang'ombe""},{""gid_2"":""MWI.8.6_1"",""migration_date"":""2025-12-20"",""migration_method"":""puzzle2_2"",""name_2"":""TA Kilupula""},{""gid_2"":""MWI.8.7_1"",""migration_date"":""2025-12-20"",""migration_method"":""puzzle2_2"",""name_2"":""TA Kyungu""},{""gid_2"":""MWI.8.8_1"",""migration_date"":""2025-12-20"",""migration_method"":""puzzle2_2"",""name_2"":""TA Wasambo""}]",2014-05-06,2025-12-20,2009-12-20,2009-12-20,2009-12-20
2009-0547-MWI,No,nat-geo-ear-gro,Natural,Geophysical,Earthquake,Ground movement,GLIDE:EQ-2009-000257|USGS:usp000h4v7,,MWI,Malawi,Sub-Saharan Africa,Africa,Karonga district (Northern Region province),,,Yes,No,No,,5.9,Moment Magnitude,-9.948,33.878,,2009,12.0,8.0,2009,12.0,8.0,1.0,15.0,,15000.0,15015.0,,,,,,,66.63820107166443,"[{""adm2_code"":19317,""adm2_name"":""Karonga""}]","[{""gid_2"":""MWI.8.1_1"",""migration_date"":""2025-12-20"",""migration_method"":""puzzle2_2"",""name_2"":""Karonga Town""},{""gid_2"":""MWI.8.3_1"",""migration_date"":""2025-12-20"",""migration_method"":""puzzle2_2"",""name_2"":""Nyipa N. P. - Karonga""},{""gid_2"":""MWI.8.4_1"",""migration_date"":""2025-12-20"",""migration_method"":""puzzle2_2"",""name_2"":""SC Mwakaboko""},{""gid_2"":""MWI.8.5_1"",""migration_date"":""2025-12-20"",""migration_method"":""puzzle2_2"",""name_2"":""SC Mwirang'ombe""},{""gid_2"":""MWI.8.6_1"",""migration_date"":""2025-12-20"",""migration_method"":""puzzle2_2"",""name_2"":""TA Kilupula""},{""gid_2"":""MWI.8.7_1"",""migration_date"":""2025-12-20"",""migration_method"":""puzzle2_2"",""name_2"":""TA Kyungu""},{""gid_2"":""MWI.8.8_1"",""migration_date"":""2025-12-20"",""migration_method"":""puzzle2_2"",""name_2"":""TA Wasambo""}]",2014-05-06,2025-12-20,2009-12-08,2009-12-08,2009-12-08
2009-0404-PHL,No,nat-geo-ear-gro,Natural,Geophysical,Earthquake,Ground movement,GLIDE:EQ-2009-000199|USGS:usp000h1mu,,PHL,Philippines,South-eastern Asia,Asia,"Norala, Sto. Nino areas (South Cotabato district, Region XII (Soccsksargen) province)",,,No,No,No,,5.7,Moment Magnitude,6.513,124.715,,2009,9.0,18.0,2009,9.0,19.0,,2.0,380.0,10.0,392.0,,,,,90.0,135.0,66.63820107166443,"[{""adm2_code"":24271,""adm2_name"":""South Cotabato""}]","[{""gid_2"":""PHL.70.10_1"",""migration_date"":""2025-12-20"",""migration_method"":""puzzle2_2"",""name_2"":""Tampakan""},{""gid_2"":""PHL.70.11_1"",""migration_date"":""2025-12-20"",""migration_method"":""puzzle2_2"",""name_2"":""Tantangan""},{""gid_2"":""PHL.70.12_1"",""migration_date"":""2025-12-20"",""migration_method"":""puzzle2_2"",""name_2"":""Tupi""},{""gid_2"":""PHL.70.1_1"",""migration_date"":""2025-12-20"",""migration_method"":""puzzle2_2"",""name_2"":""Banga""},{""gid_2"":""PHL.70.2_1"",""migration_date"":""2025-12-20"",""migration_method"":""puzzle2_2"",""name_2"":""General Santos City""},{""gid_2"":""PHL.70.3_1"",""migration_date"":""2025-12-20"",""migration_method"":""puzzle2_2"",""name_2"":""Koronadal City""},{""gid_2"":""PHL.70.4_1"",""migration_date"":""2025-12-20"",""migration_method"":""puzzle2_2"",""name_2"":""Lake Sebu""},{""gid_2"":""PHL.70.5_1"",""migration_date"":""2025-12-20"",""migration_method"":""puzzle2_2"",""name_2"":""Norala""},{""gid_2"":""PHL.70.6_1"",""migration_date"":""2025-12-20"",""migration_method"":""puzzle2_2"",""name_2"":""Polomolok""},{""gid_2"":""PHL.70.7_1"",""migration_date"":""2025-12-20"",""migration_method"":""puzzle2_2"",""name_2"":""Santo Nino""},{""gid_2"":""PHL.70.8_1"",""migration_date"":""2025-12-20"",""migration_method"":""puzzle2_2"",""name_2"":""Surallah""},{""gid_2"":""PHL.70.9_1"",""migration_date"":""2025-12-20"",""migration_method"":""puzzle2_2"",""name_2"":""T'Boli""}]",2009-12-04,2025-12-20,2009-09-18,2009-09-19,2009-09-18
2009-0420-WSM,No,nat-geo-ear-tsu,Natural,Geophysical,Earthquake,Tsunami,GLIDE:TS-2009-000209|GLIDE:TS-2009-000210|USGS:usp000h1ys,,WSM,Samoa,Polynesia,Oceania,Administrative unit not available province,,Tsunami/Tidal wave,Yes,No,No,,8.1,Moment Magnitude,-15.489,-172.095,,2009,9.0,29.0,2009,9.0,29.0,148.0,310.0,5274.0,,5584.0,,,,,124040.0,186139.0,66.63820107166443,"[{""adm2_code"":25301,""adm2_name"":""Administrative unit not available""}]","[{""gid_2"":""WSM.1.1_1"",""migration_date"":""2025-12-20"",""migration_method"":""puzzle2_2"",""name_2"":""Aana Alofi I""},{""gid_2"":""WSM.1.2_1"",""migration_date"":""2025-12-20"",""migration_method"":""puzzle2_2"",""name_2"":""Aana Alofi II""},{""gid_2"":""WSM.1.3_1"",""migration_date"":""2025-12-20"",""migration_method"":""puzzle2_2"",""name_2"":""Aana Alofi III""},{""gid_2"":""WSM.1.4_1"",""migration_date"":""2025-12-20"",""migration_method"":""puzzle2_2"",""name_2"":""Falelatai \u0026 Samatau""},{""gid_2"":""WSM.1.5_1"",""migration_date"":""2025-12-20"",""migration_method"":""puzzle2_2"",""name_2"":""Lefaga \u0026 Faleseela""},{""gid_2"":""WSM.10.1_1"",""migration_date"":""2025-12-20"",""migration_method"":""puzzle2_2"",""name_2"":""Vaa o Fonoti""},{""gid_2"":""WSM.11.1_1"",""migration_date"":""2025-12-20"",""migration_method"":""puzzle2_2"",""name_2"":""Alataua West""},{""gid_2"":""WSM.11.2_1"",""migration_date"":""2025-12-20"",""migration_method"":""puzzle2_2"",""name_2"":""Falealupo""},{""gid_2"":""WSM.11.3_1"",""migration_date"":""2025-12-20"",""migration_method"":""puzzle2_2"",""name_2"":""Vaisigano East""},{""gid_2"":""WSM.11.4_1"",""migration_date"":""2025-12-20"",""migration_method"":""puzzle2_2"",""name_2"":""Vaisigano West""},{""gid_2"":""WSM.2.1_1"",""migration_date"":""2025-12-20"",""migration_method"":""puzzle2_2"",""name_2"":""Aiga i le Tai""},{""gid_2"":""WSM.3.1_1"",""migration_date"":""2025-12-20"",""migration_method"":""puzzle2_2"",""name_2"":""Aleipata Itupa i Lalo""},{""gid_2"":""WSM.3.2_1"",""migration_date"":""2025-12-20"",""migration_method"":""puzzle2_2"",""name_2"":""Aleipata Itupa i Luga""},{""gid_2"":""WSM.3.3_1"",""migration_date"":""2025-12-20"",""migration_method"":""puzzle2_2"",""name_2"":""Anoamaa East""},{""gid_2"":""WSM.3.4_1"",""migration_date"":""2025-12-20"",""migration_method"":""puzzle2_2"",""name_2"":""Anoamaa West""},{""gid_2"":""WSM.3.5_1"",""migration_date"":""2025-12-20"",""migration_method"":""puzzle2_2"",""name_2"":""Falealili""},{""gid_2"":""WSM.3.6_1"",""migration_date"":""2025-12-20"",""migration_method"":""puzzle2_2"",""name_2"":""Lepa""},{""gid_2"":""WSM.3.7_1"",""migration_date"":""2025-12-20"",""migration_method"":""puzzle2_2"",""name_2"":""Lotofaga""},{""gid_2"":""WSM.4.1_1"",""migration_date"":""2025-12-20"",""migration_method"":""puzzle2_2"",""name_2"":""Faasaleleaga I""},{""gid_2"":""WSM.4.2_1"",""migration_date"":""2025-12-20"",""migration_method"":""puzzle2_2"",""name_2"":""Faasaleleaga II""},{""gid_2"":""WSM.4.3_1"",""migration_date"":""2025-12-20"",""migration_method"":""puzzle2_2"",""name_2"":""Faasaleleaga III""},{""gid_2"":""WSM.4.4_1"",""migration_date"":""2025-12-20"",""migration_method"":""puzzle2_2"",""name_2"":""Faasaleleaga IV""},{""gid_2"":""WSM.5.1_1"",""migration_date"":""2025-12-20"",""migration_method"":""puzzle2_2"",""name_2"":""Gaga'emauga II""},{""gid_2"":""WSM.5.2_1"",""migration_date"":""2025-12-20"",""migration_method"":""puzzle2_2"",""name_2"":""Gagaemauga I""},{""gid_2"":""WSM.5.3_1"",""migration_date"":""2025-12-20"",""migration_method"":""puzzle2_2"",""name_2"":""Gagaemauga II""},{""gid_2"":""WSM.5.4_1"",""migration_date"":""2025-12-20"",""migration_method"":""puzzle2_2"",""name_2"":""Gagaemauga III""},{""gid_2"":""WSM.6.1_1"",""migration_date"":""2025-12-20"",""migration_method"":""puzzle2_2"",""name_2"":""Gagaifomauga I""},{""gid_2"":""WSM.6.2_1"",""migration_date"":""2025-12-20"",""migration_method"":""puzzle2_2"",""name_2"":""Gagaifomauga II""},{""gid_2"":""WSM.6.3_1"",""migration_date"":""2025-12-20"",""migration_method"":""puzzle2_2"",""name_2"":""Gagaifomauga III""},{""gid_2"":""WSM.7.1_1"",""migration_date"":""2025-12-20"",""migration_method"":""puzzle2_2"",""name_2"":""Palauli East""},{""gid_2"":""WSM.7.2_1"",""migration_date"":""2025-12-20"",""migration_method"":""puzzle2_2"",""name_2"":""Palauli le Falefa""},{""gid_2"":""WSM.7.3_1"",""migration_date"":""2025-12-20"",""migration_method"":""puzzle2_2"",""name_2"":""Palauli West""},{""gid_2"":""WSM.8.1_1"",""migration_date"":""2025-12-20"",""migration_method"":""puzzle2_2"",""name_2"":""Salega""},{""gid_2"":""WSM.8.2_1"",""migration_date"":""2025-12-20"",""migration_method"":""puzzle2_2"",""name_2"":""Satupaitea""},{""gid_2"":""WSM.9.1_1"",""migration_date"":""2025-12-20"",""migration_method"":""puzzle2_2"",""name_2"":""Faleata East""},{""gid_2"":""WSM.9.2_1"",""migration_date"":""2025-12-20"",""migration_method"":""puzzle2_2"",""name_2"":""Faleata West""},{""gid_2"":""WSM.9.3_1"",""migration_date"":""2025-12-20"",""migration_method"":""puzzle2_2"",""name_2"":""Gaga'emauga I""},{""gid_2"":""WSM.9.4_1"",""migration_date"":""2025-12-20"",""migration_method"":""puzzle2_2"",""name_2"":""Safata""},{""gid_2"":""WSM.9.5_1"",""migration_date"":""2025-12-20"",""migration_method"":""puzzle2_2"",""name_2"":""Sagaga le Falefa""},{""gid_2"":""WSM.9.6_1"",""migration_date"":""2025-12-20"",""migration_method"":""puzzle2_2"",""name_2"":""Sagaga Le Usoga""},{""gid_2"":""WSM.9.7_1"",""migration_date"":""2025-12-20"",""migration_method"":""puzzle2_2"",""name_2"":""Siumu""},{""gid_2"":""WSM.9.8_1"",""migration_date"":""2025-12-20"",""migration_method"":""puzzle2_2"",""name_2"":""Vaimauga East""},{""gid_2"":""WSM.9.9_1"",""migration_date"":""2025-12-20"",""migration_method"":""puzzle2_2"",""name_2"":""Vaimauga West""}]",2014-02-19,2025-12-20,2009-09-29,2009-09-29,2009-09-29
2009-0420-TON,No,nat-geo-ear-tsu,Natural,Geophysical,Earthquake,Tsunami,GLIDE:TS-2009-000209|GLIDE:TS-2009-000210|USGS:usp000h1ys,,TON,Tonga,Polynesia,Oceania,Niuatoputapu island (Administrative unit not available province),,Tsunami/Tidal wave,Yes,No,No,,8.1,Moment Magnitude,-15.489,-172.095,,2009,9.0,29.0,2009,9.0,29.0,9.0,7.0,500.0,,507.0,,,,,9500.0,14256.0,66.63820107166443,"[{""adm2_code"":27407,""adm2_name"":""Administrative unit not available""}]","[{""gid_2"":""TON.1.0_1"",""migration_date"":""2025-12-20"",""migration_method"":""puzzle2_2"",""name_2"":""n.a.""},{""gid_2"":""TON.2.0_1"",""migration_date"":""2025-12-20"",""migration_method"":""puzzle2_2"",""name_2"":""n.a.""},{""gid_2"":""TON.3.0_1"",""migration_date"":""2025-12-20"",""migration_method"":""puzzle2_2"",""name_2"":""n.a.""},{""gid_2"":""TON.4.0_1"",""migration_date"":""2025-12-20"",""migration_method"":""puzzle2_2"",""name_2"":""n.a.""},{""gid_2"":""TON.4.1_1"",""migration_date"":""2025-12-20"",""migration_method"":""puzzle2_2"",""name_2"":""Kolofo'ou""},{""gid_2"":""TON.4.2_1"",""migration_date"":""2025-12-20"",""migration_method"":""puzzle2_2"",""name_2"":""Kolomotu'a""},{""gid_2"":""TON.4.3_1"",""migration_date"":""2025-12-20"",""migration_method"":""puzzle2_2"",""name_2"":""Kolovai""},{""gid_2"":""TON.4.4_1"",""migration_date"":""2025-12-20"",""migration_method"":""puzzle2_2"",""name_2"":""Lapaha""},{""gid_2"":""TON.4.5_1"",""migration_date"":""2025-12-20"",""migration_method"":""puzzle2_2"",""name_2"":""Nukunuku""},{""gid_2"":""TON.4.6_1"",""migration_date"":""2025-12-20"",""migration_method"":""puzzle2_2"",""name_2"":""Tatakamotonga""},{""gid_2"":""TON.4.7_1"",""migration_date"":""2025-12-20"",""migration_method"":""puzzle2_2"",""name_2"":""Vaini""}]",2014-05-13,2025-12-20,2009-09-29,2009-09-29,2009-09-29
2010-0669-AFG,No,nat-geo-ear-gro,Natural,Geophysical,Earthquake,Ground movement,GLIDE:EQ-2010-000079|USGS:usp000hbmk,,AFG,Afghanistan,Southern Asia,Asia,Samangan province,,"Slide (land, mud, snow, rock)",No,No,No,,5.6,Moment Magnitude,35.633,67.658,,2010,4.0,18.0,2010,4.0,18.0,11.0,70.0,,1000.0,1070.0,,,,,,,67.73109452917775,"[{""adm1_code"":298,""adm1_name"":""Samangan""}]",,2011-01-06,2025-06-25,2010-04-18,2010-04-18,2010-04-18
2010-0091-CHL,No,nat-geo-ear-tsu,Natural,Geophysical,Earthquake,Tsunami,GLIDE:EQ-2010-000034|GLIDE:TS-2010-000035|USGS:official20100227063411530_30,,CHL,Chile,Latin America and the Caribbean,Americas,"Biobio province, Libertador Gral. Bernardo O'higgins, Valparaiso, Araucania, Metropolitana Santiago, Maule Provinces",,Tsunami/Tidal wave,Yes,Yes,Yes,68705.0,8.8,Moment Magnitude,-36.122,-72.898,,2010,2.0,27.0,2010,2.0,27.0,562.0,10334.0,1861222.0,800000.0,2671556.0,10839000.0,16002990.0,8000000.0,11811414.0,30000000.0,44292803.0,67.73109452917775,"[{""adm1_code"":884,""adm1_name"":""Araucania""},{""adm1_code"":887,""adm1_name"":""Biobio""},{""adm1_code"":889,""adm1_name"":""Libertador Gral. Bernardo O'Higgins""},{""adm1_code"":892,""adm1_name"":""Maule""},{""adm1_code"":893,""adm1_name"":""Metropolitana""},{""adm1_code"":149630,""adm1_name"":""Valparaiso""}]","[{""gid_1"":""CHL.12_1"",""migration_date"":""2025-12-20"",""migration_method"":""jaccard1"",""name_1"":""Maule""},{""gid_1"":""CHL.13_1"",""migration_date"":""2025-12-20"",""migration_method"":""puzzle1_1"",""name_1"":""Ñuble""},{""gid_1"":""CHL.14_1"",""migration_date"":""2025-12-20"",""migration_method"":""jaccard1"",""name_1"":""Santiago Metropolitan""},{""gid_1"":""CHL.16_1"",""migration_date"":""2025-12-20"",""migration_method"":""jaccard1"",""name_1"":""Valparaíso""},{""gid_1"":""CHL.3_1"",""migration_date"":""2025-12-20"",""migration_method"":""jaccard1"",""name_1"":""Araucanía""},{""gid_1"":""CHL.6_1"",""migration_date"":""2025-12-20"",""migration_method"":""puzzle1_1"",""name_1"":""Bío-Bío""},{""gid_1"":""CHL.8_1"",""migration_date"":""2025-12-20"",""migration_method"":""jaccard1"",""name_1"":""Libertador General Bernardo O'Hi""}]",2014-07-28,2026-01-25,2010-02-27,2010-02-27,2010-02-27
2010-0064-CHN,No,nat-geo-ear-gro,Natural,Geophysical,Earthquake,Ground movement,USGS:usp000h6t0,,CHN,China,Eastern Asia,Asia,"Moxizhen village (Suining district, Sichuan Sheng province)",,,No,No,No,,5.1,Moment Magnitude,30.268,105.668,,2010,1.0,30.0,2010,1.0,30.0,1.0,15.0,10000.0,500.0,10515.0,,,,,4400.0,6496.0,67.73109452917775,"[{""adm2_code"":13262,""adm2_name"":""Suining""}]","[{""gid_2"":""CHN.26.18_1"",""migration_date"":""2025-12-20"",""migration_method"":""jaccard2"",""name_2"":""Suining""}]",2014-03-12,2025-12-20,2010-01-30,2010-01-30,2010-01-30
2010-0673-CHN,No,nat-geo-ear-gro,Natural,Geophysical,Earthquake,Ground movement,USGS:usp000hjw4,,CHN,China,Eastern Asia,Asia,"Ningnan area (Liangshan Yi district, Sichuan Sheng province), Qiaojia area (Zhaotong district, Yunnan Sheng province)",,,No,No,No,,4.9,Moment Magnitude,27.197,103.005,,2010,8.0,29.0,2010,8.0,29.0,,14.0,5000.0,,5014.0,,,,,,,67.73109452917775,"[{""adm2_code"":13272,""adm2_name"":""Liangshan Yi""},{""adm2_code"":13306,""adm2_name"":""Zhaotong""}]","[{""gid_2"":""CHN.26.9_1"",""migration_date"":""2025-12-20"",""migration_method"":""jaccard2"",""name_2"":""Liangshan Yi""},{""gid_2"":""CHN.30.16_1"",""migration_date"":""2025-12-20"",""migration_method"":""jaccard2"",""name_2"":""Zhaotong""}]",2011-01-06,2025-12-20,2010-08-29,2010-08-29,2010-08-29
2010-0087-CHN,No,nat-geo-ear-gro,Natural,Geophysical,Earthquake,Ground movement,USGS:usp000h7nu,,CHN,China,Eastern Asia,Asia,Kunming district (Yunnan Sheng province),,,No,No,No,,5.2,Moment Magnitude,25.523,101.903,,2010,2.0,25.0,2010,2.0,25.0,,11.0,50000.0,,50011.0,,,,,,,67.73109452917775,"[{""adm2_code"":13303,""adm2_name"":""Kunming""}]","[{""gid_2"":""CHN.30.7_1"",""migration_date"":""2025-12-20"",""migration_method"":""jaccard2"",""name_2"":""Kunming""}]",2010-04-07,2025-12-20,2010-02-25,2010-02-25,2010-02-25
2010-0169-CHN,No,nat-geo-ear-gro,Natural,Geophysical,Earthquake,Ground movement,GLIDE:EQ-2010-000073|USGS:usp000hbbt,,CHN,China,Eastern Asia,Asia,"Yushu Xian area (Name Unknown district, Qinghai Sheng province)",,,Yes,No,No,8380.0,6.9,Moment Magnitude,33.165,96.548,,2010,4.0,14.0,2010,4.0,14.0,2968.0,12000.0,,100000.0,112000.0,,,,,500000.0,738213.0,67.73109452917775,"[{""adm2_code"":13213,""adm2_name"":""Name Unknown""}]","[{""gid_2"":""CHN.21.2_1"",""migration_date"":""2025-12-20"",""migration_method"":""jaccard2"",""name_2"":""Gyêgu Tibetan""}]",2014-05-12,2025-12-20,2010-04-14,2010-04-14,2010-04-14
2010-0017-HTI,No,nat-geo-ear-gro,Natural,Geophysical,Earthquake,Ground movement,GLIDE:EQ-2010-000009|USGS:usp000h60h,,HTI,Haiti,Latin America and the Caribbean,Americas,"Port-au-prince, Kenscoff municipalities (Port-au-Prince district), Croix-des-Bouquets municipality (Croix-des-Bouquets district), Leogane, Petit-Goave, Grand-Goave municipalities (Leogane) (Ouest province), Jacmel municipality (Jacmel district, Sud Est province), Les Cayes municipality (Cayes district, Sud province), Jeremie municipality (Jeremie district, Grande Anse province), Gonaives municipality (Gonaives district, Artibonite province)",,,Yes,Yes,No,3518530.0,7.0,Moment Magnitude,18.443,-72.571,,2010,1.0,12.0,2010,1.0,12.0,222570.0,300000.0,3400000.0,,3700000.0,11500000.0,16978908.0,200000.0,295285.0,8000000.0,11811414.0,67.73109452917775,"[{""adm2_code"":17168,""adm2_name"":""Gonaives""},{""adm2_code"":17194,""adm2_name"":""Croix-Des-Bouquets""},{""adm2_code"":17197,""adm2_name"":""Leogane""},{""adm2_code"":17198,""adm2_name"":""Port-Au-Prince""},{""adm2_code"":17203,""adm2_name"":""Cayes""},{""adm2_code"":17201,""adm2_name"":""Jacmel""},{""adm2_code"":17177,""adm2_name"":""Jeremie""}]","[{""gid_2"":""HTI.10.2_1"",""migration_date"":""2025-12-20"",""migration_method"":""jaccard2"",""name_2"":""les Cayes""},{""gid_2"":""HTI.2.3_1"",""migration_date"":""2025-12-20"",""migration_method"":""jaccard2"",""name_2"":""Jérémie""},{""gid_2"":""HTI.3.3_1"",""migration_date"":""2025-12-20"",""migration_method"":""jaccard2"",""name_2"":""les Gonaïves""},{""gid_2"":""HTI.8.1_1"",""migration_date"":""2025-12-20"",""migration_method"":""jaccard2"",""name_2"":""Croix-des-Bouquets""},{""gid_2"":""HTI.8.4_1"",""migration_date"":""2025-12-20"",""migration_method"":""jaccard2"",""name_2"":""Léogâne""},{""gid_2"":""HTI.8.5_1"",""migration_date"":""2025-12-20"",""migration_method"":""jaccard2"",""name_2"":""Port-au-Prince""},{""gid_2"":""HTI.9.3_1"",""migration_date"":""2025-12-20"",""migration_method"":""jaccard2"",""name_2"":""Jacmel""}]",2014-07-28,2026-01-25,2010-01-12,2010-01-12,2010-01-12
2010-0238-IDN,No,nat-geo-ear-gro,Natural,Geophysical,Earthquake,Ground movement,GLIDE:EQ-2010-000116|USGS:usp000he3f,,IDN,Indonesia,South-eastern Asia,Asia,Yapen district (Papua province),,"Slide (land, mud, snow, rock)",No,No,No,,7.0,Moment Magnitude,-2.174,136.543,,2010,6.0,16.0,2010,6.0,16.0,17.0,,,4600.0,4600.0,,,,,,,67.73109452917775,"[{""adm2_code"":73880,""adm2_name"":""Yapen""}]","[{""gid_2"":""IDN.23.10_1"",""migration_date"":""2025-12-20"",""migration_method"":""jaccard2"",""name_2"":""Kepulauan Yapen""}]",2010-07-05,2025-12-20,2010-06-16,2010-06-16,2010-06-16
2010-0563-IDN,No,nat-geo-ear-tsu,Natural,Geophysical,Earthquake,Tsunami,GLIDE:EQ-2010-000213|GLIDE:TS-2010-000213|USGS:usp000hnj4,,IDN,Indonesia,South-eastern Asia,Asia,Kepulauan Mentawai district (Sumatera Barat province),,Tsunami/Tidal wave,Yes,No,No,7043.0,7.8,Moment Magnitude,-3.487,100.082,,2010,10.0,25.0,2010,10.0,25.0,530.0,412.0,11452.0,,11864.0,,,,,,,67.73109452917775,"[{""adm2_code"":73696,""adm2_name"":""Kepulauan Mentawai""}]","[{""gid_2"":""IDN.30.5_1"",""migration_date"":""2025-12-20"",""migration_method"":""jaccard2"",""name_2"":""Kepulauan Mentawai""}]",2014-07-28,2025-12-20,2010-10-25,2010-10-25,2010-10-25
2010-0361-IRN,No,nat-geo-ear-gro,Natural,Geophysical,Earthquake,Ground movement,GLIDE:EQ-2010-000148|USGS:usp000hh5v,,IRN,Iran (Islamic Republic of),Southern Asia,Asia,Torbat-e heydarieh district (Khorasan province),,,No,No,No,,5.5,Moment Magnitude,35.221,59.317,,2010,7.0,30.0,2010,7.0,30.0,,274.0,,,274.0,,,,,,,67.73109452917775,"[{""adm2_code"":41133,""adm2_name"":""Torbat-e heydarieh""}]",,2014-03-07,2025-06-25,2010-07-30,2010-07-30,2010-07-30
2010-0645-IRN,No,nat-geo-ear-gro,Natural,Geophysical,Earthquake,Ground movement,GLIDE:EQ-2010-000254|USGS:usp000hr7k,,IRN,Iran (Islamic Republic of),Southern Asia,Asia,"Fahraj village (Bam district, Kerman province)",,,No,No,No,,6.7,Moment Magnitude,28.412,59.18,,2010,12.0,20.0,2010,12.0,20.0,7.0,25.0,,,25.0,,,,,,,67.73109452917775,"[{""adm2_code"":40893,""adm2_name"":""Bam""}]",,2014-03-07,2025-06-25,2010-12-20,2010-12-20,2010-12-20
2010-0672-IRN,No,nat-geo-ear-gro,Natural,Geophysical,Earthquake,Ground movement,USGS:usp000hjuq,,IRN,Iran (Islamic Republic of),Southern Asia,Asia,"Damghan village (Damghan district, Semnan province), Torud village (Shahrud district, Semnan province)",,,No,No,No,,5.8,Moment Magnitude,35.49,54.47,,2010,8.0,27.0,2010,8.0,27.0,3.0,100.0,,3500.0,3600.0,,,,,,,67.73109452917775,"[{""adm2_code"":40922,""adm2_name"":""Damghan""},{""adm2_code"":41108,""adm2_name"":""Shahrud""}]",,2011-01-06,2023-09-25,2010-08-27,2010-08-27,2010-08-27
2010-0018-IRN,No,nat-geo-ear-gro,Natural,Geophysical,Earthquake,Ground movement,GLIDE:EQ-2010-000011|USGS:usp000h678,,IRN,Iran (Islamic Republic of),Southern Asia,Asia,Andimeshk district (Khuzestan province),,,No,No,No,,5.0,Moment Magnitude,32.45,48.3,,2010,1.0,16.0,2010,1.0,17.0,,,750.0,,750.0,,,,,,,67.73109452917775,"[{""adm2_code"":40873,""adm2_name"":""Andimeshk""}]",,2010-02-03,2025-06-25,2010-01-16,2010-01-17,2010-01-16
2010-0591-IRN,No,nat-geo-ear-gro,Natural,Geophysical,Earthquake,Ground movement,USGS:usp000hp6h,,IRN,Iran (Islamic Republic of),Southern Asia,Asia,"Dorud village (Dorud district, Lorestan province), Razan village (Khorramabad district, Lorestan province)",,,No,No,No,,4.9,Moment Magnitude,33.37,48.94,,2010,11.0,6.0,2010,11.0,6.0,,104.0,,,104.0,,,,,,,67.73109452917775,"[{""adm2_code"":40937,""adm2_name"":""Dorud""},{""adm2_code"":41001,""adm2_name"":""Khorramabad""}]",,2014-03-07,2023-09-25,2010-11-06,2010-11-06,2010-11-06
2010-0158-MEX,No,nat-geo-ear-gro,Natural,Geophysical,Earthquake,Ground movement,GLIDE:EQ-2010-000066|USGS:ci14607652,,MEX,Mexico,Latin America and the Caribbean,Americas,Mexicali district (Baja California province),,,No,No,Yes,,7.2,Moment Magnitude,32.2861667,-115.2953333,,2010,4.0,4.0,2010,4.0,4.0,2.0,232.0,25000.0,,25232.0,,,400000.0,590571.0,1150000.0,1697891.0,67.73109452917775,"[{""adm2_code"":19586,""adm2_name"":""Mexicali""}]","[{""gid_2"":""MEX.3.2_2"",""migration_date"":""2025-12-20"",""migration_method"":""jaccard2"",""name_2"":""Mexicali""}]",2010-07-12,2025-12-20,2010-04-04,2010-04-04,2010-04-04
2010-0463-NZL,No,nat-geo-ear-gro,Natural,Geophysical,Earthquake,Ground movement,GLIDE:EQ-2010-000175|USGS:usp000hk46,,NZL,New Zealand,Australia and New Zealand,Oceania,Christchurch city (Canterbury province),,,No,No,Yes,,7.0,Moment Magnitude,-43.522,171.83,,2010,9.0,4.0,2010,9.0,4.0,,2.0,300000.0,,300002.0,,,5000000.0,7382134.0,6500000.0,9596774.0,67.73109452917775,"[{""adm2_code"":22381,""adm2_name"":""Administrative unit not available""}]","[{""gid_2"":""NZL.3.1_1"",""migration_date"":""2025-12-20"",""migration_method"":""puzzle2_2"",""name_2"":""Ashburton""},{""gid_2"":""NZL.3.2_1"",""migration_date"":""2025-12-20"",""migration_method"":""puzzle2_2"",""name_2"":""Christchurch""},{""gid_2"":""NZL.3.3_1"",""migration_date"":""2025-12-20"",""migration_method"":""puzzle2_2"",""name_2"":""Hurunui""},{""gid_2"":""NZL.3.5_1"",""migration_date"":""2025-12-20"",""migration_method"":""puzzle2_2"",""name_2"":""Mackenzie""},{""gid_2"":""NZL.3.6_1"",""migration_date"":""2025-12-20"",""migration_method"":""puzzle2_2"",""name_2"":""Selwyn""},{""gid_2"":""NZL.3.7_1"",""migration_date"":""2025-12-20"",""migration_method"":""puzzle2_2"",""name_2"":""Timaru""},{""gid_2"":""NZL.3.8_1"",""migration_date"":""2025-12-20"",""migration_method"":""puzzle2_2"",""name_2"":""Waimakariri""},{""gid_2"":""NZL.3.9_1"",""migration_date"":""2025-12-20"",""migration_method"":""puzzle2_2"",""name_2"":""Waimate""}]",2010-10-14,2025-12-20,2010-09-04,2010-09-04,2010-09-04
2010-0574-SRB,No,nat-geo-ear-gro,Natural,Geophysical,Earthquake,Ground movement,GLIDE:EQ-2010-000218|USGS:usp000hny4,,SRB,Serbia,Southern Europe,Europe,Kraljevo town (Raski Province),,,No,No,Yes,549.0,5.5,Moment Magnitude,43.76,20.73,,2010,11.0,3.0,2010,11.0,3.0,2.0,120.0,25440.0,1470.0,27030.0,,,,,132260.0,195272.0,67.73109452917775,"[{""adm1_code"":25391,""adm1_name"":""Raski""}]","[{""gid_1"":""SRB.16_1"",""migration_date"":""2025-12-20"",""migration_method"":""jaccard1"",""name_1"":""Raški""}]",2011-03-16,2026-01-25,2010-11-03,2010-11-03,2010-11-03
2010-0003-SLB,No,nat-geo-ear-gro,Natural,Geophysical,Earthquake,Ground movement,GLIDE:EQ-2010-000002|USGS:usp000h5np,,SLB,Solomon Islands,Melanesia,Oceania,Administrative unit not available,,"Slide (land, mud, snow, rock)|Tsunami/Tidal wave",Yes,No,No,131.0,7.1,Moment Magnitude,-8.783,157.354,,2010,1.0,3.0,2010,1.0,3.0,,1.0,1125.0,,1126.0,,,,,,,67.73109452917775,"[{""adm2_code"":25652,""adm2_name"":""Administrative unit not available""}]","[{""gid_2"":""SLB.1.10_1"",""migration_date"":""2025-12-20"",""migration_method"":""puzzle2_2"",""name_2"":""South Savo""},{""gid_2"":""SLB.1.11_1"",""migration_date"":""2025-12-20"",""migration_method"":""puzzle2_2"",""name_2"":""South West Gela""},{""gid_2"":""SLB.1.12_1"",""migration_date"":""2025-12-20"",""migration_method"":""puzzle2_2"",""name_2"":""Tulagi""},{""gid_2"":""SLB.1.13_1"",""migration_date"":""2025-12-20"",""migration_method"":""puzzle2_2"",""name_2"":""West Gela""},{""gid_2"":""SLB.1.1_1"",""migration_date"":""2025-12-20"",""migration_method"":""puzzle2_2"",""name_2"":""East Gela""},{""gid_2"":""SLB.1.2_1"",""migration_date"":""2025-12-20"",""migration_method"":""puzzle2_2"",""name_2"":""Lovukol""},{""gid_2"":""SLB.1.3_1"",""migration_date"":""2025-12-20"",""migration_method"":""puzzle2_2"",""name_2"":""Mbanika""},{""gid_2"":""SLB.1.4_1"",""migration_date"":""2025-12-20"",""migration_method"":""puzzle2_2"",""name_2"":""North East Gela""},{""gid_2"":""SLB.1.5_1"",""migration_date"":""2025-12-20"",""migration_method"":""puzzle2_2"",""name_2"":""North Savo""},{""gid_2"":""SLB.1.6_1"",""migration_date"":""2025-12-20"",""migration_method"":""puzzle2_2"",""name_2"":""North West Gela""},{""gid_2"":""SLB.1.7_1"",""migration_date"":""2025-12-20"",""migration_method"":""puzzle2_2"",""name_2"":""Pavuvu""},{""gid_2"":""SLB.1.8_1"",""migration_date"":""2025-12-20"",""migration_method"":""puzzle2_2"",""name_2"":""Sandfly-Buenavista""},{""gid_2"":""SLB.1.9_1"",""migration_date"":""2025-12-20"",""migration_method"":""puzzle2_2"",""name_2"":""South East Gela""},{""gid_2"":""SLB.10.10_1"",""migration_date"":""2025-12-20"",""migration_method"":""puzzle2_2"",""name_2"":""Munda""},{""gid_2"":""SLB.10.11_1"",""migration_date"":""2025-12-20"",""migration_method"":""puzzle2_2"",""name_2"":""Nggatokae""},{""gid_2"":""SLB.10.12_1"",""migration_date"":""2025-12-20"",""migration_method"":""puzzle2_2"",""name_2"":""Nono""},{""gid_2"":""SLB.10.13_1"",""migration_date"":""2025-12-20"",""migration_method"":""puzzle2_2"",""name_2"":""Noro""},{""gid_2"":""SLB.10.14_1"",""migration_date"":""2025-12-20"",""migration_method"":""puzzle2_2"",""name_2"":""North Kolombangara""},{""gid_2"":""SLB.10.15_1"",""migration_date"":""2025-12-20"",""migration_method"":""puzzle2_2"",""name_2"":""North Ranongga""},{""gid_2"":""SLB.10.16_1"",""migration_date"":""2025-12-20"",""migration_method"":""puzzle2_2"",""name_2"":""North Rendova""},{""gid_2"":""SLB.10.17_1"",""migration_date"":""2025-12-20"",""migration_method"":""puzzle2_2"",""name_2"":""North Vangunu""},{""gid_2"":""SLB.10.18_1"",""migration_date"":""2025-12-20"",""migration_method"":""puzzle2_2"",""name_2"":""Nusa Roviana""},{""gid_2"":""SLB.10.19_1"",""migration_date"":""2025-12-20"",""migration_method"":""puzzle2_2"",""name_2"":""Outer Shortlands""},{""gid_2"":""SLB.10.1_1"",""migration_date"":""2025-12-20"",""migration_method"":""puzzle2_2"",""name_2"":""Bilua""},{""gid_2"":""SLB.10.20_1"",""migration_date"":""2025-12-20"",""migration_method"":""puzzle2_2"",""name_2"":""Roviana Lagoon""},{""gid_2"":""SLB.10.21_1"",""migration_date"":""2025-12-20"",""migration_method"":""puzzle2_2"",""name_2"":""Simbo""},{""gid_2"":""SLB.10.22_1"",""migration_date"":""2025-12-20"",""migration_method"":""puzzle2_2"",""name_2"":""South Kolombangara""},{""gid_2"":""SLB.10.23_1"",""migration_date"":""2025-12-20"",""migration_method"":""puzzle2_2"",""name_2"":""South Ranongga""},{""gid_2"":""SLB.10.24_1"",""migration_date"":""2025-12-20"",""migration_method"":""puzzle2_2"",""name_2"":""South Rendova""},{""gid_2"":""SLB.10.25_1"",""migration_date"":""2025-12-20"",""migration_method"":""puzzle2_2"",""name_2"":""Vonavona""},{""gid_2"":""SLB.10.26_1"",""migration_date"":""2025-12-20"",""migration_method"":""puzzle2_2"",""name_2"":""Vonunu""},{""gid_2"":""SLB.10.2_1"",""migration_date"":""2025-12-20"",""migration_method"":""puzzle2_2"",""name_2"":""Buini Tusu""},{""gid_2"":""SLB.10.3_1"",""migration_date"":""2025-12-20"",""migration_method"":""puzzle2_2"",""name_2"":""Central Ranongga""},{""gid_2"":""SLB.10.4_1"",""migration_date"":""2025-12-20"",""migration_method"":""puzzle2_2"",""name_2"":""Dovele""},{""gid_2"":""SLB.10.5_1"",""migration_date"":""2025-12-20"",""migration_method"":""puzzle2_2"",""name_2"":""Gizo""},{""gid_2"":""SLB.10.6_1"",""migration_date"":""2025-12-20"",""migration_method"":""puzzle2_2"",""name_2"":""Inner Shortlands""},{""gid_2"":""SLB.10.7_1"",""migration_date"":""2025-12-20"",""migration_method"":""puzzle2_2"",""name_2"":""Iringgila""},{""gid_2"":""SLB.10.8_1"",""migration_date"":""2025-12-20"",""migration_method"":""puzzle2_2"",""name_2"":""Kolombaghea""},{""gid_2"":""SLB.10.9_1"",""migration_date"":""2025-12-20"",""migration_method"":""puzzle2_2"",""name_2"":""Kusaghe""},{""gid_2"":""SLB.2.10_1"",""migration_date"":""2025-12-20"",""migration_method"":""puzzle2_2"",""name_2"":""Tavula""},{""gid_2"":""SLB.2.11_1"",""migration_date"":""2025-12-20"",""migration_method"":""puzzle2_2"",""name_2"":""Tepakaza""},{""gid_2"":""SLB.2.12_1"",""migration_date"":""2025-12-20"",""migration_method"":""puzzle2_2"",""name_2"":""Vasiduki""},{""gid_2"":""SLB.2.13_1"",""migration_date"":""2025-12-20"",""migration_method"":""puzzle2_2"",""name_2"":""Viviru""},{""gid_2"":""SLB.2.14_1"",""migration_date"":""2025-12-20"",""migration_method"":""puzzle2_2"",""name_2"":""Waghina""},{""gid_2"":""SLB.2.1_1"",""migration_date"":""2025-12-20"",""migration_method"":""puzzle2_2"",""name_2"":""Babatana""},{""gid_2"":""SLB.2.2_1"",""migration_date"":""2025-12-20"",""migration_method"":""puzzle2_2"",""name_2"":""Bangara""},{""gid_2"":""SLB.2.3_1"",""migration_date"":""2025-12-20"",""migration_method"":""puzzle2_2"",""name_2"":""Batava""},{""gid_2"":""SLB.2.4_1"",""migration_date"":""2025-12-20"",""migration_method"":""puzzle2_2"",""name_2"":""Katupika""},{""gid_2"":""SLB.2.5_1"",""migration_date"":""2025-12-20"",""migration_method"":""puzzle2_2"",""name_2"":""Kerepangara""},{""gid_2"":""SLB.2.6_1"",""migration_date"":""2025-12-20"",""migration_method"":""puzzle2_2"",""name_2"":""Kirugela""},{""gid_2"":""SLB.2.7_1"",""migration_date"":""2025-12-20"",""migration_method"":""puzzle2_2"",""name_2"":""Polo""},{""gid_2"":""SLB.2.8_1"",""migration_date"":""2025-12-20"",""migration_method"":""puzzle2_2"",""name_2"":""Senga""},{""gid_2"":""SLB.2.9_1"",""migration_date"":""2025-12-20"",""migration_method"":""puzzle2_2"",""name_2"":""Susuka""},{""gid_2"":""SLB.3.10_1"",""migration_date"":""2025-12-20"",""migration_method"":""puzzle2_2"",""name_2"":""Moli""},{""gid_2"":""SLB.3.11_1"",""migration_date"":""2025-12-20"",""migration_method"":""puzzle2_2"",""name_2"":""Paripao""},{""gid_2"":""SLB.3.12_1"",""migration_date"":""2025-12-20"",""migration_method"":""puzzle2_2"",""name_2"":""Saghalu""},{""gid_2"":""SLB.3.13_1"",""migration_date"":""2025-12-20"",""migration_method"":""puzzle2_2"",""name_2"":""Savulei""},{""gid_2"":""SLB.3.14_1"",""migration_date"":""2025-12-20"",""migration_method"":""puzzle2_2"",""name_2"":""Talise""},{""gid_2"":""SLB.3.15_1"",""migration_date"":""2025-12-20"",""migration_method"":""puzzle2_2"",""name_2"":""Tandai""},{""gid_2"":""SLB.3.16_1"",""migration_date"":""2025-12-20"",""migration_method"":""puzzle2_2"",""name_2"":""Tangarare""},{""gid_2"":""SLB.3.17_1"",""migration_date"":""2025-12-20"",""migration_method"":""puzzle2_2"",""name_2"":""Tetekanji""},{""gid_2"":""SLB.3.18_1"",""migration_date"":""2025-12-20"",""migration_method"":""puzzle2_2"",""name_2"":""Valasi""},{""gid_2"":""SLB.3.19_1"",""migration_date"":""2025-12-20"",""migration_method"":""puzzle2_2"",""name_2"":""Vatukulau""},{""gid_2"":""SLB.3.1_1"",""migration_date"":""2025-12-20"",""migration_method"":""puzzle2_2"",""name_2"":""Aola""},{""gid_2"":""SLB.3.20_1"",""migration_date"":""2025-12-20"",""migration_method"":""puzzle2_2"",""name_2"":""Vulolo""},{""gid_2"":""SLB.3.21_1"",""migration_date"":""2025-12-20"",""migration_method"":""puzzle2_2"",""name_2"":""Wanderer Bay""},{""gid_2"":""SLB.3.22_1"",""migration_date"":""2025-12-20"",""migration_method"":""puzzle2_2"",""name_2"":""West Ghaobata""},{""gid_2"":""SLB.3.2_1"",""migration_date"":""2025-12-20"",""migration_method"":""puzzle2_2"",""name_2"":""Avuavu""},{""gid_2"":""SLB.3.3_1"",""migration_date"":""2025-12-20"",""migration_method"":""puzzle2_2"",""name_2"":""Birao""},{""gid_2"":""SLB.3.4_1"",""migration_date"":""2025-12-20"",""migration_method"":""puzzle2_2"",""name_2"":""Duidui""},{""gid_2"":""SLB.3.5_1"",""migration_date"":""2025-12-20"",""migration_method"":""puzzle2_2"",""name_2"":""East Ghaobata""},{""gid_2"":""SLB.3.6_1"",""migration_date"":""2025-12-20"",""migration_method"":""puzzle2_2"",""name_2"":""East Tasimboko""},{""gid_2"":""SLB.3.7_1"",""migration_date"":""2025-12-20"",""migration_method"":""puzzle2_2"",""name_2"":""Kolokarako""},{""gid_2"":""SLB.3.8_1"",""migration_date"":""2025-12-20"",""migration_method"":""puzzle2_2"",""name_2"":""Longgu""},{""gid_2"":""SLB.3.9_1"",""migration_date"":""2025-12-20"",""migration_method"":""puzzle2_2"",""name_2"":""Malango""},{""gid_2"":""SLB.4.10_1"",""migration_date"":""2025-12-20"",""migration_method"":""puzzle2_2"",""name_2"":""Vavaea""},{""gid_2"":""SLB.4.11_1"",""migration_date"":""2025-12-20"",""migration_method"":""puzzle2_2"",""name_2"":""Vuhokesa""},{""gid_2"":""SLB.4.12_1"",""migration_date"":""2025-12-20"",""migration_method"":""puzzle2_2"",""name_2"":""Vura""},{""gid_2"":""SLB.4.1_1"",""migration_date"":""2025-12-20"",""migration_method"":""puzzle2_2"",""name_2"":""Cruz""},{""gid_2"":""SLB.4.2_1"",""migration_date"":""2025-12-20"",""migration_method"":""puzzle2_2"",""name_2"":""Kola'a""},{""gid_2"":""SLB.4.3_1"",""migration_date"":""2025-12-20"",""migration_method"":""puzzle2_2"",""name_2"":""Kukum""},{""gid_2"":""SLB.4.4_1"",""migration_date"":""2025-12-20"",""migration_method"":""puzzle2_2"",""name_2"":""Mataniko""},{""gid_2"":""SLB.4.5_1"",""migration_date"":""2025-12-20"",""migration_method"":""puzzle2_2"",""name_2"":""Mbumburu""},{""gid_2"":""SLB.4.6_1"",""migration_date"":""2025-12-20"",""migration_method"":""puzzle2_2"",""name_2"":""Naha""},{""gid_2"":""SLB.4.7_1"",""migration_date"":""2025-12-20"",""migration_method"":""puzzle2_2"",""name_2"":""Nggosi""},{""gid_2"":""SLB.4.8_1"",""migration_date"":""2025-12-20"",""migration_method"":""puzzle2_2"",""name_2"":""Panatina""},{""gid_2"":""SLB.4.9_1"",""migration_date"":""2025-12-20"",""migration_method"":""puzzle2_2"",""name_2"":""Rove - Lengakiki""},{""gid_2"":""SLB.5.10_1"",""migration_date"":""2025-12-20"",""migration_method"":""puzzle2_2"",""name_2"":""Kolotubi""},{""gid_2"":""SLB.5.11_1"",""migration_date"":""2025-12-20"",""migration_method"":""puzzle2_2"",""name_2"":""Koviloko""},{""gid_2"":""SLB.5.12_1"",""migration_date"":""2025-12-20"",""migration_method"":""puzzle2_2"",""name_2"":""Samasodu""},{""gid_2"":""SLB.5.13_1"",""migration_date"":""2025-12-20"",""migration_method"":""puzzle2_2"",""name_2"":""Sigana""},{""gid_2"":""SLB.5.14_1"",""migration_date"":""2025-12-20"",""migration_method"":""puzzle2_2"",""name_2"":""Susubona""},{""gid_2"":""SLB.5.15_1"",""migration_date"":""2025-12-20"",""migration_method"":""puzzle2_2"",""name_2"":""Tatamba""},{""gid_2"":""SLB.5.16_1"",""migration_date"":""2025-12-20"",""migration_method"":""puzzle2_2"",""name_2"":""Tirotonga""},{""gid_2"":""SLB.5.1_1"",""migration_date"":""2025-12-20"",""migration_method"":""puzzle2_2"",""name_2"":""Buala""},{""gid_2"":""SLB.5.2_1"",""migration_date"":""2025-12-20"",""migration_method"":""puzzle2_2"",""name_2"":""Havulei""},{""gid_2"":""SLB.5.3_1"",""migration_date"":""2025-12-20"",""migration_method"":""puzzle2_2"",""name_2"":""Hovukoilo""},{""gid_2"":""SLB.5.4_1"",""migration_date"":""2025-12-20"",""migration_method"":""puzzle2_2"",""name_2"":""Japuana""},{""gid_2"":""SLB.5.5_1"",""migration_date"":""2025-12-20"",""migration_method"":""puzzle2_2"",""name_2"":""Kaloka""},{""gid_2"":""SLB.5.6_1"",""migration_date"":""2025-12-20"",""migration_method"":""puzzle2_2"",""name_2"":""Kia""},{""gid_2"":""SLB.5.7_1"",""migration_date"":""2025-12-20"",""migration_method"":""puzzle2_2"",""name_2"":""Kmaga""},{""gid_2"":""SLB.5.8_1"",""migration_date"":""2025-12-20"",""migration_method"":""puzzle2_2"",""name_2"":""Kokota""},{""gid_2"":""SLB.5.9_1"",""migration_date"":""2025-12-20"",""migration_method"":""puzzle2_2"",""name_2"":""Kolomola""},{""gid_2"":""SLB.6.10_1"",""migration_date"":""2025-12-20"",""migration_method"":""puzzle2_2"",""name_2"":""Rawo""},{""gid_2"":""SLB.6.11_1"",""migration_date"":""2025-12-20"",""migration_method"":""puzzle2_2"",""name_2"":""Santa Ana""},{""gid_2"":""SLB.6.12_1"",""migration_date"":""2025-12-20"",""migration_method"":""puzzle2_2"",""name_2"":""Santa Catalina""},{""gid_2"":""SLB.6.13_1"",""migration_date"":""2025-12-20"",""migration_method"":""puzzle2_2"",""name_2"":""South Ulawa""},{""gid_2"":""SLB.6.14_1"",""migration_date"":""2025-12-20"",""migration_method"":""puzzle2_2"",""name_2"":""Star Harbour North""},{""gid_2"":""SLB.6.15_1"",""migration_date"":""2025-12-20"",""migration_method"":""puzzle2_2"",""name_2"":""Star Harbour South""},{""gid_2"":""SLB.6.16_1"",""migration_date"":""2025-12-20"",""migration_method"":""puzzle2_2"",""name_2"":""Ugi and Pio""},{""gid_2"":""SLB.6.17_1"",""migration_date"":""2025-12-20"",""migration_method"":""puzzle2_2"",""name_2"":""Wainoni East""},{""gid_2"":""SLB.6.18_1"",""migration_date"":""2025-12-20"",""migration_method"":""puzzle2_2"",""name_2"":""Wainoni West""},{""gid_2"":""SLB.6.19_1"",""migration_date"":""2025-12-20"",""migration_method"":""puzzle2_2"",""name_2"":""Weather Coast""},{""gid_2"":""SLB.6.1_1"",""migration_date"":""2025-12-20"",""migration_method"":""puzzle2_2"",""name_2"":""Arosi East""},{""gid_2"":""SLB.6.20_1"",""migration_date"":""2025-12-20"",""migration_method"":""puzzle2_2"",""name_2"":""West Ulawa""},{""gid_2"":""SLB.6.2_1"",""migration_date"":""2025-12-20"",""migration_method"":""puzzle2_2"",""name_2"":""Arosi North""},{""gid_2"":""SLB.6.3_1"",""migration_date"":""2025-12-20"",""migration_method"":""puzzle2_2"",""name_2"":""Arosi South""},{""gid_2"":""SLB.6.4_1"",""migration_date"":""2025-12-20"",""migration_method"":""puzzle2_2"",""name_2"":""Arosi West""},{""gid_2"":""SLB.6.5_1"",""migration_date"":""2025-12-20"",""migration_method"":""puzzle2_2"",""name_2"":""Bauro Central""},{""gid_2"":""SLB.6.6_1"",""migration_date"":""2025-12-20"",""migration_method"":""puzzle2_2"",""name_2"":""Bauro East""},{""gid_2"":""SLB.6.7_1"",""migration_date"":""2025-12-20"",""migration_method"":""puzzle2_2"",""name_2"":""Bauro West""},{""gid_2"":""SLB.6.8_1"",""migration_date"":""2025-12-20"",""migration_method"":""puzzle2_2"",""name_2"":""Haununu""},{""gid_2"":""SLB.6.9_1"",""migration_date"":""2025-12-20"",""migration_method"":""puzzle2_2"",""name_2"":""North Ulawa""},{""gid_2"":""SLB.7.10_1"",""migration_date"":""2025-12-20"",""migration_method"":""puzzle2_2"",""name_2"":""Faumamanu - Kwai""},{""gid_2"":""SLB.7.11_1"",""migration_date"":""2025-12-20"",""migration_method"":""puzzle2_2"",""name_2"":""Foondo - Gwaiau""},{""gid_2"":""SLB.7.12_1"",""migration_date"":""2025-12-20"",""migration_method"":""puzzle2_2"",""name_2"":""Fouenda""},{""gid_2"":""SLB.7.13_1"",""migration_date"":""2025-12-20"",""migration_method"":""puzzle2_2"",""name_2"":""Gulalafou""},{""gid_2"":""SLB.7.14_1"",""migration_date"":""2025-12-20"",""migration_method"":""puzzle2_2"",""name_2"":""Kwaimela - Radefasu""},{""gid_2"":""SLB.7.15_1"",""migration_date"":""2025-12-20"",""migration_method"":""puzzle2_2"",""name_2"":""Kwarekwareo""},{""gid_2"":""SLB.7.16_1"",""migration_date"":""2025-12-20"",""migration_method"":""puzzle2_2"",""name_2"":""Langalanga""},{""gid_2"":""SLB.7.18_1"",""migration_date"":""2025-12-20"",""migration_method"":""puzzle2_2"",""name_2"":""Malu'u""},{""gid_2"":""SLB.7.19_1"",""migration_date"":""2025-12-20"",""migration_method"":""puzzle2_2"",""name_2"":""Mandalua - Folotana""},{""gid_2"":""SLB.7.1_1"",""migration_date"":""2025-12-20"",""migration_method"":""puzzle2_2"",""name_2"":""Aba - Asimeuru""},{""gid_2"":""SLB.7.20_1"",""migration_date"":""2025-12-20"",""migration_method"":""puzzle2_2"",""name_2"":""Mareho""},{""gid_2"":""SLB.7.21_1"",""migration_date"":""2025-12-20"",""migration_method"":""puzzle2_2"",""name_2"":""Matakwalao""},{""gid_2"":""SLB.7.22_1"",""migration_date"":""2025-12-20"",""migration_method"":""puzzle2_2"",""name_2"":""Nafinua""},{""gid_2"":""SLB.7.24_1"",""migration_date"":""2025-12-20"",""migration_method"":""puzzle2_2"",""name_2"":""Raroisuu""},{""gid_2"":""SLB.7.25_1"",""migration_date"":""2025-12-20"",""migration_method"":""puzzle2_2"",""name_2"":""Siesie""},{""gid_2"":""SLB.7.27_1"",""migration_date"":""2025-12-20"",""migration_method"":""puzzle2_2"",""name_2"":""Sububenu-Burianias""},{""gid_2"":""SLB.7.28_1"",""migration_date"":""2025-12-20"",""migration_method"":""puzzle2_2"",""name_2"":""Sulufou-Kwarande""},{""gid_2"":""SLB.7.29_1"",""migration_date"":""2025-12-20"",""migration_method"":""puzzle2_2"",""name_2"":""Tai""},{""gid_2"":""SLB.7.2_1"",""migration_date"":""2025-12-20"",""migration_method"":""puzzle2_2"",""name_2"":""Aiaisi""},{""gid_2"":""SLB.7.30_1"",""migration_date"":""2025-12-20"",""migration_method"":""puzzle2_2"",""name_2"":""Takwa""},{""gid_2"":""SLB.7.31_1"",""migration_date"":""2025-12-20"",""migration_method"":""puzzle2_2"",""name_2"":""Waneagu-Taelanasin""},{""gid_2"":""SLB.7.32_1"",""migration_date"":""2025-12-20"",""migration_method"":""puzzle2_2"",""name_2"":""Weagu Silana Sina""},{""gid_2"":""SLB.7.33_1"",""migration_date"":""2025-12-20"",""migration_method"":""puzzle2_2"",""name_2"":""West Baegut-Fatale""},{""gid_2"":""SLB.7.3_1"",""migration_date"":""2025-12-20"",""migration_method"":""puzzle2_2"",""name_2"":""Aimela""},{""gid_2"":""SLB.7.4_1"",""migration_date"":""2025-12-20"",""migration_method"":""puzzle2_2"",""name_2"":""Areare""},{""gid_2"":""SLB.7.5_1"",""migration_date"":""2025-12-20"",""migration_method"":""puzzle2_2"",""name_2"":""Asimae""},{""gid_2"":""SLB.7.6_1"",""migration_date"":""2025-12-20"",""migration_method"":""puzzle2_2"",""name_2"":""Auki""},{""gid_2"":""SLB.7.7_1"",""migration_date"":""2025-12-20"",""migration_method"":""puzzle2_2"",""name_2"":""Buma""},{""gid_2"":""SLB.7.8_1"",""migration_date"":""2025-12-20"",""migration_method"":""puzzle2_2"",""name_2"":""East Baegu""},{""gid_2"":""SLB.7.9_1"",""migration_date"":""2025-12-20"",""migration_method"":""puzzle2_2"",""name_2"":""Fauabu""},{""gid_2"":""SLB.8.1_1"",""migration_date"":""2025-12-20"",""migration_method"":""puzzle2_2"",""name_2"":""East Ghongau""},{""gid_2"":""SLB.8.3_1"",""migration_date"":""2025-12-20"",""migration_method"":""puzzle2_2"",""name_2"":""Kangava""},{""gid_2"":""SLB.8.4_1"",""migration_date"":""2025-12-20"",""migration_method"":""puzzle2_2"",""name_2"":""Lughu""},{""gid_2"":""SLB.8.5_1"",""migration_date"":""2025-12-20"",""migration_method"":""puzzle2_2"",""name_2"":""Matangi""},{""gid_2"":""SLB.8.6_1"",""migration_date"":""2025-12-20"",""migration_method"":""puzzle2_2"",""name_2"":""Mugihenua""},{""gid_2"":""SLB.8.7_1"",""migration_date"":""2025-12-20"",""migration_method"":""puzzle2_2"",""name_2"":""Sa'Aiho""},{""gid_2"":""SLB.8.8_1"",""migration_date"":""2025-12-20"",""migration_method"":""puzzle2_2"",""name_2"":""Tetau Nangoto""},{""gid_2"":""SLB.8.9_1"",""migration_date"":""2025-12-20"",""migration_method"":""puzzle2_2"",""name_2"":""West Ghongau""},{""gid_2"":""SLB.9.10_1"",""migration_date"":""2025-12-20"",""migration_method"":""puzzle2_2"",""name_2"":""Neo""},{""gid_2"":""SLB.9.11_1"",""migration_date"":""2025-12-20"",""migration_method"":""puzzle2_2"",""name_2"":""Nevenema""},{""gid_2"":""SLB.9.12_1"",""migration_date"":""2025-12-20"",""migration_method"":""puzzle2_2"",""name_2"":""Nipua-Nopoli""},{""gid_2"":""SLB.9.13_1"",""migration_date"":""2025-12-20"",""migration_method"":""puzzle2_2"",""name_2"":""North East Santa Cruz""},{""gid_2"":""SLB.9.14_1"",""migration_date"":""2025-12-20"",""migration_method"":""puzzle2_2"",""name_2"":""Polynesian Outer Islands""},{""gid_2"":""SLB.9.15_1"",""migration_date"":""2025-12-20"",""migration_method"":""puzzle2_2"",""name_2"":""Tikopia""},{""gid_2"":""SLB.9.16_1"",""migration_date"":""2025-12-20"",""migration_method"":""puzzle2_2"",""name_2"":""Utupua""},{""gid_2"":""SLB.9.17_1"",""migration_date"":""2025-12-20"",""migration_method"":""puzzle2_2"",""name_2"":""Vanikoro""},{""gid_2"":""SLB.9.3_1"",""migration_date"":""2025-12-20"",""migration_method"":""puzzle2_2"",""name_2"":""Graciosa Bay""},{""gid_2"":""SLB.9.4_1"",""migration_date"":""2025-12-20"",""migration_method"":""puzzle2_2"",""name_2"":""Lipe-Temua""},{""gid_2"":""SLB.9.5_1"",""migration_date"":""2025-12-20"",""migration_method"":""puzzle2_2"",""name_2"":""Luva Station""},{""gid_2"":""SLB.9.6_1"",""migration_date"":""2025-12-20"",""migration_method"":""puzzle2_2"",""name_2"":""Manuopo""},{""gid_2"":""SLB.9.7_1"",""migration_date"":""2025-12-20"",""migration_method"":""puzzle2_2"",""name_2"":""Nanggu-Lord Howe""},{""gid_2"":""SLB.9.8_1"",""migration_date"":""2025-12-20"",""migration_method"":""puzzle2_2"",""name_2"":""Nea-Noole""},{""gid_2"":""SLB.9.9_1"",""migration_date"":""2025-12-20"",""migration_method"":""puzzle2_2"",""name_2"":""Nenumpo""}]",2014-05-12,2025-12-20,2010-01-03,2010-01-03,2010-01-03
2010-0668-TWN,No,nat-geo-ear-gro,Natural,Geophysical,Earthquake,Ground movement,GLIDE:EQ-2010-000043|USGS:usp000h8nd,,TWN,Taiwan (Province of China),Eastern Asia,Asia,Taiwan Sheng province,,,No,No,No,,6.3,Moment Magnitude,22.918,120.795,,2010,3.0,4.0,2010,3.0,4.0,,96.0,,,96.0,,,89000.0,131402.0,1000000.0,1476427.0,67.73109452917775,"[{""adm1_code"":925,""adm1_name"":""Taiwan Sheng""}]","[{""gid_1"":""TWN.2_1"",""migration_date"":""2025-12-20"",""migration_method"":""puzzle1_1"",""name_1"":""Kaohsiung""},{""gid_1"":""TWN.3_1"",""migration_date"":""2025-12-20"",""migration_method"":""puzzle1_1"",""name_1"":""New Taipei""},{""gid_1"":""TWN.4_1"",""migration_date"":""2025-12-20"",""migration_method"":""puzzle1_1"",""name_1"":""Taichung""},{""gid_1"":""TWN.5_1"",""migration_date"":""2025-12-20"",""migration_method"":""puzzle1_1"",""name_1"":""Tainan""},{""gid_1"":""TWN.6_1"",""migration_date"":""2025-12-20"",""migration_method"":""puzzle1_1"",""name_1"":""Taipei""},{""gid_1"":""TWN.7_1"",""migration_date"":""2025-12-20"",""migration_method"":""puzzle1_1"",""name_1"":""Taiwan""}]",2011-03-16,2025-12-20,2010-03-04,2010-03-04,2010-03-04
2010-0002-TJK,No,nat-geo-ear-gro,Natural,Geophysical,Earthquake,Ground movement,GLIDE:EQ-2010-000001|USGS:usp000h5kn,,TJK,Tajikistan,Central Asia,Asia,"Uskrogh, Rogh, Payshanbeobod, Gishkhun, Dashtirogh, Rokharv, Punichuguni Jamak villages (Vanchskiy district, Badakhshoni province)",,,No,No,No,,5.4,Moment Magnitude,38.245,71.467,,2010,1.0,2.0,2010,1.0,2.0,,,6706.0,1134.0,7840.0,,,,,1500.0,2215.0,67.73109452917775,"[{""adm2_code"":37581,""adm2_name"":""Vanchskiy""}]",,2010-02-03,2026-01-30,2010-01-02,2010-01-02,2010-01-02
2010-0093-TUR,No,nat-geo-ear-gro,Natural,Geophysical,Earthquake,Ground movement,GLIDE:EQ-2010-000045|USGS:usp000h8x1,,TUR,Türkiye,Western Asia,Asia,"Basyurt village (Karakocan district, Elazig province), Demirci, Kovancilar, Okcular villages (Kovancilar district, Elazig province)",,,No,No,No,,6.1,Moment Magnitude,38.864,39.986,,2010,3.0,8.0,2010,3.0,8.0,51.0,100.0,3500.0,,3600.0,,,,,,,67.73109452917775,"[{""adm2_code"":27764,""adm2_name"":""Karakocan""},{""adm2_code"":27766,""adm2_name"":""Kovancilar""}]","[{""gid_2"":""TUR.29.5_1"",""migration_date"":""2025-12-20"",""migration_method"":""jaccard2"",""name_2"":""Karakoçan""},{""gid_2"":""TUR.29.7_1"",""migration_date"":""2025-12-20"",""migration_method"":""jaccard2"",""name_2"":""Kovancılar""}]",2014-02-25,2025-12-20,2010-03-08,2010-03-08,2010-03-08
2010-0027-USA,No,nat-geo-ear-gro,Natural,Geophysical,Earthquake,Ground movement,USGS:usp000h5we,,USA,United States of America,Northern America,Americas,"Ferndale, Eureka cities (Humboldt district, California province)",,,No,No,No,,6.5,Moment Magnitude,40.652,-124.6925,,2010,1.0,10.0,2010,1.0,10.0,,30.0,600.0,,630.0,,,,,12500.0,18455.0,67.73109452917775,"[{""adm2_code"":28876,""adm2_name"":""Humboldt""}]","[{""gid_2"":""USA.5.12_1"",""migration_date"":""2025-12-20"",""migration_method"":""jaccard2"",""name_2"":""Humboldt""}]",2011-01-06,2025-12-20,2010-01-10,2010-01-10,2010-01-10
2011-0351-BTN,No,nat-geo-ear-gro,Natural,Geophysical,Earthquake,Ground movement,GLIDE:EQ-2011-000136|USGS:usp000j88b,,BTN,Bhutan,Southern Asia,Asia,"Paro, Thimphu provinces",,,No,No,No,,6.9,Moment Magnitude,27.73,88.155,,2011,9.0,18.0,2011,9.0,18.0,1.0,16.0,20000.0,,20016.0,,,,,,,69.86926350886503,"[{""adm1_code"":629,""adm1_name"":""Paro""},{""adm1_code"":635,""adm1_name"":""Thimphu""}]","[{""gid_1"":""BTN.14_1"",""migration_date"":""2025-12-20"",""migration_method"":""jaccard1"",""name_1"":""Thimphu""},{""gid_1"":""BTN.8_1"",""migration_date"":""2025-12-20"",""migration_method"":""jaccard1"",""name_1"":""Paro""}]",2011-10-19,2025-12-20,2011-09-18,2011-09-18,2011-09-18
2011-0411-CHN,No,nat-geo-ear-gro,Natural,Geophysical,Earthquake,Ground movement,GLIDE:EQ-2011-000169|USGS:usp000ja68,,CHN,China,Eastern Asia,Asia,"Yining, Gongliu areas (Ili Kazakh district, Xinjiang Uygur Zizhiqu province)",,,No,No,No,,5.6,Moment Magnitude,43.648,82.437,,2011,11.0,1.0,2011,11.0,1.0,,,143000.0,,143000.0,,,,,56400.0,80722.0,69.86926350886503,"[{""adm2_code"":13292,""adm2_name"":""Ili Kazakh""}]","[{""gid_2"":""CHN.28.7_1"",""migration_date"":""2025-12-20"",""migration_method"":""jaccard2"",""name_2"":""Ili Kazakh""}]",2014-03-12,2025-12-20,2011-11-01,2011-11-01,2011-11-01
2011-0601-CHN,No,nat-geo-ear-gro,Natural,Geophysical,Earthquake,Ground movement,USGS:usp000j6a4,,CHN,China,Eastern Asia,Asia,"Jiashi Xian, Kashi Shi areas (Kashgar district, Xinjiang Uygur Zizhiqu province)",,,No,No,No,,5.6,Moment Magnitude,39.955,77.028,,2011,8.0,11.0,2011,8.0,11.0,,26.0,855.0,735.0,1616.0,,,,,,,69.86926350886503,"[{""adm2_code"":13289,""adm2_name"":""Kashgar""}]","[{""gid_2"":""CHN.28.9_1"",""migration_date"":""2025-12-20"",""migration_method"":""jaccard2"",""name_2"":""Kashgar""}]",2014-03-12,2025-12-20,2011-08-11,2011-08-11,2011-08-11
2011-0079-CHN,No,nat-geo-ear-gro,Natural,Geophysical,Earthquake,Ground movement,GLIDE:EQ-2011-000027|USGS:usp000hvm3,,CHN,China,Eastern Asia,Asia,"Pingyuanzhen village (Yingjiang area, Dehong Dai and Jingpo district, Yunnan Sheng province)",,,No,No,No,,5.5,Moment Magnitude,24.727,97.957,,2011,3.0,10.0,2011,3.0,10.0,25.0,250.0,,5190.0,5440.0,,,,,290000.0,415061.0,69.86926350886503,"[{""adm2_code"":13314,""adm2_name"":""Dehong Dai and Jingpo""}]","[{""gid_2"":""CHN.30.4_1"",""migration_date"":""2025-12-20"",""migration_method"":""jaccard2"",""name_2"":""Dehong Dai and Jingpo""}]",2014-03-12,2025-12-20,2011-03-10,2011-03-10,2011-03-10
2011-0030-CHN,No,nat-geo-ear-gro,Natural,Geophysical,Earthquake,Ground movement,GLIDE:EQ-2011-000016|USGS:usp000htxw,,CHN,China,Eastern Asia,Asia,"Pingyuanzhen village (Yingjiang area, Dehong Dai and Jingpo district, Yunnan Sheng province)",,,No,No,No,,4.8,Moment Magnitude,24.693,97.943,,2011,2.0,1.0,2011,2.0,1.0,,1.0,,64500.0,64501.0,,,,,,,69.86926350886503,"[{""adm2_code"":13314,""adm2_name"":""Dehong Dai and Jingpo""}]","[{""gid_2"":""CHN.30.4_1"",""migration_date"":""2025-12-20"",""migration_method"":""jaccard2"",""name_2"":""Dehong Dai and Jingpo""}]",2014-03-12,2025-12-20,2011-02-01,2011-02-01,2011-02-01
2011-0351-CHN,No,nat-geo-ear-gro,Natural,Geophysical,Earthquake,Ground movement,GLIDE:EQ-2011-000136|USGS:usp000j88b,,CHN,China,Eastern Asia,Asia,"Shigatse, Shannan districts (Xizang Zizhiqu province)",,,No,No,No,,6.9,Moment Magnitude,27.73,88.155,,2011,9.0,18.0,2011,9.0,18.0,7.0,136.0,,5000.0,5136.0,,,,,,,69.86926350886503,"[{""adm2_code"":13298,""adm2_name"":""Shannan""},{""adm2_code"":13299,""adm2_name"":""Shigatse""}]","[{""gid_2"":""CHN.29.6_1"",""migration_date"":""2025-12-20"",""migration_method"":""jaccard2"",""name_2"":""Shannan""},{""gid_2"":""CHN.29.7_1"",""migration_date"":""2025-12-20"",""migration_method"":""jaccard2"",""name_2"":""Shigatse""}]",2012-01-24,2025-12-20,2011-09-18,2011-09-18,2011-09-18
2011-0387-CHN,No,nat-geo-ear-gro,Natural,Geophysical,Earthquake,Ground movement,USGS:usp000j2v0,,CHN,China,Eastern Asia,Asia,"Dabancheng area (Urumqi district, Xinjiang Uygur Zizhiqu province))",,"Slide (land, mud, snow, rock)",No,No,No,,5.1,Moment Magnitude,43.015,88.247,,2011,6.0,8.0,2011,6.0,8.0,,8.0,250.0,,258.0,,,,,,,69.86926350886503,"[{""adm2_code"":13280,""adm2_name"":""Ürümqi""}]","[{""gid_2"":""CHN.28.15_1"",""migration_date"":""2025-12-20"",""migration_method"":""jaccard2"",""name_2"":""Ürümqi""}]",2011-10-19,2025-12-20,2011-06-08,2011-06-08,2011-06-08
2011-0090-CHN,No,nat-geo-ear-gro,Natural,Geophysical,Earthquake,Ground movement,GLIDE:EQ-2011-000031|USGS:usp000hyfx,,CHN,China,Eastern Asia,Asia,Yunnan Sheng province,,,No,No,No,,6.9,Moment Magnitude,20.687,99.822,,2011,3.0,24.0,2011,3.0,24.0,,12.0,9496.0,,9508.0,,,,,,,69.86926350886503,"[{""adm1_code"":929,""adm1_name"":""Yunnan Sheng""}]","[{""gid_1"":""CHN.30_1"",""migration_date"":""2025-12-20"",""migration_method"":""jaccard1"",""name_1"":""Yunnan""}]",2011-05-24,2025-12-20,2011-03-24,2011-03-24,2011-03-24
2011-0373-GTM,No,nat-geo-ear-gro,Natural,Geophysical,Earthquake,Ground movement,GLIDE:EQ-2011-000144|USGS:usp000j89y,,GTM,Guatemala,Latin America and the Caribbean,Americas,"Cuilapa district (Santa Rosa province) ; Guatemala city (Guatemala district, Guatemala province)",,,No,No,No,,5.6,Moment Magnitude,14.186,-90.238,,2011,9.0,19.0,2011,9.0,19.0,3.0,,400.0,,400.0,,,,,,,69.86926350886503,"[{""adm2_code"":64843,""adm2_name"":""Guatemala""},{""adm2_code"":64913,""adm2_name"":""Cuilapa""}]",,2014-02-27,2025-06-25,2011-09-19,2011-09-19,2011-09-19
2011-0351-IND,No,nat-geo-ear-gro,Natural,Geophysical,Earthquake,Ground movement,GLIDE:EQ-2011-000136|USGS:usp000j88b,,IND,India,Southern Asia,Asia,"Sikkim, West Bengal, Bihar, Assam, Meghalaya provinces",,"Slide (land, mud, snow, rock)",No,No,No,33.0,6.9,Moment Magnitude,27.73,88.155,,2011,9.0,18.0,2011,9.0,18.0,112.0,200.0,500000.0,75000.0,575200.0,,,,,,,69.86926350886503,"[{""adm1_code"":1487,""adm1_name"":""Assam""},{""adm1_code"":1501,""adm1_name"":""Meghalaya""},{""adm1_code"":1507,""adm1_name"":""Sikkim""},{""adm1_code"":1511,""adm1_name"":""West Bengal""},{""adm1_code"":70073,""adm1_name"":""Bihar""}]","[{""gid_1"":""IND.22_1"",""migration_date"":""2025-12-20"",""migration_method"":""jaccard1"",""name_1"":""Meghalaya""},{""gid_1"":""IND.30_1"",""migration_date"":""2025-12-20"",""migration_method"":""jaccard1"",""name_1"":""Sikkim""},{""gid_1"":""IND.36_1"",""migration_date"":""2025-12-20"",""migration_method"":""jaccard1"",""name_1"":""West Bengal""},{""gid_1"":""IND.4_1"",""migration_date"":""2025-12-20"",""migration_method"":""jaccard1"",""name_1"":""Assam""},{""gid_1"":""IND.5_1"",""migration_date"":""2025-12-20"",""migration_method"":""jaccard1"",""name_1"":""Bihar""}]",2011-11-07,2025-12-20,2011-09-18,2011-09-18,2011-09-18
2011-0389-IDN,No,nat-geo-ear-gro,Natural,Geophysical,Earthquake,Ground movement,USGS:usp000j7nn,,IDN,Indonesia,South-eastern Asia,Asia,"Subulussalam city (Aceh Singkil district, Nangroe Aceh Darussalam province)",,,No,No,No,,6.7,Moment Magnitude,2.965,97.893,,2011,9.0,5.0,2011,9.0,5.0,10.0,,,,,,,,,5850.0,8373.0,69.86926350886503,"[{""adm2_code"":73627,""adm2_name"":""Aceh Singkil""}]","[{""gid_2"":""IDN.1.23_1"",""migration_date"":""2025-12-20"",""migration_method"":""puzzle2_2"",""name_2"":""Subulussalam""},{""gid_2"":""IDN.1.6_1"",""migration_date"":""2025-12-20"",""migration_method"":""puzzle2_2"",""name_2"":""Aceh Singkil""}]",2014-02-26,2025-12-20,2011-09-05,2011-09-05,2011-09-05
2011-0082-IDN,No,nat-geo-ear-tsu,Natural,Geophysical,Earthquake,Tsunami,GLIDE:EQ-2011-000028|USGS:official20110311054624120_30,,IDN,Indonesia,South-eastern Asia,Asia,"Holtekamp beach (Muara Tami area, Kota Jayapura district, Papua province)",,Tsunami/Tidal wave,No,No,No,,9.1,Moment Magnitude,38.297,142.373,,2011,3.0,11.0,2011,3.0,11.0,1.0,,,95.0,95.0,,,,,,,69.86926350886503,"[{""adm2_code"":73727,""adm2_name"":""Kota Jayapura""}]",,2014-02-26,2026-01-25,2011-03-11,2011-03-11,2011-03-11
2011-0082-JPN,No,nat-geo-ear-tsu,Natural,Geophysical,Earthquake,Tsunami,GLIDE:EQ-2011-000028|USGS:official20110311054624120_30,,JPN,Japan,Eastern Asia,Asia,"Hokkaidoo, Akita, Aomori, Yamagata, Miyagi, Iwate, Hukusima, Tookyoo, Ibaraki, Totigi, Gunma, Saitama, Tiba, Kanagawa, Nagano provinces",,Fire|Industrial accidents,Yes,No,No,735797.0,9.1,Moment Magnitude,38.297,142.373,,2011,3.0,11.0,2011,3.0,11.0,19846.0,5933.0,362887.0,,368820.0,,,37500000.0,53671669.0,210000000.0,300561348.0,69.86926350886503,"[{""adm1_code"":1652,""adm1_name"":""Akita""},{""adm1_code"":1653,""adm1_name"":""Aomori""},{""adm1_code"":1657,""adm1_name"":""Hukusima""},{""adm1_code"":1659,""adm1_name"":""Gunma""},{""adm1_code"":1661,""adm1_name"":""Hokkaidoo""},{""adm1_code"":1663,""adm1_name"":""Ibaraki""},{""adm1_code"":1665,""adm1_name"":""Iwate""},{""adm1_code"":1668,""adm1_name"":""Kanagawa""},{""adm1_code"":1673,""adm1_name"":""Miyagi""},{""adm1_code"":1675,""adm1_name"":""Nagano""},{""adm1_code"":1684,""adm1_name"":""Saitama""},{""adm1_code"":1688,""adm1_name"":""Totigi""},{""adm1_code"":1690,""adm1_name"":""Tookyoo""},{""adm1_code"":1693,""adm1_name"":""Tiba""},{""adm1_code"":1695,""adm1_name"":""Yamagata""}]","[{""gid_1"":""JPN.10_1"",""migration_date"":""2025-12-20"",""migration_method"":""jaccard1"",""name_1"":""Gunma""},{""gid_1"":""JPN.12_1"",""migration_date"":""2025-12-20"",""migration_method"":""jaccard1"",""name_1"":""Hokkaido""},{""gid_1"":""JPN.14_1"",""migration_date"":""2025-12-20"",""migration_method"":""jaccard1"",""name_1"":""Ibaraki""},{""gid_1"":""JPN.16_1"",""migration_date"":""2025-12-20"",""migration_method"":""jaccard1"",""name_1"":""Iwate""},{""gid_1"":""JPN.19_1"",""migration_date"":""2025-12-20"",""migration_method"":""jaccard1"",""name_1"":""Kanagawa""},{""gid_1"":""JPN.24_1"",""migration_date"":""2025-12-20"",""migration_method"":""jaccard1"",""name_1"":""Miyagi""},{""gid_1"":""JPN.26_1"",""migration_date"":""2025-12-20"",""migration_method"":""jaccard1"",""name_1"":""Nagano""},{""gid_1"":""JPN.2_1"",""migration_date"":""2025-12-20"",""migration_method"":""jaccard1"",""name_1"":""Akita""},{""gid_1"":""JPN.35_1"",""migration_date"":""2025-12-20"",""migration_method"":""jaccard1"",""name_1"":""Saitama""},{""gid_1"":""JPN.39_1"",""migration_date"":""2025-12-20"",""migration_method"":""jaccard1"",""name_1"":""Tochigi""},{""gid_1"":""JPN.3_1"",""migration_date"":""2025-12-20"",""migration_method"":""jaccard1"",""name_1"":""Aomori""},{""gid_1"":""JPN.41_1"",""migration_date"":""2025-12-20"",""migration_method"":""jaccard1"",""name_1"":""Tokyo""},{""gid_1"":""JPN.45_1"",""migration_date"":""2025-12-20"",""migration_method"":""jaccard1"",""name_1"":""Yamagata""},{""gid_1"":""JPN.4_1"",""migration_date"":""2025-12-20"",""migration_method"":""jaccard1"",""name_1"":""Chiba""},{""gid_1"":""JPN.8_1"",""migration_date"":""2025-12-20"",""migration_method"":""jaccard1"",""name_1"":""Fukushima""}]",2014-07-28,2026-01-25,2011-03-11,2011-03-11,2011-03-11
2011-0130-JPN,No,nat-geo-ear-gro,Natural,Geophysical,Earthquake,Ground movement,USGS:usp000hzf6,,JPN,Japan,Eastern Asia,Asia,"Ishinomakisi, Onagawatyoo districts (Miyagi province), Yamagata province",,,No,No,No,,7.1,Moment Magnitude,38.276,141.588,,2011,4.0,7.0,2011,4.0,7.0,2.0,132.0,,,132.0,,,,,,,69.86926350886503,"[{""adm1_code"":1695,""adm1_name"":""Yamagata""},{""adm2_code"":35137,""adm2_name"":""Isinomakisi""},{""adm2_code"":35167,""adm2_name"":""Onagawatyoo""}]","[{""gid_1"":""JPN.45_1"",""migration_date"":""2025-12-20"",""migration_method"":""jaccard1"",""name_1"":""Yamagata""},{""gid_2"":""JPN.24.18_1"",""migration_date"":""2025-12-20"",""migration_method"":""jaccard2"",""name_2"":""Onagawa""},{""gid_2"":""JPN.24.2_1"",""migration_date"":""2025-12-20"",""migration_method"":""bufhaus2"",""name_2"":""Ishinomaki""}]",2011-10-19,2025-12-20,2011-04-07,2011-04-07,2011-04-07
2011-0243-KGZ,No,nat-geo-ear-gro,Natural,Geophysical,Earthquake,Ground movement,GLIDE:EQ-2011-000090|USGS:usp000j560,,KGZ,Kyrgyzstan,Central Asia,Asia,Batken district (Batken province),,,No,No,No,,6.1,Moment Magnitude,40.081,71.41,,2011,7.0,19.0,2011,7.0,19.0,,,,,,,,,,,,69.86926350886503,"[{""adm2_code"":18592,""adm2_name"":""Batken""}]","[{""gid_2"":""KGZ.1.1_1"",""migration_date"":""2025-12-20"",""migration_method"":""jaccard2"",""name_2"":""Batken""}]",2014-04-02,2025-12-20,2011-07-19,2011-07-19,2011-07-19
2011-0512-MEX,No,nat-geo-ear-gro,Natural,Geophysical,Earthquake,Ground movement,USGS:usp000jc1y,,MEX,Mexico,Latin America and the Caribbean,Americas,Guerrero province,,,No,No,No,,6.5,Moment Magnitude,17.986,-99.789,,2011,12.0,11.0,2011,12.0,11.0,2.0,2.0,150.0,,152.0,,,,,,,69.86926350886503,"[{""adm1_code"":2039,""adm1_name"":""Guerrero""}]","[{""gid_1"":""MEX.12_1"",""migration_date"":""2025-12-20"",""migration_method"":""jaccard1"",""name_1"":""Guerrero""}]",2011-12-19,2025-12-20,2011-12-11,2011-12-11,2011-12-11
2011-0090-MMR,No,nat-geo-ear-gro,Natural,Geophysical,Earthquake,Ground movement,GLIDE:EQ-2011-000031|USGS:usp000hyfx,,MMR,Myanmar,South-eastern Asia,Asia,"Tarlay area (Tachileik district, Shan (E) province)",,,No,No,No,1008.0,6.9,Moment Magnitude,20.687,99.822,,2011,3.0,24.0,2011,3.0,24.0,74.0,125.0,18000.0,3152.0,21277.0,,,,,3600.0,5152.0,69.86926350886503,"[{""adm2_code"":41826,""adm2_name"":""Tachileik""}]","[{""gid_2"":""MMR.13.10_1"",""migration_date"":""2025-12-20"",""migration_method"":""jaccard2"",""name_2"":""Tarchilaik""}]",2014-03-27,2025-12-20,2011-03-24,2011-03-24,2011-03-24
2011-0351-NPL,No,nat-geo-ear-gro,Natural,Geophysical,Earthquake,Ground movement,GLIDE:EQ-2011-000136|USGS:usp000j88b,,NPL,Nepal,Southern Asia,Asia,"Lamjung, Syangja areas (Gandaki district, Western province), Dolakha, Ramechhap areas (Janakpur district, Central province), Khotang, Solukhumbu areas (Sagarmatha district, Eastern province), Mechi, Koshi districts (Eastern province), Bagmati district (Central province)",,,No,No,No,,6.9,Moment Magnitude,27.73,88.155,,2011,9.0,18.0,2011,9.0,18.0,7.0,89.0,167860.0,,167949.0,,,,,,,69.86926350886503,"[{""adm2_code"":22351,""adm2_name"":""Bagmati""},{""adm2_code"":22352,""adm2_name"":""Janakpur""},{""adm2_code"":22354,""adm2_name"":""Koshi""},{""adm2_code"":22355,""adm2_name"":""Mechi""},{""adm2_code"":22356,""adm2_name"":""Sagarmatha""},{""adm2_code"":22363,""adm2_name"":""Gandaki""}]","[{""gid_2"":""NPL.1.1_1"",""migration_date"":""2025-12-20"",""migration_method"":""jaccard2"",""name_2"":""Bagmati""},{""gid_2"":""NPL.1.2_1"",""migration_date"":""2025-12-20"",""migration_method"":""jaccard2"",""name_2"":""Janakpur""},{""gid_2"":""NPL.2.1_1"",""migration_date"":""2025-12-20"",""migration_method"":""jaccard2"",""name_2"":""Koshi""},{""gid_2"":""NPL.2.2_1"",""migration_date"":""2025-12-20"",""migration_method"":""jaccard2"",""name_2"":""Mechi""},{""gid_2"":""NPL.2.3_1"",""migration_date"":""2025-12-20"",""migration_method"":""jaccard2"",""name_2"":""Sagarmatha""},{""gid_2"":""NPL.5.2_1"",""migration_date"":""2025-12-20"",""migration_method"":""jaccard2"",""name_2"":""Gandaki""}]",2012-07-17,2025-12-20,2011-09-18,2011-09-18,2011-09-18
2011-0388-NZL,No,nat-geo-ear-gro,Natural,Geophysical,Earthquake,Ground movement,USGS:usp000j33b,,NZL,New Zealand,Australia and New Zealand,Oceania,"Canterbury, Nelson-marlborough, Otago, Southland, Westland provinces",,"Slide (land, mud, snow, rock)",No,No,No,,5.9,Moment Magnitude,-43.564,172.743,,2011,6.0,13.0,2011,6.0,13.0,1.0,45.0,,300.0,345.0,,,2000000.0,2862489.0,3000000.0,4293734.0,69.86926350886503,"[{""adm2_code"":22381,""adm2_name"":""Administrative unit not available""},{""adm2_code"":22384,""adm2_name"":""Administrative unit not available""},{""adm2_code"":22386,""adm2_name"":""Administrative unit not available""},{""adm2_code"":22387,""adm2_name"":""Administrative unit not available""},{""adm2_code"":22392,""adm2_name"":""Administrative unit not available""}]","[{""gid_2"":""NZL.12.1_1"",""migration_date"":""2025-12-20"",""migration_method"":""puzzle2_2"",""name_2"":""Central Otago""},{""gid_2"":""NZL.12.2_1"",""migration_date"":""2025-12-20"",""migration_method"":""puzzle2_2"",""name_2"":""Clutha""},{""gid_2"":""NZL.12.3_1"",""migration_date"":""2025-12-20"",""migration_method"":""puzzle2_2"",""name_2"":""Dunedin""},{""gid_2"":""NZL.12.4_1"",""migration_date"":""2025-12-20"",""migration_method"":""puzzle2_2"",""name_2"":""Queenstown-Lakes""},{""gid_2"":""NZL.13.2_1"",""migration_date"":""2025-12-20"",""migration_method"":""puzzle2_2"",""name_2"":""Auckland islands""},{""gid_2"":""NZL.13.4_1"",""migration_date"":""2025-12-20"",""migration_method"":""puzzle2_2"",""name_2"":""Campbell Islands""},{""gid_2"":""NZL.14.1_1"",""migration_date"":""2025-12-20"",""migration_method"":""puzzle2_2"",""name_2"":""Gore""},{""gid_2"":""NZL.14.2_1"",""migration_date"":""2025-12-20"",""migration_method"":""puzzle2_2"",""name_2"":""Invercargill""},{""gid_2"":""NZL.14.3_1"",""migration_date"":""2025-12-20"",""migration_method"":""puzzle2_2"",""name_2"":""Southland""},{""gid_2"":""NZL.16.1_1"",""migration_date"":""2025-12-20"",""migration_method"":""puzzle2_2"",""name_2"":""Tasman""},{""gid_2"":""NZL.19.1_1"",""migration_date"":""2025-12-20"",""migration_method"":""puzzle2_2"",""name_2"":""Buller""},{""gid_2"":""NZL.19.2_1"",""migration_date"":""2025-12-20"",""migration_method"":""puzzle2_2"",""name_2"":""Grey""},{""gid_2"":""NZL.19.3_1"",""migration_date"":""2025-12-20"",""migration_method"":""puzzle2_2"",""name_2"":""Westland""},{""gid_2"":""NZL.3.1_1"",""migration_date"":""2025-12-20"",""migration_method"":""puzzle2_2"",""name_2"":""Ashburton""},{""gid_2"":""NZL.3.2_1"",""migration_date"":""2025-12-20"",""migration_method"":""puzzle2_2"",""name_2"":""Christchurch""},{""gid_2"":""NZL.3.3_1"",""migration_date"":""2025-12-20"",""migration_method"":""puzzle2_2"",""name_2"":""Hurunui""},{""gid_2"":""NZL.3.4_1"",""migration_date"":""2025-12-20"",""migration_method"":""puzzle2_2"",""name_2"":""Kaikoura""},{""gid_2"":""NZL.3.5_1"",""migration_date"":""2025-12-20"",""migration_method"":""puzzle2_2"",""name_2"":""Mackenzie""},{""gid_2"":""NZL.3.6_1"",""migration_date"":""2025-12-20"",""migration_method"":""puzzle2_2"",""name_2"":""Selwyn""},{""gid_2"":""NZL.3.7_1"",""migration_date"":""2025-12-20"",""migration_method"":""puzzle2_2"",""name_2"":""Timaru""},{""gid_2"":""NZL.3.8_1"",""migration_date"":""2025-12-20"",""migration_method"":""puzzle2_2"",""name_2"":""Waimakariri""},{""gid_2"":""NZL.3.9_1"",""migration_date"":""2025-12-20"",""migration_method"":""puzzle2_2"",""name_2"":""Waimate""},{""gid_2"":""NZL.8.1_1"",""migration_date"":""2025-12-20"",""migration_method"":""puzzle2_2"",""name_2"":""Marlborough""},{""gid_2"":""NZL.9.1_1"",""migration_date"":""2025-12-20"",""migration_method"":""puzzle2_2"",""name_2"":""Nelson""}]",2011-10-19,2025-12-20,2011-06-13,2011-06-13,2011-06-13
2011-0068-NZL,No,nat-geo-ear-gro,Natural,Geophysical,Earthquake,Ground movement,GLIDE:EQ-2011-000024|USGS:usp000huvq,,NZL,New Zealand,Australia and New Zealand,Oceania,Christchurch city (Canterbury province),,,Yes,No,Yes,9823.0,6.1,Moment Magnitude,-43.583,172.68,,2011,2.0,22.0,2011,2.0,22.0,181.0,1500.0,300000.0,,301500.0,,,12000000.0,17174934.0,15000000.0,21468668.0,69.86926350886503,"[{""adm2_code"":22381,""adm2_name"":""Administrative unit not available""}]","[{""gid_2"":""NZL.3.1_1"",""migration_date"":""2025-12-20"",""migration_method"":""puzzle2_2"",""name_2"":""Ashburton""},{""gid_2"":""NZL.3.2_1"",""migration_date"":""2025-12-20"",""migration_method"":""puzzle2_2"",""name_2"":""Christchurch""},{""gid_2"":""NZL.3.3_1"",""migration_date"":""2025-12-20"",""migration_method"":""puzzle2_2"",""name_2"":""Hurunui""},{""gid_2"":""NZL.3.5_1"",""migration_date"":""2025-12-20"",""migration_method"":""puzzle2_2"",""name_2"":""Mackenzie""},{""gid_2"":""NZL.3.6_1"",""migration_date"":""2025-12-20"",""migration_method"":""puzzle2_2"",""name_2"":""Selwyn""},{""gid_2"":""NZL.3.7_1"",""migration_date"":""2025-12-20"",""migration_method"":""puzzle2_2"",""name_2"":""Timaru""},{""gid_2"":""NZL.3.8_1"",""migration_date"":""2025-12-20"",""migration_method"":""puzzle2_2"",""name_2"":""Waimakariri""},{""gid_2"":""NZL.3.9_1"",""migration_date"":""2025-12-20"",""migration_method"":""puzzle2_2"",""name_2"":""Waimate""}]",2014-07-28,2025-12-20,2011-02-22,2011-02-22,2011-02-22
2011-0104-PAK,No,nat-geo-ear-gro,Natural,Geophysical,Earthquake,Ground movement,USGS:usp000htb4,,PAK,Pakistan,Southern Asia,Asia,"Garhi Khairo village (Jacobabad district, Sindh province), Quetta, Chagai districts (Balochistan province)",,,No,No,No,,7.2,Moment Magnitude,28.777,63.951,,2011,1.0,18.0,2011,1.0,18.0,2.0,,1000.0,,1000.0,,,,,,,69.86926350886503,"[{""adm2_code"":23614,""adm2_name"":""Chagai District""},{""adm2_code"":23627,""adm2_name"":""Quetta District""},{""adm2_code"":23684,""adm2_name"":""Jacobabad District""}]",,2014-03-11,2023-09-25,2011-01-18,2011-01-18,2011-01-18
2011-0443-PER,No,nat-geo-ear-gro,Natural,Geophysical,Earthquake,Ground movement,USGS:usp000ja1p,,PER,Peru,Latin America and the Caribbean,Americas,"Ica municipality (Ica district, Ica province), San Vicente de Canete municipality (Cañete district, Lima province)",,,No,No,No,,6.9,Moment Magnitude,-14.438,-75.966,,2011,10.0,28.0,2011,10.0,28.0,1.0,106.0,870.0,1705.0,2681.0,,,,,,,69.86926350886503,"[{""adm2_code"":24104,""adm2_name"":""Ica""},{""adm2_code"":24134,""adm2_name"":""Cañete""}]","[{""gid_2"":""PER.11.2_1"",""migration_date"":""2025-12-20"",""migration_method"":""jaccard2"",""name_2"":""Ica""},{""gid_2"":""PER.16.3_1"",""migration_date"":""2025-12-20"",""migration_method"":""jaccard2"",""name_2"":""Cañete""}]",2014-02-27,2025-12-20,2011-10-28,2011-10-28,2011-10-28
2011-0445-PHL,No,nat-geo-ear-gro,Natural,Geophysical,Earthquake,Ground movement,USGS:usp000jagw,,PHL,Philippines,South-eastern Asia,Asia,"Valencia area (Bukidnon district, Region X (Northern Mindanao) province)",,,No,No,No,,4.9,Moment Magnitude,7.904,125.195,,2011,11.0,7.0,2011,11.0,7.0,,3.0,25.0,,28.0,,,,,,,69.86926350886503,"[{""adm2_code"":24262,""adm2_name"":""Bukidnon""}]","[{""gid_2"":""PHL.16.10_1"",""migration_date"":""2025-12-20"",""migration_method"":""puzzle2_2"",""name_2"":""Kitaotao""},{""gid_2"":""PHL.16.11_1"",""migration_date"":""2025-12-20"",""migration_method"":""puzzle2_2"",""name_2"":""Lantapan""},{""gid_2"":""PHL.16.12_1"",""migration_date"":""2025-12-20"",""migration_method"":""puzzle2_2"",""name_2"":""Libona""},{""gid_2"":""PHL.16.13_1"",""migration_date"":""2025-12-20"",""migration_method"":""puzzle2_2"",""name_2"":""Malaybalay City""},{""gid_2"":""PHL.16.14_1"",""migration_date"":""2025-12-20"",""migration_method"":""puzzle2_2"",""name_2"":""Malitbog""},{""gid_2"":""PHL.16.15_1"",""migration_date"":""2025-12-20"",""migration_method"":""puzzle2_2"",""name_2"":""Manolo Fortich""},{""gid_2"":""PHL.16.16_1"",""migration_date"":""2025-12-20"",""migration_method"":""puzzle2_2"",""name_2"":""Maramag""},{""gid_2"":""PHL.16.17_1"",""migration_date"":""2025-12-20"",""migration_method"":""puzzle2_2"",""name_2"":""Pangantucan""},{""gid_2"":""PHL.16.18_1"",""migration_date"":""2025-12-20"",""migration_method"":""puzzle2_2"",""name_2"":""Quezon""},{""gid_2"":""PHL.16.19_1"",""migration_date"":""2025-12-20"",""migration_method"":""puzzle2_2"",""name_2"":""San Fernando""},{""gid_2"":""PHL.16.1_1"",""migration_date"":""2025-12-20"",""migration_method"":""puzzle2_2"",""name_2"":""Baungon""},{""gid_2"":""PHL.16.20_1"",""migration_date"":""2025-12-20"",""migration_method"":""puzzle2_2"",""name_2"":""Sumilao""},{""gid_2"":""PHL.16.21_1"",""migration_date"":""2025-12-20"",""migration_method"":""puzzle2_2"",""name_2"":""Talakag""},{""gid_2"":""PHL.16.22_1"",""migration_date"":""2025-12-20"",""migration_method"":""puzzle2_2"",""name_2"":""Valencia City""},{""gid_2"":""PHL.16.2_1"",""migration_date"":""2025-12-20"",""migration_method"":""puzzle2_2"",""name_2"":""Cabanglasan""},{""gid_2"":""PHL.16.3_1"",""migration_date"":""2025-12-20"",""migration_method"":""puzzle2_2"",""name_2"":""Damulog""},{""gid_2"":""PHL.16.4_1"",""migration_date"":""2025-12-20"",""migration_method"":""puzzle2_2"",""name_2"":""Dangcagan""},{""gid_2"":""PHL.16.5_1"",""migration_date"":""2025-12-20"",""migration_method"":""puzzle2_2"",""name_2"":""Don Carlos""},{""gid_2"":""PHL.16.6_1"",""migration_date"":""2025-12-20"",""migration_method"":""puzzle2_2"",""name_2"":""Impasug-Ong""},{""gid_2"":""PHL.16.8_1"",""migration_date"":""2025-12-20"",""migration_method"":""puzzle2_2"",""name_2"":""Kalilangan""},{""gid_2"":""PHL.16.9_1"",""migration_date"":""2025-12-20"",""migration_method"":""puzzle2_2"",""name_2"":""Kibawe""}]",2011-11-09,2025-12-20,2011-11-07,2011-11-07,2011-11-07
2011-0159-ESP,No,nat-geo-ear-gro,Natural,Geophysical,Earthquake,Ground movement,GLIDE:EQ-2011-000050|USGS:usp000j1en,,ESP,Spain,Southern Europe,Europe,"Lorca municipality (Murcia district, Region de Murcia)",,,No,No,No,,5.1,Moment Magnitude,37.699,-1.672,,2011,5.0,11.0,2011,5.0,11.0,10.0,300.0,,15000.0,15300.0,,,100000.0,143124.0,200000.0,286249.0,69.86926350886503,"[{""adm2_code"":25822,""adm2_name"":""Murcia""}]","[{""gid_2"":""ESP.18.1_1"",""migration_date"":""2025-12-20"",""migration_method"":""jaccard2"",""name_2"":""Murcia""}]",2011-05-23,2025-12-20,2011-05-11,2011-05-11,2011-05-11
2011-0243-TJK,No,nat-geo-ear-gro,Natural,Geophysical,Earthquake,Ground movement,GLIDE:EQ-2011-000090|USGS:usp000j560,,TJK,Tajikistan,Central Asia,Asia,"Khujand, Chkalovsk areas (Hojenskiy district, Sogd province), Garmskiy district (Tadzhikistan Territories province)",,,No,No,No,,6.1,Moment Magnitude,40.081,71.41,,2011,7.0,19.0,2011,7.0,19.0,,,,,,,,,,,,69.86926350886503,"[{""adm2_code"":37606,""adm2_name"":""Hojenskiy""},{""adm2_code"":37619,""adm2_name"":""Garmskiy""}]",,2014-04-02,2025-06-25,2011-07-19,2011-07-19,2011-07-19
2011-0090-THA,No,nat-geo-ear-gro,Natural,Geophysical,Earthquake,Ground movement,GLIDE:EQ-2011-000031|USGS:usp000hyfx,,THA,Thailand,South-eastern Asia,Asia,"Chiang Rai, Chiang Mai, Lampang, Lamphun, Mae Hong Son, Phayao, Phrae, Nan provinces",,,No,No,No,,6.9,Moment Magnitude,20.687,99.822,,2011,3.0,24.0,2011,3.0,24.0,1.0,16.0,,,16.0,,,,,,,69.86926350886503,"[{""adm1_code"":2859,""adm1_name"":""Chiang Mai""},{""adm1_code"":2860,""adm1_name"":""Chiang Rai""},{""adm1_code"":2868,""adm1_name"":""Lampang""},{""adm1_code"":2869,""adm1_name"":""Lamphun""},{""adm1_code"":2872,""adm1_name"":""Mae Hong Son""},{""adm1_code"":2881,""adm1_name"":""Nan""},{""adm1_code"":2891,""adm1_name"":""Phayao""},{""adm1_code"":2897,""adm1_name"":""Phrae""}]","[{""gid_1"":""THA.10_1"",""migration_date"":""2025-12-20"",""migration_method"":""jaccard1"",""name_1"":""Chiang Mai""},{""gid_1"":""THA.11_1"",""migration_date"":""2025-12-20"",""migration_method"":""jaccard1"",""name_1"":""Chiang Rai""},{""gid_1"":""THA.19_1"",""migration_date"":""2025-12-20"",""migration_method"":""jaccard1"",""name_1"":""Lampang""},{""gid_1"":""THA.20_1"",""migration_date"":""2025-12-20"",""migration_method"":""jaccard1"",""name_1"":""Lamphun""},{""gid_1"":""THA.23_1"",""migration_date"":""2025-12-20"",""migration_method"":""jaccard1"",""name_1"":""Mae Hong Son""},{""gid_1"":""THA.32_1"",""migration_date"":""2025-12-20"",""migration_method"":""jaccard1"",""name_1"":""Nan""},{""gid_1"":""THA.41_1"",""migration_date"":""2025-12-20"",""migration_method"":""jaccard1"",""name_1"":""Phayao""},{""gid_1"":""THA.47_1"",""migration_date"":""2025-12-20"",""migration_method"":""jaccard1"",""name_1"":""Phrae""}]",2011-04-19,2025-12-20,2011-03-24,2011-03-24,2011-03-24
2011-0170-TUR,No,nat-geo-ear-gro,Natural,Geophysical,Earthquake,Ground movement,USGS:usp000j1up,,TUR,Türkiye,Western Asia,Asia,Simav district (Kutahya province),,,No,No,No,,5.8,Moment Magnitude,39.149,29.103,,2011,5.0,19.0,2011,5.0,19.0,3.0,121.0,,10000.0,10121.0,,,4000.0,5725.0,244000.0,349224.0,69.86926350886503,"[{""adm2_code"":28091,""adm2_name"":""Simav""}]","[{""gid_2"":""TUR.54.12_1"",""migration_date"":""2025-12-20"",""migration_method"":""jaccard2"",""name_2"":""Simav""}]",2011-05-24,2025-12-20,2011-05-19,2011-05-19,2011-05-19
2011-0467-TUR,No,nat-geo-ear-gro,Natural,Geophysical,Earthquake,Ground movement,USGS:usp000jamz,,TUR,Türkiye,Western Asia,Asia,Van province,,,No,No,No,,5.6,Moment Magnitude,38.429,43.229,,2011,11.0,9.0,2011,11.0,9.0,40.0,30.0,,75.0,105.0,,,,,,,69.86926350886503,"[{""adm1_code"":3093,""adm1_name"":""Van""}]","[{""gid_1"":""TUR.78_1"",""migration_date"":""2025-12-20"",""migration_method"":""jaccard1"",""name_1"":""Van""}]",2011-11-21,2025-12-20,2011-11-09,2011-11-09,2011-11-09
2011-0397-TUR,No,nat-geo-ear-gro,Natural,Geophysical,Earthquake,Ground movement,GLIDE:EQ-2011-000162|USGS:usp000j9rr,,TUR,Türkiye,Western Asia,Asia,"Van, Bitlis, Hakkari provinces",,,Yes,No,No,32934.0,7.1,Moment Magnitude,38.721,43.508,,2011,10.0,23.0,2011,10.0,23.0,604.0,4152.0,6786.0,22000.0,32938.0,,,90000.0,128812.0,1500000.0,2146867.0,69.86926350886503,"[{""adm1_code"":3034,""adm1_name"":""Bitlis""},{""adm1_code"":3051,""adm1_name"":""Hakkari""},{""adm1_code"":3093,""adm1_name"":""Van""}]","[{""gid_1"":""TUR.18_1"",""migration_date"":""2025-12-20"",""migration_method"":""jaccard1"",""name_1"":""Bitlis""},{""gid_1"":""TUR.36_1"",""migration_date"":""2025-12-20"",""migration_method"":""jaccard1"",""name_1"":""Hakkari""},{""gid_1"":""TUR.78_1"",""migration_date"":""2025-12-20"",""migration_method"":""jaccard1"",""name_1"":""Van""}]",2012-01-09,2025-12-20,2011-10-23,2011-10-23,2011-10-23
2011-0243-UZB,No,nat-geo-ear-gro,Natural,Geophysical,Earthquake,Ground movement,GLIDE:EQ-2011-000090|USGS:usp000j560,,UZB,Uzbekistan,Central Asia,Asia,Fergana province,,,No,No,No,,6.1,Moment Magnitude,40.081,71.41,,2011,7.0,19.0,2011,7.0,19.0,13.0,,86.0,,86.0,,,,,,,69.86926350886503,"[{""adm1_code"":3286,""adm1_name"":""Fergana""}]","[{""gid_1"":""UZB.3_1"",""migration_date"":""2025-12-20"",""migration_method"":""jaccard1"",""name_1"":""Farg'ona""}]",2014-02-19,2025-12-20,2011-07-19,2011-07-19,2011-07-19
2012-0164-AFG,No,nat-geo-ear-gro,Natural,Geophysical,Earthquake,Ground movement,GLIDE:EQ-2012-000099|USGS:usp000jmmc,,AFG,Afghanistan,Southern Asia,Asia,"Burka, Mullah Jan villages (Burka district, Baghlan province) Nahrin, Guzargah-e-Nur, Khost Wa Fereng, Khwajahejran districts (Baghlan province)",,"Slide (land, mud, snow, rock)",No,No,No,,5.7,Moment Magnitude,36.023,69.351,,2012,6.0,11.0,2012,6.0,11.0,75.0,13.0,2965.0,570.0,3548.0,,,,,,,71.31508773357608,"[{""adm2_code"":3468,""adm2_name"":""Burka""},{""adm2_code"":99984,""adm2_name"":""Nahrin""},{""adm2_code"":99985,""adm2_name"":""Khwajahejran""},{""adm2_code"":99987,""adm2_name"":""Guzargah-e- Nur""},{""adm2_code"":100020,""adm2_name"":""Khost Wa Fereng""}]","[{""gid_2"":""AFG.3.10_1"",""migration_date"":""2025-12-20"",""migration_method"":""bufhaus2"",""name_2"":""Nahrin""},{""gid_2"":""AFG.3.10_1"",""migration_date"":""2025-12-20"",""migration_method"":""bufhaus2"",""name_2"":""Nahrin""},{""gid_2"":""AFG.3.4_1"",""migration_date"":""2025-12-20"",""migration_method"":""jaccard2"",""name_2"":""Burka""},{""gid_2"":""AFG.3.9_1"",""migration_date"":""2025-12-20"",""migration_method"":""bufhaus2"",""name_2"":""Khost Wa Firing""},{""gid_2"":""AFG.3.9_1"",""migration_date"":""2025-12-20"",""migration_method"":""jaccard2"",""name_2"":""Khost Wa Firing""}]",2014-02-28,2025-12-20,2012-06-11,2012-06-11,2012-06-11
2012-0545-AZE,No,nat-geo-ear-gro,Natural,Geophysical,Earthquake,Ground movement,GLIDE:EQ-2012-000085|USGS:usp000jkjw,,AZE,Azerbaijan,Western Asia,Asia,"Zagatala, Gakh districts (Shaki-Zaqatala province)",,,No,No,No,,5.1,Moment Magnitude,41.439,46.789,,2012,5.0,18.0,2012,5.0,18.0,,,,6949.0,6949.0,,,,,,,71.31508773357608,"[{""adm2_code"":515,""adm2_name"":""Gakh""},{""adm2_code"":558,""adm2_name"":""Zagatala""}]","[{""gid_2"":""AZE.9.4_1"",""migration_date"":""2025-12-20"",""migration_method"":""jaccard2"",""name_2"":""Qax""},{""gid_2"":""AZE.9.7_1"",""migration_date"":""2025-12-20"",""migration_method"":""jaccard2"",""name_2"":""Zaqatala""}]",2013-02-01,2025-12-20,2012-05-18,2012-05-18,2012-05-18
2012-0191-AZE,No,nat-geo-ear-gro,Natural,Geophysical,Earthquake,Ground movement,GLIDE:EQ-2012-000085|USGS:usp000jk44,,AZE,Azerbaijan,Western Asia,Asia,"Balaken, Gakh, Zagatala districts (Shaki-Zaqatala province)",,,No,No,No,,5.6,Moment Magnitude,41.549,46.789,,2012,5.0,7.0,2012,5.0,7.0,,50.0,15500.0,,15550.0,,,,,,,71.31508773357608,"[{""adm2_code"":499,""adm2_name"":""Balaken""},{""adm2_code"":515,""adm2_name"":""Gakh""},{""adm2_code"":558,""adm2_name"":""Zagatala""}]","[{""gid_2"":""AZE.9.1_1"",""migration_date"":""2025-12-20"",""migration_method"":""jaccard2"",""name_2"":""Balakən""},{""gid_2"":""AZE.9.4_1"",""migration_date"":""2025-12-20"",""migration_method"":""jaccard2"",""name_2"":""Qax""},{""gid_2"":""AZE.9.7_1"",""migration_date"":""2025-12-20"",""migration_method"":""jaccard2"",""name_2"":""Zaqatala""}]",2013-02-01,2025-12-20,2012-05-07,2012-05-07,2012-05-07
2012-0152-BGR,No,nat-geo-ear-gro,Natural,Geophysical,Earthquake,Ground movement,GLIDE:EQ-2012-000086|USGS:usp000jkrw,,BGR,Bulgaria,Eastern Europe,Europe,"Pernik town (Pernik Province), Sofia town (Sofia-city Province)",,,No,No,No,,5.6,Moment Magnitude,42.645,22.968,,2012,5.0,22.0,2012,5.0,22.0,,70.0,140.0,,210.0,,,,,,,71.31508773357608,"[{""adm1_code"":713,""adm1_name"":""Pernik""},{""adm1_code"":723,""adm1_name"":""Sofia-city""}]","[{""gid_1"":""BGR.12_1"",""migration_date"":""2025-12-20"",""migration_method"":""jaccard1"",""name_1"":""Pernik""},{""gid_1"":""BGR.5_1"",""migration_date"":""2025-12-20"",""migration_method"":""jaccard1"",""name_1"":""Grad Sofiya""}]",2012-07-23,2025-12-20,2012-05-22,2012-05-22,2012-05-22
2012-0126-CHL,No,nat-geo-ear-gro,Natural,Geophysical,Earthquake,Ground movement,USGS:usp000jgsw,,CHL,Chile,Latin America and the Caribbean,Americas,"Parral town (Linares district, Maule province), Santiago district (Metropolitana province), Biobio district (Biobio province)",,,No,No,No,,7.1,Moment Magnitude,-35.2,-72.217,,2012,3.0,25.0,2012,3.0,25.0,1.0,14.0,24283.0,,24297.0,,,,,100000.0,140223.0,71.31508773357608,"[{""adm2_code"":12945,""adm2_name"":""Biobio""},{""adm2_code"":12965,""adm2_name"":""Linares""},{""adm2_code"":12971,""adm2_name"":""Santiago""}]","[{""gid_2"":""CHL.12.3_1"",""migration_date"":""2025-12-20"",""migration_method"":""jaccard2"",""name_2"":""Linares""},{""gid_2"":""CHL.14.5_1"",""migration_date"":""2025-12-20"",""migration_method"":""jaccard2"",""name_2"":""Santiago""},{""gid_2"":""CHL.6.2_1"",""migration_date"":""2025-12-20"",""migration_method"":""jaccard2"",""name_2"":""Bío-Bío""}]",2014-03-27,2025-12-20,2012-03-25,2012-03-25,2012-03-25
2012-0350-CHN,No,nat-geo-ear-gro,Natural,Geophysical,Earthquake,Ground movement,GLIDE:EQ-2012-000162|USGS:usp000jrwu,,CHN,China,Eastern Asia,Asia,"Yiliang area (Zhaotong district, Yunnan Sheng province), Weining area (Bijie district, Guizhou Sheng province)",,,No,No,No,,5.5,Moment Magnitude,27.575,103.983,,2012,9.0,7.0,2012,9.0,7.0,81.0,821.0,744000.0,,744821.0,,,45000.0,63100.0,1000000.0,1402228.0,71.31508773357608,"[{""adm2_code"":13068,""adm2_name"":""Bijie""},{""adm2_code"":13306,""adm2_name"":""Zhaotong""}]","[{""gid_2"":""CHN.30.16_1"",""migration_date"":""2025-12-20"",""migration_method"":""jaccard2"",""name_2"":""Zhaotong""},{""gid_2"":""CHN.8.2_1"",""migration_date"":""2025-12-20"",""migration_method"":""jaccard2"",""name_2"":""Bijie""}]",2014-03-12,2025-12-20,2012-09-07,2012-09-07,2012-09-07
2012-0338-CHN,No,nat-geo-ear-gro,Natural,Geophysical,Earthquake,Ground movement,GLIDE:EQ-2012-000112|USGS:usp000jncx,,CHN,China,Eastern Asia,Asia,Xinjiang Uygur Zizhiqu province,,,No,No,No,,6.3,Moment Magnitude,43.433,84.7,,2012,6.0,29.0,2012,6.0,29.0,,52.0,155000.0,,155052.0,,,,,68000.0,95351.0,71.31508773357608,"[{""adm1_code"":927,""adm1_name"":""Xinjiang Uygur Zizhiqu""}]","[{""gid_1"":""CHN.28_1"",""migration_date"":""2025-12-20"",""migration_method"":""jaccard1"",""name_1"":""Xinjiang Uygur""}]",2013-02-05,2025-12-20,2012-06-29,2012-06-29,2012-06-29
2012-0397-CHN,No,nat-geo-ear-gro,Natural,Geophysical,Earthquake,Ground movement,USGS:usp000jp7n,,CHN,China,Eastern Asia,Asia,Yangzhou district (Jiangsu Sheng province),,,No,No,No,,4.9,Moment Magnitude,32.978,119.593,,2012,7.0,20.0,2012,7.0,20.0,1.0,2.0,2530.0,78.0,2610.0,,,,,,,71.31508773357608,"[{""adm2_code"":13153,""adm2_name"":""Yangzhou""}]","[{""gid_2"":""CHN.15.12_1"",""migration_date"":""2025-12-20"",""migration_method"":""jaccard2"",""name_2"":""Yangzhou""}]",2012-10-23,2025-12-20,2012-07-20,2012-07-20,2012-07-20
2012-0536-CHN,No,nat-geo-ear-gro,Natural,Geophysical,Earthquake,Ground movement,USGS:usp000jwm5,,CHN,China,Eastern Asia,Asia,Xinjiang Uygur Zizhiqu province,,,No,No,No,,5.3,Moment Magnitude,38.745,88.098,,2012,12.0,7.0,2012,12.0,7.0,,,5500.0,,5500.0,,,,,96000.0,134614.0,71.31508773357608,"[{""adm1_code"":927,""adm1_name"":""Xinjiang Uygur Zizhiqu""}]","[{""gid_1"":""CHN.28_1"",""migration_date"":""2025-12-20"",""migration_method"":""jaccard1"",""name_1"":""Xinjiang Uygur""}]",2013-01-30,2025-12-20,2012-12-07,2012-12-07,2012-12-07
2012-0604-CHN,No,nat-geo-ear-gro,Natural,Geophysical,Earthquake,Ground movement,USGS:usp000jfyz,,CHN,China,Eastern Asia,Asia,Xinjiang Uygur Zizhiqu province,,,No,No,No,,5.9,Moment Magnitude,39.383,81.307,,2012,3.0,9.0,2012,3.0,9.0,,36641.0,,,36641.0,,,,,84000.0,117787.0,71.31508773357608,"[{""adm1_code"":927,""adm1_name"":""Xinjiang Uygur Zizhiqu""}]","[{""gid_1"":""CHN.28_1"",""migration_date"":""2025-12-20"",""migration_method"":""jaccard1"",""name_1"":""Xinjiang Uygur""}]",2013-03-28,2025-12-20,2012-03-09,2012-03-09,2012-03-09
2012-0190-CHN,No,nat-geo-ear-gro,Natural,Geophysical,Earthquake,Ground movement,GLIDE:EQ-2012-000103|USGS:usp000jn65,,CHN,China,Eastern Asia,Asia,"Ninglang Yi Zizhixian area (Liangshan Yi district, Sichuan Sheng province), Yanyuan Xian area (Lijiang district, Yunnan Sheng province)",,,No,No,No,,5.5,Moment Magnitude,27.767,100.781,,2012,6.0,24.0,2012,6.0,24.0,4.0,394.0,33840.0,,34234.0,,,,,300000.0,420668.0,71.31508773357608,"[{""adm2_code"":13272,""adm2_name"":""Liangshan Yi""},{""adm2_code"":13315,""adm2_name"":""Lijiang""}]","[{""gid_2"":""CHN.26.9_1"",""migration_date"":""2025-12-20"",""migration_method"":""jaccard2"",""name_2"":""Liangshan Yi""},{""gid_2"":""CHN.30.8_1"",""migration_date"":""2025-12-20"",""migration_method"":""jaccard2"",""name_2"":""Lijiang""}]",2013-03-28,2025-12-20,2012-06-24,2012-06-24,2012-06-24
2012-0343-CRI,No,nat-geo-ear-gro,Natural,Geophysical,Earthquake,Ground movement,GLIDE:EQ-2012-000160|USGS:usp000jrsw,,CRI,Costa Rica,Latin America and the Caribbean,Americas,"Abangares, Carillo, Hojancgan, Liberia, Nicoya, Nandayure, Santacruz districts (Guanacaste province), Alajuela, Alafaro Ruiz, Atenas, Grecia, Naranjo, Poas, San Carlos, San Ramon, Valverde Vega, Upala districts (Alajuela province), Acosta, Puriscal, San Jose districts (San Jose province), Limon districts (Limon province), Barva, Sarapiqui districts (Heredia province), Aguirre, Garabito, Puntaneras districts (Puntarenas province)",,,No,No,No,,7.6,Moment Magnitude,10.085,-85.315,,2012,9.0,5.0,2012,9.0,5.0,2.0,225.0,537.0,,762.0,,,32000.0,44871.0,45000.0,63100.0,71.31508773357608,"[{""adm2_code"":14470,""adm2_name"":""Alajuela""},{""adm2_code"":14471,""adm2_name"":""Alfaro Ruiz""},{""adm2_code"":14472,""adm2_name"":""Atenas""},{""adm2_code"":14473,""adm2_name"":""Grecia""},{""adm2_code"":14476,""adm2_name"":""Naranjo""},{""adm2_code"":14479,""adm2_name"":""Poas""},{""adm2_code"":14480,""adm2_name"":""San Carlos""},{""adm2_code"":14482,""adm2_name"":""San Ramon""},{""adm2_code"":14483,""adm2_name"":""Upala""},{""adm2_code"":14484,""adm2_name"":""Valverde Vega""},{""adm2_code"":14493,""adm2_name"":""Abangares""},{""adm2_code"":14496,""adm2_name"":""Carrillo""},{""adm2_code"":14497,""adm2_name"":""Hojancha""},{""adm2_code"":14499,""adm2_name"":""Liberia""},{""adm2_code"":14500,""adm2_name"":""Nandayure""},{""adm2_code"":14501,""adm2_name"":""Nicoya""},{""adm2_code"":14502,""adm2_name"":""Santa Cruz""},{""adm2_code"":14515,""adm2_name"":""Limon""},{""adm2_code"":14520,""adm2_name"":""Aguirre""},{""adm2_code"":14525,""adm2_name"":""Garabito""},{""adm2_code"":14530,""adm2_name"":""Puntarenas""},{""adm2_code"":14531,""adm2_name"":""Acosta""},{""adm2_code"":14544,""adm2_name"":""Puriscal""},{""adm2_code"":14545,""adm2_name"":""San Jose""}]","[{""gid_2"":""CRI.1.10_1"",""migration_date"":""2025-12-20"",""migration_method"":""bufhaus2"",""name_2"":""Poás""},{""gid_2"":""CRI.1.11_1"",""migration_date"":""2025-12-20"",""migration_method"":""jaccard2"",""name_2"":""San Carlos""},{""gid_2"":""CRI.1.13_1"",""migration_date"":""2025-12-20"",""migration_method"":""jaccard2"",""name_2"":""San Ramón""},{""gid_2"":""CRI.1.14_1"",""migration_date"":""2025-12-20"",""migration_method"":""jaccard2"",""name_2"":""Upala""},{""gid_2"":""CRI.1.15_1"",""migration_date"":""2025-12-20"",""migration_method"":""jaccard2"",""name_2"":""Sarchí""},{""gid_2"":""CRI.1.16_1"",""migration_date"":""2025-12-20"",""migration_method"":""jaccard2"",""name_2"":""Zarcero""},{""gid_2"":""CRI.1.17_1"",""migration_date"":""2025-12-20"",""migration_method"":""puzzle2_2"",""name_2"":""Río Cuarto""},{""gid_2"":""CRI.1.1_1"",""migration_date"":""2025-12-20"",""migration_method"":""jaccard2"",""name_2"":""Alajuela""},{""gid_2"":""CRI.1.3_1"",""migration_date"":""2025-12-20"",""migration_method"":""jaccard2"",""name_2"":""Atenas""},{""gid_2"":""CRI.1.4_1"",""migration_date"":""2025-12-20"",""migration_method"":""puzzle2_2"",""name_2"":""Grecia""},{""gid_2"":""CRI.1.7_1"",""migration_date"":""2025-12-20"",""migration_method"":""jaccard2"",""name_2"":""Naranjo""},{""gid_2"":""CRI.3.10_1"",""migration_date"":""2025-12-20"",""migration_method"":""jaccard2"",""name_2"":""Santa Cruz""},{""gid_2"":""CRI.3.1_1"",""migration_date"":""2025-12-20"",""migration_method"":""jaccard2"",""name_2"":""Abangares""},{""gid_2"":""CRI.3.4_1"",""migration_date"":""2025-12-20"",""migration_method"":""jaccard2"",""name_2"":""Carrillo""},{""gid_2"":""CRI.3.5_1"",""migration_date"":""2025-12-20"",""migration_method"":""bufhaus2"",""name_2"":""Hojancha""},{""gid_2"":""CRI.3.7_1"",""migration_date"":""2025-12-20"",""migration_method"":""jaccard2"",""name_2"":""Liberia""},{""gid_2"":""CRI.3.8_1"",""migration_date"":""2025-12-20"",""migration_method"":""jaccard2"",""name_2"":""Nandayure""},{""gid_2"":""CRI.3.9_1"",""migration_date"":""2025-12-20"",""migration_method"":""jaccard2"",""name_2"":""Nicoya""},{""gid_2"":""CRI.5.2_1"",""migration_date"":""2025-12-20"",""migration_method"":""jaccard2"",""name_2"":""Limón""},{""gid_2"":""CRI.6.11_1"",""migration_date"":""2025-12-20"",""migration_method"":""jaccard2"",""name_2"":""Puntarenas""},{""gid_2"":""CRI.6.12_1"",""migration_date"":""2025-12-20"",""migration_method"":""jaccard2"",""name_2"":""Quepos""},{""gid_2"":""CRI.6.6_1"",""migration_date"":""2025-12-20"",""migration_method"":""jaccard2"",""name_2"":""Garabito""},{""gid_2"":""CRI.7.14_1"",""migration_date"":""2025-12-20"",""migration_method"":""jaccard2"",""name_2"":""Puriscal""},{""gid_2"":""CRI.7.15_1"",""migration_date"":""2025-12-20"",""migration_method"":""bufhaus2"",""name_2"":""San José""},{""gid_2"":""CRI.7.1_1"",""migration_date"":""2025-12-20"",""migration_method"":""jaccard2"",""name_2"":""Acosta""}]",2014-03-25,2025-12-20,2012-09-05,2012-09-05,2012-09-05
2012-0407-GTM,No,nat-geo-ear-gro,Natural,Geophysical,Earthquake,Ground movement,GLIDE:EQ-2012-000188|USGS:usp000jv5f,,GTM,Guatemala,Latin America and the Caribbean,Americas,"San Marcos, Quetzaltenango, Solola, Retalhuleu, Quiché, Totonicapan, Huehuetenango, Suchitepequez, Chimaltenango, Sacatepequez, Guatemala provinces",,,Yes,No,Yes,,7.4,Moment Magnitude,13.988,-91.895,,2012,11.0,7.0,2012,11.0,7.0,44.0,178.0,1321564.0,,1321742.0,,,,,210000.0,294468.0,71.31508773357608,"[{""adm1_code"":64821,""adm1_name"":""Guatemala""},{""adm1_code"":64823,""adm1_name"":""Sacatepéquez""},{""adm1_code"":64824,""adm1_name"":""Chimaltenango""},{""adm1_code"":64827,""adm1_name"":""Sololá""},{""adm1_code"":64828,""adm1_name"":""Totonicapán""},{""adm1_code"":64829,""adm1_name"":""Quetzaltenango""},{""adm1_code"":64830,""adm1_name"":""Suchitepéquez""},{""adm1_code"":64831,""adm1_name"":""Retalhuleu""},{""adm1_code"":64832,""adm1_name"":""San Marcos""},{""adm1_code"":64833,""adm1_name"":""Huehuetenango""},{""adm1_code"":64834,""adm1_name"":""Quiché""}]","[{""gid_1"":""GTM.13_1"",""migration_date"":""2025-12-20"",""migration_method"":""jaccard1"",""name_1"":""Quezaltenango""},{""gid_1"":""GTM.14_1"",""migration_date"":""2025-12-20"",""migration_method"":""jaccard1"",""name_1"":""Quiché""},{""gid_1"":""GTM.15_1"",""migration_date"":""2025-12-20"",""migration_method"":""jaccard1"",""name_1"":""Retalhuleu""},{""gid_1"":""GTM.16_1"",""migration_date"":""2025-12-20"",""migration_method"":""jaccard1"",""name_1"":""Sacatepéquez""},{""gid_1"":""GTM.17_1"",""migration_date"":""2025-12-20"",""migration_method"":""jaccard1"",""name_1"":""San Marcos""},{""gid_1"":""GTM.19_1"",""migration_date"":""2025-12-20"",""migration_method"":""jaccard1"",""name_1"":""Sololá""},{""gid_1"":""GTM.20_1"",""migration_date"":""2025-12-20"",""migration_method"":""jaccard1"",""name_1"":""Suchitepéquez""},{""gid_1"":""GTM.21_1"",""migration_date"":""2025-12-20"",""migration_method"":""jaccard1"",""name_1"":""Totonicapán""},{""gid_1"":""GTM.3_1"",""migration_date"":""2025-12-20"",""migration_method"":""jaccard1"",""name_1"":""Chimaltenango""},{""gid_1"":""GTM.7_1"",""migration_date"":""2025-12-20"",""migration_method"":""jaccard1"",""name_1"":""Guatemala""},{""gid_1"":""GTM.8_1"",""migration_date"":""2025-12-20"",""migration_method"":""jaccard1"",""name_1"":""Huehuetenango""}]",2014-07-29,2025-12-20,2012-11-07,2012-11-07,2012-11-07
2012-0398-IDN,No,nat-geo-ear-gro,Natural,Geophysical,Earthquake,Ground movement,GLIDE:EQ-2012-000144|USGS:usp000jqf3,,IDN,Indonesia,South-eastern Asia,Asia,"Lindu village (Sigi area, Donggala district, Sulawesi Tengah province)",,,No,No,No,,6.3,Moment Magnitude,-1.315,120.096,,2012,8.0,18.0,2012,8.0,18.0,6.0,43.0,5485.0,2355.0,7883.0,,,,,,,71.31508773357608,"[{""adm2_code"":73671,""adm2_name"":""Donggala""}]","[{""gid_2"":""IDN.27.4_1"",""migration_date"":""2025-12-20"",""migration_method"":""puzzle2_2"",""name_2"":""Donggala""},{""gid_2"":""IDN.27.9_1"",""migration_date"":""2025-12-20"",""migration_method"":""puzzle2_2"",""name_2"":""Sigi""}]",2014-02-26,2025-12-20,2012-08-18,2012-08-18,2012-08-18
2012-0097-IDN,No,nat-geo-ear-gro,Natural,Geophysical,Earthquake,Ground movement,GLIDE:TS-2012-000053|USGS:official20120411083836720_20,,IDN,Indonesia,South-eastern Asia,Asia,Simeulue district (Nangroe Aceh Darussalam province),,,No,No,No,,8.6,Moment Magnitude,2.327,93.063,,2012,4.0,11.0,2012,4.0,11.0,7.0,107.0,,,107.0,,,,,,,71.31508773357608,"[{""adm2_code"":73850,""adm2_name"":""Simeulue""}]","[{""gid_2"":""IDN.1.22_1"",""migration_date"":""2025-12-20"",""migration_method"":""jaccard2"",""name_2"":""Simeulue""}]",2014-01-15,2026-01-25,2012-04-11,2012-04-11,2012-04-11
2012-0502-IRN,No,nat-geo-ear-gro,Natural,Geophysical,Earthquake,Ground movement,USGS:usp000jwga,,IRN,Iran (Islamic Republic of),Southern Asia,Asia,"Zohan, Ghayen villages (Gaenat district, Khorasan province), Zirkooh, Hoserobat (Birjand district, Khorasan province)",,,No,No,No,,5.8,Moment Magnitude,33.506,59.571,,2012,12.0,5.0,2012,12.0,5.0,6.0,23.0,5500.0,,5523.0,,,,,,,71.31508773357608,"[{""adm2_code"":40909,""adm2_name"":""Birjand""},{""adm2_code"":40959,""adm2_name"":""Gaenat""}]","[{""gid_2"":""IRN.27.1_1"",""migration_date"":""2025-12-20"",""migration_method"":""jaccard2"",""name_2"":""Birjand""},{""gid_2"":""IRN.27.3_1"",""migration_date"":""2025-12-20"",""migration_method"":""jaccard2"",""name_2"":""Sarbisheh""}]",2013-01-03,2025-12-20,2012-12-05,2012-12-05,2012-12-05
2012-0275-IRN,No,nat-geo-ear-gro,Natural,Geophysical,Earthquake,Ground movement,GLIDE:EQ-2012-000136|USGS:usp000jq5p,,IRN,Iran (Islamic Republic of),Southern Asia,Asia,"Varzeghan village (Ahar district, East Azarbayejan province), Heris, Tabriz districts (East Azarbayejan province)",,,No,No,No,28540.0,6.4,Moment Magnitude,38.329,46.826,,2012,8.0,11.0,2012,8.0,11.0,306.0,2006.0,59540.0,,61546.0,,,,,500000.0,701114.0,71.31508773357608,"[{""adm2_code"":40867,""adm2_name"":""Ahar""},{""adm2_code"":40973,""adm2_name"":""Heris""},{""adm2_code"":41121,""adm2_name"":""Tabriz""}]",,2013-03-08,2023-09-25,2012-08-11,2012-08-11,2012-08-11
2012-0597-IRN,No,nat-geo-ear-gro,Natural,Geophysical,Earthquake,Ground movement,USGS:usp000jdqd,,IRN,Iran (Islamic Republic of),Southern Asia,Asia,Nishabur district (Khorasan province),,,No,No,No,,5.1,Moment Magnitude,36.288,58.835,,2012,1.0,19.0,2012,1.0,19.0,,238.0,,,238.0,,,,,,,71.31508773357608,"[{""adm2_code"":41053,""adm2_name"":""Nishabur""}]",,2013-03-28,2023-09-25,2012-01-19,2012-01-19,2012-01-19
2012-0142-ITA,No,nat-geo-ear-gro,Natural,Geophysical,Earthquake,Ground movement,GLIDE:EQ-2012-000080|USGS:usp000jkn8,,ITA,Italy,Southern Europe,Europe,"Finale Emilia, Mirandola towns (Modena Province, Emilia-romagna Region), Sant'Agostino area (Ferrara province, Emilia-romagna Region)",,,No,No,No,,6.0,Moment Magnitude,44.89,11.23,,2012,5.0,20.0,2012,5.0,20.0,7.0,50.0,11000.0,,11050.0,,,1300000.0,1822896.0,15800000.0,22155200.0,71.31508773357608,"[{""adm2_code"":18335,""adm2_name"":""Ferrara""},{""adm2_code"":18337,""adm2_name"":""Modena""}]","[{""gid_2"":""ITA.6.2_1"",""migration_date"":""2025-12-20"",""migration_method"":""jaccard2"",""name_2"":""Ferrara""},{""gid_2"":""ITA.6.4_1"",""migration_date"":""2025-12-20"",""migration_method"":""jaccard2"",""name_2"":""Modena""}]",2012-07-06,2025-12-20,2012-05-20,2012-05-20,2012-05-20
2012-0162-ITA,No,nat-geo-ear-gro,Natural,Geophysical,Earthquake,Ground movement,GLIDE:EQ-2012-000090|USGS:usp000jm2n,,ITA,Italy,Southern Europe,Europe,Modena Province (Emilia-romagna Region),,,No,No,No,,5.8,Moment Magnitude,44.851,11.086,,2012,5.0,29.0,2012,5.0,29.0,17.0,350.0,,14000.0,14350.0,,,1300000.0,1822896.0,,,71.31508773357608,"[{""adm2_code"":18337,""adm2_name"":""Modena""}]","[{""gid_2"":""ITA.6.4_1"",""migration_date"":""2025-12-20"",""migration_method"":""jaccard2"",""name_2"":""Modena""}]",2012-07-06,2025-12-20,2012-05-29,2012-05-29,2012-05-29
2012-0124-MEX,No,nat-geo-ear-gro,Natural,Geophysical,Earthquake,Ground movement,USGS:usp000jghj,,MEX,Mexico,Latin America and the Caribbean,Americas,"Guerrero, Oaxaca, Mexico provinces",,,No,No,No,,7.4,Moment Magnitude,16.493,-98.231,,2012,3.0,20.0,2012,3.0,20.0,2.0,11.0,45000.0,4000.0,49011.0,,,160000.0,224356.0,320000.0,448713.0,71.31508773357608,"[{""adm1_code"":2039,""adm1_name"":""Guerrero""},{""adm1_code"":2042,""adm1_name"":""Mexico""},{""adm1_code"":2047,""adm1_name"":""Oaxaca""}]","[{""gid_1"":""MEX.12_1"",""migration_date"":""2025-12-20"",""migration_method"":""jaccard1"",""name_1"":""Guerrero""},{""gid_1"":""MEX.15_1"",""migration_date"":""2025-12-20"",""migration_method"":""jaccard1"",""name_1"":""México""},{""gid_1"":""MEX.20_1"",""migration_date"":""2025-12-20"",""migration_method"":""jaccard1"",""name_1"":""Oaxaca""}]",2014-04-03,2025-12-20,2012-03-20,2012-03-20,2012-03-20
2012-0417-MMR,No,nat-geo-ear-gro,Natural,Geophysical,Earthquake,Ground movement,GLIDE:EQ-2012-000190|USGS:usp000jvbq,,MMR,Myanmar,South-eastern Asia,Asia,"Chaung-U area (Monywa district, Sagaing province), Kyaukmyaung village (Shwebo district, Sagaing province), Myaung area (Sagaing district, Sagaing province), Mogok, Singu, Thabeikkyin areas (Pyin-Oo-Lwin district, Mandalay province), Kyaukse district (Mandalay province)",,"Slide (land, mud, snow, rock)",No,No,No,,6.8,Moment Magnitude,23.005,95.885,,2012,11.0,11.0,2012,11.0,11.0,38.0,231.0,1255.0,,1486.0,,,,,1170.0,1641.0,71.31508773357608,"[{""adm2_code"":41801,""adm2_name"":""Kyaukse""},{""adm2_code"":41806,""adm2_name"":""Pyin-Oo-Lwin""},{""adm2_code"":41819,""adm2_name"":""Monywa""},{""adm2_code"":41820,""adm2_name"":""Sagaing""},{""adm2_code"":41821,""adm2_name"":""Shwebo""}]","[{""gid_2"":""MMR.12.5_1"",""migration_date"":""2025-12-20"",""migration_method"":""jaccard2"",""name_2"":""Monywa""},{""gid_2"":""MMR.12.6_1"",""migration_date"":""2025-12-20"",""migration_method"":""bufhaus2"",""name_2"":""Sagaing""},{""gid_2"":""MMR.12.7_1"",""migration_date"":""2025-12-20"",""migration_method"":""jaccard2"",""name_2"":""Shwebo""},{""gid_2"":""MMR.8.1_1"",""migration_date"":""2025-12-20"",""migration_method"":""jaccard2"",""name_2"":""Kyaukse""},{""gid_2"":""MMR.8.2_1"",""migration_date"":""2025-12-20"",""migration_method"":""puzzle2_2"",""name_2"":""Mandalay""},{""gid_2"":""MMR.8.5_1"",""migration_date"":""2025-12-20"",""migration_method"":""puzzle2_2"",""name_2"":""Pyin-Oo-Lwin""}]",2014-03-27,2025-12-20,2012-11-11,2012-11-11,2012-11-11
2012-0020-PER,No,nat-geo-ear-gro,Natural,Geophysical,Earthquake,Ground movement,USGS:usp000je5n,,PER,Peru,Latin America and the Caribbean,Americas,"Ica, Chincha, Pisco districts (Ica province), Canete district (Lima province)",,,No,No,No,,6.4,Moment Magnitude,-14.168,-75.635,,2012,1.0,30.0,2012,1.0,30.0,,145.0,2905.0,1385.0,4435.0,,,,,,,71.31508773357608,"[{""adm2_code"":24103,""adm2_name"":""Chincha""},{""adm2_code"":24104,""adm2_name"":""Ica""},{""adm2_code"":24107,""adm2_name"":""Pisco""},{""adm2_code"":24134,""adm2_name"":""Cañete""}]","[{""gid_2"":""PER.11.1_1"",""migration_date"":""2025-12-20"",""migration_method"":""jaccard2"",""name_2"":""Chincha""},{""gid_2"":""PER.11.2_1"",""migration_date"":""2025-12-20"",""migration_method"":""jaccard2"",""name_2"":""Ica""},{""gid_2"":""PER.11.5_1"",""migration_date"":""2025-12-20"",""migration_method"":""jaccard2"",""name_2"":""Pisco""},{""gid_2"":""PER.16.3_1"",""migration_date"":""2025-12-20"",""migration_method"":""jaccard2"",""name_2"":""Cañete""}]",2013-02-01,2025-12-20,2012-01-30,2012-01-30,2012-01-30
2012-0031-PHL,No,nat-geo-ear-gro,Natural,Geophysical,Earthquake,Ground movement,GLIDE:EQ-2012-000018|USGS:usp000jejw,,PHL,Philippines,South-eastern Asia,Asia,"Tayasan area (Negros Oriental district, Region VII (Central Visayas) province)",,"Slide (land, mud, snow, rock)",No,No,No,220.0,6.7,Moment Magnitude,9.999,123.206,,2012,2.0,6.0,2012,2.0,6.0,113.0,112.0,320165.0,,320277.0,,,,,8900.0,12480.0,71.31508773357608,"[{""adm2_code"":24254,""adm2_name"":""Negros Oriental""}]","[{""gid_2"":""PHL.52.10_1"",""migration_date"":""2025-12-20"",""migration_method"":""puzzle2_2"",""name_2"":""Dumaguete City""},{""gid_2"":""PHL.52.11_1"",""migration_date"":""2025-12-20"",""migration_method"":""puzzle2_2"",""name_2"":""Guihulngan City""},{""gid_2"":""PHL.52.12_1"",""migration_date"":""2025-12-20"",""migration_method"":""puzzle2_2"",""name_2"":""Jimalalud""},{""gid_2"":""PHL.52.13_1"",""migration_date"":""2025-12-20"",""migration_method"":""puzzle2_2"",""name_2"":""La Libertad""},{""gid_2"":""PHL.52.14_1"",""migration_date"":""2025-12-20"",""migration_method"":""puzzle2_2"",""name_2"":""Mabinay""},{""gid_2"":""PHL.52.15_1"",""migration_date"":""2025-12-20"",""migration_method"":""puzzle2_2"",""name_2"":""Manjuyod""},{""gid_2"":""PHL.52.16_1"",""migration_date"":""2025-12-20"",""migration_method"":""puzzle2_2"",""name_2"":""Pamplona""},{""gid_2"":""PHL.52.17_1"",""migration_date"":""2025-12-20"",""migration_method"":""puzzle2_2"",""name_2"":""San Jose""},{""gid_2"":""PHL.52.18_1"",""migration_date"":""2025-12-20"",""migration_method"":""puzzle2_2"",""name_2"":""Santa Catalina""},{""gid_2"":""PHL.52.19_1"",""migration_date"":""2025-12-20"",""migration_method"":""puzzle2_2"",""name_2"":""Siaton""},{""gid_2"":""PHL.52.1_1"",""migration_date"":""2025-12-20"",""migration_method"":""puzzle2_2"",""name_2"":""Amlan""},{""gid_2"":""PHL.52.20_1"",""migration_date"":""2025-12-20"",""migration_method"":""puzzle2_2"",""name_2"":""Sibulan""},{""gid_2"":""PHL.52.21_1"",""migration_date"":""2025-12-20"",""migration_method"":""puzzle2_2"",""name_2"":""Tanjay City""},{""gid_2"":""PHL.52.22_1"",""migration_date"":""2025-12-20"",""migration_method"":""puzzle2_2"",""name_2"":""Tayasan""},{""gid_2"":""PHL.52.23_1"",""migration_date"":""2025-12-20"",""migration_method"":""puzzle2_2"",""name_2"":""Valencia""},{""gid_2"":""PHL.52.24_1"",""migration_date"":""2025-12-20"",""migration_method"":""puzzle2_2"",""name_2"":""Vallehermoso""},{""gid_2"":""PHL.52.25_1"",""migration_date"":""2025-12-20"",""migration_method"":""puzzle2_2"",""name_2"":""Zamboanguita""},{""gid_2"":""PHL.52.2_1"",""migration_date"":""2025-12-20"",""migration_method"":""puzzle2_2"",""name_2"":""Ayungon""},{""gid_2"":""PHL.52.3_1"",""migration_date"":""2025-12-20"",""migration_method"":""puzzle2_2"",""name_2"":""Bacong""},{""gid_2"":""PHL.52.4_1"",""migration_date"":""2025-12-20"",""migration_method"":""puzzle2_2"",""name_2"":""Bais City""},{""gid_2"":""PHL.52.5_1"",""migration_date"":""2025-12-20"",""migration_method"":""puzzle2_2"",""name_2"":""Basay""},{""gid_2"":""PHL.52.6_1"",""migration_date"":""2025-12-20"",""migration_method"":""puzzle2_2"",""name_2"":""Bayawan City""},{""gid_2"":""PHL.52.7_1"",""migration_date"":""2025-12-20"",""migration_method"":""puzzle2_2"",""name_2"":""Bindoy""},{""gid_2"":""PHL.52.8_1"",""migration_date"":""2025-12-20"",""migration_method"":""puzzle2_2"",""name_2"":""Canlaon City""},{""gid_2"":""PHL.52.9_1"",""migration_date"":""2025-12-20"",""migration_method"":""puzzle2_2"",""name_2"":""Dauin""}]",2012-02-21,2025-12-20,2012-02-06,2012-02-06,2012-02-06
2012-0321-PHL,No,nat-geo-ear-gro,Natural,Geophysical,Earthquake,Ground movement,USGS:usp000jrky,,PHL,Philippines,South-eastern Asia,Asia,"Valencia, Maramag areas (Bukidnon district, Region X (Northern Mindanao) province)",,,No,No,No,,5.7,Moment Magnitude,7.905,125.044,,2012,9.0,4.0,2012,9.0,4.0,,1.0,4000.0,,4001.0,,,,,,,71.31508773357608,"[{""adm2_code"":24262,""adm2_name"":""Bukidnon""}]","[{""gid_2"":""PHL.16.10_1"",""migration_date"":""2025-12-20"",""migration_method"":""puzzle2_2"",""name_2"":""Kitaotao""},{""gid_2"":""PHL.16.11_1"",""migration_date"":""2025-12-20"",""migration_method"":""puzzle2_2"",""name_2"":""Lantapan""},{""gid_2"":""PHL.16.12_1"",""migration_date"":""2025-12-20"",""migration_method"":""puzzle2_2"",""name_2"":""Libona""},{""gid_2"":""PHL.16.13_1"",""migration_date"":""2025-12-20"",""migration_method"":""puzzle2_2"",""name_2"":""Malaybalay City""},{""gid_2"":""PHL.16.14_1"",""migration_date"":""2025-12-20"",""migration_method"":""puzzle2_2"",""name_2"":""Malitbog""},{""gid_2"":""PHL.16.15_1"",""migration_date"":""2025-12-20"",""migration_method"":""puzzle2_2"",""name_2"":""Manolo Fortich""},{""gid_2"":""PHL.16.16_1"",""migration_date"":""2025-12-20"",""migration_method"":""puzzle2_2"",""name_2"":""Maramag""},{""gid_2"":""PHL.16.17_1"",""migration_date"":""2025-12-20"",""migration_method"":""puzzle2_2"",""name_2"":""Pangantucan""},{""gid_2"":""PHL.16.18_1"",""migration_date"":""2025-12-20"",""migration_method"":""puzzle2_2"",""name_2"":""Quezon""},{""gid_2"":""PHL.16.19_1"",""migration_date"":""2025-12-20"",""migration_method"":""puzzle2_2"",""name_2"":""San Fernando""},{""gid_2"":""PHL.16.1_1"",""migration_date"":""2025-12-20"",""migration_method"":""puzzle2_2"",""name_2"":""Baungon""},{""gid_2"":""PHL.16.20_1"",""migration_date"":""2025-12-20"",""migration_method"":""puzzle2_2"",""name_2"":""Sumilao""},{""gid_2"":""PHL.16.21_1"",""migration_date"":""2025-12-20"",""migration_method"":""puzzle2_2"",""name_2"":""Talakag""},{""gid_2"":""PHL.16.22_1"",""migration_date"":""2025-12-20"",""migration_method"":""puzzle2_2"",""name_2"":""Valencia City""},{""gid_2"":""PHL.16.2_1"",""migration_date"":""2025-12-20"",""migration_method"":""puzzle2_2"",""name_2"":""Cabanglasan""},{""gid_2"":""PHL.16.3_1"",""migration_date"":""2025-12-20"",""migration_method"":""puzzle2_2"",""name_2"":""Damulog""},{""gid_2"":""PHL.16.4_1"",""migration_date"":""2025-12-20"",""migration_method"":""puzzle2_2"",""name_2"":""Dangcagan""},{""gid_2"":""PHL.16.5_1"",""migration_date"":""2025-12-20"",""migration_method"":""puzzle2_2"",""name_2"":""Don Carlos""},{""gid_2"":""PHL.16.6_1"",""migration_date"":""2025-12-20"",""migration_method"":""puzzle2_2"",""name_2"":""Impasug-Ong""},{""gid_2"":""PHL.16.8_1"",""migration_date"":""2025-12-20"",""migration_method"":""puzzle2_2"",""name_2"":""Kalilangan""},{""gid_2"":""PHL.16.9_1"",""migration_date"":""2025-12-20"",""migration_method"":""puzzle2_2"",""name_2"":""Kibawe""}]",2012-09-06,2025-12-20,2012-09-04,2012-09-04,2012-09-04
2012-0431-PHL,No,nat-geo-ear-gro,Natural,Geophysical,Earthquake,Ground movement,USGS:usp000jr83,,PHL,Philippines,South-eastern Asia,Asia,"Guian town (Eastern Samar district, Region VIII (Eastern Visayas) province)",,,No,No,No,,7.6,Moment Magnitude,10.811,126.638,,2012,8.0,31.0,2012,8.0,31.0,1.0,10.0,28869.0,,28879.0,,,,,3244.0,4549.0,71.31508773357608,"[{""adm2_code"":24257,""adm2_name"":""Eastern Samar""}]","[{""gid_2"":""PHL.31.10_1"",""migration_date"":""2025-12-20"",""migration_method"":""puzzle2_2"",""name_2"":""Hernani""},{""gid_2"":""PHL.31.11_1"",""migration_date"":""2025-12-20"",""migration_method"":""puzzle2_2"",""name_2"":""Jipapad""},{""gid_2"":""PHL.31.12_1"",""migration_date"":""2025-12-20"",""migration_method"":""puzzle2_2"",""name_2"":""Lawaan""},{""gid_2"":""PHL.31.13_1"",""migration_date"":""2025-12-20"",""migration_method"":""puzzle2_2"",""name_2"":""Llorente""},{""gid_2"":""PHL.31.14_1"",""migration_date"":""2025-12-20"",""migration_method"":""puzzle2_2"",""name_2"":""Maslog""},{""gid_2"":""PHL.31.15_1"",""migration_date"":""2025-12-20"",""migration_method"":""puzzle2_2"",""name_2"":""Maydolong""},{""gid_2"":""PHL.31.16_1"",""migration_date"":""2025-12-20"",""migration_method"":""puzzle2_2"",""name_2"":""Mercedes""},{""gid_2"":""PHL.31.17_1"",""migration_date"":""2025-12-20"",""migration_method"":""puzzle2_2"",""name_2"":""Oras""},{""gid_2"":""PHL.31.18_1"",""migration_date"":""2025-12-20"",""migration_method"":""puzzle2_2"",""name_2"":""Quinapondan""},{""gid_2"":""PHL.31.19_1"",""migration_date"":""2025-12-20"",""migration_method"":""puzzle2_2"",""name_2"":""Salcedo""},{""gid_2"":""PHL.31.1_1"",""migration_date"":""2025-12-20"",""migration_method"":""puzzle2_2"",""name_2"":""Arteche""},{""gid_2"":""PHL.31.20_1"",""migration_date"":""2025-12-20"",""migration_method"":""puzzle2_2"",""name_2"":""San Julian""},{""gid_2"":""PHL.31.21_1"",""migration_date"":""2025-12-20"",""migration_method"":""puzzle2_2"",""name_2"":""San Policarpo""},{""gid_2"":""PHL.31.22_1"",""migration_date"":""2025-12-20"",""migration_method"":""puzzle2_2"",""name_2"":""Sulat""},{""gid_2"":""PHL.31.23_1"",""migration_date"":""2025-12-20"",""migration_method"":""puzzle2_2"",""name_2"":""Taft""},{""gid_2"":""PHL.31.2_1"",""migration_date"":""2025-12-20"",""migration_method"":""puzzle2_2"",""name_2"":""Balangiga""},{""gid_2"":""PHL.31.3_1"",""migration_date"":""2025-12-20"",""migration_method"":""puzzle2_2"",""name_2"":""Balangkayan""},{""gid_2"":""PHL.31.4_1"",""migration_date"":""2025-12-20"",""migration_method"":""puzzle2_2"",""name_2"":""Borongan City""},{""gid_2"":""PHL.31.5_1"",""migration_date"":""2025-12-20"",""migration_method"":""puzzle2_2"",""name_2"":""Can-Avid""},{""gid_2"":""PHL.31.6_1"",""migration_date"":""2025-12-20"",""migration_method"":""puzzle2_2"",""name_2"":""Dolores""},{""gid_2"":""PHL.31.7_1"",""migration_date"":""2025-12-20"",""migration_method"":""puzzle2_2"",""name_2"":""General Macarthur""},{""gid_2"":""PHL.31.8_1"",""migration_date"":""2025-12-20"",""migration_method"":""puzzle2_2"",""name_2"":""Giporlos""},{""gid_2"":""PHL.31.9_1"",""migration_date"":""2025-12-20"",""migration_method"":""puzzle2_2"",""name_2"":""Guiuan""}]",2013-02-06,2025-12-20,2012-08-31,2012-08-31,2012-08-31
2012-0151-TJK,No,nat-geo-ear-gro,Natural,Geophysical,Earthquake,Ground movement,GLIDE:EQ-2012-000082|USGS:usp000jkc4,,TJK,Tajikistan,Central Asia,Asia,"Darbanskiy, Garmskiy, Tavildara districts (Tadzhikistan Territories province)",,,No,No,No,,5.7,Moment Magnitude,38.612,70.354,,2012,5.0,13.0,2012,5.0,13.0,2.0,,2531.0,,2531.0,,,,,,,71.31508773357608,"[{""adm2_code"":37617,""adm2_name"":""Darbanskiy""},{""adm2_code"":37619,""adm2_name"":""Garmskiy""},{""adm2_code"":37627,""adm2_name"":""Tavildara""}]",,2012-07-06,2023-09-25,2012-05-13,2012-05-13,2012-05-13
2013-0151-AFG,No,nat-geo-ear-gro,Natural,Geophysical,Earthquake,Ground movement,GLIDE:EQ-2013-000048|USGS:usb000geu9,,AFG,Afghanistan,Southern Asia,Asia,"Kama, Dehbala, Lalpur, Surkhrod, Kuzkunar, Sherzad, Khogyani, Chaparhar, Dara-e-Nur, Goshta, Durbaba, Muhmand Dara, Behsud, Jalalabad, Batikot, Hesarak, Shinwar, Achin districts (Nangarhar province), Nurgal, Khaskunar, Sarkani, Chawkay (Kunar province)",,,No,No,No,,5.5,Moment Magnitude,34.526,70.22,,2013,4.0,24.0,2013,4.0,24.0,18.0,141.0,3390.0,,3531.0,,,,,,,72.35973747892506,"[{""adm2_code"":3628,""adm2_name"":""Chawkay""},{""adm2_code"":3630,""adm2_name"":""Khaskunar""},{""adm2_code"":3634,""adm2_name"":""Nurgal""},{""adm2_code"":3636,""adm2_name"":""Sarkani""},{""adm2_code"":3654,""adm2_name"":""Achin""},{""adm2_code"":3655,""adm2_name"":""Batikot""},{""adm2_code"":3656,""adm2_name"":""Chaparhar""},{""adm2_code"":3657,""adm2_name"":""Dara-e-Nur""},{""adm2_code"":3658,""adm2_name"":""Dehbala""},{""adm2_code"":3659,""adm2_name"":""Durbaba""},{""adm2_code"":3660,""adm2_name"":""Goshta""},{""adm2_code"":3661,""adm2_name"":""Hesarak""},{""adm2_code"":3663,""adm2_name"":""Kama""},{""adm2_code"":3664,""adm2_name"":""Khogyani""},{""adm2_code"":3665,""adm2_name"":""Kuzkunar""},{""adm2_code"":3666,""adm2_name"":""Lalpur""},{""adm2_code"":3667,""adm2_name"":""Muhmand Dara""},{""adm2_code"":3671,""adm2_name"":""Sherzad""},{""adm2_code"":3672,""adm2_name"":""Shinwar""},{""adm2_code"":3673,""adm2_name"":""Surkhrod""},{""adm2_code"":99913,""adm2_name"":""Jalalabad""},{""adm2_code"":99928,""adm2_name"":""Behsud""}]","[{""gid_1"":""AFG.22_1"",""migration_date"":""2025-12-20"",""migration_method"":""parent2_1"",""name_1"":""Nangarhar""},{""gid_2"":""AFG.18.11_1"",""migration_date"":""2025-12-20"",""migration_method"":""jaccard2"",""name_2"":""Nurgal""},{""gid_2"":""AFG.18.12_1"",""migration_date"":""2025-12-20"",""migration_method"":""bufhaus2"",""name_2"":""Sirkanay""},{""gid_2"":""AFG.18.4_1"",""migration_date"":""2025-12-20"",""migration_method"":""jaccard2"",""name_2"":""Chawkay""},{""gid_2"":""AFG.18.7_1"",""migration_date"":""2025-12-20"",""migration_method"":""jaccard2"",""name_2"":""Khas Kunar""}]",2014-03-20,2025-12-20,2013-04-24,2013-04-24,2013-04-24
2013-0563-CHN,No,nat-geo-ear-gro,Natural,Geophysical,Earthquake,Ground movement,GLIDE:EQ-2013-000044|USGS:usb000g8qd,,CHN,China,Eastern Asia,Asia,Dali Bai district (Yunnan Sheng province),,,No,No,No,,5.1,Moment Magnitude,25.953,99.782,,2013,4.0,17.0,2013,4.0,17.0,,10.0,80545.0,,80555.0,,,,,38000.0,52515.0,72.35973747892506,"[{""adm2_code"":13312,""adm2_name"":""Dali Bai""}]","[{""gid_2"":""CHN.30.3_1"",""migration_date"":""2025-12-20"",""migration_method"":""jaccard2"",""name_2"":""Dali Bai""}]",2014-01-20,2025-12-20,2013-04-17,2013-04-17,2013-04-17
2013-0116-CHN,No,nat-geo-ear-gro,Natural,Geophysical,Earthquake,Ground movement,GLIDE:EQ-2013-000046|USGS:usb000gcdd,,CHN,China,Eastern Asia,Asia,"Lushan area (Ya'an district, Sichuan Sheng province)",,,No,No,No,,6.6,Moment Magnitude,30.308,102.888,,2013,4.0,20.0,2013,4.0,20.0,198.0,14785.0,2184000.0,,2198785.0,,,23000.0,31786.0,6800000.0,9397491.0,72.35973747892506,"[{""adm2_code"":13269,""adm2_name"":""Ya'an""}]","[{""gid_2"":""CHN.26.19_1"",""migration_date"":""2025-12-20"",""migration_method"":""jaccard2"",""name_2"":""Ya'an""}]",2014-03-20,2025-12-20,2013-04-20,2013-04-20,2013-04-20
2013-0081-CHN,No,nat-geo-ear-gro,Natural,Geophysical,Earthquake,Ground movement,USGS:usc000fff5,,CHN,China,Eastern Asia,Asia,"Eryuan Xian, Yangbi Yi Zizhixian, Yunlong Xian areas (Dali Bali district, Yunnan Sheng province)",,,No,No,No,,5.2,Moment Magnitude,25.98,99.812,,2013,3.0,3.0,2013,3.0,3.0,,30.0,417170.0,10540.0,427740.0,,,,,56000.0,77391.0,72.35973747892506,"[{""adm2_code"":13312,""adm2_name"":""Dali Bai""}]","[{""gid_2"":""CHN.30.3_1"",""migration_date"":""2025-12-20"",""migration_method"":""jaccard2"",""name_2"":""Dali Bai""}]",2014-03-12,2025-12-20,2013-03-03,2013-03-03,2013-03-03
2013-0242-CHN,No,nat-geo-ear-gro,Natural,Geophysical,Earthquake,Ground movement,GLIDE:EQ-2013-000080|USGS:usb000ije3,,CHN,China,Eastern Asia,Asia,"Gannan Tibetan, Longnan, Dingxi, Tianshui, Baiyin, Lanzhou districts (Gansu Sheng province)",,"Slide (land, mud, snow, rock)",No,No,No,,5.9,Moment Magnitude,34.512,104.262,,2013,7.0,22.0,2013,7.0,22.0,95.0,887.0,123000.0,,123887.0,,,,,1000000.0,1381984.0,72.35973747892506,"[{""adm2_code"":13014,""adm2_name"":""Lanzhou""},{""adm2_code"":13017,""adm2_name"":""Baiyin""},{""adm2_code"":13018,""adm2_name"":""Tianshui""},{""adm2_code"":13022,""adm2_name"":""Dingxi""},{""adm2_code"":13023,""adm2_name"":""Longnan""},{""adm2_code"":13027,""adm2_name"":""Gannan Tibetan""}]","[{""gid_2"":""CHN.5.12_1"",""migration_date"":""2025-12-20"",""migration_method"":""jaccard2"",""name_2"":""Tianshui""},{""gid_2"":""CHN.5.1_1"",""migration_date"":""2025-12-20"",""migration_method"":""jaccard2"",""name_2"":""Baiyin""},{""gid_2"":""CHN.5.2_1"",""migration_date"":""2025-12-20"",""migration_method"":""jaccard2"",""name_2"":""Dingxi""},{""gid_2"":""CHN.5.3_1"",""migration_date"":""2025-12-20"",""migration_method"":""jaccard2"",""name_2"":""Gannan Tibetan""},{""gid_2"":""CHN.5.7_1"",""migration_date"":""2025-12-20"",""migration_method"":""jaccard2"",""name_2"":""Lanzhou""},{""gid_2"":""CHN.5.9_1"",""migration_date"":""2025-12-20"",""migration_method"":""jaccard2"",""name_2"":""Longnan""}]",2014-04-04,2025-12-20,2013-07-22,2013-07-22,2013-07-22
2013-0581-CHN,No,nat-geo-ear-gro,Natural,Geophysical,Earthquake,Ground movement,USGS:usb000l8qj,,CHN,China,Eastern Asia,Asia,"Keping Xian area (Aksu district, Xinjiang Uygur Zizhiqu province)",,,No,No,No,,5.0,Moment Magnitude,40.253,78.944,,2013,12.0,1.0,2013,12.0,1.0,,,,2000.0,2000.0,,,,,,,72.35973747892506,"[{""adm2_code"":13287,""adm2_name"":""Aksu""}]","[{""gid_2"":""CHN.28.1_1"",""migration_date"":""2025-12-20"",""migration_method"":""jaccard2"",""name_2"":""Aksu""}]",2014-03-21,2025-12-20,2013-12-01,2013-12-01,2013-12-01
2013-0470-CHN,No,nat-geo-ear-gro,Natural,Geophysical,Earthquake,Ground movement,USGS:usb000l4tb,,CHN,China,Eastern Asia,Asia,"Changling area (Songyuan district, Jilin Sheng province)",,,No,No,No,,5.3,Moment Magnitude,44.5993,124.1681,,2013,11.0,22.0,2013,11.0,23.0,,,58300.0,,58300.0,,,,,,,72.35973747892506,"[{""adm2_code"":13174,""adm2_name"":""Songyuan""}]","[{""gid_2"":""CHN.17.7_1"",""migration_date"":""2025-12-20"",""migration_method"":""jaccard2"",""name_2"":""Songyuan""}]",2014-03-20,2025-12-20,2013-11-22,2013-11-23,2013-11-22
2013-0314-CHN,No,nat-geo-ear-gro,Natural,Geophysical,Earthquake,Ground movement,USGS:usb000je5n,,CHN,China,Eastern Asia,Asia,"Benzilan village (Deqin Xian area, Deqen Tibetan district, Yunnan Sheng province)",,"Slide (land, mud, snow, rock)",No,No,No,,5.6,Moment Magnitude,28.2425,99.3502,,2013,8.0,31.0,2013,8.0,31.0,3.0,50.0,538000.0,,538050.0,,,,,155000.0,214208.0,72.35973747892506,"[{""adm2_code"":13317,""adm2_name"":""Dêqên Tibetan""}]","[{""gid_2"":""CHN.30.5_1"",""migration_date"":""2025-12-20"",""migration_method"":""jaccard2"",""name_2"":""Dêqên Tibetan""}]",2013-09-10,2025-12-20,2013-08-31,2013-08-31,2013-08-31
2013-0555-CHN,No,nat-geo-ear-gro,Natural,Geophysical,Earthquake,Ground movement,GLIDE:EQ-2013-000158|USGS:usc000llbt,,CHN,China,Eastern Asia,Asia,"Badong area (Enshi Tujia and Miao district, Hubei Sheng province), Zigui, Xingshan areas (Yichang district, Hubei Sheng province)",,,No,No,No,,5.1,Moment Magnitude,31.066,110.412,,2013,12.0,16.0,2013,12.0,16.0,,,90500.0,,90500.0,,,,,6300.0,8706.0,72.35973747892506,"[{""adm2_code"":13120,""adm2_name"":""Yichang""},{""adm2_code"":13128,""adm2_name"":""Enshi Tujia and Miao""}]","[{""gid_2"":""CHN.13.17_1"",""migration_date"":""2025-12-20"",""migration_method"":""jaccard2"",""name_2"":""Yichang""},{""gid_2"":""CHN.13.1_1"",""migration_date"":""2025-12-20"",""migration_method"":""jaccard2"",""name_2"":""Enshi Tujia and Miao""}]",2014-03-20,2025-12-20,2013-12-16,2013-12-16,2013-12-16
2013-0058-COL,No,nat-geo-ear-gro,Natural,Geophysical,Earthquake,Ground movement,GLIDE:EQ-2013-000021|USGS:usc000f4ij,,COL,Colombia,Latin America and the Caribbean,Americas,"Narino, Cauca, Risaralda, Quindio,Valle Del Cauca provinces",,,No,No,No,,6.9,Moment Magnitude,1.135,-77.393,,2013,2.0,9.0,2013,2.0,9.0,,15.0,9500.0,500.0,10015.0,,,,,4000.0,5528.0,72.35973747892506,"[{""adm1_code"":944,""adm1_name"":""Cauca""},{""adm1_code"":955,""adm1_name"":""Narino""},{""adm1_code"":958,""adm1_name"":""Quindio""},{""adm1_code"":959,""adm1_name"":""Risaralda""},{""adm1_code"":964,""adm1_name"":""Valle Del Cauca""}]","[{""gid_1"":""COL.11_2"",""migration_date"":""2025-12-20"",""migration_method"":""jaccard1"",""name_1"":""Cauca""},{""gid_1"":""COL.22_2"",""migration_date"":""2025-12-20"",""migration_method"":""jaccard1"",""name_1"":""Nariño""},{""gid_1"":""COL.25_2"",""migration_date"":""2025-12-20"",""migration_method"":""jaccard1"",""name_1"":""Quindío""},{""gid_1"":""COL.26_2"",""migration_date"":""2025-12-20"",""migration_method"":""bufhaus1"",""name_1"":""Risaralda""},{""gid_1"":""COL.31_2"",""migration_date"":""2025-12-20"",""migration_method"":""jaccard1"",""name_1"":""Valle del Cauca""}]",2013-11-27,2025-12-20,2013-02-09,2013-02-09,2013-02-09
2013-0405-GTM,No,nat-geo-ear-gro,Natural,Geophysical,Earthquake,Ground movement,USGS:usb000jkmw,,GTM,Guatemala,Latin America and the Caribbean,Americas,"Ciudad Tecun Uman city (Ayutla district, San Marcos province)",,,No,No,No,,6.4,Moment Magnitude,14.6056,-92.1207,,2013,9.0,7.0,2013,9.0,7.0,1.0,52.0,520.0,,572.0,,,,,2000.0,2764.0,72.35973747892506,"[{""adm2_code"":65023,""adm2_name"":""Ayutla""}]","[{""gid_2"":""GTM.17.1_1"",""migration_date"":""2025-12-20"",""migration_method"":""jaccard2"",""name_2"":""Ayutla""}]",2014-02-27,2025-12-20,2013-09-07,2013-09-07,2013-09-07
2013-0121-HUN,No,nat-geo-ear-gro,Natural,Geophysical,Earthquake,Ground movement,USGS:usb000gdw3,,HUN,Hungary,Eastern Europe,Europe,Heves province,,,No,No,No,,4.4,Moment Magnitude,47.624,20.227,,2013,4.0,14.0,2013,4.0,23.0,,,1800.0,,1800.0,,,,,,,72.35973747892506,"[{""adm1_code"":1449,""adm1_name"":""Heves""}]","[{""gid_1"":""HUN.10_1"",""migration_date"":""2025-12-20"",""migration_method"":""jaccard1"",""name_1"":""Heves""}]",2013-05-14,2025-12-20,2013-04-14,2013-04-23,2013-04-14
2013-0140-IND,No,nat-geo-ear-gro,Natural,Geophysical,Earthquake,Ground movement,GLIDE:EQ-2013-000056|USGS:usb000gjhz,,IND,India,Southern Asia,Asia,Administrive unit not available district (Jammu and Kashmir province),,,No,No,No,,5.7,Moment Magnitude,33.061,75.863,,2013,5.0,1.0,2013,5.0,1.0,3.0,70.0,59280.0,,59350.0,,,,,120000.0,165838.0,72.35973747892506,"[{""adm2_code"":72809,""adm2_name"":""Administrative unit not available""}]",,2013-07-05,2023-09-25,2013-05-01,2013-05-01,2013-05-01
2013-0235-IDN,No,nat-geo-ear-gro,Natural,Geophysical,Earthquake,Ground movement,GLIDE:EQ-2013-000073|USGS:usb000i4re,,IDN,Indonesia,South-eastern Asia,Asia,"Aceh Tengah, Bener Meriah districts (Nangroe Aceh Darussalam province)",,"Slide (land, mud, snow, rock)",Yes,No,No,,6.1,Moment Magnitude,4.645,96.665,,2013,7.0,2.0,2013,7.0,2.0,48.0,2532.0,53403.0,,55935.0,,,,,130000.0,179658.0,72.35973747892506,"[{""adm2_code"":73629,""adm2_name"":""Aceh Tengah""},{""adm2_code"":73650,""adm2_name"":""Bener Meriah""}]","[{""gid_2"":""IDN.1.13_1"",""migration_date"":""2025-12-20"",""migration_method"":""jaccard2"",""name_2"":""Bener Meriah""},{""gid_2"":""IDN.1.8_1"",""migration_date"":""2025-12-20"",""migration_method"":""jaccard2"",""name_2"":""Aceh Tengah""}]",2014-07-29,2025-12-20,2013-07-02,2013-07-02,2013-07-02
2013-0020-IDN,No,nat-geo-ear-gro,Natural,Geophysical,Earthquake,Ground movement,USGS:usb000esgn,,IDN,Indonesia,South-eastern Asia,Asia,Nangroe Aceh Darussalam province,,,No,No,No,,6.1,Moment Magnitude,4.927,95.907,,2013,1.0,22.0,2013,1.0,22.0,1.0,15.0,500.0,,515.0,,,,,,,72.35973747892506,"[{""adm1_code"":1512,""adm1_name"":""Nangroe Aceh Darussalam""}]","[{""gid_1"":""IDN.1_1"",""migration_date"":""2025-12-20"",""migration_method"":""jaccard1"",""name_1"":""Aceh""}]",2013-11-27,2025-12-20,2013-01-22,2013-01-22,2013-01-22
2013-0436-IDN,No,nat-geo-ear-gro,Natural,Geophysical,Earthquake,Ground movement,USGS:usb000ki9y,,IDN,Indonesia,South-eastern Asia,Asia,Nangroe Aceh Darussalam province,,,No,No,No,,5.4,Moment Magnitude,5.1033,95.9709,,2013,10.0,22.0,2013,10.0,22.0,1.0,3.0,2735.0,,2738.0,,,,,,,72.35973747892506,"[{""adm1_code"":1512,""adm1_name"":""Nangroe Aceh Darussalam""}]","[{""gid_1"":""IDN.1_1"",""migration_date"":""2025-12-20"",""migration_method"":""jaccard1"",""name_1"":""Aceh""}]",2013-11-13,2025-12-20,2013-10-22,2013-10-22,2013-10-22
2013-0098-IRN,No,nat-geo-ear-gro,Natural,Geophysical,Earthquake,Ground movement,GLIDE:EQ-2013-000037|USGS:usb000g2y5,,IRN,Iran (Islamic Republic of),Southern Asia,Asia,"Shonbeh ,Kaki villages (Dashty district, Bushehr province), Baghan,Tasouj villages (Shiraz district, Fars province)",,,No,No,No,,6.4,Moment Magnitude,28.428,51.593,,2013,4.0,9.0,2013,4.0,9.0,37.0,850.0,3500.0,,4350.0,,,,,600000.0,829190.0,72.35973747892506,"[{""adm2_code"":40928,""adm2_name"":""Dashty""},{""adm2_code"":41111,""adm2_name"":""Shiraz""}]",,2014-02-18,2025-06-25,2013-04-09,2013-04-09,2013-04-09
2013-0099-IRN,No,nat-geo-ear-gro,Natural,Geophysical,Earthquake,Ground movement,GLIDE:EQ-2013-000043|USGS:usb000g7x7,,IRN,Iran (Islamic Republic of),Southern Asia,Asia,"Khash, Saravan districts (Sistan-o baluchestan province)",,,No,No,No,,7.7,Moment Magnitude,28.033,61.996,,2013,4.0,16.0,2013,4.0,16.0,,27.0,,,27.0,,,,,,,72.35973747892506,"[{""adm2_code"":40997,""adm2_name"":""Khash""},{""adm2_code"":41090,""adm2_name"":""Saravan""}]","[{""gid_2"":""IRN.26.3_1"",""migration_date"":""2025-12-20"",""migration_method"":""jaccard2"",""name_2"":""Khash""},{""gid_2"":""IRN.26.5_1"",""migration_date"":""2025-12-20"",""migration_method"":""jaccard2"",""name_2"":""Saravan""}]",2014-02-18,2025-12-20,2013-04-16,2013-04-16,2013-04-16
2013-0516-IRN,No,nat-geo-ear-gro,Natural,Geophysical,Earthquake,Ground movement,GLIDE:EQ-2013-000147|USGS:usb000l7nt,,IRN,Iran (Islamic Republic of),Southern Asia,Asia,"Borazjan city (Dashtestan district, Bushehr province)",,,No,No,No,,5.8,Moment Magnitude,29.32,51.31,,2013,11.0,28.0,2013,11.0,28.0,8.0,120.0,,1500.0,1620.0,,,,,,,72.35973747892506,"[{""adm2_code"":40927,""adm2_name"":""Dashtestan""}]",,2014-03-20,2025-03-04,2013-11-28,2013-11-28,2013-11-28
2013-0127-JPN,No,nat-geo-ear-gro,Natural,Geophysical,Earthquake,Ground movement,USGS:usb000g5yg,,JPN,Japan,Eastern Asia,Asia,Hyogo province,,,No,No,No,,5.8,Moment Magnitude,34.369,134.828,,2013,4.0,12.0,2013,4.0,12.0,,32.0,8406.0,,8438.0,,,,,,,72.35973747892506,"[{""adm1_code"":1662,""adm1_name"":""Hyoogo""}]","[{""gid_1"":""JPN.13_1"",""migration_date"":""2025-12-20"",""migration_method"":""jaccard1"",""name_1"":""Hyōgo""}]",2013-05-14,2025-12-20,2013-04-12,2013-04-12,2013-04-12
2013-0268-NZL,No,nat-geo-ear-gro,Natural,Geophysical,Earthquake,Ground movement,USGS:usb000iivv,,NZL,New Zealand,Australia and New Zealand,Oceania,"Wellington's Central Business Center, Paraparaumu, Wainuiomata, Porirua, Hutt Valley areas (Wellington province)",,,No,No,No,,6.5,Moment Magnitude,-41.704,174.337,,2013,7.0,21.0,2013,7.0,21.0,,4.0,13836.0,,13840.0,,,11800.0,16307.0,50000.0,69099.0,72.35973747892506,"[{""adm2_code"":22391,""adm2_name"":""Administrative unit not available""}]","[{""gid_2"":""NZL.18.1_1"",""migration_date"":""2025-12-20"",""migration_method"":""puzzle2_2"",""name_2"":""Carterton""},{""gid_2"":""NZL.18.2_1"",""migration_date"":""2025-12-20"",""migration_method"":""puzzle2_2"",""name_2"":""Kapiti Coast""},{""gid_2"":""NZL.18.3_1"",""migration_date"":""2025-12-20"",""migration_method"":""puzzle2_2"",""name_2"":""Lower Hutt""},{""gid_2"":""NZL.18.4_1"",""migration_date"":""2025-12-20"",""migration_method"":""puzzle2_2"",""name_2"":""Masterton""},{""gid_2"":""NZL.18.5_1"",""migration_date"":""2025-12-20"",""migration_method"":""puzzle2_2"",""name_2"":""Porirua""},{""gid_2"":""NZL.18.6_1"",""migration_date"":""2025-12-20"",""migration_method"":""puzzle2_2"",""name_2"":""South Wairarapa""},{""gid_2"":""NZL.18.7_1"",""migration_date"":""2025-12-20"",""migration_method"":""puzzle2_2"",""name_2"":""Upper Hutt""},{""gid_2"":""NZL.18.8_1"",""migration_date"":""2025-12-20"",""migration_method"":""puzzle2_2"",""name_2"":""Wellington""},{""gid_2"":""NZL.4.1_1"",""migration_date"":""2025-12-20"",""migration_method"":""puzzle2_2"",""name_2"":""Chatham Islands""}]",2013-08-12,2025-12-20,2013-07-21,2013-07-21,2013-07-21
2013-0381-PAK,No,nat-geo-ear-gro,Natural,Geophysical,Earthquake,Ground movement,GLIDE:EQ-2013-000121|USGS:usb000jyiv,,PAK,Pakistan,Southern Asia,Asia,"Awaran District, Chagai District, Gwadar District, Kech District, Khuzdar District, Panjgur District districts (Balochistan province)",,,No,No,No,,7.7,Moment Magnitude,26.951,65.5009,,2013,9.0,24.0,2013,9.0,24.0,399.0,599.0,185150.0,,185749.0,,,,,100000.0,138198.0,72.35973747892506,"[{""adm2_code"":23614,""adm2_name"":""Chagai District""},{""adm2_code"":23616,""adm2_name"":""Gwadar District""},{""adm2_code"":23625,""adm2_name"":""Panjgur District""},{""adm2_code"":40289,""adm2_name"":""Awaran District""},{""adm2_code"":40298,""adm2_name"":""Kech District""},{""adm2_code"":40300,""adm2_name"":""Khuzdar District""}]","[{""gid_1"":""PAK.2_1"",""migration_date"":""2025-12-20"",""migration_method"":""parent2_1"",""name_1"":""Balochistan""},{""gid_1"":""PAK.2_1"",""migration_date"":""2025-12-20"",""migration_method"":""parent2_1"",""name_1"":""Balochistan""}]",2014-03-20,2025-12-20,2013-09-24,2013-09-24,2013-09-24
2013-0099-PAK,No,nat-geo-ear-gro,Natural,Geophysical,Earthquake,Ground movement,GLIDE:EQ-2013-000043|USGS:usb000g7x7,,PAK,Pakistan,Southern Asia,Asia,"Mashkhel area (Chagai district, Balochistan province), Washuk area (Kharan district, Balochistan province), Karachi Central District, Karachi East District, Karachi South District, Karachi West District districts (Sindh province)",,,No,No,No,,7.7,Moment Magnitude,28.033,61.996,,2013,4.0,16.0,2013,4.0,16.0,41.0,175.0,15000.0,,15175.0,,,,,,,72.35973747892506,"[{""adm2_code"":23614,""adm2_name"":""Chagai District""},{""adm2_code"":23619,""adm2_name"":""Kharan District""},{""adm2_code"":40392,""adm2_name"":""Karachi Central District""},{""adm2_code"":40393,""adm2_name"":""Karachi East District""},{""adm2_code"":40394,""adm2_name"":""Karachi South District""},{""adm2_code"":40395,""adm2_name"":""Karachi West District""}]","[{""gid_2"":""PAK.2.1_1"",""migration_date"":""2025-12-20"",""migration_method"":""bufhaus2"",""name_2"":""Kalat""},{""gid_2"":""PAK.2.4_1"",""migration_date"":""2025-12-20"",""migration_method"":""jaccard2"",""name_2"":""Quetta""},{""gid_2"":""PAK.8.2_1"",""migration_date"":""2025-12-20"",""migration_method"":""bufhaus2"",""name_2"":""Karachi""},{""gid_2"":""PAK.8.2_1"",""migration_date"":""2025-12-20"",""migration_method"":""bufhaus2"",""name_2"":""Karachi""},{""gid_2"":""PAK.8.2_1"",""migration_date"":""2025-12-20"",""migration_method"":""bufhaus2"",""name_2"":""Karachi""},{""gid_2"":""PAK.8.2_1"",""migration_date"":""2025-12-20"",""migration_method"":""bufhaus2"",""name_2"":""Karachi""}]",2014-02-18,2025-12-20,2013-04-16,2013-04-16,2013-04-16
2013-0484-PAK,No,nat-geo-ear-gro,Natural,Geophysical,Earthquake,Ground movement,USGS:usb000k1gb,,PAK,Pakistan,Southern Asia,Asia,Awaran District district (Balochistan province),,,No,No,No,,6.8,Moment Magnitude,27.1825,65.5052,,2013,9.0,28.0,2013,9.0,28.0,22.0,50.0,,,50.0,,,,,,,72.35973747892506,"[{""adm2_code"":40289,""adm2_name"":""Awaran District""}]",,2014-03-11,2023-09-25,2013-09-28,2013-09-28,2013-09-28
2013-0409-PER,No,nat-geo-ear-gro,Natural,Geophysical,Earthquake,Ground movement,USGS:usb000jzma,,PER,Peru,Latin America and the Caribbean,Americas,"Arequipa, Ayacucho, Ica provinces",,,No,No,No,,7.1,Moment Magnitude,-15.8385,-74.5112,,2013,9.0,25.0,2013,9.0,25.0,,29.0,7055.0,,7084.0,,,,,,,72.35973747892506,"[{""adm1_code"":2331,""adm1_name"":""Arequipa""},{""adm1_code"":2332,""adm1_name"":""Ayacucho""},{""adm1_code"":2338,""adm1_name"":""Ica""}]","[{""gid_1"":""PER.11_1"",""migration_date"":""2025-12-20"",""migration_method"":""jaccard1"",""name_1"":""Ica""},{""gid_1"":""PER.4_1"",""migration_date"":""2025-12-20"",""migration_method"":""jaccard1"",""name_1"":""Arequipa""},{""gid_1"":""PER.5_1"",""migration_date"":""2025-12-20"",""migration_method"":""jaccard1"",""name_1"":""Ayacucho""}]",2013-11-27,2025-12-20,2013-09-25,2013-09-25,2013-09-25
2013-0395-PHL,No,nat-geo-ear-gro,Natural,Geophysical,Earthquake,Ground movement,GLIDE:EQ-2013-000134|USGS:usb000kdb4,,PHL,Philippines,South-eastern Asia,Asia,"Catigbian village (Bohol district, Region VII (Central Visayas) province), Cebu, Siquijor, Negros Oriental districts (Region VII (Central Visayas) province), Negros Occidental, Iloilo, Guimaras districts (Region VI (Western Visayas) province)",,,Yes,No,No,,7.1,Moment Magnitude,9.8796,124.1167,,2013,10.0,15.0,2013,10.0,15.0,230.0,976.0,3221248.0,,3222224.0,,,20000.0,27640.0,51459.0,71116.0,72.35973747892506,"[{""adm2_code"":24249,""adm2_name"":""Guimaras""},{""adm2_code"":24250,""adm2_name"":""Iloilo""},{""adm2_code"":24251,""adm2_name"":""Negros Occidental""},{""adm2_code"":24252,""adm2_name"":""Bohol""},{""adm2_code"":24253,""adm2_name"":""Cebu""},{""adm2_code"":24254,""adm2_name"":""Negros Oriental""},{""adm2_code"":24255,""adm2_name"":""Siquijor""}]","[{""gid_2"":""PHL.15.10_1"",""migration_date"":""2025-12-20"",""migration_method"":""puzzle2_2"",""name_2"":""Buenavista""},{""gid_2"":""PHL.15.11_1"",""migration_date"":""2025-12-20"",""migration_method"":""puzzle2_2"",""name_2"":""Calape""},{""gid_2"":""PHL.15.12_1"",""migration_date"":""2025-12-20"",""migration_method"":""puzzle2_2"",""name_2"":""Candijay""},{""gid_2"":""PHL.15.13_1"",""migration_date"":""2025-12-20"",""migration_method"":""puzzle2_2"",""name_2"":""Carmen""},{""gid_2"":""PHL.15.14_1"",""migration_date"":""2025-12-20"",""migration_method"":""puzzle2_2"",""name_2"":""Catigbian""},{""gid_2"":""PHL.15.15_1"",""migration_date"":""2025-12-20"",""migration_method"":""puzzle2_2"",""name_2"":""Clarin""},{""gid_2"":""PHL.15.16_1"",""migration_date"":""2025-12-20"",""migration_method"":""puzzle2_2"",""name_2"":""Corella""},{""gid_2"":""PHL.15.17_1"",""migration_date"":""2025-12-20"",""migration_method"":""puzzle2_2"",""name_2"":""Cortes""},{""gid_2"":""PHL.15.18_1"",""migration_date"":""2025-12-20"",""migration_method"":""puzzle2_2"",""name_2"":""Dagohoy""},{""gid_2"":""PHL.15.19_1"",""migration_date"":""2025-12-20"",""migration_method"":""puzzle2_2"",""name_2"":""Danao""},{""gid_2"":""PHL.15.1_1"",""migration_date"":""2025-12-20"",""migration_method"":""puzzle2_2"",""name_2"":""Albuquerque""},{""gid_2"":""PHL.15.20_1"",""migration_date"":""2025-12-20"",""migration_method"":""puzzle2_2"",""name_2"":""Dauis""},{""gid_2"":""PHL.15.21_1"",""migration_date"":""2025-12-20"",""migration_method"":""puzzle2_2"",""name_2"":""Dimiao""},{""gid_2"":""PHL.15.22_1"",""migration_date"":""2025-12-20"",""migration_method"":""puzzle2_2"",""name_2"":""Duero""},{""gid_2"":""PHL.15.23_1"",""migration_date"":""2025-12-20"",""migration_method"":""puzzle2_2"",""name_2"":""Garcia Hernandez""},{""gid_2"":""PHL.15.24_1"",""migration_date"":""2025-12-20"",""migration_method"":""puzzle2_2"",""name_2"":""Guindulman""},{""gid_2"":""PHL.15.25_1"",""migration_date"":""2025-12-20"",""migration_method"":""puzzle2_2"",""name_2"":""Inabanga""},{""gid_2"":""PHL.15.26_1"",""migration_date"":""2025-12-20"",""migration_method"":""puzzle2_2"",""name_2"":""Jagna""},{""gid_2"":""PHL.15.27_1"",""migration_date"":""2025-12-20"",""migration_method"":""puzzle2_2"",""name_2"":""Jetafe""},{""gid_2"":""PHL.15.28_1"",""migration_date"":""2025-12-20"",""migration_method"":""puzzle2_2"",""name_2"":""Lila""},{""gid_2"":""PHL.15.29_1"",""migration_date"":""2025-12-20"",""migration_method"":""puzzle2_2"",""name_2"":""Loay""},{""gid_2"":""PHL.15.2_1"",""migration_date"":""2025-12-20"",""migration_method"":""puzzle2_2"",""name_2"":""Alicia""},{""gid_2"":""PHL.15.30_1"",""migration_date"":""2025-12-20"",""migration_method"":""puzzle2_2"",""name_2"":""Loboc""},{""gid_2"":""PHL.15.31_1"",""migration_date"":""2025-12-20"",""migration_method"":""puzzle2_2"",""name_2"":""Loon""},{""gid_2"":""PHL.15.32_1"",""migration_date"":""2025-12-20"",""migration_method"":""puzzle2_2"",""name_2"":""Mabini""},{""gid_2"":""PHL.15.33_1"",""migration_date"":""2025-12-20"",""migration_method"":""puzzle2_2"",""name_2"":""Maribojoc""},{""gid_2"":""PHL.15.34_1"",""migration_date"":""2025-12-20"",""migration_method"":""puzzle2_2"",""name_2"":""Panglao""},{""gid_2"":""PHL.15.35_1"",""migration_date"":""2025-12-20"",""migration_method"":""puzzle2_2"",""name_2"":""Pilar""},{""gid_2"":""PHL.15.36_1"",""migration_date"":""2025-12-20"",""migration_method"":""puzzle2_2"",""name_2"":""Pres. Carlos P. Garcia""},{""gid_2"":""PHL.15.37_1"",""migration_date"":""2025-12-20"",""migration_method"":""puzzle2_2"",""name_2"":""Sagbayan""},{""gid_2"":""PHL.15.38_1"",""migration_date"":""2025-12-20"",""migration_method"":""puzzle2_2"",""name_2"":""San Isidro""},{""gid_2"":""PHL.15.39_1"",""migration_date"":""2025-12-20"",""migration_method"":""puzzle2_2"",""name_2"":""San Miguel""},{""gid_2"":""PHL.15.3_1"",""migration_date"":""2025-12-20"",""migration_method"":""puzzle2_2"",""name_2"":""Anda""},{""gid_2"":""PHL.15.40_1"",""migration_date"":""2025-12-20"",""migration_method"":""puzzle2_2"",""name_2"":""Sevilla""},{""gid_2"":""PHL.15.41_1"",""migration_date"":""2025-12-20"",""migration_method"":""puzzle2_2"",""name_2"":""Sierra Bullones""},{""gid_2"":""PHL.15.42_1"",""migration_date"":""2025-12-20"",""migration_method"":""puzzle2_2"",""name_2"":""Sikatuna""},{""gid_2"":""PHL.15.43_1"",""migration_date"":""2025-12-20"",""migration_method"":""puzzle2_2"",""name_2"":""Tagbilaran City""},{""gid_2"":""PHL.15.44_1"",""migration_date"":""2025-12-20"",""migration_method"":""puzzle2_2"",""name_2"":""Talibon""},{""gid_2"":""PHL.15.45_1"",""migration_date"":""2025-12-20"",""migration_method"":""puzzle2_2"",""name_2"":""Trinidad""},{""gid_2"":""PHL.15.46_1"",""migration_date"":""2025-12-20"",""migration_method"":""puzzle2_2"",""name_2"":""Tubigon""},{""gid_2"":""PHL.15.47_1"",""migration_date"":""2025-12-20"",""migration_method"":""puzzle2_2"",""name_2"":""Ubay""},{""gid_2"":""PHL.15.48_1"",""migration_date"":""2025-12-20"",""migration_method"":""puzzle2_2"",""name_2"":""Valencia""},{""gid_2"":""PHL.15.4_1"",""migration_date"":""2025-12-20"",""migration_method"":""puzzle2_2"",""name_2"":""Antequera""},{""gid_2"":""PHL.15.5_1"",""migration_date"":""2025-12-20"",""migration_method"":""puzzle2_2"",""name_2"":""Baclayon""},{""gid_2"":""PHL.15.6_1"",""migration_date"":""2025-12-20"",""migration_method"":""puzzle2_2"",""name_2"":""Balilihan""},{""gid_2"":""PHL.15.7_1"",""migration_date"":""2025-12-20"",""migration_method"":""puzzle2_2"",""name_2"":""Batuan""},{""gid_2"":""PHL.15.8_1"",""migration_date"":""2025-12-20"",""migration_method"":""puzzle2_2"",""name_2"":""Bien Unido""},{""gid_2"":""PHL.15.9_1"",""migration_date"":""2025-12-20"",""migration_method"":""puzzle2_2"",""name_2"":""Bilar""},{""gid_2"":""PHL.25.10_1"",""migration_date"":""2025-12-20"",""migration_method"":""puzzle2_2"",""name_2"":""Barili""},{""gid_2"":""PHL.25.11_1"",""migration_date"":""2025-12-20"",""migration_method"":""puzzle2_2"",""name_2"":""Bogo City""},{""gid_2"":""PHL.25.12_1"",""migration_date"":""2025-12-20"",""migration_method"":""puzzle2_2"",""name_2"":""Boljoon""},{""gid_2"":""PHL.25.13_1"",""migration_date"":""2025-12-20"",""migration_method"":""puzzle2_2"",""name_2"":""Borbon""},{""gid_2"":""PHL.25.14_1"",""migration_date"":""2025-12-20"",""migration_method"":""puzzle2_2"",""name_2"":""Carcar""},{""gid_2"":""PHL.25.15_1"",""migration_date"":""2025-12-20"",""migration_method"":""puzzle2_2"",""name_2"":""Carmen""},{""gid_2"":""PHL.25.16_1"",""migration_date"":""2025-12-20"",""migration_method"":""puzzle2_2"",""name_2"":""Catmon""},{""gid_2"":""PHL.25.17_1"",""migration_date"":""2025-12-20"",""migration_method"":""puzzle2_2"",""name_2"":""Cebu City""},{""gid_2"":""PHL.25.18_1"",""migration_date"":""2025-12-20"",""migration_method"":""puzzle2_2"",""name_2"":""Compostela""},{""gid_2"":""PHL.25.19_1"",""migration_date"":""2025-12-20"",""migration_method"":""puzzle2_2"",""name_2"":""Consolacion""},{""gid_2"":""PHL.25.1_1"",""migration_date"":""2025-12-20"",""migration_method"":""puzzle2_2"",""name_2"":""Alcantara""},{""gid_2"":""PHL.25.20_1"",""migration_date"":""2025-12-20"",""migration_method"":""puzzle2_2"",""name_2"":""Cordoba""},{""gid_2"":""PHL.25.21_1"",""migration_date"":""2025-12-20"",""migration_method"":""puzzle2_2"",""name_2"":""Daanbantayan""},{""gid_2"":""PHL.25.22_1"",""migration_date"":""2025-12-20"",""migration_method"":""puzzle2_2"",""name_2"":""Dalaguete""},{""gid_2"":""PHL.25.23_1"",""migration_date"":""2025-12-20"",""migration_method"":""puzzle2_2"",""name_2"":""Danao City""},{""gid_2"":""PHL.25.24_1"",""migration_date"":""2025-12-20"",""migration_method"":""puzzle2_2"",""name_2"":""Danao Lake""},{""gid_2"":""PHL.25.25_1"",""migration_date"":""2025-12-20"",""migration_method"":""puzzle2_2"",""name_2"":""Dumanjug""},{""gid_2"":""PHL.25.26_1"",""migration_date"":""2025-12-20"",""migration_method"":""puzzle2_2"",""name_2"":""Ginatilan""},{""gid_2"":""PHL.25.27_1"",""migration_date"":""2025-12-20"",""migration_method"":""puzzle2_2"",""name_2"":""Lapu-Lapu City""},{""gid_2"":""PHL.25.28_1"",""migration_date"":""2025-12-20"",""migration_method"":""puzzle2_2"",""name_2"":""Liloan""},{""gid_2"":""PHL.25.29_1"",""migration_date"":""2025-12-20"",""migration_method"":""puzzle2_2"",""name_2"":""Madridejos""},{""gid_2"":""PHL.25.2_1"",""migration_date"":""2025-12-20"",""migration_method"":""puzzle2_2"",""name_2"":""Alcoy""},{""gid_2"":""PHL.25.30_1"",""migration_date"":""2025-12-20"",""migration_method"":""puzzle2_2"",""name_2"":""Malabuyoc""},{""gid_2"":""PHL.25.31_1"",""migration_date"":""2025-12-20"",""migration_method"":""puzzle2_2"",""name_2"":""Mandaue City""},{""gid_2"":""PHL.25.32_1"",""migration_date"":""2025-12-20"",""migration_method"":""puzzle2_2"",""name_2"":""Medellin""},{""gid_2"":""PHL.25.33_1"",""migration_date"":""2025-12-20"",""migration_method"":""puzzle2_2"",""name_2"":""Minglanilla""},{""gid_2"":""PHL.25.34_1"",""migration_date"":""2025-12-20"",""migration_method"":""puzzle2_2"",""name_2"":""Moalboal""},{""gid_2"":""PHL.25.35_1"",""migration_date"":""2025-12-20"",""migration_method"":""puzzle2_2"",""name_2"":""Naga City""},{""gid_2"":""PHL.25.36_1"",""migration_date"":""2025-12-20"",""migration_method"":""puzzle2_2"",""name_2"":""Oslob""},{""gid_2"":""PHL.25.37_1"",""migration_date"":""2025-12-20"",""migration_method"":""puzzle2_2"",""name_2"":""Pilar""},{""gid_2"":""PHL.25.38_1"",""migration_date"":""2025-12-20"",""migration_method"":""puzzle2_2"",""name_2"":""Pinamungahan""},{""gid_2"":""PHL.25.39_1"",""migration_date"":""2025-12-20"",""migration_method"":""puzzle2_2"",""name_2"":""Poro""},{""gid_2"":""PHL.25.3_1"",""migration_date"":""2025-12-20"",""migration_method"":""puzzle2_2"",""name_2"":""Alegria""},{""gid_2"":""PHL.25.40_1"",""migration_date"":""2025-12-20"",""migration_method"":""puzzle2_2"",""name_2"":""Ronda""},{""gid_2"":""PHL.25.41_1"",""migration_date"":""2025-12-20"",""migration_method"":""puzzle2_2"",""name_2"":""Samboan""},{""gid_2"":""PHL.25.42_1"",""migration_date"":""2025-12-20"",""migration_method"":""puzzle2_2"",""name_2"":""San Fernando""},{""gid_2"":""PHL.25.43_1"",""migration_date"":""2025-12-20"",""migration_method"":""puzzle2_2"",""name_2"":""San Francisco""},{""gid_2"":""PHL.25.44_1"",""migration_date"":""2025-12-20"",""migration_method"":""puzzle2_2"",""name_2"":""San Remigio""},{""gid_2"":""PHL.25.45_1"",""migration_date"":""2025-12-20"",""migration_method"":""puzzle2_2"",""name_2"":""Santa Fe""},{""gid_2"":""PHL.25.46_1"",""migration_date"":""2025-12-20"",""migration_method"":""puzzle2_2"",""name_2"":""Santander""},{""gid_2"":""PHL.25.47_1"",""migration_date"":""2025-12-20"",""migration_method"":""puzzle2_2"",""name_2"":""Sibonga""},{""gid_2"":""PHL.25.48_1"",""migration_date"":""2025-12-20"",""migration_method"":""puzzle2_2"",""name_2"":""Sogod""},{""gid_2"":""PHL.25.49_1"",""migration_date"":""2025-12-20"",""migration_method"":""puzzle2_2"",""name_2"":""Tabogon""},{""gid_2"":""PHL.25.4_1"",""migration_date"":""2025-12-20"",""migration_method"":""puzzle2_2"",""name_2"":""Aloguinsan""},{""gid_2"":""PHL.25.50_1"",""migration_date"":""2025-12-20"",""migration_method"":""puzzle2_2"",""name_2"":""Tabuelan""},{""gid_2"":""PHL.25.51_1"",""migration_date"":""2025-12-20"",""migration_method"":""puzzle2_2"",""name_2"":""Talisay City""},{""gid_2"":""PHL.25.52_1"",""migration_date"":""2025-12-20"",""migration_method"":""puzzle2_2"",""name_2"":""Toledo City""},{""gid_2"":""PHL.25.53_1"",""migration_date"":""2025-12-20"",""migration_method"":""puzzle2_2"",""name_2"":""Tuburan""},{""gid_2"":""PHL.25.54_1"",""migration_date"":""2025-12-20"",""migration_method"":""puzzle2_2"",""name_2"":""Tudela""},{""gid_2"":""PHL.25.5_1"",""migration_date"":""2025-12-20"",""migration_method"":""puzzle2_2"",""name_2"":""Argao""},{""gid_2"":""PHL.25.6_1"",""migration_date"":""2025-12-20"",""migration_method"":""puzzle2_2"",""name_2"":""Asturias""},{""gid_2"":""PHL.25.7_1"",""migration_date"":""2025-12-20"",""migration_method"":""puzzle2_2"",""name_2"":""Badian""},{""gid_2"":""PHL.25.8_1"",""migration_date"":""2025-12-20"",""migration_method"":""puzzle2_2"",""name_2"":""Balamban""},{""gid_2"":""PHL.25.9_1"",""migration_date"":""2025-12-20"",""migration_method"":""puzzle2_2"",""name_2"":""Bantayan""},{""gid_2"":""PHL.32.1_1"",""migration_date"":""2025-12-20"",""migration_method"":""puzzle2_2"",""name_2"":""Buenavista""},{""gid_2"":""PHL.32.2_1"",""migration_date"":""2025-12-20"",""migration_method"":""puzzle2_2"",""name_2"":""Jordan""},{""gid_2"":""PHL.32.3_1"",""migration_date"":""2025-12-20"",""migration_method"":""puzzle2_2"",""name_2"":""Nueva Valencia""},{""gid_2"":""PHL.32.4_1"",""migration_date"":""2025-12-20"",""migration_method"":""puzzle2_2"",""name_2"":""San Lorenzo""},{""gid_2"":""PHL.32.5_1"",""migration_date"":""2025-12-20"",""migration_method"":""puzzle2_2"",""name_2"":""Sibunag""},{""gid_2"":""PHL.36.10_1"",""migration_date"":""2025-12-20"",""migration_method"":""puzzle2_2"",""name_2"":""Bingawan""},{""gid_2"":""PHL.36.11_1"",""migration_date"":""2025-12-20"",""migration_method"":""puzzle2_2"",""name_2"":""Cabatuan""},{""gid_2"":""PHL.36.12_1"",""migration_date"":""2025-12-20"",""migration_method"":""puzzle2_2"",""name_2"":""Calinog""},{""gid_2"":""PHL.36.13_1"",""migration_date"":""2025-12-20"",""migration_method"":""puzzle2_2"",""name_2"":""Carles""},{""gid_2"":""PHL.36.14_1"",""migration_date"":""2025-12-20"",""migration_method"":""puzzle2_2"",""name_2"":""Concepcion""},{""gid_2"":""PHL.36.15_1"",""migration_date"":""2025-12-20"",""migration_method"":""puzzle2_2"",""name_2"":""Dingle""},{""gid_2"":""PHL.36.16_1"",""migration_date"":""2025-12-20"",""migration_method"":""puzzle2_2"",""name_2"":""Duenas""},{""gid_2"":""PHL.36.17_1"",""migration_date"":""2025-12-20"",""migration_method"":""puzzle2_2"",""name_2"":""Dumangas""},{""gid_2"":""PHL.36.18_1"",""migration_date"":""2025-12-20"",""migration_method"":""puzzle2_2"",""name_2"":""Estancia""},{""gid_2"":""PHL.36.19_1"",""migration_date"":""2025-12-20"",""migration_method"":""puzzle2_2"",""name_2"":""Guimbal""},{""gid_2"":""PHL.36.1_1"",""migration_date"":""2025-12-20"",""migration_method"":""puzzle2_2"",""name_2"":""Ajuy""},{""gid_2"":""PHL.36.20_1"",""migration_date"":""2025-12-20"",""migration_method"":""puzzle2_2"",""name_2"":""Igbaras""},{""gid_2"":""PHL.36.21_1"",""migration_date"":""2025-12-20"",""migration_method"":""puzzle2_2"",""name_2"":""Iloilo City""},{""gid_2"":""PHL.36.22_1"",""migration_date"":""2025-12-20"",""migration_method"":""puzzle2_2"",""name_2"":""Janiuay""},{""gid_2"":""PHL.36.23_1"",""migration_date"":""2025-12-20"",""migration_method"":""puzzle2_2"",""name_2"":""Lambunao""},{""gid_2"":""PHL.36.24_1"",""migration_date"":""2025-12-20"",""migration_method"":""puzzle2_2"",""name_2"":""Leganes""},{""gid_2"":""PHL.36.25_1"",""migration_date"":""2025-12-20"",""migration_method"":""puzzle2_2"",""name_2"":""Lemery""},{""gid_2"":""PHL.36.26_1"",""migration_date"":""2025-12-20"",""migration_method"":""puzzle2_2"",""name_2"":""Leon""},{""gid_2"":""PHL.36.27_1"",""migration_date"":""2025-12-20"",""migration_method"":""puzzle2_2"",""name_2"":""Maasin""},{""gid_2"":""PHL.36.28_1"",""migration_date"":""2025-12-20"",""migration_method"":""puzzle2_2"",""name_2"":""Miagao""},{""gid_2"":""PHL.36.29_1"",""migration_date"":""2025-12-20"",""migration_method"":""puzzle2_2"",""name_2"":""Mina""},{""gid_2"":""PHL.36.2_1"",""migration_date"":""2025-12-20"",""migration_method"":""puzzle2_2"",""name_2"":""Alimodian""},{""gid_2"":""PHL.36.30_1"",""migration_date"":""2025-12-20"",""migration_method"":""puzzle2_2"",""name_2"":""New Lucena""},{""gid_2"":""PHL.36.31_1"",""migration_date"":""2025-12-20"",""migration_method"":""puzzle2_2"",""name_2"":""Oton""},{""gid_2"":""PHL.36.32_1"",""migration_date"":""2025-12-20"",""migration_method"":""puzzle2_2"",""name_2"":""Passi City""},{""gid_2"":""PHL.36.33_1"",""migration_date"":""2025-12-20"",""migration_method"":""puzzle2_2"",""name_2"":""Pavia""},{""gid_2"":""PHL.36.34_1"",""migration_date"":""2025-12-20"",""migration_method"":""puzzle2_2"",""name_2"":""Pototan""},{""gid_2"":""PHL.36.35_1"",""migration_date"":""2025-12-20"",""migration_method"":""puzzle2_2"",""name_2"":""San Dionisio""},{""gid_2"":""PHL.36.36_1"",""migration_date"":""2025-12-20"",""migration_method"":""puzzle2_2"",""name_2"":""San Enrique""},{""gid_2"":""PHL.36.37_1"",""migration_date"":""2025-12-20"",""migration_method"":""puzzle2_2"",""name_2"":""San Joaquin""},{""gid_2"":""PHL.36.38_1"",""migration_date"":""2025-12-20"",""migration_method"":""puzzle2_2"",""name_2"":""San Miguel""},{""gid_2"":""PHL.36.39_1"",""migration_date"":""2025-12-20"",""migration_method"":""puzzle2_2"",""name_2"":""San Rafael""},{""gid_2"":""PHL.36.3_1"",""migration_date"":""2025-12-20"",""migration_method"":""puzzle2_2"",""name_2"":""Anilao""},{""gid_2"":""PHL.36.40_1"",""migration_date"":""2025-12-20"",""migration_method"":""puzzle2_2"",""name_2"":""Santa Barbara""},{""gid_2"":""PHL.36.41_1"",""migration_date"":""2025-12-20"",""migration_method"":""puzzle2_2"",""name_2"":""Sara""},{""gid_2"":""PHL.36.42_1"",""migration_date"":""2025-12-20"",""migration_method"":""puzzle2_2"",""name_2"":""Tigbauan""},{""gid_2"":""PHL.36.43_1"",""migration_date"":""2025-12-20"",""migration_method"":""puzzle2_2"",""name_2"":""Tubungan""},{""gid_2"":""PHL.36.44_1"",""migration_date"":""2025-12-20"",""migration_method"":""puzzle2_2"",""name_2"":""Zarraga""},{""gid_2"":""PHL.36.4_1"",""migration_date"":""2025-12-20"",""migration_method"":""puzzle2_2"",""name_2"":""Badiangan""},{""gid_2"":""PHL.36.5_1"",""migration_date"":""2025-12-20"",""migration_method"":""puzzle2_2"",""name_2"":""Balasan""},{""gid_2"":""PHL.36.6_1"",""migration_date"":""2025-12-20"",""migration_method"":""puzzle2_2"",""name_2"":""Banate""},{""gid_2"":""PHL.36.7_1"",""migration_date"":""2025-12-20"",""migration_method"":""puzzle2_2"",""name_2"":""Barotac Nuevo""},{""gid_2"":""PHL.36.8_1"",""migration_date"":""2025-12-20"",""migration_method"":""puzzle2_2"",""name_2"":""Barotac Viejo""},{""gid_2"":""PHL.36.9_1"",""migration_date"":""2025-12-20"",""migration_method"":""puzzle2_2"",""name_2"":""Batad""},{""gid_2"":""PHL.51.10_1"",""migration_date"":""2025-12-20"",""migration_method"":""puzzle2_2"",""name_2"":""Himamaylan City""},{""gid_2"":""PHL.51.11_1"",""migration_date"":""2025-12-20"",""migration_method"":""puzzle2_2"",""name_2"":""Hinigaran""},{""gid_2"":""PHL.51.12_1"",""migration_date"":""2025-12-20"",""migration_method"":""puzzle2_2"",""name_2"":""Hinoba-An""},{""gid_2"":""PHL.51.13_1"",""migration_date"":""2025-12-20"",""migration_method"":""puzzle2_2"",""name_2"":""Ilog""},{""gid_2"":""PHL.51.14_1"",""migration_date"":""2025-12-20"",""migration_method"":""puzzle2_2"",""name_2"":""Isabela""},{""gid_2"":""PHL.51.15_1"",""migration_date"":""2025-12-20"",""migration_method"":""puzzle2_2"",""name_2"":""Kabankalan City""},{""gid_2"":""PHL.51.16_1"",""migration_date"":""2025-12-20"",""migration_method"":""puzzle2_2"",""name_2"":""La Carlota City""},{""gid_2"":""PHL.51.17_1"",""migration_date"":""2025-12-20"",""migration_method"":""puzzle2_2"",""name_2"":""La Castellana""},{""gid_2"":""PHL.51.18_1"",""migration_date"":""2025-12-20"",""migration_method"":""puzzle2_2"",""name_2"":""Manapla""},{""gid_2"":""PHL.51.19_1"",""migration_date"":""2025-12-20"",""migration_method"":""puzzle2_2"",""name_2"":""Moises Padilla""},{""gid_2"":""PHL.51.1_1"",""migration_date"":""2025-12-20"",""migration_method"":""puzzle2_2"",""name_2"":""Bacolod City""},{""gid_2"":""PHL.51.20_1"",""migration_date"":""2025-12-20"",""migration_method"":""puzzle2_2"",""name_2"":""Murcia""},{""gid_2"":""PHL.51.21_1"",""migration_date"":""2025-12-20"",""migration_method"":""puzzle2_2"",""name_2"":""Pontevedra""},{""gid_2"":""PHL.51.22_1"",""migration_date"":""2025-12-20"",""migration_method"":""puzzle2_2"",""name_2"":""Pulupandan""},{""gid_2"":""PHL.51.23_1"",""migration_date"":""2025-12-20"",""migration_method"":""puzzle2_2"",""name_2"":""Sagay City""},{""gid_2"":""PHL.51.24_1"",""migration_date"":""2025-12-20"",""migration_method"":""puzzle2_2"",""name_2"":""Salvador Benedicto""},{""gid_2"":""PHL.51.25_1"",""migration_date"":""2025-12-20"",""migration_method"":""puzzle2_2"",""name_2"":""San Carlos City""},{""gid_2"":""PHL.51.26_1"",""migration_date"":""2025-12-20"",""migration_method"":""puzzle2_2"",""name_2"":""San Enrique""},{""gid_2"":""PHL.51.27_1"",""migration_date"":""2025-12-20"",""migration_method"":""puzzle2_2"",""name_2"":""Silay City""},{""gid_2"":""PHL.51.28_1"",""migration_date"":""2025-12-20"",""migration_method"":""puzzle2_2"",""name_2"":""Sipalay City""},{""gid_2"":""PHL.51.29_1"",""migration_date"":""2025-12-20"",""migration_method"":""puzzle2_2"",""name_2"":""Talisay City""},{""gid_2"":""PHL.51.2_1"",""migration_date"":""2025-12-20"",""migration_method"":""puzzle2_2"",""name_2"":""Bago City""},{""gid_2"":""PHL.51.30_1"",""migration_date"":""2025-12-20"",""migration_method"":""puzzle2_2"",""name_2"":""Toboso""},{""gid_2"":""PHL.51.31_1"",""migration_date"":""2025-12-20"",""migration_method"":""puzzle2_2"",""name_2"":""Valladolid""},{""gid_2"":""PHL.51.32_1"",""migration_date"":""2025-12-20"",""migration_method"":""puzzle2_2"",""name_2"":""Victorias City""},{""gid_2"":""PHL.51.3_1"",""migration_date"":""2025-12-20"",""migration_method"":""puzzle2_2"",""name_2"":""Binalbagan""},{""gid_2"":""PHL.51.4_1"",""migration_date"":""2025-12-20"",""migration_method"":""puzzle2_2"",""name_2"":""Cadiz City""},{""gid_2"":""PHL.51.5_1"",""migration_date"":""2025-12-20"",""migration_method"":""puzzle2_2"",""name_2"":""Calatrava""},{""gid_2"":""PHL.51.6_1"",""migration_date"":""2025-12-20"",""migration_method"":""puzzle2_2"",""name_2"":""Candoni""},{""gid_2"":""PHL.51.7_1"",""migration_date"":""2025-12-20"",""migration_method"":""puzzle2_2"",""name_2"":""Cauayan""},{""gid_2"":""PHL.51.8_1"",""migration_date"":""2025-12-20"",""migration_method"":""puzzle2_2"",""name_2"":""Enrique B. Magalona""},{""gid_2"":""PHL.51.9_1"",""migration_date"":""2025-12-20"",""migration_method"":""puzzle2_2"",""name_2"":""Escalante City""},{""gid_2"":""PHL.52.10_1"",""migration_date"":""2025-12-20"",""migration_method"":""puzzle2_2"",""name_2"":""Dumaguete City""},{""gid_2"":""PHL.52.11_1"",""migration_date"":""2025-12-20"",""migration_method"":""puzzle2_2"",""name_2"":""Guihulngan City""},{""gid_2"":""PHL.52.12_1"",""migration_date"":""2025-12-20"",""migration_method"":""puzzle2_2"",""name_2"":""Jimalalud""},{""gid_2"":""PHL.52.13_1"",""migration_date"":""2025-12-20"",""migration_method"":""puzzle2_2"",""name_2"":""La Libertad""},{""gid_2"":""PHL.52.14_1"",""migration_date"":""2025-12-20"",""migration_method"":""puzzle2_2"",""name_2"":""Mabinay""},{""gid_2"":""PHL.52.15_1"",""migration_date"":""2025-12-20"",""migration_method"":""puzzle2_2"",""name_2"":""Manjuyod""},{""gid_2"":""PHL.52.16_1"",""migration_date"":""2025-12-20"",""migration_method"":""puzzle2_2"",""name_2"":""Pamplona""},{""gid_2"":""PHL.52.17_1"",""migration_date"":""2025-12-20"",""migration_method"":""puzzle2_2"",""name_2"":""San Jose""},{""gid_2"":""PHL.52.18_1"",""migration_date"":""2025-12-20"",""migration_method"":""puzzle2_2"",""name_2"":""Santa Catalina""},{""gid_2"":""PHL.52.19_1"",""migration_date"":""2025-12-20"",""migration_method"":""puzzle2_2"",""name_2"":""Siaton""},{""gid_2"":""PHL.52.1_1"",""migration_date"":""2025-12-20"",""migration_method"":""puzzle2_2"",""name_2"":""Amlan""},{""gid_2"":""PHL.52.20_1"",""migration_date"":""2025-12-20"",""migration_method"":""puzzle2_2"",""name_2"":""Sibulan""},{""gid_2"":""PHL.52.21_1"",""migration_date"":""2025-12-20"",""migration_method"":""puzzle2_2"",""name_2"":""Tanjay City""},{""gid_2"":""PHL.52.22_1"",""migration_date"":""2025-12-20"",""migration_method"":""puzzle2_2"",""name_2"":""Tayasan""},{""gid_2"":""PHL.52.23_1"",""migration_date"":""2025-12-20"",""migration_method"":""puzzle2_2"",""name_2"":""Valencia""},{""gid_2"":""PHL.52.24_1"",""migration_date"":""2025-12-20"",""migration_method"":""puzzle2_2"",""name_2"":""Vallehermoso""},{""gid_2"":""PHL.52.25_1"",""migration_date"":""2025-12-20"",""migration_method"":""puzzle2_2"",""name_2"":""Zamboanguita""},{""gid_2"":""PHL.52.2_1"",""migration_date"":""2025-12-20"",""migration_method"":""puzzle2_2"",""name_2"":""Ayungon""},{""gid_2"":""PHL.52.3_1"",""migration_date"":""2025-12-20"",""migration_method"":""puzzle2_2"",""name_2"":""Bacong""},{""gid_2"":""PHL.52.4_1"",""migration_date"":""2025-12-20"",""migration_method"":""puzzle2_2"",""name_2"":""Bais City""},{""gid_2"":""PHL.52.5_1"",""migration_date"":""2025-12-20"",""migration_method"":""puzzle2_2"",""name_2"":""Basay""},{""gid_2"":""PHL.52.6_1"",""migration_date"":""2025-12-20"",""migration_method"":""puzzle2_2"",""name_2"":""Bayawan City""},{""gid_2"":""PHL.52.7_1"",""migration_date"":""2025-12-20"",""migration_method"":""puzzle2_2"",""name_2"":""Bindoy""},{""gid_2"":""PHL.52.8_1"",""migration_date"":""2025-12-20"",""migration_method"":""puzzle2_2"",""name_2"":""Canlaon City""},{""gid_2"":""PHL.52.9_1"",""migration_date"":""2025-12-20"",""migration_method"":""puzzle2_2"",""name_2"":""Dauin""},{""gid_2"":""PHL.68.1_1"",""migration_date"":""2025-12-20"",""migration_method"":""puzzle2_2"",""name_2"":""Enrique Villanueva""},{""gid_2"":""PHL.68.2_1"",""migration_date"":""2025-12-20"",""migration_method"":""puzzle2_2"",""name_2"":""Larena""},{""gid_2"":""PHL.68.3_1"",""migration_date"":""2025-12-20"",""migration_method"":""puzzle2_2"",""name_2"":""Lazi""},{""gid_2"":""PHL.68.4_1"",""migration_date"":""2025-12-20"",""migration_method"":""puzzle2_2"",""name_2"":""Maria""},{""gid_2"":""PHL.68.5_1"",""migration_date"":""2025-12-20"",""migration_method"":""puzzle2_2"",""name_2"":""San Juan""},{""gid_2"":""PHL.68.6_1"",""migration_date"":""2025-12-20"",""migration_method"":""puzzle2_2"",""name_2"":""Siquijor""}]",2014-07-29,2025-12-20,2013-10-15,2013-10-15,2013-10-15
2013-0029-SLB,No,nat-geo-ear-tsu,Natural,Geophysical,Earthquake,Tsunami,GLIDE:TS-2013-000015|USGS:usc000f1s0,,SLB,Solomon Islands,Melanesia,Oceania,Santa Cruz islands (Temotu (Adminitrative unit not available) province),,Tsunami/Tidal wave,Yes,No,No,,8.0,Moment Magnitude,-10.799,165.114,,2013,2.0,6.0,2013,2.0,6.0,10.0,,3329.0,,3329.0,,,,,2000.0,2764.0,72.35973747892506,"[{""adm2_code"":25652,""adm2_name"":""Administrative unit not available""}]","[{""gid_2"":""SLB.1.10_1"",""migration_date"":""2025-12-20"",""migration_method"":""puzzle2_2"",""name_2"":""South Savo""},{""gid_2"":""SLB.1.11_1"",""migration_date"":""2025-12-20"",""migration_method"":""puzzle2_2"",""name_2"":""South West Gela""},{""gid_2"":""SLB.1.12_1"",""migration_date"":""2025-12-20"",""migration_method"":""puzzle2_2"",""name_2"":""Tulagi""},{""gid_2"":""SLB.1.13_1"",""migration_date"":""2025-12-20"",""migration_method"":""puzzle2_2"",""name_2"":""West Gela""},{""gid_2"":""SLB.1.1_1"",""migration_date"":""2025-12-20"",""migration_method"":""puzzle2_2"",""name_2"":""East Gela""},{""gid_2"":""SLB.1.2_1"",""migration_date"":""2025-12-20"",""migration_method"":""puzzle2_2"",""name_2"":""Lovukol""},{""gid_2"":""SLB.1.3_1"",""migration_date"":""2025-12-20"",""migration_method"":""puzzle2_2"",""name_2"":""Mbanika""},{""gid_2"":""SLB.1.4_1"",""migration_date"":""2025-12-20"",""migration_method"":""puzzle2_2"",""name_2"":""North East Gela""},{""gid_2"":""SLB.1.5_1"",""migration_date"":""2025-12-20"",""migration_method"":""puzzle2_2"",""name_2"":""North Savo""},{""gid_2"":""SLB.1.6_1"",""migration_date"":""2025-12-20"",""migration_method"":""puzzle2_2"",""name_2"":""North West Gela""},{""gid_2"":""SLB.1.7_1"",""migration_date"":""2025-12-20"",""migration_method"":""puzzle2_2"",""name_2"":""Pavuvu""},{""gid_2"":""SLB.1.8_1"",""migration_date"":""2025-12-20"",""migration_method"":""puzzle2_2"",""name_2"":""Sandfly-Buenavista""},{""gid_2"":""SLB.1.9_1"",""migration_date"":""2025-12-20"",""migration_method"":""puzzle2_2"",""name_2"":""South East Gela""},{""gid_2"":""SLB.10.10_1"",""migration_date"":""2025-12-20"",""migration_method"":""puzzle2_2"",""name_2"":""Munda""},{""gid_2"":""SLB.10.11_1"",""migration_date"":""2025-12-20"",""migration_method"":""puzzle2_2"",""name_2"":""Nggatokae""},{""gid_2"":""SLB.10.12_1"",""migration_date"":""2025-12-20"",""migration_method"":""puzzle2_2"",""name_2"":""Nono""},{""gid_2"":""SLB.10.13_1"",""migration_date"":""2025-12-20"",""migration_method"":""puzzle2_2"",""name_2"":""Noro""},{""gid_2"":""SLB.10.14_1"",""migration_date"":""2025-12-20"",""migration_method"":""puzzle2_2"",""name_2"":""North Kolombangara""},{""gid_2"":""SLB.10.15_1"",""migration_date"":""2025-12-20"",""migration_method"":""puzzle2_2"",""name_2"":""North Ranongga""},{""gid_2"":""SLB.10.16_1"",""migration_date"":""2025-12-20"",""migration_method"":""puzzle2_2"",""name_2"":""North Rendova""},{""gid_2"":""SLB.10.17_1"",""migration_date"":""2025-12-20"",""migration_method"":""puzzle2_2"",""name_2"":""North Vangunu""},{""gid_2"":""SLB.10.18_1"",""migration_date"":""2025-12-20"",""migration_method"":""puzzle2_2"",""name_2"":""Nusa Roviana""},{""gid_2"":""SLB.10.19_1"",""migration_date"":""2025-12-20"",""migration_method"":""puzzle2_2"",""name_2"":""Outer Shortlands""},{""gid_2"":""SLB.10.1_1"",""migration_date"":""2025-12-20"",""migration_method"":""puzzle2_2"",""name_2"":""Bilua""},{""gid_2"":""SLB.10.20_1"",""migration_date"":""2025-12-20"",""migration_method"":""puzzle2_2"",""name_2"":""Roviana Lagoon""},{""gid_2"":""SLB.10.21_1"",""migration_date"":""2025-12-20"",""migration_method"":""puzzle2_2"",""name_2"":""Simbo""},{""gid_2"":""SLB.10.22_1"",""migration_date"":""2025-12-20"",""migration_method"":""puzzle2_2"",""name_2"":""South Kolombangara""},{""gid_2"":""SLB.10.23_1"",""migration_date"":""2025-12-20"",""migration_method"":""puzzle2_2"",""name_2"":""South Ranongga""},{""gid_2"":""SLB.10.24_1"",""migration_date"":""2025-12-20"",""migration_method"":""puzzle2_2"",""name_2"":""South Rendova""},{""gid_2"":""SLB.10.25_1"",""migration_date"":""2025-12-20"",""migration_method"":""puzzle2_2"",""name_2"":""Vonavona""},{""gid_2"":""SLB.10.26_1"",""migration_date"":""2025-12-20"",""migration_method"":""puzzle2_2"",""name_2"":""Vonunu""},{""gid_2"":""SLB.10.2_1"",""migration_date"":""2025-12-20"",""migration_method"":""puzzle2_2"",""name_2"":""Buini Tusu""},{""gid_2"":""SLB.10.3_1"",""migration_date"":""2025-12-20"",""migration_method"":""puzzle2_2"",""name_2"":""Central Ranongga""},{""gid_2"":""SLB.10.4_1"",""migration_date"":""2025-12-20"",""migration_method"":""puzzle2_2"",""name_2"":""Dovele""},{""gid_2"":""SLB.10.5_1"",""migration_date"":""2025-12-20"",""migration_method"":""puzzle2_2"",""name_2"":""Gizo""},{""gid_2"":""SLB.10.6_1"",""migration_date"":""2025-12-20"",""migration_method"":""puzzle2_2"",""name_2"":""Inner Shortlands""},{""gid_2"":""SLB.10.7_1"",""migration_date"":""2025-12-20"",""migration_method"":""puzzle2_2"",""name_2"":""Iringgila""},{""gid_2"":""SLB.10.8_1"",""migration_date"":""2025-12-20"",""migration_method"":""puzzle2_2"",""name_2"":""Kolombaghea""},{""gid_2"":""SLB.10.9_1"",""migration_date"":""2025-12-20"",""migration_method"":""puzzle2_2"",""name_2"":""Kusaghe""},{""gid_2"":""SLB.2.10_1"",""migration_date"":""2025-12-20"",""migration_method"":""puzzle2_2"",""name_2"":""Tavula""},{""gid_2"":""SLB.2.11_1"",""migration_date"":""2025-12-20"",""migration_method"":""puzzle2_2"",""name_2"":""Tepakaza""},{""gid_2"":""SLB.2.12_1"",""migration_date"":""2025-12-20"",""migration_method"":""puzzle2_2"",""name_2"":""Vasiduki""},{""gid_2"":""SLB.2.13_1"",""migration_date"":""2025-12-20"",""migration_method"":""puzzle2_2"",""name_2"":""Viviru""},{""gid_2"":""SLB.2.14_1"",""migration_date"":""2025-12-20"",""migration_method"":""puzzle2_2"",""name_2"":""Waghina""},{""gid_2"":""SLB.2.1_1"",""migration_date"":""2025-12-20"",""migration_method"":""puzzle2_2"",""name_2"":""Babatana""},{""gid_2"":""SLB.2.2_1"",""migration_date"":""2025-12-20"",""migration_method"":""puzzle2_2"",""name_2"":""Bangara""},{""gid_2"":""SLB.2.3_1"",""migration_date"":""2025-12-20"",""migration_method"":""puzzle2_2"",""name_2"":""Batava""},{""gid_2"":""SLB.2.4_1"",""migration_date"":""2025-12-20"",""migration_method"":""puzzle2_2"",""name_2"":""Katupika""},{""gid_2"":""SLB.2.5_1"",""migration_date"":""2025-12-20"",""migration_method"":""puzzle2_2"",""name_2"":""Kerepangara""},{""gid_2"":""SLB.2.6_1"",""migration_date"":""2025-12-20"",""migration_method"":""puzzle2_2"",""name_2"":""Kirugela""},{""gid_2"":""SLB.2.7_1"",""migration_date"":""2025-12-20"",""migration_method"":""puzzle2_2"",""name_2"":""Polo""},{""gid_2"":""SLB.2.8_1"",""migration_date"":""2025-12-20"",""migration_method"":""puzzle2_2"",""name_2"":""Senga""},{""gid_2"":""SLB.2.9_1"",""migration_date"":""2025-12-20"",""migration_method"":""puzzle2_2"",""name_2"":""Susuka""},{""gid_2"":""SLB.3.10_1"",""migration_date"":""2025-12-20"",""migration_method"":""puzzle2_2"",""name_2"":""Moli""},{""gid_2"":""SLB.3.11_1"",""migration_date"":""2025-12-20"",""migration_method"":""puzzle2_2"",""name_2"":""Paripao""},{""gid_2"":""SLB.3.12_1"",""migration_date"":""2025-12-20"",""migration_method"":""puzzle2_2"",""name_2"":""Saghalu""},{""gid_2"":""SLB.3.13_1"",""migration_date"":""2025-12-20"",""migration_method"":""puzzle2_2"",""name_2"":""Savulei""},{""gid_2"":""SLB.3.14_1"",""migration_date"":""2025-12-20"",""migration_method"":""puzzle2_2"",""name_2"":""Talise""},{""gid_2"":""SLB.3.15_1"",""migration_date"":""2025-12-20"",""migration_method"":""puzzle2_2"",""name_2"":""Tandai""},{""gid_2"":""SLB.3.16_1"",""migration_date"":""2025-12-20"",""migration_method"":""puzzle2_2"",""name_2"":""Tangarare""},{""gid_2"":""SLB.3.17_1"",""migration_date"":""2025-12-20"",""migration_method"":""puzzle2_2"",""name_2"":""Tetekanji""},{""gid_2"":""SLB.3.18_1"",""migration_date"":""2025-12-20"",""migration_method"":""puzzle2_2"",""name_2"":""Valasi""},{""gid_2"":""SLB.3.19_1"",""migration_date"":""2025-12-20"",""migration_method"":""puzzle2_2"",""name_2"":""Vatukulau""},{""gid_2"":""SLB.3.1_1"",""migration_date"":""2025-12-20"",""migration_method"":""puzzle2_2"",""name_2"":""Aola""},{""gid_2"":""SLB.3.20_1"",""migration_date"":""2025-12-20"",""migration_method"":""puzzle2_2"",""name_2"":""Vulolo""},{""gid_2"":""SLB.3.21_1"",""migration_date"":""2025-12-20"",""migration_method"":""puzzle2_2"",""name_2"":""Wanderer Bay""},{""gid_2"":""SLB.3.22_1"",""migration_date"":""2025-12-20"",""migration_method"":""puzzle2_2"",""name_2"":""West Ghaobata""},{""gid_2"":""SLB.3.2_1"",""migration_date"":""2025-12-20"",""migration_method"":""puzzle2_2"",""name_2"":""Avuavu""},{""gid_2"":""SLB.3.3_1"",""migration_date"":""2025-12-20"",""migration_method"":""puzzle2_2"",""name_2"":""Birao""},{""gid_2"":""SLB.3.4_1"",""migration_date"":""2025-12-20"",""migration_method"":""puzzle2_2"",""name_2"":""Duidui""},{""gid_2"":""SLB.3.5_1"",""migration_date"":""2025-12-20"",""migration_method"":""puzzle2_2"",""name_2"":""East Ghaobata""},{""gid_2"":""SLB.3.6_1"",""migration_date"":""2025-12-20"",""migration_method"":""puzzle2_2"",""name_2"":""East Tasimboko""},{""gid_2"":""SLB.3.7_1"",""migration_date"":""2025-12-20"",""migration_method"":""puzzle2_2"",""name_2"":""Kolokarako""},{""gid_2"":""SLB.3.8_1"",""migration_date"":""2025-12-20"",""migration_method"":""puzzle2_2"",""name_2"":""Longgu""},{""gid_2"":""SLB.3.9_1"",""migration_date"":""2025-12-20"",""migration_method"":""puzzle2_2"",""name_2"":""Malango""},{""gid_2"":""SLB.4.10_1"",""migration_date"":""2025-12-20"",""migration_method"":""puzzle2_2"",""name_2"":""Vavaea""},{""gid_2"":""SLB.4.11_1"",""migration_date"":""2025-12-20"",""migration_method"":""puzzle2_2"",""name_2"":""Vuhokesa""},{""gid_2"":""SLB.4.12_1"",""migration_date"":""2025-12-20"",""migration_method"":""puzzle2_2"",""name_2"":""Vura""},{""gid_2"":""SLB.4.1_1"",""migration_date"":""2025-12-20"",""migration_method"":""puzzle2_2"",""name_2"":""Cruz""},{""gid_2"":""SLB.4.2_1"",""migration_date"":""2025-12-20"",""migration_method"":""puzzle2_2"",""name_2"":""Kola'a""},{""gid_2"":""SLB.4.3_1"",""migration_date"":""2025-12-20"",""migration_method"":""puzzle2_2"",""name_2"":""Kukum""},{""gid_2"":""SLB.4.4_1"",""migration_date"":""2025-12-20"",""migration_method"":""puzzle2_2"",""name_2"":""Mataniko""},{""gid_2"":""SLB.4.5_1"",""migration_date"":""2025-12-20"",""migration_method"":""puzzle2_2"",""name_2"":""Mbumburu""},{""gid_2"":""SLB.4.6_1"",""migration_date"":""2025-12-20"",""migration_method"":""puzzle2_2"",""name_2"":""Naha""},{""gid_2"":""SLB.4.7_1"",""migration_date"":""2025-12-20"",""migration_method"":""puzzle2_2"",""name_2"":""Nggosi""},{""gid_2"":""SLB.4.8_1"",""migration_date"":""2025-12-20"",""migration_method"":""puzzle2_2"",""name_2"":""Panatina""},{""gid_2"":""SLB.4.9_1"",""migration_date"":""2025-12-20"",""migration_method"":""puzzle2_2"",""name_2"":""Rove - Lengakiki""},{""gid_2"":""SLB.5.10_1"",""migration_date"":""2025-12-20"",""migration_method"":""puzzle2_2"",""name_2"":""Kolotubi""},{""gid_2"":""SLB.5.11_1"",""migration_date"":""2025-12-20"",""migration_method"":""puzzle2_2"",""name_2"":""Koviloko""},{""gid_2"":""SLB.5.12_1"",""migration_date"":""2025-12-20"",""migration_method"":""puzzle2_2"",""name_2"":""Samasodu""},{""gid_2"":""SLB.5.13_1"",""migration_date"":""2025-12-20"",""migration_method"":""puzzle2_2"",""name_2"":""Sigana""},{""gid_2"":""SLB.5.14_1"",""migration_date"":""2025-12-20"",""migration_method"":""puzzle2_2"",""name_2"":""Susubona""},{""gid_2"":""SLB.5.15_1"",""migration_date"":""2025-12-20"",""migration_method"":""puzzle2_2"",""name_2"":""Tatamba""},{""gid_2"":""SLB.5.16_1"",""migration_date"":""2025-12-20"",""migration_method"":""puzzle2_2"",""name_2"":""Tirotonga""},{""gid_2"":""SLB.5.1_1"",""migration_date"":""2025-12-20"",""migration_method"":""puzzle2_2"",""name_2"":""Buala""},{""gid_2"":""SLB.5.2_1"",""migration_date"":""2025-12-20"",""migration_method"":""puzzle2_2"",""name_2"":""Havulei""},{""gid_2"":""SLB.5.3_1"",""migration_date"":""2025-12-20"",""migration_method"":""puzzle2_2"",""name_2"":""Hovukoilo""},{""gid_2"":""SLB.5.4_1"",""migration_date"":""2025-12-20"",""migration_method"":""puzzle2_2"",""name_2"":""Japuana""},{""gid_2"":""SLB.5.5_1"",""migration_date"":""2025-12-20"",""migration_method"":""puzzle2_2"",""name_2"":""Kaloka""},{""gid_2"":""SLB.5.6_1"",""migration_date"":""2025-12-20"",""migration_method"":""puzzle2_2"",""name_2"":""Kia""},{""gid_2"":""SLB.5.7_1"",""migration_date"":""2025-12-20"",""migration_method"":""puzzle2_2"",""name_2"":""Kmaga""},{""gid_2"":""SLB.5.8_1"",""migration_date"":""2025-12-20"",""migration_method"":""puzzle2_2"",""name_2"":""Kokota""},{""gid_2"":""SLB.5.9_1"",""migration_date"":""2025-12-20"",""migration_method"":""puzzle2_2"",""name_2"":""Kolomola""},{""gid_2"":""SLB.6.10_1"",""migration_date"":""2025-12-20"",""migration_method"":""puzzle2_2"",""name_2"":""Rawo""},{""gid_2"":""SLB.6.11_1"",""migration_date"":""2025-12-20"",""migration_method"":""puzzle2_2"",""name_2"":""Santa Ana""},{""gid_2"":""SLB.6.12_1"",""migration_date"":""2025-12-20"",""migration_method"":""puzzle2_2"",""name_2"":""Santa Catalina""},{""gid_2"":""SLB.6.13_1"",""migration_date"":""2025-12-20"",""migration_method"":""puzzle2_2"",""name_2"":""South Ulawa""},{""gid_2"":""SLB.6.14_1"",""migration_date"":""2025-12-20"",""migration_method"":""puzzle2_2"",""name_2"":""Star Harbour North""},{""gid_2"":""SLB.6.15_1"",""migration_date"":""2025-12-20"",""migration_method"":""puzzle2_2"",""name_2"":""Star Harbour South""},{""gid_2"":""SLB.6.16_1"",""migration_date"":""2025-12-20"",""migration_method"":""puzzle2_2"",""name_2"":""Ugi and Pio""},{""gid_2"":""SLB.6.17_1"",""migration_date"":""2025-12-20"",""migration_method"":""puzzle2_2"",""name_2"":""Wainoni East""},{""gid_2"":""SLB.6.18_1"",""migration_date"":""2025-12-20"",""migration_method"":""puzzle2_2"",""name_2"":""Wainoni West""},{""gid_2"":""SLB.6.19_1"",""migration_date"":""2025-12-20"",""migration_method"":""puzzle2_2"",""name_2"":""Weather Coast""},{""gid_2"":""SLB.6.1_1"",""migration_date"":""2025-12-20"",""migration_method"":""puzzle2_2"",""name_2"":""Arosi East""},{""gid_2"":""SLB.6.20_1"",""migration_date"":""2025-12-20"",""migration_method"":""puzzle2_2"",""name_2"":""West Ulawa""},{""gid_2"":""SLB.6.2_1"",""migration_date"":""2025-12-20"",""migration_method"":""puzzle2_2"",""name_2"":""Arosi North""},{""gid_2"":""SLB.6.3_1"",""migration_date"":""2025-12-20"",""migration_method"":""puzzle2_2"",""name_2"":""Arosi South""},{""gid_2"":""SLB.6.4_1"",""migration_date"":""2025-12-20"",""migration_method"":""puzzle2_2"",""name_2"":""Arosi West""},{""gid_2"":""SLB.6.5_1"",""migration_date"":""2025-12-20"",""migration_method"":""puzzle2_2"",""name_2"":""Bauro Central""},{""gid_2"":""SLB.6.6_1"",""migration_date"":""2025-12-20"",""migration_method"":""puzzle2_2"",""name_2"":""Bauro East""},{""gid_2"":""SLB.6.7_1"",""migration_date"":""2025-12-20"",""migration_method"":""puzzle2_2"",""name_2"":""Bauro West""},{""gid_2"":""SLB.6.8_1"",""migration_date"":""2025-12-20"",""migration_method"":""puzzle2_2"",""name_2"":""Haununu""},{""gid_2"":""SLB.6.9_1"",""migration_date"":""2025-12-20"",""migration_method"":""puzzle2_2"",""name_2"":""North Ulawa""},{""gid_2"":""SLB.7.10_1"",""migration_date"":""2025-12-20"",""migration_method"":""puzzle2_2"",""name_2"":""Faumamanu - Kwai""},{""gid_2"":""SLB.7.11_1"",""migration_date"":""2025-12-20"",""migration_method"":""puzzle2_2"",""name_2"":""Foondo - Gwaiau""},{""gid_2"":""SLB.7.12_1"",""migration_date"":""2025-12-20"",""migration_method"":""puzzle2_2"",""name_2"":""Fouenda""},{""gid_2"":""SLB.7.13_1"",""migration_date"":""2025-12-20"",""migration_method"":""puzzle2_2"",""name_2"":""Gulalafou""},{""gid_2"":""SLB.7.14_1"",""migration_date"":""2025-12-20"",""migration_method"":""puzzle2_2"",""name_2"":""Kwaimela - Radefasu""},{""gid_2"":""SLB.7.15_1"",""migration_date"":""2025-12-20"",""migration_method"":""puzzle2_2"",""name_2"":""Kwarekwareo""},{""gid_2"":""SLB.7.16_1"",""migration_date"":""2025-12-20"",""migration_method"":""puzzle2_2"",""name_2"":""Langalanga""},{""gid_2"":""SLB.7.18_1"",""migration_date"":""2025-12-20"",""migration_method"":""puzzle2_2"",""name_2"":""Malu'u""},{""gid_2"":""SLB.7.19_1"",""migration_date"":""2025-12-20"",""migration_method"":""puzzle2_2"",""name_2"":""Mandalua - Folotana""},{""gid_2"":""SLB.7.1_1"",""migration_date"":""2025-12-20"",""migration_method"":""puzzle2_2"",""name_2"":""Aba - Asimeuru""},{""gid_2"":""SLB.7.20_1"",""migration_date"":""2025-12-20"",""migration_method"":""puzzle2_2"",""name_2"":""Mareho""},{""gid_2"":""SLB.7.21_1"",""migration_date"":""2025-12-20"",""migration_method"":""puzzle2_2"",""name_2"":""Matakwalao""},{""gid_2"":""SLB.7.22_1"",""migration_date"":""2025-12-20"",""migration_method"":""puzzle2_2"",""name_2"":""Nafinua""},{""gid_2"":""SLB.7.24_1"",""migration_date"":""2025-12-20"",""migration_method"":""puzzle2_2"",""name_2"":""Raroisuu""},{""gid_2"":""SLB.7.25_1"",""migration_date"":""2025-12-20"",""migration_method"":""puzzle2_2"",""name_2"":""Siesie""},{""gid_2"":""SLB.7.27_1"",""migration_date"":""2025-12-20"",""migration_method"":""puzzle2_2"",""name_2"":""Sububenu-Burianias""},{""gid_2"":""SLB.7.28_1"",""migration_date"":""2025-12-20"",""migration_method"":""puzzle2_2"",""name_2"":""Sulufou-Kwarande""},{""gid_2"":""SLB.7.29_1"",""migration_date"":""2025-12-20"",""migration_method"":""puzzle2_2"",""name_2"":""Tai""},{""gid_2"":""SLB.7.2_1"",""migration_date"":""2025-12-20"",""migration_method"":""puzzle2_2"",""name_2"":""Aiaisi""},{""gid_2"":""SLB.7.30_1"",""migration_date"":""2025-12-20"",""migration_method"":""puzzle2_2"",""name_2"":""Takwa""},{""gid_2"":""SLB.7.31_1"",""migration_date"":""2025-12-20"",""migration_method"":""puzzle2_2"",""name_2"":""Waneagu-Taelanasin""},{""gid_2"":""SLB.7.32_1"",""migration_date"":""2025-12-20"",""migration_method"":""puzzle2_2"",""name_2"":""Weagu Silana Sina""},{""gid_2"":""SLB.7.33_1"",""migration_date"":""2025-12-20"",""migration_method"":""puzzle2_2"",""name_2"":""West Baegut-Fatale""},{""gid_2"":""SLB.7.3_1"",""migration_date"":""2025-12-20"",""migration_method"":""puzzle2_2"",""name_2"":""Aimela""},{""gid_2"":""SLB.7.4_1"",""migration_date"":""2025-12-20"",""migration_method"":""puzzle2_2"",""name_2"":""Areare""},{""gid_2"":""SLB.7.5_1"",""migration_date"":""2025-12-20"",""migration_method"":""puzzle2_2"",""name_2"":""Asimae""},{""gid_2"":""SLB.7.6_1"",""migration_date"":""2025-12-20"",""migration_method"":""puzzle2_2"",""name_2"":""Auki""},{""gid_2"":""SLB.7.7_1"",""migration_date"":""2025-12-20"",""migration_method"":""puzzle2_2"",""name_2"":""Buma""},{""gid_2"":""SLB.7.8_1"",""migration_date"":""2025-12-20"",""migration_method"":""puzzle2_2"",""name_2"":""East Baegu""},{""gid_2"":""SLB.7.9_1"",""migration_date"":""2025-12-20"",""migration_method"":""puzzle2_2"",""name_2"":""Fauabu""},{""gid_2"":""SLB.8.1_1"",""migration_date"":""2025-12-20"",""migration_method"":""puzzle2_2"",""name_2"":""East Ghongau""},{""gid_2"":""SLB.8.3_1"",""migration_date"":""2025-12-20"",""migration_method"":""puzzle2_2"",""name_2"":""Kangava""},{""gid_2"":""SLB.8.4_1"",""migration_date"":""2025-12-20"",""migration_method"":""puzzle2_2"",""name_2"":""Lughu""},{""gid_2"":""SLB.8.5_1"",""migration_date"":""2025-12-20"",""migration_method"":""puzzle2_2"",""name_2"":""Matangi""},{""gid_2"":""SLB.8.6_1"",""migration_date"":""2025-12-20"",""migration_method"":""puzzle2_2"",""name_2"":""Mugihenua""},{""gid_2"":""SLB.8.7_1"",""migration_date"":""2025-12-20"",""migration_method"":""puzzle2_2"",""name_2"":""Sa'Aiho""},{""gid_2"":""SLB.8.8_1"",""migration_date"":""2025-12-20"",""migration_method"":""puzzle2_2"",""name_2"":""Tetau Nangoto""},{""gid_2"":""SLB.8.9_1"",""migration_date"":""2025-12-20"",""migration_method"":""puzzle2_2"",""name_2"":""West Ghongau""},{""gid_2"":""SLB.9.10_1"",""migration_date"":""2025-12-20"",""migration_method"":""puzzle2_2"",""name_2"":""Neo""},{""gid_2"":""SLB.9.11_1"",""migration_date"":""2025-12-20"",""migration_method"":""puzzle2_2"",""name_2"":""Nevenema""},{""gid_2"":""SLB.9.12_1"",""migration_date"":""2025-12-20"",""migration_method"":""puzzle2_2"",""name_2"":""Nipua-Nopoli""},{""gid_2"":""SLB.9.13_1"",""migration_date"":""2025-12-20"",""migration_method"":""puzzle2_2"",""name_2"":""North East Santa Cruz""},{""gid_2"":""SLB.9.14_1"",""migration_date"":""2025-12-20"",""migration_method"":""puzzle2_2"",""name_2"":""Polynesian Outer Islands""},{""gid_2"":""SLB.9.15_1"",""migration_date"":""2025-12-20"",""migration_method"":""puzzle2_2"",""name_2"":""Tikopia""},{""gid_2"":""SLB.9.16_1"",""migration_date"":""2025-12-20"",""migration_method"":""puzzle2_2"",""name_2"":""Utupua""},{""gid_2"":""SLB.9.17_1"",""migration_date"":""2025-12-20"",""migration_method"":""puzzle2_2"",""name_2"":""Vanikoro""},{""gid_2"":""SLB.9.3_1"",""migration_date"":""2025-12-20"",""migration_method"":""puzzle2_2"",""name_2"":""Graciosa Bay""},{""gid_2"":""SLB.9.4_1"",""migration_date"":""2025-12-20"",""migration_method"":""puzzle2_2"",""name_2"":""Lipe-Temua""},{""gid_2"":""SLB.9.5_1"",""migration_date"":""2025-12-20"",""migration_method"":""puzzle2_2"",""name_2"":""Luva Station""},{""gid_2"":""SLB.9.6_1"",""migration_date"":""2025-12-20"",""migration_method"":""puzzle2_2"",""name_2"":""Manuopo""},{""gid_2"":""SLB.9.7_1"",""migration_date"":""2025-12-20"",""migration_method"":""puzzle2_2"",""name_2"":""Nanggu-Lord Howe""},{""gid_2"":""SLB.9.8_1"",""migration_date"":""2025-12-20"",""migration_method"":""puzzle2_2"",""name_2"":""Nea-Noole""},{""gid_2"":""SLB.9.9_1"",""migration_date"":""2025-12-20"",""migration_method"":""puzzle2_2"",""name_2"":""Nenumpo""}]",2014-07-29,2025-12-20,2013-02-06,2013-02-06,2013-02-06
2013-0561-TWN,No,nat-geo-ear-gro,Natural,Geophysical,Earthquake,Ground movement,USGS:usb000ftgc,,TWN,Taiwan (Province of China),Eastern Asia,Asia,"Puli city (Name Unknown district, Taiwan Sheng province)",,,No,No,No,,5.9,Moment Magnitude,23.828,121.215,,2013,3.0,27.0,2013,3.0,27.0,1.0,97.0,,,97.0,,,,,1000.0,1382.0,72.35973747892506,"[{""adm2_code"":13277,""adm2_name"":""Name Unknown""}]","[{""gid_2"":""TWN.2.1_1"",""migration_date"":""2025-12-20"",""migration_method"":""puzzle2_2"",""name_2"":""Kaohsiung""},{""gid_2"":""TWN.3.1_1"",""migration_date"":""2025-12-20"",""migration_method"":""puzzle2_2"",""name_2"":""New Taipei""},{""gid_2"":""TWN.4.1_1"",""migration_date"":""2025-12-20"",""migration_method"":""puzzle2_2"",""name_2"":""Taichung""},{""gid_2"":""TWN.5.1_1"",""migration_date"":""2025-12-20"",""migration_method"":""puzzle2_2"",""name_2"":""Tainan""},{""gid_2"":""TWN.7.11_1"",""migration_date"":""2025-12-20"",""migration_method"":""puzzle2_2"",""name_2"":""Pingtung""},{""gid_2"":""TWN.7.12_1"",""migration_date"":""2025-12-20"",""migration_method"":""puzzle2_2"",""name_2"":""Taitung""},{""gid_2"":""TWN.7.13_1"",""migration_date"":""2025-12-20"",""migration_method"":""puzzle2_2"",""name_2"":""Taoyuan""},{""gid_2"":""TWN.7.14_1"",""migration_date"":""2025-12-20"",""migration_method"":""puzzle2_2"",""name_2"":""Yilan""},{""gid_2"":""TWN.7.15_1"",""migration_date"":""2025-12-20"",""migration_method"":""puzzle2_2"",""name_2"":""Yulin""},{""gid_2"":""TWN.7.1_1"",""migration_date"":""2025-12-20"",""migration_method"":""puzzle2_2"",""name_2"":""Changhua""},{""gid_2"":""TWN.7.2_1"",""migration_date"":""2025-12-20"",""migration_method"":""puzzle2_2"",""name_2"":""Chiayi City""},{""gid_2"":""TWN.7.3_1"",""migration_date"":""2025-12-20"",""migration_method"":""puzzle2_2"",""name_2"":""Chiayi County""},{""gid_2"":""TWN.7.4_1"",""migration_date"":""2025-12-20"",""migration_method"":""puzzle2_2"",""name_2"":""Hsinchu City""},{""gid_2"":""TWN.7.5_1"",""migration_date"":""2025-12-20"",""migration_method"":""puzzle2_2"",""name_2"":""Hsinchu County""},{""gid_2"":""TWN.7.6_1"",""migration_date"":""2025-12-20"",""migration_method"":""puzzle2_2"",""name_2"":""Hualien""},{""gid_2"":""TWN.7.8_1"",""migration_date"":""2025-12-20"",""migration_method"":""puzzle2_2"",""name_2"":""Miaoli""},{""gid_2"":""TWN.7.9_1"",""migration_date"":""2025-12-20"",""migration_method"":""puzzle2_2"",""name_2"":""Nantou""}]",2014-01-20,2025-12-20,2013-03-27,2013-03-27,2013-03-27
2013-0206-TWN,No,nat-geo-ear-gro,Natural,Geophysical,Earthquake,Ground movement,USGS:usb000hbrt,,TWN,Taiwan (Province of China),Eastern Asia,Asia,Taiwan Sheng province,,,No,No,No,,6.2,Moment Magnitude,23.789,121.141,,2013,6.0,2.0,2013,6.0,2.0,4.0,19.0,1500.0,,1519.0,,,,,1100.0,1520.0,72.35973747892506,"[{""adm1_code"":925,""adm1_name"":""Taiwan Sheng""}]","[{""gid_1"":""TWN.2_1"",""migration_date"":""2025-12-20"",""migration_method"":""puzzle1_1"",""name_1"":""Kaohsiung""},{""gid_1"":""TWN.3_1"",""migration_date"":""2025-12-20"",""migration_method"":""puzzle1_1"",""name_1"":""New Taipei""},{""gid_1"":""TWN.4_1"",""migration_date"":""2025-12-20"",""migration_method"":""puzzle1_1"",""name_1"":""Taichung""},{""gid_1"":""TWN.5_1"",""migration_date"":""2025-12-20"",""migration_method"":""puzzle1_1"",""name_1"":""Tainan""},{""gid_1"":""TWN.6_1"",""migration_date"":""2025-12-20"",""migration_method"":""puzzle1_1"",""name_1"":""Taipei""},{""gid_1"":""TWN.7_1"",""migration_date"":""2025-12-20"",""migration_method"":""puzzle1_1"",""name_1"":""Taiwan""}]",2013-07-18,2025-12-20,2013-06-02,2013-06-02,2013-06-02
2014-0298-DZA,No,nat-geo-ear-gro,Natural,Geophysical,Earthquake,Ground movement,USGS:usb000rz1p,,DZA,Algeria,Northern Africa,Africa,"Alger, Boumerdes provinces",,,No,No,No,,5.5,Moment Magnitude,36.8561,3.181,,2014,8.0,1.0,2014,8.0,1.0,6.0,420.0,,,420.0,,,,,,,73.53357700926716,"[{""adm1_code"":344,""adm1_name"":""Alger""},{""adm1_code"":353,""adm1_name"":""Boumerdes""}]","[{""gid_1"":""DZA.13_1"",""migration_date"":""2025-12-20"",""migration_method"":""jaccard1"",""name_1"":""Boumerdès""},{""gid_1"":""DZA.4_1"",""migration_date"":""2025-12-20"",""migration_method"":""jaccard1"",""name_1"":""Alger""}]",2014-09-04,2025-12-20,2014-08-01,2014-08-01,2014-08-01
2014-0094-CHL,No,nat-geo-ear-gro,Natural,Geophysical,Earthquake,Ground movement,GLIDE:EQ-2014-000044|USGS:usc000nzvd,,CHL,Chile,Latin America and the Caribbean,Americas,"Arica y Painacota province, Alto Hospicio commune (Iquique district, Tarapaca province)",,"Slide (land, mud, snow, rock)",No,No,Yes,,8.2,Moment Magnitude,-19.61,-70.769,,2014,4.0,1.0,2014,4.0,1.0,6.0,,513387.0,,513387.0,,,,,100000.0,135992.0,73.53357700926716,"[{""adm1_code"":91503,""adm1_name"":""Arica y Painacota""},{""adm2_code"":91517,""adm2_name"":""Iquique""}]",,2014-04-22,2023-09-25,2014-04-01,2014-04-01,2014-04-01
2014-0086-CHN,No,nat-geo-ear-gro,Natural,Geophysical,Earthquake,Ground movement,USGS:usc000mnvj,,CHN,China,Eastern Asia,Asia,"Yutian Xian area (Khotan district, Xinjiang Uygur Zizhiqu province)",,,No,No,No,,6.9,Moment Magnitude,35.9053,82.5864,,2014,2.0,12.0,2014,2.0,12.0,,,450000.0,,450000.0,,,,,174000.0,236627.0,73.53357700926716,"[{""adm2_code"":13290,""adm2_name"":""Khotan""}]","[{""gid_2"":""CHN.28.10_1"",""migration_date"":""2025-12-20"",""migration_method"":""jaccard2"",""name_2"":""Khotan""}]",2014-03-06,2025-12-20,2014-02-12,2014-02-12,2014-02-12
2014-0129-CHN,No,nat-geo-ear-gro,Natural,Geophysical,Earthquake,Ground movement,USGS:usc000p61s,,CHN,China,Eastern Asia,Asia,"Xiluoduzhen village (Zhaotong district, Yunnan Sheng province)",,,No,No,No,,5.4,Moment Magnitude,28.174,103.619,,2014,4.0,4.0,2014,4.0,4.0,,21.0,75000.0,,75021.0,,,,,80000.0,108794.0,73.53357700926716,"[{""adm2_code"":13306,""adm2_name"":""Zhaotong""}]","[{""gid_2"":""CHN.30.16_1"",""migration_date"":""2025-12-20"",""migration_method"":""jaccard2"",""name_2"":""Zhaotong""}]",2014-05-09,2025-12-20,2014-04-04,2014-04-04,2014-04-04
2014-0177-CHN,No,nat-geo-ear-gro,Natural,Geophysical,Earthquake,Ground movement,GLIDE:EQ-2014-000066|USGS:usc000r8xg,,CHN,China,Eastern Asia,Asia,"Yingjiang area (Dehong Dai and Jingpo district, Yunnan Sheng province)",,,No,No,No,,5.9,Moment Magnitude,24.9997,97.845,,2014,5.0,30.0,2014,5.0,30.0,,45.0,184678.0,,184723.0,,,,,2000.0,2720.0,73.53357700926716,"[{""adm2_code"":13314,""adm2_name"":""Dehong Dai and Jingpo""}]","[{""gid_2"":""CHN.30.4_1"",""migration_date"":""2025-12-20"",""migration_method"":""jaccard2"",""name_2"":""Dehong Dai and Jingpo""}]",2014-06-11,2025-12-20,2014-05-30,2014-05-30,2014-05-30
2014-0281-CHN,No,nat-geo-ear-gro,Natural,Geophysical,Earthquake,Ground movement,GLIDE:EQ-2014-000102|USGS:usb000rzmg,,CHN,China,Eastern Asia,Asia,"Longtoushanzhen, Zhaotong cities (Ludian area, Zhaotong district, Yunnan Sheng province), Qiaojia area (Zhaotong district, Yunnan Sheng province), Huize area (Qujing district, Yunnan Sheng province), Guizhou Sheng, Sichuan Sheng provinces",,"Slide (land, mud, snow, rock)",No,No,No,,6.2,Moment Magnitude,27.1891,103.4086,,2014,8.0,3.0,2014,8.0,3.0,731.0,3413.0,1117100.0,,1120513.0,,,,,5000000.0,6799615.0,73.53357700926716,"[{""adm1_code"":905,""adm1_name"":""Guizhou Sheng""},{""adm1_code"":924,""adm1_name"":""Sichuan Sheng""},{""adm2_code"":13304,""adm2_name"":""Qujing""},{""adm2_code"":13306,""adm2_name"":""Zhaotong""}]","[{""gid_1"":""CHN.26_1"",""migration_date"":""2025-12-20"",""migration_method"":""jaccard1"",""name_1"":""Sichuan""},{""gid_1"":""CHN.8_1"",""migration_date"":""2025-12-20"",""migration_method"":""jaccard1"",""name_1"":""Guizhou""},{""gid_2"":""CHN.30.12_1"",""migration_date"":""2025-12-20"",""migration_method"":""jaccard2"",""name_2"":""Qujing""},{""gid_2"":""CHN.30.16_1"",""migration_date"":""2025-12-20"",""migration_method"":""jaccard2"",""name_2"":""Zhaotong""}]",2014-09-01,2026-01-25,2014-08-03,2014-08-03,2014-08-03
2014-0173-CHN,No,nat-geo-ear-gro,Natural,Geophysical,Earthquake,Ground movement,USGS:usb000r1y6,,CHN,China,Eastern Asia,Asia,"Yingjiang area (Dehong Dai and Jingpo district, Yunnan Sheng province)",,,No,No,No,,5.8,Moment Magnitude,24.974,97.844,,2014,5.0,24.0,2014,5.0,24.0,,15.0,225000.0,,225015.0,,,,,60000.0,81595.0,73.53357700926716,"[{""adm2_code"":13314,""adm2_name"":""Dehong Dai and Jingpo""}]","[{""gid_2"":""CHN.30.4_1"",""migration_date"":""2025-12-20"",""migration_method"":""jaccard2"",""name_2"":""Dehong Dai and Jingpo""}]",2014-06-11,2025-12-20,2014-05-24,2014-05-24,2014-05-24
2014-0464-CHN,No,nat-geo-ear-gro,Natural,Geophysical,Earthquake,Ground movement,GLIDE:EQ-2014-000157|USGS:usb000syy0,,CHN,China,Eastern Asia,Asia,Sichuan Sheng province,,,No,No,No,,5.9,Moment Magnitude,30.3398,101.7374,,2014,11.0,22.0,2014,11.0,22.0,5.0,65.0,82200.0,90.0,82355.0,,,,,50000.0,67996.0,73.53357700926716,"[{""adm1_code"":924,""adm1_name"":""Sichuan Sheng""}]","[{""gid_1"":""CHN.26_1"",""migration_date"":""2025-12-20"",""migration_method"":""jaccard1"",""name_1"":""Sichuan""}]",2014-11-24,2025-12-20,2014-11-22,2014-11-22,2014-11-22
2014-0449-CHN,No,nat-geo-ear-gro,Natural,Geophysical,Earthquake,Ground movement,GLIDE:EQ-2014-000140|USGS:usb000sjim,,CHN,China,Eastern Asia,Asia,"Yongping Xian area (Dali Bai district, Yunnan Sheng province)",,,No,No,No,,6.1,Moment Magnitude,23.3834,100.4702,,2014,10.0,7.0,2014,10.0,7.0,1.0,324.0,255000.0,,255324.0,,,,,274000.0,372619.0,73.53357700926716,"[{""adm2_code"":13312,""adm2_name"":""Dali Bai""}]","[{""gid_2"":""CHN.30.3_1"",""migration_date"":""2025-12-20"",""migration_method"":""jaccard2"",""name_2"":""Dali Bai""}]",2014-11-07,2025-12-20,2014-10-07,2014-10-07,2014-10-07
2014-0544-CHN,No,nat-geo-ear-gro,Natural,Geophysical,Earthquake,Ground movement,USGS:usc000t48q,,CHN,China,Eastern Asia,Asia,"Weiyuan Xian area (Dingxi district, Gansu Sheng province)",,,No,No,No,,5.6,Moment Magnitude,23.3577,100.533,,2014,12.0,6.0,2014,12.0,6.0,1.0,22.0,,2000.0,2022.0,,,,,,,73.53357700926716,"[{""adm2_code"":13022,""adm2_name"":""Dingxi""}]","[{""gid_2"":""CHN.5.2_1"",""migration_date"":""2025-12-20"",""migration_method"":""jaccard2"",""name_2"":""Dingxi""}]",2015-03-26,2025-12-20,2014-12-06,2014-12-06,2014-12-06
2014-0258-COM,No,nat-geo-ear-gro,Natural,Geophysical,Earthquake,Ground movement,USGS:usc000n9m9,,COM,Comoros,Sub-Saharan Africa,Africa,Anjouan province,,"Slide (land, mud, snow, rock)",Yes,No,No,,4.8,Moment Magnitude,-12.228,44.3,,2014,3.0,12.0,2014,3.0,12.0,,,10000.0,,10000.0,,,,,,,73.53357700926716,"[{""adm1_code"":967,""adm1_name"":""Anjouan""}]","[{""gid_1"":""COM.1_1"",""migration_date"":""2025-12-20"",""migration_method"":""jaccard1"",""name_1"":""Nzwani""}]",2014-07-29,2025-12-20,2014-03-12,2014-03-12,2014-03-12
2014-0049-GRC,No,nat-geo-ear-gro,Natural,Geophysical,Earthquake,Ground movement,USGS:usb000m8ch,,GRC,Greece,Southern Europe,Europe,"Lixouri, Kounopetra, Fiskardo villages (Kefalonia Isl., Kefallinias district, Ionioi Nisoi province)",,,No,No,Yes,,6.1,Moment Magnitude,38.2082,20.4528,,2014,1.0,26.0,2014,2.0,3.0,,23.0,2000.0,,2023.0,,,8000.0,10879.0,178000.0,242066.0,73.53357700926716,"[{""adm2_code"":16688,""adm2_name"":""Kefallinias""}]","[{""gid_2"":""GRC.7.1_1"",""migration_date"":""2025-12-20"",""migration_method"":""bufhaus2"",""name_2"":""Ionian Islands""}]",2014-02-28,2025-12-20,2014-01-26,2014-02-03,2014-01-26
2014-0174-GRC,No,nat-geo-ear-gro,Natural,Geophysical,Earthquake,Ground movement,USGS:usb000r2hc,,GRC,Greece,Southern Europe,Europe,"Limnos Island (Lesvou district, Voreio Aigaio province), Samothrace Island (Evrou district, Anatoliki Makedonnia Kai Thraki province)",,,No,No,No,,6.9,Moment Magnitude,40.2893,25.3889,,2014,5.0,24.0,2014,5.0,24.0,3.0,2.0,75000.0,,75002.0,,,,,450000.0,611965.0,73.53357700926716,"[{""adm2_code"":16676,""adm2_name"":""Evrou""},{""adm2_code"":16725,""adm2_name"":""Lesvou""}]","[{""gid_2"":""GRC.1.1_1"",""migration_date"":""2025-12-20"",""migration_method"":""bufhaus2"",""name_2"":""North Aegean""},{""gid_2"":""GRC.6.2_1"",""migration_date"":""2025-12-20"",""migration_method"":""bufhaus2"",""name_2"":""East Macedonia and Thrace""}]",2014-06-11,2025-12-20,2014-05-24,2014-05-24,2014-05-24
2014-0234-GTM,No,nat-geo-ear-gro,Natural,Geophysical,Earthquake,Ground movement,GLIDE:EQ-2014-000096|USGS:usc000rr6a,,GTM,Guatemala,Latin America and the Caribbean,Americas,"Huehuetenango, Quetzaltenango, Retalhuleu, San Marcos, Solola, Suchitepequez, Totonicapan provinces",,,No,No,Yes,,6.9,Moment Magnitude,14.724,-92.4614,,2014,7.0,7.0,2014,7.0,7.0,1.0,274.0,84679.0,9830.0,94783.0,,,,,,,73.53357700926716,"[{""adm1_code"":64827,""adm1_name"":""Sololá""},{""adm1_code"":64828,""adm1_name"":""Totonicapán""},{""adm1_code"":64829,""adm1_name"":""Quetzaltenango""},{""adm1_code"":64830,""adm1_name"":""Suchitepéquez""},{""adm1_code"":64831,""adm1_name"":""Retalhuleu""},{""adm1_code"":64832,""adm1_name"":""San Marcos""},{""adm1_code"":64833,""adm1_name"":""Huehuetenango""}]","[{""gid_1"":""GTM.13_1"",""migration_date"":""2025-12-20"",""migration_method"":""jaccard1"",""name_1"":""Quezaltenango""},{""gid_1"":""GTM.15_1"",""migration_date"":""2025-12-20"",""migration_method"":""jaccard1"",""name_1"":""Retalhuleu""},{""gid_1"":""GTM.17_1"",""migration_date"":""2025-12-20"",""migration_method"":""jaccard1"",""name_1"":""San Marcos""},{""gid_1"":""GTM.19_1"",""migration_date"":""2025-12-20"",""migration_method"":""jaccard1"",""name_1"":""Sololá""},{""gid_1"":""GTM.20_1"",""migration_date"":""2025-12-20"",""migration_method"":""jaccard1"",""name_1"":""Suchitepéquez""},{""gid_1"":""GTM.21_1"",""migration_date"":""2025-12-20"",""migration_method"":""jaccard1"",""name_1"":""Totonicapán""},{""gid_1"":""GTM.8_1"",""migration_date"":""2025-12-20"",""migration_method"":""jaccard1"",""name_1"":""Huehuetenango""}]",2014-07-22,2025-12-20,2014-07-07,2014-07-07,2014-07-07
2014-0287-IRN,No,nat-geo-ear-gro,Natural,Geophysical,Earthquake,Ground movement,GLIDE:EQ-2014-000111|USGS:usb000s3t7,,IRN,Iran (Islamic Republic of),Southern Asia,Asia,"Moormoori village (Abdanan district, Ilam province), Tape Hamane Oliya, Tape Hamane Sofla villages (Dehloran district, Ilam province)",,,No,No,No,,6.0,Moment Magnitude,32.5827,47.7037,,2014,8.0,18.0,2014,8.0,18.0,,250.0,,12000.0,12250.0,,,,,43000.0,58477.0,73.53357700926716,"[{""adm2_code"":40862,""adm2_name"":""Abdanan""},{""adm2_code"":40930,""adm2_name"":""Dehloran""}]","[{""gid_2"":""IRN.12.1_1"",""migration_date"":""2025-12-20"",""migration_method"":""jaccard2"",""name_2"":""Abdanan""},{""gid_2"":""IRN.12.3_1"",""migration_date"":""2025-12-20"",""migration_method"":""jaccard2"",""name_2"":""Dehloran""}]",2014-09-01,2025-12-20,2014-08-18,2014-08-18,2014-08-18
2014-0054-IRN,No,nat-geo-ear-gro,Natural,Geophysical,Earthquake,Ground movement,USGS:usc000lvhr,,IRN,Iran (Islamic Republic of),Southern Asia,Asia,"Bastak city (Bandar-elengeh district, Hormozgan province)",,,No,No,No,,5.2,Moment Magnitude,27.1502,54.4482,,2014,1.0,2.0,2014,1.0,2.0,1.0,30.0,300.0,,330.0,,,,,2000.0,2720.0,73.53357700926716,"[{""adm2_code"":40899,""adm2_name"":""Bandar-elengeh""}]","[{""gid_2"":""IRN.11.5_1"",""migration_date"":""2025-12-20"",""migration_method"":""jaccard2"",""name_2"":""Bastak""}]",2014-02-07,2025-12-20,2014-01-02,2014-01-02,2014-01-02
2014-0465-JPN,No,nat-geo-ear-gro,Natural,Geophysical,Earthquake,Ground movement,GLIDE:EQ-2014-000156|USGS:usb000syza,,JPN,Japan,Eastern Asia,Asia,"Hakuba village (Hakubamura district, Nagano province)",,,No,No,No,,6.2,Moment Magnitude,36.6408,137.8875,,2014,11.0,22.0,2014,11.0,22.0,,41.0,2466.0,150.0,2657.0,,,,,2000.0,2720.0,73.53357700926716,"[{""adm2_code"":35261,""adm2_name"":""Hakubamura""}]","[{""gid_2"":""JPN.26.11_1"",""migration_date"":""2025-12-20"",""migration_method"":""jaccard2"",""name_2"":""Hakuba""}]",2014-11-24,2025-12-20,2014-11-22,2014-11-22,2014-11-22
2014-0234-MEX,No,nat-geo-ear-gro,Natural,Geophysical,Earthquake,Ground movement,GLIDE:EQ-2014-000096|USGS:usc000rr6a,,MEX,Mexico,Latin America and the Caribbean,Americas,Chiapas province,,,No,No,No,,6.9,Moment Magnitude,14.724,-92.4614,,2014,7.0,7.0,2014,7.0,7.0,3.0,,27000.0,,27000.0,,,,,,,73.53357700926716,"[{""adm1_code"":2032,""adm1_name"":""Chiapas""}]","[{""gid_1"":""MEX.5_1"",""migration_date"":""2025-12-20"",""migration_method"":""jaccard1"",""name_1"":""Chiapas""}]",2014-08-28,2025-12-20,2014-07-07,2014-07-07,2014-07-07
2014-0127-MEX,No,nat-geo-ear-gro,Natural,Geophysical,Earthquake,Ground movement,USGS:usb000pq41,,MEX,Mexico,Latin America and the Caribbean,Americas,"Guerrero, Morelos, Distrito Federal, Michoacan provinces",,,No,No,No,,7.2,Moment Magnitude,17.397,-100.9723,,2014,4.0,18.0,2014,4.0,18.0,,,381.0,,381.0,,,,,,,73.53357700926716,"[{""adm1_code"":2036,""adm1_name"":""Distrito Federal""},{""adm1_code"":2039,""adm1_name"":""Guerrero""},{""adm1_code"":2043,""adm1_name"":""Michoacan""},{""adm1_code"":2044,""adm1_name"":""Morelos""}]","[{""gid_1"":""MEX.12_1"",""migration_date"":""2025-12-20"",""migration_method"":""jaccard1"",""name_1"":""Guerrero""},{""gid_1"":""MEX.16_1"",""migration_date"":""2025-12-20"",""migration_method"":""jaccard1"",""name_1"":""Michoacán""},{""gid_1"":""MEX.17_1"",""migration_date"":""2025-12-20"",""migration_method"":""jaccard1"",""name_1"":""Morelos""},{""gid_2"":""MEX.15.114_2"",""migration_date"":""2025-12-20"",""migration_method"":""puzzle1_2"",""name_2"":""Valle de Chalco Solidaridad""},{""gid_2"":""MEX.15.51_2"",""migration_date"":""2025-12-20"",""migration_method"":""puzzle1_2"",""name_2"":""Juchitepec""},{""gid_2"":""MEX.15.85_2"",""migration_date"":""2025-12-20"",""migration_method"":""puzzle1_2"",""name_2"":""Temamatla""},{""gid_2"":""MEX.15.91_2"",""migration_date"":""2025-12-20"",""migration_method"":""puzzle1_2"",""name_2"":""Tenango del Aire""},{""gid_2"":""MEX.9.10_2"",""migration_date"":""2025-12-20"",""migration_method"":""puzzle1_2"",""name_2"":""La Magdalena Contreras""},{""gid_2"":""MEX.9.12_2"",""migration_date"":""2025-12-20"",""migration_method"":""puzzle1_2"",""name_2"":""Milpa Alta""},{""gid_2"":""MEX.9.13_2"",""migration_date"":""2025-12-20"",""migration_method"":""puzzle1_2"",""name_2"":""Tláhuac""},{""gid_2"":""MEX.9.14_2"",""migration_date"":""2025-12-20"",""migration_method"":""puzzle1_2"",""name_2"":""Tlalpan""},{""gid_2"":""MEX.9.15_2"",""migration_date"":""2025-12-20"",""migration_method"":""puzzle1_2"",""name_2"":""Venustiano Carranza""},{""gid_2"":""MEX.9.16_2"",""migration_date"":""2025-12-20"",""migration_method"":""puzzle1_2"",""name_2"":""Xochimilco""},{""gid_2"":""MEX.9.3_2"",""migration_date"":""2025-12-20"",""migration_method"":""puzzle1_2"",""name_2"":""Benito Juárez""},{""gid_2"":""MEX.9.4_2"",""migration_date"":""2025-12-20"",""migration_method"":""puzzle1_2"",""name_2"":""Coyoacán""},{""gid_2"":""MEX.9.6_2"",""migration_date"":""2025-12-20"",""migration_method"":""puzzle1_2"",""name_2"":""Cuauhtémoc""},{""gid_2"":""MEX.9.8_2"",""migration_date"":""2025-12-20"",""migration_method"":""puzzle1_2"",""name_2"":""Iztacalco""},{""gid_2"":""MEX.9.9_2"",""migration_date"":""2025-12-20"",""migration_method"":""puzzle1_2"",""name_2"":""Iztapalapa""}]",2014-05-09,2025-12-20,2014-04-18,2014-04-18,2014-04-18
2014-0111-NIC,No,nat-geo-ear-gro,Natural,Geophysical,Earthquake,Ground movement,GLIDE:EQ-2014-000049|USGS:usc000pgsi,,NIC,Nicaragua,Latin America and the Caribbean,Americas,Managua province,,,No,No,No,,6.6,Moment Magnitude,11.642,-85.8779,,2014,4.0,11.0,2014,4.0,11.0,2.0,266.0,12015.0,,12281.0,,,,,3000.0,4080.0,73.53357700926716,"[{""adm1_code"":2196,""adm1_name"":""Managua""}]","[{""gid_1"":""NIC.13_1"",""migration_date"":""2025-12-20"",""migration_method"":""jaccard1"",""name_1"":""Managua""}]",2014-05-09,2025-12-20,2014-04-11,2014-04-11,2014-04-11
2014-0334-PER,No,nat-geo-ear-gro,Natural,Geophysical,Earthquake,Ground movement,USGS:usb000sgt1,,PER,Peru,Latin America and the Caribbean,Americas,"Misca (Paruro district, Cusco province)",,,No,No,No,,4.9,Moment Magnitude,-13.843,-71.695,,2014,9.0,27.0,2014,9.0,27.0,8.0,4.0,600.0,,604.0,,,,,,,73.53357700926716,"[{""adm2_code"":24081,""adm2_name"":""Paruro""}]","[{""gid_2"":""PER.8.10_1"",""migration_date"":""2025-12-20"",""migration_method"":""jaccard2"",""name_2"":""Paruro""}]",2014-09-30,2025-12-20,2014-09-27,2014-09-27,2014-09-27
2014-0311-ZAF,No,nat-geo-ear-gro,Natural,Geophysical,Earthquake,Ground movement,USGS:usb000s0b3,,ZAF,South Africa,Sub-Saharan Africa,Africa,"Orkney city (Dr Kenneth Kaunda District Municipality district, North West province)",,,No,No,No,,5.4,Moment Magnitude,-26.9899,26.7048,,2014,8.0,5.0,2014,8.0,5.0,1.0,2.0,2000.0,,2002.0,,,,,,,73.53357700926716,"[{""adm2_code"":77350,""adm2_name"":""Dr Kenneth Kaunda District Municipality""}]","[{""gid_2"":""ZAF.7.2_1"",""migration_date"":""2025-12-20"",""migration_method"":""jaccard2"",""name_2"":""Dr Kenneth Kaunda""}]",2014-09-22,2025-12-20,2014-08-05,2014-08-05,2014-08-05
2014-0159-THA,No,nat-geo-ear-gro,Natural,Geophysical,Earthquake,Ground movement,GLIDE:EQ-2014-000180|USGS:usb000qack,,THA,Thailand,South-eastern Asia,Asia,"Chiang Rai, Chiang Mai, Lampang, Lamphun, Mae Hong Son, Phayao, Phrae, Nan provinces",,,No,No,No,,6.1,Moment Magnitude,19.6557,99.6696,,2014,5.0,5.0,2014,5.0,5.0,1.0,23.0,17500.0,,17523.0,,,15000.0,20399.0,62000.0,84315.0,73.53357700926716,"[{""adm1_code"":2859,""adm1_name"":""Chiang Mai""},{""adm1_code"":2860,""adm1_name"":""Chiang Rai""},{""adm1_code"":2868,""adm1_name"":""Lampang""},{""adm1_code"":2869,""adm1_name"":""Lamphun""},{""adm1_code"":2872,""adm1_name"":""Mae Hong Son""},{""adm1_code"":2881,""adm1_name"":""Nan""},{""adm1_code"":2891,""adm1_name"":""Phayao""},{""adm1_code"":2897,""adm1_name"":""Phrae""}]","[{""gid_1"":""THA.10_1"",""migration_date"":""2025-12-20"",""migration_method"":""jaccard1"",""name_1"":""Chiang Mai""},{""gid_1"":""THA.11_1"",""migration_date"":""2025-12-20"",""migration_method"":""jaccard1"",""name_1"":""Chiang Rai""},{""gid_1"":""THA.19_1"",""migration_date"":""2025-12-20"",""migration_method"":""jaccard1"",""name_1"":""Lampang""},{""gid_1"":""THA.20_1"",""migration_date"":""2025-12-20"",""migration_method"":""jaccard1"",""name_1"":""Lamphun""},{""gid_1"":""THA.23_1"",""migration_date"":""2025-12-20"",""migration_method"":""jaccard1"",""name_1"":""Mae Hong Son""},{""gid_1"":""THA.32_1"",""migration_date"":""2025-12-20"",""migration_method"":""jaccard1"",""name_1"":""Nan""},{""gid_1"":""THA.41_1"",""migration_date"":""2025-12-20"",""migration_method"":""jaccard1"",""name_1"":""Phayao""},{""gid_1"":""THA.47_1"",""migration_date"":""2025-12-20"",""migration_method"":""jaccard1"",""name_1"":""Phrae""}]",2014-05-12,2025-12-20,2014-05-05,2014-05-05,2014-05-05
2014-0174-TUR,No,nat-geo-ear-gro,Natural,Geophysical,Earthquake,Ground movement,USGS:usb000r2hc,,TUR,Türkiye,Western Asia,Asia,"Tekirdag, Canakkale provinces",,,No,No,No,,6.9,Moment Magnitude,40.2893,25.3889,,2014,5.0,24.0,2014,5.0,24.0,,324.0,,,324.0,,,,,,,73.53357700926716,"[{""adm1_code"":3038,""adm1_name"":""Canakkale""},{""adm1_code"":3088,""adm1_name"":""Tekirdag""}]","[{""gid_1"":""TUR.22_1"",""migration_date"":""2025-12-20"",""migration_method"":""jaccard1"",""name_1"":""Çanakkale""},{""gid_1"":""TUR.73_1"",""migration_date"":""2025-12-20"",""migration_method"":""jaccard1"",""name_1"":""Tekirdag""}]",2014-06-11,2025-12-20,2014-05-24,2014-05-24,2014-05-24
2014-0318-USA,No,nat-geo-ear-gro,Natural,Geophysical,Earthquake,Ground movement,USGS:nc72282711,,USA,United States of America,Northern America,Americas,"San Francisco Bay (San Francisco district) , Napa Valley (Napa district) ; Sonoma, Solano district (California province) ; Vallejo, Mare Island cities (Solano district, California province)",,Fire,No,No,No,,6.02,Moment Magnitude,38.2151667,-122.3123333,,2014,8.0,24.0,2014,8.0,24.0,1.0,250.0,3000.0,,3250.0,,,150000.0,203988.0,700000.0,951946.0,73.53357700926716,"[{""adm2_code"":28892,""adm2_name"":""Napa""},{""adm2_code"":28902,""adm2_name"":""San Francisco""},{""adm2_code"":28912,""adm2_name"":""Solano""},{""adm2_code"":28913,""adm2_name"":""Sonoma""}]","[{""gid_2"":""USA.5.28_1"",""migration_date"":""2025-12-20"",""migration_method"":""jaccard2"",""name_2"":""Napa""},{""gid_2"":""USA.5.38_1"",""migration_date"":""2025-12-20"",""migration_method"":""jaccard2"",""name_2"":""San Francisco""},{""gid_2"":""USA.5.48_1"",""migration_date"":""2025-12-20"",""migration_method"":""jaccard2"",""name_2"":""Solano""},{""gid_2"":""USA.5.49_1"",""migration_date"":""2025-12-20"",""migration_method"":""jaccard2"",""name_2"":""Sonoma""}]",2014-09-24,2025-12-20,2014-08-24,2014-08-24,2014-08-24
2015-0476-AFG,No,nat-geo-ear-gro,Natural,Geophysical,Earthquake,Ground movement,GLIDE:EQ-2015-000147|USGS:us10003re5,,AFG,Afghanistan,Southern Asia,Asia,"Badakhshan, Baghlan, Ghazni, Kapisa, Khost, Kunar, Nangarhar, Paktya, Panjsher, Parwan, Takhar, Kunduz, Nuristan, Laghman, Kabul provinces",,,No,No,No,,7.5,Moment Magnitude,36.5244,70.3676,,2015,10.0,26.0,2015,10.0,26.0,115.0,58080.0,,34645.0,92725.0,,,,,,,73.62080293658643,"[{""adm1_code"":272,""adm1_name"":""Badakhshan""},{""adm1_code"":274,""adm1_name"":""Baghlan""},{""adm1_code"":279,""adm1_name"":""Ghazni""},{""adm1_code"":284,""adm1_name"":""Kabul""},{""adm1_code"":286,""adm1_name"":""Kapisa""},{""adm1_code"":287,""adm1_name"":""Khost""},{""adm1_code"":288,""adm1_name"":""Kunar""},{""adm1_code"":289,""adm1_name"":""Kunduz""},{""adm1_code"":290,""adm1_name"":""Laghman""},{""adm1_code"":292,""adm1_name"":""Nangarhar""},{""adm1_code"":294,""adm1_name"":""Nuristan""},{""adm1_code"":296,""adm1_name"":""Paktya""},{""adm1_code"":300,""adm1_name"":""Takhar""},{""adm1_code"":99879,""adm1_name"":""Panjsher""},{""adm1_code"":99880,""adm1_name"":""Parwan""}]","[{""gid_1"":""AFG.14_1"",""migration_date"":""2025-12-20"",""migration_method"":""jaccard1"",""name_1"":""Kabul""},{""gid_1"":""AFG.16_1"",""migration_date"":""2025-12-20"",""migration_method"":""jaccard1"",""name_1"":""Kapisa""},{""gid_1"":""AFG.17_1"",""migration_date"":""2025-12-20"",""migration_method"":""jaccard1"",""name_1"":""Khost""},{""gid_1"":""AFG.18_1"",""migration_date"":""2025-12-20"",""migration_method"":""jaccard1"",""name_1"":""Kunar""},{""gid_1"":""AFG.19_1"",""migration_date"":""2025-12-20"",""migration_method"":""jaccard1"",""name_1"":""Kunduz""},{""gid_1"":""AFG.1_1"",""migration_date"":""2025-12-20"",""migration_method"":""jaccard1"",""name_1"":""Badakhshan""},{""gid_1"":""AFG.20_1"",""migration_date"":""2025-12-20"",""migration_method"":""jaccard1"",""name_1"":""Laghman""},{""gid_1"":""AFG.22_1"",""migration_date"":""2025-12-20"",""migration_method"":""jaccard1"",""name_1"":""Nangarhar""},{""gid_1"":""AFG.24_1"",""migration_date"":""2025-12-20"",""migration_method"":""jaccard1"",""name_1"":""Nuristan""},{""gid_1"":""AFG.27_1"",""migration_date"":""2025-12-20"",""migration_method"":""jaccard1"",""name_1"":""Panjshir""},{""gid_1"":""AFG.28_1"",""migration_date"":""2025-12-20"",""migration_method"":""jaccard1"",""name_1"":""Parwan""},{""gid_1"":""AFG.31_1"",""migration_date"":""2025-12-20"",""migration_method"":""jaccard1"",""name_1"":""Takhar""},{""gid_1"":""AFG.9_1"",""migration_date"":""2025-12-20"",""migration_method"":""jaccard1"",""name_1"":""Ghazni""},{""gid_2"":""AFG.26.11_1"",""migration_date"":""2025-12-20"",""migration_method"":""puzzle1_2"",""name_2"":""Shwak""},{""gid_2"":""AFG.26.12_1"",""migration_date"":""2025-12-20"",""migration_method"":""puzzle1_2"",""name_2"":""Zurmat""},{""gid_2"":""AFG.26.2_1"",""migration_date"":""2025-12-20"",""migration_method"":""puzzle1_2"",""name_2"":""Chamkani""},{""gid_2"":""AFG.26.3_1"",""migration_date"":""2025-12-20"",""migration_method"":""puzzle1_2"",""name_2"":""Dand Wa Patan""},{""gid_2"":""AFG.26.4_1"",""migration_date"":""2025-12-20"",""migration_method"":""puzzle1_2"",""name_2"":""Gardez""},{""gid_2"":""AFG.26.5_1"",""migration_date"":""2025-12-20"",""migration_method"":""puzzle1_2"",""name_2"":""Jadran""},{""gid_2"":""AFG.26.6_1"",""migration_date"":""2025-12-20"",""migration_method"":""puzzle1_2"",""name_2"":""Jaji""},{""gid_2"":""AFG.26.8_1"",""migration_date"":""2025-12-20"",""migration_method"":""puzzle1_2"",""name_2"":""Lija Mangal""},{""gid_2"":""AFG.26.9_1"",""migration_date"":""2025-12-20"",""migration_method"":""puzzle1_2"",""name_2"":""Sayid Karam""},{""gid_2"":""AFG.3.10_1"",""migration_date"":""2025-12-20"",""migration_method"":""puzzle1_2"",""name_2"":""Nahrin""},{""gid_2"":""AFG.3.11_1"",""migration_date"":""2025-12-20"",""migration_method"":""puzzle1_2"",""name_2"":""Puli Khumri""},{""gid_2"":""AFG.3.12_1"",""migration_date"":""2025-12-20"",""migration_method"":""puzzle1_2"",""name_2"":""Tala Wa Barfak""},{""gid_2"":""AFG.3.1_1"",""migration_date"":""2025-12-20"",""migration_method"":""puzzle1_2"",""name_2"":""Andarab""},{""gid_2"":""AFG.3.2_1"",""migration_date"":""2025-12-20"",""migration_method"":""puzzle1_2"",""name_2"":""Baghlan City""},{""gid_2"":""AFG.3.3_1"",""migration_date"":""2025-12-20"",""migration_method"":""puzzle1_2"",""name_2"":""Baghlani Jadid""},{""gid_2"":""AFG.3.4_1"",""migration_date"":""2025-12-20"",""migration_method"":""puzzle1_2"",""name_2"":""Burka""},{""gid_2"":""AFG.3.5_1"",""migration_date"":""2025-12-20"",""migration_method"":""puzzle1_2"",""name_2"":""Dahana-I-Ghori""},{""gid_2"":""AFG.3.6_1"",""migration_date"":""2025-12-20"",""migration_method"":""puzzle1_2"",""name_2"":""Doshi""},{""gid_2"":""AFG.3.8_1"",""migration_date"":""2025-12-20"",""migration_method"":""puzzle1_2"",""name_2"":""Khinjan""},{""gid_2"":""AFG.3.9_1"",""migration_date"":""2025-12-20"",""migration_method"":""puzzle1_2"",""name_2"":""Khost Wa Firing""}]",2015-10-27,2025-12-20,2015-10-26,2015-10-26,2015-10-26
2015-0571-AFG,No,nat-geo-ear-gro,Natural,Geophysical,Earthquake,Ground movement,GLIDE:EQ-2015-000173|USGS:us100049i1,,AFG,Afghanistan,Southern Asia,Asia,"Ashkasham town (Eshkmesh district, Badakhshan province)",,,No,No,No,,6.3,Moment Magnitude,36.4935,71.1263,,2015,12.0,25.0,2015,12.0,25.0,,12.0,,395.0,407.0,,,,,,,73.62080293658643,"[{""adm2_code"":3448,""adm2_name"":""Eshkmesh""}]",,2016-01-20,2025-03-04,2015-12-25,2015-12-25,2015-12-25
2015-0144-BGD,No,nat-geo-ear-gro,Natural,Geophysical,Earthquake,Ground movement,GLIDE:EQ-2015-000048|USGS:us20002926,,BGD,Bangladesh,Southern Asia,Asia,"Savar area (Dhaka district, Dhaka province), Narayanganj, Gazipur, Gopalganj districts (Dhaka province), Sunamganj district (Sylhet province), Comilla, Feni districts (Chittagong province), Habiganj district (Sylhet province), Gangachara area (Rangpur district, Rangpur province), Gaibandha district (Rangpur province), Rajshahi, Naogaon, Bogra, Pabna districts (Rajshahi province)",,,No,No,No,,7.8,Moment Magnitude,28.2305,84.7314,,2015,4.0,25.0,2015,4.0,25.0,4.0,200.0,,,200.0,,,,,,,73.62080293658643,"[{""adm2_code"":5771,""adm2_name"":""Comilla""},{""adm2_code"":5773,""adm2_name"":""Feni""},{""adm2_code"":5778,""adm2_name"":""Dhaka""},{""adm2_code"":5780,""adm2_name"":""Gazipur""},{""adm2_code"":5781,""adm2_name"":""Gopalganj""},{""adm2_code"":5788,""adm2_name"":""Narayanganj""},{""adm2_code"":5821,""adm2_name"":""Habiganj""},{""adm2_code"":5823,""adm2_name"":""Sunamganj""},{""adm2_code"":5805,""adm2_name"":""Bogra""},{""adm2_code"":5811,""adm2_name"":""Naogaon""},{""adm2_code"":5815,""adm2_name"":""Pabna""},{""adm2_code"":5817,""adm2_name"":""Rajshahi""},{""adm2_code"":5807,""adm2_name"":""Gaibandha""},{""adm2_code"":5818,""adm2_name"":""Rangpur""}]","[{""gid_2"":""BGD.2.5_1"",""migration_date"":""2025-12-20"",""migration_method"":""jaccard2"",""name_2"":""Comilla""},{""gid_2"":""BGD.2.7_1"",""migration_date"":""2025-12-20"",""migration_method"":""jaccard2"",""name_2"":""Feni""},{""gid_2"":""BGD.3.11_1"",""migration_date"":""2025-12-20"",""migration_method"":""jaccard2"",""name_2"":""Narayanganj""},{""gid_2"":""BGD.3.1_1"",""migration_date"":""2025-12-20"",""migration_method"":""jaccard2"",""name_2"":""Dhaka""},{""gid_2"":""BGD.3.3_1"",""migration_date"":""2025-12-20"",""migration_method"":""jaccard2"",""name_2"":""Gazipur""},{""gid_2"":""BGD.3.4_1"",""migration_date"":""2025-12-20"",""migration_method"":""jaccard2"",""name_2"":""Gopalganj""},{""gid_2"":""BGD.5.1_1"",""migration_date"":""2025-12-20"",""migration_method"":""jaccard2"",""name_2"":""Bogra""},{""gid_2"":""BGD.5.3_1"",""migration_date"":""2025-12-20"",""migration_method"":""jaccard2"",""name_2"":""Naogaon""},{""gid_2"":""BGD.5.6_1"",""migration_date"":""2025-12-20"",""migration_method"":""jaccard2"",""name_2"":""Pabna""},{""gid_2"":""BGD.5.7_1"",""migration_date"":""2025-12-20"",""migration_method"":""jaccard2"",""name_2"":""Rajshahi""},{""gid_2"":""BGD.6.2_1"",""migration_date"":""2025-12-20"",""migration_method"":""jaccard2"",""name_2"":""Gaibandha""},{""gid_2"":""BGD.6.7_1"",""migration_date"":""2025-12-20"",""migration_method"":""jaccard2"",""name_2"":""Rangpur""},{""gid_2"":""BGD.7.1_1"",""migration_date"":""2025-12-20"",""migration_method"":""jaccard2"",""name_2"":""Habiganj""},{""gid_2"":""BGD.7.3_1"",""migration_date"":""2025-12-20"",""migration_method"":""jaccard2"",""name_2"":""Sunamganj""}]",2016-08-24,2025-12-20,2015-04-25,2015-04-25,2015-04-25
2015-0435-CHL,No,nat-geo-ear-tsu,Natural,Geophysical,Earthquake,Tsunami,GLIDE:EQ-2015-000128|USGS:us20003k7a,,CHL,Chile,Latin America and the Caribbean,Americas,"Araucania, Atacama, Biobio, Coquimbo, Libertador Gral. Bernardo O’Higgins, Maule, Metropolitana, Valparaiso provinces",,Tsunami/Tidal wave,No,No,Yes,,8.3,Moment Magnitude,-31.5729,-71.6744,,2015,9.0,16.0,2015,9.0,16.0,19.0,15.0,681484.0,,681499.0,,,350000.0,475409.0,800000.0,1086649.0,73.62080293658643,"[{""adm1_code"":884,""adm1_name"":""Araucania""},{""adm1_code"":885,""adm1_name"":""Atacama""},{""adm1_code"":887,""adm1_name"":""Biobio""},{""adm1_code"":888,""adm1_name"":""Coquimbo""},{""adm1_code"":889,""adm1_name"":""Libertador Gral. Bernardo O'Higgins""},{""adm1_code"":892,""adm1_name"":""Maule""},{""adm1_code"":893,""adm1_name"":""Metropolitana""},{""adm1_code"":149630,""adm1_name"":""Valparaiso""}]","[{""gid_1"":""CHL.12_1"",""migration_date"":""2025-12-20"",""migration_method"":""jaccard1"",""name_1"":""Maule""},{""gid_1"":""CHL.13_1"",""migration_date"":""2025-12-20"",""migration_method"":""puzzle1_1"",""name_1"":""Ñuble""},{""gid_1"":""CHL.14_1"",""migration_date"":""2025-12-20"",""migration_method"":""jaccard1"",""name_1"":""Santiago Metropolitan""},{""gid_1"":""CHL.16_1"",""migration_date"":""2025-12-20"",""migration_method"":""jaccard1"",""name_1"":""Valparaíso""},{""gid_1"":""CHL.3_1"",""migration_date"":""2025-12-20"",""migration_method"":""jaccard1"",""name_1"":""Araucanía""},{""gid_1"":""CHL.5_1"",""migration_date"":""2025-12-20"",""migration_method"":""jaccard1"",""name_1"":""Atacama""},{""gid_1"":""CHL.6_1"",""migration_date"":""2025-12-20"",""migration_method"":""puzzle1_1"",""name_1"":""Bío-Bío""},{""gid_1"":""CHL.7_1"",""migration_date"":""2025-12-20"",""migration_method"":""jaccard1"",""name_1"":""Coquimbo""},{""gid_1"":""CHL.8_1"",""migration_date"":""2025-12-20"",""migration_method"":""jaccard1"",""name_1"":""Libertador General Bernardo O'Hi""}]",2015-09-30,2025-12-20,2015-09-16,2015-09-16,2015-09-16
2015-0271-CHN,No,nat-geo-ear-gro,Natural,Geophysical,Earthquake,Ground movement,GLIDE:EQ-2015-000082|USGS:us10002n4w,,CHN,China,Eastern Asia,Asia,"Xilkiqi village (Pishan area, Khotan district, Xinjiang Uygur Zizhiqu province)",,,No,No,No,,6.4,Moment Magnitude,37.4593,78.1542,,2015,7.0,3.0,2015,7.0,3.0,4.0,48.0,3000.0,,3048.0,,,,,3200.0,4347.0,73.62080293658643,"[{""adm2_code"":13290,""adm2_name"":""Khotan""}]","[{""gid_2"":""CHN.28.10_1"",""migration_date"":""2025-12-20"",""migration_method"":""jaccard2"",""name_2"":""Khotan""}]",2015-07-23,2025-12-20,2015-07-03,2015-07-03,2015-07-03
2015-0078-CHN,No,nat-geo-ear-gro,Natural,Geophysical,Earthquake,Ground movement,USGS:usc000ts8t,,CHN,China,Eastern Asia,Asia,"Shawan area (Tacheng district, Xinjiang Uygur Zizhiqu province)",,,No,No,No,,5.1,Moment Magnitude,44.133,85.568,,2015,2.0,22.0,2015,2.0,22.0,,,8640.0,,8640.0,,,,,14650.0,19899.0,73.62080293658643,"[{""adm2_code"":13293,""adm2_name"":""Tacheng""}]","[{""gid_2"":""CHN.28.13_1"",""migration_date"":""2025-12-20"",""migration_method"":""jaccard2"",""name_2"":""Tacheng""}]",2015-03-11,2025-12-20,2015-02-22,2015-02-22,2015-02-22
2015-0175-CHN,No,nat-geo-ear-gro,Natural,Geophysical,Earthquake,Ground movement,USGS:us20002ejl,,CHN,China,Eastern Asia,Asia,Shigatse district (Xizang Zizhiqu province),,,No,No,No,,7.3,Moment Magnitude,27.8087,86.0655,,2015,5.0,12.0,2015,5.0,12.0,1.0,,,,,,,,,,,73.62080293658643,"[{""adm2_code"":13299,""adm2_name"":""Shigatse""}]","[{""gid_2"":""CHN.29.7_1"",""migration_date"":""2025-12-20"",""migration_method"":""jaccard2"",""name_2"":""Shigatse""}]",2015-06-05,2025-12-20,2015-05-12,2015-05-12,2015-05-12
2015-0125-CHN,No,nat-geo-ear-gro,Natural,Geophysical,Earthquake,Ground movement,USGS:usc000tu67,,CHN,China,Eastern Asia,Asia,"Zhenkang Xian, Cangyuan Wa Zizhixian, Gengma Dai-Wa Zizhixian areas (Lincang district, Yunnan Sheng province)",,,No,No,No,,5.2,Moment Magnitude,23.566,98.854,,2015,3.0,1.0,2015,3.0,1.0,,32.0,,2000.0,2032.0,,,,,15000.0,20375.0,73.62080293658643,"[{""adm2_code"":13318,""adm2_name"":""Lincang""}]","[{""gid_2"":""CHN.30.9_1"",""migration_date"":""2025-12-20"",""migration_method"":""jaccard2"",""name_2"":""Lincang""}]",2015-04-09,2025-12-20,2015-03-01,2015-03-01,2015-03-01
2015-0144-CHN,No,nat-geo-ear-gro,Natural,Geophysical,Earthquake,Ground movement,GLIDE:EQ-2015-000048|USGS:us20002926,,CHN,China,Eastern Asia,Asia,Shigatse district (Xizang Zizhiqu province),,,No,No,No,,7.8,Moment Magnitude,28.2305,84.7314,,2015,4.0,25.0,2015,4.0,25.0,29.0,383.0,200000.0,7500.0,207883.0,,,,,,,73.62080293658643,"[{""adm2_code"":13299,""adm2_name"":""Shigatse""}]","[{""gid_2"":""CHN.29.7_1"",""migration_date"":""2025-12-20"",""migration_method"":""jaccard2"",""name_2"":""Shigatse""}]",2015-04-28,2025-12-20,2015-04-25,2015-04-25,2015-04-25
2015-0086-COL,No,nat-geo-ear-gro,Natural,Geophysical,Earthquake,Ground movement,USGS:us10001ldx,,COL,Colombia,Latin America and the Caribbean,Americas,"Santafe de Bogota D.c. district (Cundinamarca province), Cali district (Valle del Cauca province); Bucaramanga, Betulia districts (Santander Province)",,"Slide (land, mud, snow, rock)",No,No,No,,6.2,Moment Magnitude,6.7757,-72.9875,,2015,3.0,10.0,2015,3.0,10.0,,1.0,40835.0,400.0,41236.0,,,,,,,73.62080293658643,"[{""adm2_code"":13914,""adm2_name"":""Santafe De Bogota D.c.""},{""adm2_code"":14212,""adm2_name"":""Betulia""},{""adm2_code"":14214,""adm2_name"":""Bucaramanga""},{""adm2_code"":14374,""adm2_name"":""Cali""}]",,2015-03-13,2023-09-25,2015-03-10,2015-03-10,2015-03-10
2015-0336-COD,No,nat-geo-ear-gro,Natural,Geophysical,Earthquake,Ground movement,USGS:us10002zzr,,COD,Democratic Republic of the Congo,Sub-Saharan Africa,Africa,"Kabare, Bukavu (South Kivu)",,,No,No,No,,5.5,Moment Magnitude,-2.091,28.952,,2015,8.0,6.0,2015,8.0,7.0,3.0,30.0,260.0,100.0,390.0,,,,,,,73.62080293658643,"[{""adm2_code"":74354,""adm2_name"":""Bukavu""}]",,2015-08-10,2024-02-06,2015-08-06,2015-08-07,2015-08-06
2015-0476-IND,No,nat-geo-ear-gro,Natural,Geophysical,Earthquake,Ground movement,GLIDE:EQ-2015-000147|USGS:us10003re5,,IND,India,Southern Asia,Asia,"Administrative unit not available districts (Jammu and Kashmir province), Delhi, Punjab provinces",,,No,No,No,,7.5,Moment Magnitude,36.5244,70.3676,,2015,10.0,26.0,2015,10.0,26.0,,10.0,,,10.0,,,,,,,73.62080293658643,"[{""adm1_code"":1489,""adm1_name"":""Delhi""},{""adm1_code"":1505,""adm1_name"":""Punjab""},{""adm2_code"":72802,""adm2_name"":""Administrative unit not available""},{""adm2_code"":72789,""adm2_name"":""Administrative unit not available""},{""adm2_code"":72810,""adm2_name"":""Administrative unit not available""},{""adm2_code"":72851,""adm2_name"":""Administrative unit not available""}]","[{""gid_1"":""IND.25_1"",""migration_date"":""2025-12-20"",""migration_method"":""jaccard1"",""name_1"":""NCT of Delhi""},{""gid_1"":""IND.28_1"",""migration_date"":""2025-12-20"",""migration_method"":""jaccard1"",""name_1"":""Punjab""},{""gid_1"":""Z01.14_1"",""migration_date"":""2025-12-20"",""migration_method"":""within2_1"",""name_1"":""Jammu and Kashmir""},{""gid_1"":""Z01.14_1"",""migration_date"":""2025-12-20"",""migration_method"":""within2_1"",""name_1"":""Jammu and Kashmir""}]",2015-10-28,2025-12-20,2015-10-26,2015-10-26,2015-10-26
2015-0175-IND,No,nat-geo-ear-gro,Natural,Geophysical,Earthquake,Ground movement,USGS:us20002ejl,,IND,India,Southern Asia,Asia,Bihar province,,,No,No,No,,7.3,Moment Magnitude,27.8087,86.0655,,2015,5.0,12.0,2015,5.0,12.0,20.0,,,,,,,,,,,73.62080293658643,"[{""adm1_code"":70073,""adm1_name"":""Bihar""}]","[{""gid_1"":""IND.5_1"",""migration_date"":""2025-12-20"",""migration_method"":""jaccard1"",""name_1"":""Bihar""}]",2015-05-21,2025-12-20,2015-05-12,2015-05-12,2015-05-12
2015-0144-IND,No,nat-geo-ear-gro,Natural,Geophysical,Earthquake,Ground movement,GLIDE:EQ-2015-000048|USGS:us20002926,,IND,India,Southern Asia,Asia,"Bihar, Uttar Pradesh, West Bengal, Sikkim provinces",,,No,No,No,,7.8,Moment Magnitude,28.2305,84.7314,,2015,4.0,25.0,2015,4.0,25.0,78.0,560.0,,,560.0,,,,,,,73.62080293658643,"[{""adm1_code"":1507,""adm1_name"":""Sikkim""},{""adm1_code"":1511,""adm1_name"":""West Bengal""},{""adm1_code"":70073,""adm1_name"":""Bihar""},{""adm1_code"":70081,""adm1_name"":""Uttar Pradesh""}]","[{""gid_1"":""IND.30_1"",""migration_date"":""2025-12-20"",""migration_method"":""jaccard1"",""name_1"":""Sikkim""},{""gid_1"":""IND.34_1"",""migration_date"":""2025-12-20"",""migration_method"":""jaccard1"",""name_1"":""Uttar Pradesh""},{""gid_1"":""IND.36_1"",""migration_date"":""2025-12-20"",""migration_method"":""jaccard1"",""name_1"":""West Bengal""},{""gid_1"":""IND.5_1"",""migration_date"":""2025-12-20"",""migration_method"":""jaccard1"",""name_1"":""Bihar""}]",2015-04-28,2025-12-20,2015-04-25,2015-04-25,2015-04-25
2015-0415-IDN,No,nat-geo-ear-gro,Natural,Geophysical,Earthquake,Ground movement,USGS:us20003nqr,,IDN,Indonesia,South-eastern Asia,Asia,Sorong district (Papua Barat province),,,No,No,No,,6.6,Moment Magnitude,-0.621,131.262,,2015,9.0,24.0,2015,9.0,24.0,,62.0,12185.0,,12247.0,,,,,,,73.62080293658643,"[{""adm2_code"":73855,""adm2_name"":""Sorong""}]","[{""gid_2"":""IDN.22.8_1"",""migration_date"":""2025-12-20"",""migration_method"":""puzzle2_2"",""name_2"":""Sorong""},{""gid_2"":""IDN.22.9_1"",""migration_date"":""2025-12-20"",""migration_method"":""puzzle2_2"",""name_2"":""Tambrauw""}]",2015-09-25,2025-12-20,2015-09-24,2015-09-24,2015-09-24
2015-0512-KGZ,No,nat-geo-ear-gro,Natural,Geophysical,Earthquake,Ground movement,GLIDE:EQ-2015-000158|USGS:us10003yzt,,KGZ,Kyrgyzstan,Central Asia,Asia,"Chong-Alay, Alay, Kara-Suu, Kara-Kulja, Aravan districts (Osh province)",,,No,No,No,,5.6,Moment Magnitude,40.376,73.204,,2015,11.0,17.0,2015,11.0,17.0,,,11490.0,5290.0,16780.0,,,,,12000.0,16300.0,73.62080293658643,"[{""adm2_code"":18616,""adm2_name"":""Alay""},{""adm2_code"":18617,""adm2_name"":""Aravan""},{""adm2_code"":18618,""adm2_name"":""Chong-Alay""},{""adm2_code"":18619,""adm2_name"":""Kara-Kulja""},{""adm2_code"":18620,""adm2_name"":""Kara-Suu""}]","[{""gid_2"":""KGZ.7.1_1"",""migration_date"":""2025-12-20"",""migration_method"":""jaccard2"",""name_2"":""Alai""},{""gid_2"":""KGZ.7.2_1"",""migration_date"":""2025-12-20"",""migration_method"":""jaccard2"",""name_2"":""Aravan""},{""gid_2"":""KGZ.7.3_1"",""migration_date"":""2025-12-20"",""migration_method"":""jaccard2"",""name_2"":""Chong-Alay""},{""gid_2"":""KGZ.7.4_1"",""migration_date"":""2025-12-20"",""migration_method"":""jaccard2"",""name_2"":""Kara-Kuldja""},{""gid_2"":""KGZ.7.5_1"",""migration_date"":""2025-12-20"",""migration_method"":""jaccard2"",""name_2"":""Kara-Suu""}]",2015-11-27,2025-12-20,2015-11-17,2015-11-17,2015-11-17
2015-0216-MYS,No,nat-geo-ear-gro,Natural,Geophysical,Earthquake,Ground movement,GLIDE:EQ-2015-000063|USGS:us20002m5s,,MYS,Malaysia,South-eastern Asia,Asia,Ranau district (Sabah province),,"Slide (land, mud, snow, rock)",No,No,No,,6.0,Moment Magnitude,5.987,116.541,,2015,6.0,5.0,2015,6.0,5.0,24.0,10.0,,,10.0,,,,,2.0,3.0,73.62080293658643,"[{""adm2_code"":37419,""adm2_name"":""Ranau""}]","[{""gid_2"":""MYS.13.17_1"",""migration_date"":""2025-12-20"",""migration_method"":""jaccard2"",""name_2"":""Ranau""}]",2015-06-08,2025-12-20,2015-06-05,2015-06-05,2015-06-05
2015-0144-NPL,No,nat-geo-ear-gro,Natural,Geophysical,Earthquake,Ground movement,GLIDE:EQ-2015-000048|USGS:us20002926,,NPL,Nepal,Southern Asia,Asia,"Gorkha area (Gandaki district, Western province), Dolakha, Ramechhap areas (Janakpur district, Central province), Bagmati district (Central province)",,"Slide (land, mud, snow, rock)",Yes,No,No,533808.0,7.8,Moment Magnitude,28.23,84.731,,2015,4.0,25.0,2015,4.0,25.0,8831.0,17932.0,5621790.0,,5639722.0,,,100000.0,135831.0,5174000.0,7027905.0,73.62080293658643,"[{""adm2_code"":22351,""adm2_name"":""Bagmati""},{""adm2_code"":22352,""adm2_name"":""Janakpur""},{""adm2_code"":22363,""adm2_name"":""Gandaki""}]","[{""gid_2"":""NPL.1.1_1"",""migration_date"":""2025-12-20"",""migration_method"":""jaccard2"",""name_2"":""Bagmati""},{""gid_2"":""NPL.1.2_1"",""migration_date"":""2025-12-20"",""migration_method"":""jaccard2"",""name_2"":""Janakpur""},{""gid_2"":""NPL.5.2_1"",""migration_date"":""2025-12-20"",""migration_method"":""jaccard2"",""name_2"":""Gandaki""}]",2015-04-28,2025-12-20,2015-04-25,2015-04-25,2015-04-25
2015-0175-NPL,No,nat-geo-ear-gro,Natural,Geophysical,Earthquake,Ground movement,USGS:us20002ejl,,NPL,Nepal,Southern Asia,Asia,"Kathmandu, Sindhupalchok areas (Bagmati district, Central province), Dolakha area (Janakpur district, Central province)",,"Slide (land, mud, snow, rock)",No,No,No,,7.3,Moment Magnitude,27.8087,86.0655,19km SE of Kodari,2015,5.0,12.0,2015,5.0,12.0,138.0,2428.0,,,2428.0,,,,,,,73.62080293658643,"[{""adm2_code"":22351,""adm2_name"":""Bagmati""},{""adm2_code"":22352,""adm2_name"":""Janakpur""}]","[{""gid_2"":""NPL.1.1_1"",""migration_date"":""2025-12-20"",""migration_method"":""jaccard2"",""name_2"":""Bagmati""},{""gid_2"":""NPL.1.2_1"",""migration_date"":""2025-12-20"",""migration_method"":""jaccard2"",""name_2"":""Janakpur""}]",2015-05-21,2025-12-20,2015-05-12,2015-05-12,2015-05-12
2015-0476-PAK,No,nat-geo-ear-gro,Natural,Geophysical,Earthquake,Ground movement,GLIDE:EQ-2015-000147|USGS:us10003re5,,PAK,Pakistan,Southern Asia,Asia,"Islamabad District district (Islamabad province), Chakwal District, Gujranwala District, Jhang District, Jhelum District, Kasur District, Mianwali District, Multan District, Muzaffargarh District, Narowal District, Rawalpindi District, Sahiwal District, Sargodha District, Sheikhupura District districts (Punjab province), Azad area (Jammu and Kashmir province), North-West Frontier province",,,No,No,No,,7.5,Moment Magnitude,36.5244,70.3676,,2015,10.0,25.0,2015,10.0,25.0,280.0,1745.0,366945.0,133900.0,502590.0,,,,,,,73.62080293658643,"[{""adm1_code"":2275,""adm1_name"":""North-West Frontier""},{""adm1_code"":40408,""adm1_name"":""Administrative unit not available""},{""adm2_code"":23638,""adm2_name"":""Islamabad District""},{""adm2_code"":23656,""adm2_name"":""Chakwal District""},{""adm2_code"":23661,""adm2_name"":""Jhang District""},{""adm2_code"":23662,""adm2_name"":""Jhelum District""},{""adm2_code"":23663,""adm2_name"":""Kasur District""},{""adm2_code"":23668,""adm2_name"":""Mianwali District""},{""adm2_code"":23670,""adm2_name"":""Muzaffargarh District""},{""adm2_code"":23674,""adm2_name"":""Rawalpindi District""},{""adm2_code"":23676,""adm2_name"":""Sargodha District""},{""adm2_code"":23677,""adm2_name"":""Sheikhupura District""},{""adm2_code"":40360,""adm2_name"":""Gujranwala District""},{""adm2_code"":40373,""adm2_name"":""Multan District""},{""adm2_code"":40375,""adm2_name"":""Narowal District""},{""adm2_code"":40381,""adm2_name"":""Sahiwal District""}]","[{""gid_1"":""PAK.5_1"",""migration_date"":""2025-12-20"",""migration_method"":""jaccard1"",""name_1"":""Khyber-Pakhtunkhwa""},{""gid_1"":""Z06.1_1"",""migration_date"":""2025-12-20"",""migration_method"":""jaccard1"",""name_1"":""Azad Kashmir""},{""gid_2"":""PAK.4.1_1"",""migration_date"":""2025-12-20"",""migration_method"":""bufhaus2"",""name_2"":""Islamabad""},{""gid_2"":""PAK.7.2_1"",""migration_date"":""2025-12-20"",""migration_method"":""bufhaus2"",""name_2"":""Dera Ghazi Khan""},{""gid_2"":""PAK.7.3_1"",""migration_date"":""2025-12-20"",""migration_method"":""bufhaus2"",""name_2"":""Faisalabad""},{""gid_2"":""PAK.7.4_1"",""migration_date"":""2025-12-20"",""migration_method"":""bufhaus2"",""name_2"":""Gujranwala""},{""gid_2"":""PAK.7.4_1"",""migration_date"":""2025-12-20"",""migration_method"":""bufhaus2"",""name_2"":""Gujranwala""},{""gid_2"":""PAK.7.5_1"",""migration_date"":""2025-12-20"",""migration_method"":""bufhaus2"",""name_2"":""Lahore""},{""gid_2"":""PAK.7.5_1"",""migration_date"":""2025-12-20"",""migration_method"":""bufhaus2"",""name_2"":""Lahore""},{""gid_2"":""PAK.7.6_1"",""migration_date"":""2025-12-20"",""migration_method"":""bufhaus2"",""name_2"":""Multan""},{""gid_2"":""PAK.7.6_1"",""migration_date"":""2025-12-20"",""migration_method"":""bufhaus2"",""name_2"":""Multan""},{""gid_2"":""PAK.7.7_1"",""migration_date"":""2025-12-20"",""migration_method"":""bufhaus2"",""name_2"":""Rawalpindi""},{""gid_2"":""PAK.7.7_1"",""migration_date"":""2025-12-20"",""migration_method"":""bufhaus2"",""name_2"":""Rawalpindi""},{""gid_2"":""PAK.7.7_1"",""migration_date"":""2025-12-20"",""migration_method"":""bufhaus2"",""name_2"":""Rawalpindi""},{""gid_2"":""PAK.7.8_1"",""migration_date"":""2025-12-20"",""migration_method"":""bufhaus2"",""name_2"":""Sargodha""},{""gid_2"":""PAK.7.8_1"",""migration_date"":""2025-12-20"",""migration_method"":""bufhaus2"",""name_2"":""Sargodha""}]",2015-10-27,2025-12-20,2015-10-25,2015-10-25,2015-10-25
2015-0571-PAK,No,nat-geo-ear-gro,Natural,Geophysical,Earthquake,Ground movement,GLIDE:EQ-2015-000173|USGS:us100049i1,,PAK,Pakistan,Southern Asia,Asia,Khyber Agency district (Federally Administrered Tribal Areas province),,,No,No,No,,6.3,Moment Magnitude,36.4935,71.1263,,2015,12.0,25.0,2015,12.0,25.0,3.0,85.0,,,85.0,,,,,,,73.62080293658643,"[{""adm2_code"":23632,""adm2_name"":""Khyber Agency""}]",,2016-01-20,2025-03-04,2015-12-25,2015-12-25,2015-12-25
2015-0528-TJK,No,nat-geo-ear-gro,Natural,Geophysical,Earthquake,Ground movement,GLIDE:EQ-2015-000166|USGS:us100044k6,,TJK,Tajikistan,Central Asia,Asia,"Murgabskiy, Rushanskiy, Shugnanskiy, Vanchskiy, Kalay-Humbskiy districts (Badakhshoni Kuni province)",,,Yes,No,No,,7.2,Moment Magnitude,38.211,72.78,,2015,12.0,7.0,2015,12.0,7.0,2.0,14.0,7962.0,,7976.0,,,,,5000.0,6792.0,73.62080293658643,"[{""adm2_code"":37576,""adm2_name"":""Kalay-Humbskiy""},{""adm2_code"":37577,""adm2_name"":""Murgabskiy""},{""adm2_code"":37579,""adm2_name"":""Rushanskiy""},{""adm2_code"":37580,""adm2_name"":""Shugnanskiy""},{""adm2_code"":37581,""adm2_name"":""Vanchskiy""}]","[{""gid_2"":""TJK.2.1_1"",""migration_date"":""2025-12-20"",""migration_method"":""jaccard2"",""name_2"":""Darvoz""},{""gid_2"":""TJK.2.3_1"",""migration_date"":""2025-12-20"",""migration_method"":""jaccard2"",""name_2"":""Murghob""},{""gid_2"":""TJK.2.5_1"",""migration_date"":""2025-12-20"",""migration_method"":""jaccard2"",""name_2"":""Rushon""},{""gid_2"":""TJK.2.6_1"",""migration_date"":""2025-12-20"",""migration_method"":""bufhaus2"",""name_2"":""Shughnon""},{""gid_2"":""TJK.2.7_1"",""migration_date"":""2025-12-20"",""migration_method"":""jaccard2"",""name_2"":""Vanj""}]",2015-12-08,2025-12-20,2015-12-07,2015-12-07,2015-12-07
2015-0608-TLS,No,nat-geo-ear-gro,Natural,Geophysical,Earthquake,Ground movement,USGS:us200041ty,,TLS,Timor-Leste,South-eastern Asia,Asia,Dili province,,,No,No,No,,6.5,Moment Magnitude,-8.3381,124.8754,,2015,11.0,4.0,2015,11.0,4.0,,3.0,,2000.0,2003.0,,,,,4000.0,5433.0,73.62080293658643,"[{""adm1_code"":2962,""adm1_name"":""Dili""}]","[{""gid_1"":""TLS.7_1"",""migration_date"":""2025-12-20"",""migration_method"":""jaccard1"",""name_1"":""Dili""}]",2016-04-07,2025-12-20,2015-11-04,2015-11-04,2015-11-04
2016-0002-BGD,No,nat-geo-ear-gro,Natural,Geophysical,Earthquake,Ground movement,GLIDE:EQ-2016-000001|USGS:us10004b2n,,BGD,Bangladesh,Southern Asia,Asia,"Dhaka, Jamalpur districts (Dhaka province), Rajshahi district (Rajshahi province), Lalmonirhat, Panchagarh districts (Rangpur province)",,,No,No,No,,6.7,Moment Magnitude,24.804,93.65,,2016,1.0,3.0,2016,1.0,3.0,5.0,70.0,,,70.0,,,,,,,74.54960298643441,"[{""adm2_code"":5778,""adm2_name"":""Dhaka""},{""adm2_code"":5782,""adm2_name"":""Jamalpur""},{""adm2_code"":5817,""adm2_name"":""Rajshahi""},{""adm2_code"":5810,""adm2_name"":""Lalmonirhat""},{""adm2_code"":5816,""adm2_name"":""Panchagarh""}]","[{""gid_2"":""BGD.3.1_1"",""migration_date"":""2025-12-20"",""migration_method"":""jaccard2"",""name_2"":""Dhaka""},{""gid_2"":""BGD.5.7_1"",""migration_date"":""2025-12-20"",""migration_method"":""jaccard2"",""name_2"":""Rajshahi""},{""gid_2"":""BGD.6.4_1"",""migration_date"":""2025-12-20"",""migration_method"":""jaccard2"",""name_2"":""Lalmonirhat""},{""gid_2"":""BGD.6.6_1"",""migration_date"":""2025-12-20"",""migration_method"":""jaccard2"",""name_2"":""Panchagarh""},{""gid_2"":""BGD.8.5_1"",""migration_date"":""2025-12-20"",""migration_method"":""jaccard2"",""name_2"":""Jamalpur""}]",2016-01-12,2026-01-25,2016-01-03,2016-01-03,2016-01-03
2016-0480-CHN,No,nat-geo-ear-gro,Natural,Geophysical,Earthquake,Ground movement,USGS:us10007ca5,,CHN,China,Eastern Asia,Asia,Xinjinag Uygur Zizhiqu province,,,No,No,No,,6.6,Moment Magnitude,39.238,74.047,,2016,11.0,25.0,2016,11.0,25.0,1.0,,37200.0,,37200.0,,,,,5500.0,7378.0,74.54960298643441,"[{""adm1_code"":927,""adm1_name"":""Xinjiang Uygur Zizhiqu""}]","[{""gid_1"":""CHN.28_1"",""migration_date"":""2025-12-20"",""migration_method"":""jaccard1"",""name_1"":""Xinjiang Uygur""}]",2016-12-08,2026-01-25,2016-11-25,2016-11-25,2016-11-25
2016-0526-CHN,No,nat-geo-ear-gro,Natural,Geophysical,Earthquake,Ground movement,USGS:us20007z2r,,CHN,China,Eastern Asia,Asia,Near Shihezi district (Xinjiang Uygur Zizhiqu province),,,No,No,No,,6.0,Moment Magnitude,43.823,86.345,,2016,12.0,8.0,2016,12.0,8.0,,,9000.0,120.0,9120.0,,,,,135000.0,181087.0,74.54960298643441,"[{""adm2_code"":13284,""adm2_name"":""Changji Hui""}]","[{""gid_2"":""CHN.28.5_1"",""migration_date"":""2025-12-20"",""migration_method"":""jaccard2"",""name_2"":""Changji Hui""}]",2017-01-20,2026-01-30,2016-12-08,2016-12-08,2016-12-08
2016-0536-CHN,No,nat-geo-ear-gro,Natural,Geophysical,Earthquake,Ground movement,USGS:us10005i0l,,CHN,China,Eastern Asia,Asia,Shimen (Yunnan - Dali Bai),,,No,No,No,,4.8,Moment Magnitude,26.085,99.575,,2016,5.0,18.0,2016,5.0,18.0,2.0,,,5000.0,5000.0,,,,,60000.0,80483.0,74.54960298643441,"[{""adm2_code"":13312,""adm2_name"":""Dali Bai""}]","[{""gid_2"":""CHN.30.3_1"",""migration_date"":""2025-12-20"",""migration_method"":""jaccard2"",""name_2"":""Dali Bai""}]",2017-03-30,2026-01-30,2016-05-18,2016-05-18,2016-05-18
2016-0117-ECU,No,nat-geo-ear-gro,Natural,Geophysical,Earthquake,Ground movement,GLIDE:EQ-2016-000035|USGS:us20005j32,,ECU,Ecuador,Latin America and the Caribbean,Americas,"Guayaquil district (Guayas province), Muisne district (Esmeraldas province), Portoviejo district (Manabi province), Santo Domingo de los Tsachilas, Los Ríos, Santa Elena provinces",,"Slide (land, mud, snow, rock)",Yes,No,Yes,44992.0,7.8,Moment Magnitude,0.382,-79.92,,2016,4.0,16.0,2016,4.0,16.0,672.0,6274.0,383090.0,,389364.0,3344000.0,4485604.0,560000.0,751178.0,2000000.0,2682778.0,74.54960298643441,"[{""adm1_code"":1147,""adm1_name"":""Los Rios""},{""adm1_code"":22007,""adm1_name"":""Santa Elena""},{""adm1_code"":22008,""adm1_name"":""Santo Domingo de los Tsachilas""},{""adm2_code"":15388,""adm2_name"":""Muisne""},{""adm2_code"":15483,""adm2_name"":""Portoviejo""},{""adm2_code"":15423,""adm2_name"":""Guayaquil""}]","[{""gid_1"":""ECU.13_1"",""migration_date"":""2025-12-20"",""migration_method"":""jaccard1"",""name_1"":""Los Rios""},{""gid_1"":""ECU.20_1"",""migration_date"":""2025-12-20"",""migration_method"":""jaccard1"",""name_1"":""Santa Elena""},{""gid_2"":""ECU.10.11_1"",""migration_date"":""2025-12-20"",""migration_method"":""jaccard2"",""name_2"":""Guayaquil""},{""gid_2"":""ECU.14.16_1"",""migration_date"":""2025-12-20"",""migration_method"":""jaccard2"",""name_2"":""Portoviejo""},{""gid_2"":""ECU.21.2_1"",""migration_date"":""2025-12-20"",""migration_method"":""puzzle1_2"",""name_2"":""Santo Domingo""},{""gid_2"":""ECU.8.4_1"",""migration_date"":""2025-12-20"",""migration_method"":""jaccard2"",""name_2"":""Muisne""}]",2016-04-20,2026-01-25,2016-04-16,2016-04-16,2016-04-16
2016-0151-ECU,No,nat-geo-ear-gro,Natural,Geophysical,Earthquake,Ground movement,USGS:us10005i9n,,ECU,Ecuador,Latin America and the Caribbean,Americas,"Esmeraldas district (Esmeraldas province), Portoviejo district (Manabi province)",,,No,No,No,,6.8,Moment Magnitude,0.495,-79.62,,2016,5.0,18.0,2016,5.0,18.0,1.0,87.0,60.0,,147.0,,,,,,,74.54960298643441,"[{""adm2_code"":22044,""adm2_name"":""Esmeraldas""},{""adm2_code"":15483,""adm2_name"":""Portoviejo""}]","[{""gid_2"":""ECU.14.16_1"",""migration_date"":""2025-12-20"",""migration_method"":""jaccard2"",""name_2"":""Portoviejo""},{""gid_2"":""ECU.8.3_1"",""migration_date"":""2025-12-20"",""migration_method"":""jaccard2"",""name_2"":""Esmeraldas""}]",2016-05-19,2026-01-25,2016-05-18,2016-05-18,2016-05-18
2016-0002-IND,No,nat-geo-ear-gro,Natural,Geophysical,Earthquake,Ground movement,GLIDE:EQ-2016-000001|USGS:us10004b2n,,IND,India,Southern Asia,Asia,"Guwahati city (Kamrup district, Assam province), East Imphal, West Imphal, Senapati, Thoubal, Bishnupur, Tamenglong districts (Manipur province)",,,No,No,No,,6.7,Moment Magnitude,24.804,93.65,,2016,1.0,3.0,2016,1.0,3.0,8.0,308.0,10500.0,,10808.0,,,,,75000.0,100604.0,74.54960298643441,"[{""adm2_code"":17583,""adm2_name"":""Kamrup""},{""adm2_code"":70188,""adm2_name"":""Bishnupur""},{""adm2_code"":70191,""adm2_name"":""East Imphal""},{""adm2_code"":70192,""adm2_name"":""Senapati""},{""adm2_code"":70193,""adm2_name"":""Tamenglong""},{""adm2_code"":70194,""adm2_name"":""Thoubal""},{""adm2_code"":70196,""adm2_name"":""West Imphal""}]","[{""gid_2"":""IND.21.1_1"",""migration_date"":""2025-12-20"",""migration_method"":""jaccard2"",""name_2"":""Bishnupur""},{""gid_2"":""IND.21.4_1"",""migration_date"":""2025-12-20"",""migration_method"":""jaccard2"",""name_2"":""Imphal East""},{""gid_2"":""IND.21.5_1"",""migration_date"":""2025-12-20"",""migration_method"":""jaccard2"",""name_2"":""Imphal West""},{""gid_2"":""IND.21.6_1"",""migration_date"":""2025-12-20"",""migration_method"":""jaccard2"",""name_2"":""Senapati""},{""gid_2"":""IND.21.7_1"",""migration_date"":""2025-12-20"",""migration_method"":""jaccard2"",""name_2"":""Tamenglong""},{""gid_2"":""IND.21.8_1"",""migration_date"":""2025-12-20"",""migration_method"":""jaccard2"",""name_2"":""Thoubal""},{""gid_2"":""IND.4.15_1"",""migration_date"":""2025-12-20"",""migration_method"":""puzzle2_2"",""name_2"":""Kamrup Metropolitan""},{""gid_2"":""IND.4.16_1"",""migration_date"":""2025-12-20"",""migration_method"":""puzzle2_2"",""name_2"":""Kamrup""}]",2016-01-12,2026-01-25,2016-01-03,2016-01-03,2016-01-03
2016-0458-IDN,No,nat-geo-ear-gro,Natural,Geophysical,Earthquake,Ground movement,USGS:us1000692a,,IDN,Indonesia,South-eastern Asia,Asia,Dompu district (Nusatenggara Barat Province),,,No,No,No,,5.6,Moment Magnitude,-8.194,117.814,,2016,8.0,1.0,2016,8.0,1.0,,,3410.0,,3410.0,,,,,,,74.54960298643441,"[{""adm2_code"":18144,""adm2_name"":""Dompu""}]","[{""gid_2"":""IDN.20.2_1"",""migration_date"":""2025-12-20"",""migration_method"":""jaccard2"",""name_2"":""Dompu""}]",2016-11-29,2026-02-04,2016-08-01,2016-08-01,2016-08-01
2016-0475-IDN,No,nat-geo-ear-gro,Natural,Geophysical,Earthquake,Ground movement,GLIDE:EQ-2016-000127|USGS:us10007ghm,,IDN,Indonesia,South-eastern Asia,Asia,"Pidie Jaya district (Nangroe Aceh Darussalam province, Sumatra Isl.)",,,No,Yes,No,,6.5,Moment Magnitude,5.281,96.108,,2016,12.0,7.0,2016,12.0,7.0,104.0,857.0,85161.0,,86018.0,,,,,100000.0,134139.0,74.54960298643441,"[{""adm2_code"":17968,""adm2_name"":""Pidie""}]","[{""gid_2"":""IDN.1.19_1"",""migration_date"":""2025-12-20"",""migration_method"":""puzzle2_2"",""name_2"":""Pidie Jaya""},{""gid_2"":""IDN.1.20_1"",""migration_date"":""2025-12-20"",""migration_method"":""puzzle2_2"",""name_2"":""Pidie""}]",2016-12-07,2026-01-25,2016-12-07,2016-12-07,2016-12-07
2016-0019-IDN,No,nat-geo-ear-gro,Natural,Geophysical,Earthquake,Ground movement,USGS:us10004f44,,IDN,Indonesia,South-eastern Asia,Asia,"Maluku, Maluku Utara provinces",,,No,No,No,,5.6,Moment Magnitude,-3.863,127.229,,2016,1.0,16.0,2016,1.0,16.0,1.0,22.0,1150.0,,1172.0,,,,,,,74.54960298643441,"[{""adm1_code"":73615,""adm1_name"":""Maluku""},{""adm1_code"":73616,""adm1_name"":""Maluku Utara""}]","[{""gid_2"":""IDN.18.1_1"",""migration_date"":""2025-12-20"",""migration_method"":""puzzle1_2"",""name_2"":""Halmahera Barat""},{""gid_2"":""IDN.18.2_1"",""migration_date"":""2025-12-20"",""migration_method"":""puzzle1_2"",""name_2"":""Halmahera Selatan""},{""gid_2"":""IDN.18.3_1"",""migration_date"":""2025-12-20"",""migration_method"":""puzzle1_2"",""name_2"":""Halmahera Tengah""},{""gid_2"":""IDN.18.4_1"",""migration_date"":""2025-12-20"",""migration_method"":""puzzle1_2"",""name_2"":""Halmahera Timur""},{""gid_2"":""IDN.18.5_1"",""migration_date"":""2025-12-20"",""migration_method"":""puzzle1_2"",""name_2"":""Halmahera Utara""},{""gid_2"":""IDN.18.6_1"",""migration_date"":""2025-12-20"",""migration_method"":""puzzle1_2"",""name_2"":""Kepulauan Sula""},{""gid_2"":""IDN.18.7_1"",""migration_date"":""2025-12-20"",""migration_method"":""puzzle1_2"",""name_2"":""Pulau Morotai""},{""gid_2"":""IDN.18.8_1"",""migration_date"":""2025-12-20"",""migration_method"":""puzzle1_2"",""name_2"":""Ternate""},{""gid_2"":""IDN.18.9_1"",""migration_date"":""2025-12-20"",""migration_method"":""puzzle1_2"",""name_2"":""Tidore Kepulauan""},{""gid_2"":""IDN.19.10_1"",""migration_date"":""2025-12-20"",""migration_method"":""puzzle1_2"",""name_2"":""Seram Bagian Timur""},{""gid_2"":""IDN.19.11_1"",""migration_date"":""2025-12-20"",""migration_method"":""puzzle1_2"",""name_2"":""Tual""},{""gid_2"":""IDN.19.1_1"",""migration_date"":""2025-12-20"",""migration_method"":""puzzle1_2"",""name_2"":""Ambon""},{""gid_2"":""IDN.19.2_1"",""migration_date"":""2025-12-20"",""migration_method"":""puzzle1_2"",""name_2"":""Buru Selatan""},{""gid_2"":""IDN.19.3_1"",""migration_date"":""2025-12-20"",""migration_method"":""puzzle1_2"",""name_2"":""Buru""},{""gid_2"":""IDN.19.4_1"",""migration_date"":""2025-12-20"",""migration_method"":""puzzle1_2"",""name_2"":""Kepulauan Aru""},{""gid_2"":""IDN.19.5_1"",""migration_date"":""2025-12-20"",""migration_method"":""puzzle1_2"",""name_2"":""Maluku Barat Daya""},{""gid_2"":""IDN.19.6_1"",""migration_date"":""2025-12-20"",""migration_method"":""puzzle1_2"",""name_2"":""Maluku Tengah""},{""gid_2"":""IDN.19.7_1"",""migration_date"":""2025-12-20"",""migration_method"":""puzzle1_2"",""name_2"":""Maluku Tenggara Barat""},{""gid_2"":""IDN.19.8_1"",""migration_date"":""2025-12-20"",""migration_method"":""puzzle1_2"",""name_2"":""Maluku Tenggara""},{""gid_2"":""IDN.19.9_1"",""migration_date"":""2025-12-20"",""migration_method"":""puzzle1_2"",""name_2"":""Seram Bagian Barat""}]",2016-02-03,2026-01-30,2016-01-16,2016-01-16,2016-01-16
2016-0313-ITA,No,nat-geo-ear-gro,Natural,Geophysical,Earthquake,Ground movement,GLIDE:EQ-2016-000095|USGS:us10006g7d,,ITA,Italy,Southern Europe,Europe,"Amatrice, Accumoli, Pescara del Tronto, Arquataa, Posta (Rieti and Ascoli Piceno provinces)",,,No,No,Yes,,6.2,Moment Magnitude,42.723,13.187,,2016,8.0,24.0,2016,8.0,24.0,296.0,400.0,4454.0,,4854.0,,,75000.0,100604.0,5000000.0,6706944.0,74.54960298643441,"[{""adm2_code"":18349,""adm2_name"":""Rieti""},{""adm2_code"":18368,""adm2_name"":""Ascoli Piceno""}]","[{""gid_2"":""ITA.11.2_1"",""migration_date"":""2025-12-20"",""migration_method"":""puzzle2_2"",""name_2"":""Ascoli Piceno""},{""gid_2"":""ITA.11.3_1"",""migration_date"":""2025-12-20"",""migration_method"":""puzzle2_2"",""name_2"":""Fermo""},{""gid_2"":""ITA.8.3_1"",""migration_date"":""2025-12-20"",""migration_method"":""jaccard2"",""name_2"":""Rieti""}]",2016-08-29,2026-01-25,2016-08-24,2016-08-24,2016-08-24
2016-0357-ITA,No,nat-geo-ear-gro,Natural,Geophysical,Earthquake,Ground movement,USGS:us1000725y,,ITA,Italy,Southern Europe,Europe,"Visso, Ussita (Macerata district, Marche province)",,,No,No,No,,6.1,Moment Magnitude,42.934,13.043,,2016,10.0,26.0,2016,10.0,26.0,1.0,24.0,3003.0,,3027.0,,,,,200000.0,268278.0,74.54960298643441,"[{""adm2_code"":18369,""adm2_name"":""Macerata""}]","[{""gid_2"":""ITA.11.4_1"",""migration_date"":""2025-12-20"",""migration_method"":""jaccard2"",""name_2"":""Macerata""}]",2016-11-16,2026-01-25,2016-10-26,2016-10-26,2016-10-26
2016-0358-ITA,No,nat-geo-ear-gro,Natural,Geophysical,Earthquake,Ground movement,USGS:us1000731j,,ITA,Italy,Southern Europe,Europe,"Norcia (Perugia district, Umbria province)",,,No,No,No,,6.5,Moment Magnitude,42.855,13.088,,2016,10.0,30.0,2016,10.0,30.0,,20.0,22272.0,,22292.0,,,,,200000.0,268278.0,74.54960298643441,"[{""adm2_code"":18411,""adm2_name"":""Perugia""}]","[{""gid_2"":""ITA.18.1_1"",""migration_date"":""2025-12-20"",""migration_method"":""jaccard2"",""name_2"":""Perugia""}]",2016-11-16,2026-01-25,2016-10-30,2016-10-30,2016-10-30
2016-0121-JPN,No,nat-geo-ear-gro,Natural,Geophysical,Earthquake,Ground movement,GLIDE:EQ-2016-000033|USGS:us20005iis,,JPN,Japan,Eastern Asia,Asia,"Kumamoto, Fukuoka, Saga, Oita, Miyazaki provinces",,,No,No,No,,7.0,Moment Magnitude,32.791,130.75,,2016,4.0,15.0,2016,4.0,15.0,49.0,1684.0,272763.0,23985.0,298432.0,,,5000000.0,6706944.0,20000000.0,26827775.0,74.54960298643441,"[{""adm1_code"":1670,""adm1_name"":""Kumamoto""},{""adm1_code"":1674,""adm1_name"":""Miyazaki""},{""adm1_code"":1683,""adm1_name"":""Saga""}]","[{""gid_1"":""JPN.21_1"",""migration_date"":""2025-12-20"",""migration_method"":""jaccard1"",""name_1"":""Kumamoto""},{""gid_1"":""JPN.25_1"",""migration_date"":""2025-12-20"",""migration_method"":""jaccard1"",""name_1"":""Miyazaki""},{""gid_1"":""JPN.34_1"",""migration_date"":""2025-12-20"",""migration_method"":""jaccard1"",""name_1"":""Saga""}]",2016-04-20,2026-01-25,2016-04-15,2016-04-15,2016-04-15
2016-0492-JPN,No,nat-geo-ear-gro,Natural,Geophysical,Earthquake,Ground movement,USGS:us20007fta,,JPN,Japan,Eastern Asia,Asia,"Kurayoshi city (Kurayosisi district, Tottori province)",,,No,No,No,,6.2,Moment Magnitude,35.37,133.812,,2016,10.0,21.0,2016,10.0,21.0,,7.0,480.0,6.0,493.0,,,,,100000.0,134139.0,74.54960298643441,"[{""adm2_code"":36364,""adm2_name"":""Kurayosisi""}]",,2016-12-14,2026-01-25,2016-10-21,2016-10-21,2016-10-21
2016-0107-JPN,No,nat-geo-ear-gro,Natural,Geophysical,Earthquake,Ground movement,GLIDE:EQ-2016-000033|USGS:us20005hzn,,JPN,Japan,Eastern Asia,Asia,"Mashiki, Kumamoto province (Kyushu Isl.)",,,No,No,No,,6.2,Moment Magnitude,32.788,130.7,,2016,4.0,14.0,2016,4.0,14.0,9.0,800.0,120000.0,,120800.0,,,,,,,74.54960298643441,"[{""adm1_code"":1670,""adm1_name"":""Kumamoto""}]","[{""gid_1"":""JPN.21_1"",""migration_date"":""2025-12-20"",""migration_method"":""jaccard1"",""name_1"":""Kumamoto""}]",2016-04-15,2026-02-04,2016-04-14,2016-04-14,2016-04-14
2016-0383-MMR,No,nat-geo-ear-gro,Natural,Geophysical,Earthquake,Ground movement,GLIDE:EQ-2016-000088|USGS:us10006gbf,,MMR,Myanmar,South-eastern Asia,Asia,"Magway, Mandalay, Rakhine, Sagaing provinces",,,No,No,No,,6.8,Moment Magnitude,20.923,94.569,,2016,8.0,24.0,2016,8.0,24.0,4.0,2.0,1150.0,,1152.0,,,,,10000.0,13414.0,74.54960298643441,"[{""adm1_code"":2123,""adm1_name"":""Rakhine""},{""adm1_code"":2130,""adm1_name"":""Magway""},{""adm1_code"":2131,""adm1_name"":""Mandalay""},{""adm1_code"":2133,""adm1_name"":""Sagaing""}]","[{""gid_1"":""MMR.11_1"",""migration_date"":""2025-12-20"",""migration_method"":""jaccard1"",""name_1"":""Rakhine""},{""gid_1"":""MMR.12_1"",""migration_date"":""2025-12-20"",""migration_method"":""jaccard1"",""name_1"":""Sagaing""},{""gid_1"":""MMR.7_1"",""migration_date"":""2025-12-20"",""migration_method"":""jaccard1"",""name_1"":""Magway""},{""gid_1"":""MMR.8_1"",""migration_date"":""2025-12-20"",""migration_method"":""jaccard1"",""name_1"":""Mandalay""}]",2016-11-17,2026-01-25,2016-08-24,2016-08-24,2016-08-24
2016-0395-NZL,No,nat-geo-ear-tsu,Natural,Geophysical,Earthquake,Tsunami,GLIDE:EQ-2016-000116|USGS:us1000778i,,NZL,New Zealand,Australia and New Zealand,Oceania,"Culverden, Kaikoura (Canterbury province), Wellington province",,"Slide (land, mud, snow, rock)|Tsunami/Tidal wave",No,No,No,,7.8,Moment Magnitude,-42.725,173.064,,2016,11.0,14.0,2016,11.0,14.0,2.0,50.0,,,50.0,,,2100000.0,2816916.0,3900000.0,5231416.0,74.54960298643441,"[{""adm1_code"":2173,""adm1_name"":""Canterbury""},{""adm1_code"":2183,""adm1_name"":""Wellington""}]","[{""gid_1"":""NZL.18_1"",""migration_date"":""2025-12-20"",""migration_method"":""puzzle1_1"",""name_1"":""Wellington""},{""gid_1"":""NZL.3_1"",""migration_date"":""2025-12-20"",""migration_method"":""jaccard1"",""name_1"":""Canterbury""},{""gid_1"":""NZL.4_1"",""migration_date"":""2025-12-20"",""migration_method"":""puzzle1_1"",""name_1"":""Chatham Islands""}]",2016-11-17,2026-01-25,2016-11-14,2016-11-14,2016-11-14
2016-0335-MKD,No,nat-geo-ear-gro,Natural,Geophysical,Earthquake,Ground movement,USGS:us10006nuj,,MKD,North Macedonia,Southern Europe,Europe,Skopje province,,,No,No,No,,5.1,Moment Magnitude,42.009,21.49,,2016,9.0,11.0,2016,9.0,11.0,,100.0,,,100.0,,,,,10000.0,13414.0,74.54960298643441,"[{""adm1_code"":2948,""adm1_name"":""Skopje""}]","[{""gid_1"":""MKD.10_1"",""migration_date"":""2025-12-20"",""migration_method"":""puzzle1_1"",""name_1"":""Čair""},{""gid_1"":""MKD.12_1"",""migration_date"":""2025-12-20"",""migration_method"":""puzzle1_1"",""name_1"":""Centar""},{""gid_1"":""MKD.15_1"",""migration_date"":""2025-12-20"",""migration_method"":""puzzle1_1"",""name_1"":""Čučer Sandevo""},{""gid_1"":""MKD.1_1"",""migration_date"":""2025-12-20"",""migration_method"":""puzzle1_1"",""name_1"":""Aerodrom""},{""gid_1"":""MKD.23_1"",""migration_date"":""2025-12-20"",""migration_method"":""puzzle1_1"",""name_1"":""Gazi Baba""},{""gid_1"":""MKD.25_1"",""migration_date"":""2025-12-20"",""migration_method"":""puzzle1_1"",""name_1"":""Gjorče Petrov""},{""gid_1"":""MKD.28_1"",""migration_date"":""2025-12-20"",""migration_method"":""puzzle1_1"",""name_1"":""Ilinden""},{""gid_1"":""MKD.2_1"",""migration_date"":""2025-12-20"",""migration_method"":""puzzle1_1"",""name_1"":""Aracinovo""},{""gid_1"":""MKD.31_1"",""migration_date"":""2025-12-20"",""migration_method"":""puzzle1_1"",""name_1"":""Karpoš""},{""gid_1"":""MKD.34_1"",""migration_date"":""2025-12-20"",""migration_method"":""puzzle1_1"",""name_1"":""Kisela Voda""},{""gid_1"":""MKD.55_1"",""migration_date"":""2025-12-20"",""migration_method"":""puzzle1_1"",""name_1"":""Petrovec""},{""gid_1"":""MKD.63_1"",""migration_date"":""2025-12-20"",""migration_method"":""puzzle1_1"",""name_1"":""Saraj""},{""gid_1"":""MKD.64_1"",""migration_date"":""2025-12-20"",""migration_method"":""puzzle1_1"",""name_1"":""Sopište""},{""gid_1"":""MKD.70_1"",""migration_date"":""2025-12-20"",""migration_method"":""puzzle1_1"",""name_1"":""Studeničani""},{""gid_1"":""MKD.71_1"",""migration_date"":""2025-12-20"",""migration_method"":""puzzle1_1"",""name_1"":""Šuto Orizari""},{""gid_1"":""MKD.83_1"",""migration_date"":""2025-12-20"",""migration_method"":""puzzle1_1"",""name_1"":""Zelenikovo""},{""gid_1"":""MKD.9_1"",""migration_date"":""2025-12-20"",""migration_method"":""puzzle1_1"",""name_1"":""Butel""}]",2016-10-31,2026-01-25,2016-09-11,2016-09-11,2016-09-11
2016-0100-PAK,No,nat-geo-ear-gro,Natural,Geophysical,Earthquake,Ground movement,USGS:us20005gsg,,PAK,Pakistan,Southern Asia,Asia,"North-West Frontier, Gilgit-Baltistan provinces, Khyber Agency district (Federally Administered Tribal Areas province)",,,No,No,No,,6.6,Moment Magnitude,36.473,71.13,,2016,4.0,10.0,2016,4.0,10.0,6.0,42.0,100.0,,142.0,,,,,,,74.54960298643441,"[{""adm1_code"":2275,""adm1_name"":""North-West Frontier""},{""adm1_code"":40409,""adm1_name"":""Administrative unit not available""},{""adm2_code"":23632,""adm2_name"":""Khyber Agency""}]","[{""gid_1"":""PAK.3_1"",""migration_date"":""2025-12-20"",""migration_method"":""within2_1"",""name_1"":""Federally Administered Tribal Ar""},{""gid_1"":""PAK.5_1"",""migration_date"":""2025-12-20"",""migration_method"":""jaccard1"",""name_1"":""Khyber-Pakhtunkhwa""},{""gid_1"":""Z06.6_1"",""migration_date"":""2025-12-20"",""migration_method"":""jaccard1"",""name_1"":""Gilgit-Baltistan""}]",2016-04-11,2026-01-25,2016-04-10,2016-04-10,2016-04-10
2016-0464-PER,No,nat-geo-ear-gro,Natural,Geophysical,Earthquake,Ground movement,USGS:us10007e55,,PER,Peru,Latin America and the Caribbean,Americas,"Lampa, Paratia cities (Lampa district, Puno province)",,,No,No,No,,6.3,Moment Magnitude,-15.321,-70.827,,2016,12.0,1.0,2016,12.0,1.0,1.0,17.0,200.0,40.0,257.0,,,,,,,74.54960298643441,"[{""adm2_code"":24170,""adm2_name"":""Lampa""}]","[{""gid_2"":""PER.22.7_1"",""migration_date"":""2025-12-20"",""migration_method"":""jaccard2"",""name_2"":""Lampa""}]",2016-12-02,2026-01-30,2016-12-01,2016-12-01,2016-12-01
2016-0298-PER,No,nat-geo-ear-gro,Natural,Geophysical,Earthquake,Ground movement,GLIDE:EQ-2016-000083|USGS:us10006du3,,PER,Peru,Latin America and the Caribbean,Americas,"Yanque, Achoma (Arequipa region); Chivay, Achoma, Ichupampa, Cabanoconde, Yanque, Coporaque, Maca, Madrigal, Tapay, Lari, Tuti, Callalli (Caylloma province)",,,No,No,No,,5.5,Moment Magnitude,-15.64,-71.68,,2016,8.0,14.0,2016,8.0,14.0,4.0,67.0,11115.0,,11182.0,,,,,,,74.54960298643441,"[{""adm2_code"":24043,""adm2_name"":""Caylloma""}]","[{""gid_2"":""PER.4.5_1"",""migration_date"":""2025-12-20"",""migration_method"":""jaccard2"",""name_2"":""Caylloma""}]",2016-08-16,2026-01-30,2016-08-14,2016-08-14,2016-08-14
2016-0537-PHL,No,nat-geo-ear-gro,Natural,Geophysical,Earthquake,Ground movement,,,PHL,Philippines,South-eastern Asia,Asia,Surigao city,,,No,No,No,,6.7,Moment Magnitude,,,,2016,3.0,30.0,2016,3.0,30.0,8.0,202.0,,,202.0,,,,,,,74.54960298643441,"[{""adm2_code"":67169,""adm2_name"":""Surigao Del Norte""}]","[{""gid_2"":""PHL.74.10_1"",""migration_date"":""2025-12-20"",""migration_method"":""puzzle2_2"",""name_2"":""Mainit""},{""gid_2"":""PHL.74.11_1"",""migration_date"":""2025-12-20"",""migration_method"":""puzzle2_2"",""name_2"":""Malimono""},{""gid_2"":""PHL.74.12_1"",""migration_date"":""2025-12-20"",""migration_method"":""puzzle2_2"",""name_2"":""Pilar""},{""gid_2"":""PHL.74.13_1"",""migration_date"":""2025-12-20"",""migration_method"":""puzzle2_2"",""name_2"":""Placer""},{""gid_2"":""PHL.74.14_1"",""migration_date"":""2025-12-20"",""migration_method"":""puzzle2_2"",""name_2"":""San Benito""},{""gid_2"":""PHL.74.15_1"",""migration_date"":""2025-12-20"",""migration_method"":""puzzle2_2"",""name_2"":""San Francisco""},{""gid_2"":""PHL.74.16_1"",""migration_date"":""2025-12-20"",""migration_method"":""puzzle2_2"",""name_2"":""San Isidro""},{""gid_2"":""PHL.74.17_1"",""migration_date"":""2025-12-20"",""migration_method"":""puzzle2_2"",""name_2"":""Santa Monica""},{""gid_2"":""PHL.74.18_1"",""migration_date"":""2025-12-20"",""migration_method"":""puzzle2_2"",""name_2"":""Sison""},{""gid_2"":""PHL.74.19_1"",""migration_date"":""2025-12-20"",""migration_method"":""puzzle2_2"",""name_2"":""Socorro""},{""gid_2"":""PHL.74.1_1"",""migration_date"":""2025-12-20"",""migration_method"":""puzzle2_2"",""name_2"":""Alegria""},{""gid_2"":""PHL.74.21_1"",""migration_date"":""2025-12-20"",""migration_method"":""puzzle2_2"",""name_2"":""Tagana-An""},{""gid_2"":""PHL.74.22_1"",""migration_date"":""2025-12-20"",""migration_method"":""puzzle2_2"",""name_2"":""Tubod""},{""gid_2"":""PHL.74.2_1"",""migration_date"":""2025-12-20"",""migration_method"":""puzzle2_2"",""name_2"":""Bacuag""},{""gid_2"":""PHL.74.3_1"",""migration_date"":""2025-12-20"",""migration_method"":""puzzle2_2"",""name_2"":""Burgos""},{""gid_2"":""PHL.74.4_1"",""migration_date"":""2025-12-20"",""migration_method"":""puzzle2_2"",""name_2"":""Claver""},{""gid_2"":""PHL.74.5_1"",""migration_date"":""2025-12-20"",""migration_method"":""puzzle2_2"",""name_2"":""Dapa""},{""gid_2"":""PHL.74.6_1"",""migration_date"":""2025-12-20"",""migration_method"":""puzzle2_2"",""name_2"":""Del Carmen""},{""gid_2"":""PHL.74.7_1"",""migration_date"":""2025-12-20"",""migration_method"":""puzzle2_2"",""name_2"":""General Luna""},{""gid_2"":""PHL.74.8_1"",""migration_date"":""2025-12-20"",""migration_method"":""puzzle2_2"",""name_2"":""Gigaquit""},{""gid_2"":""PHL.74.9_1"",""migration_date"":""2025-12-20"",""migration_method"":""puzzle2_2"",""name_2"":""Mainit Lake""}]",2017-03-30,2025-12-20,2016-03-30,2016-03-30,2016-03-30
2016-0341-KOR,No,nat-geo-ear-gro,Natural,Geophysical,Earthquake,Ground movement,USGS:us10006p1f,,KOR,Republic of Korea,Eastern Asia,Asia,Kyonju,,,No,No,No,,5.4,Moment Magnitude,35.781,129.216,,2016,9.0,12.0,2016,9.0,12.0,,32.0,29800.0,,29832.0,,,,,21000.0,28169.0,74.54960298643441,"[{""adm1_code"":2440,""adm1_name"":""Kyongsangbuk-do""}]","[{""gid_2"":""KOR.4.3_2"",""migration_date"":""2025-12-20"",""migration_method"":""puzzle1_2"",""name_2"":""Dalseong""},{""gid_2"":""KOR.9.10_2"",""migration_date"":""2025-12-20"",""migration_method"":""puzzle1_2"",""name_2"":""Gyeongju""},{""gid_2"":""KOR.9.11_2"",""migration_date"":""2025-12-20"",""migration_method"":""puzzle1_2"",""name_2"":""Gyeongsan""},{""gid_2"":""KOR.9.12_2"",""migration_date"":""2025-12-20"",""migration_method"":""puzzle1_2"",""name_2"":""Mungyeong""},{""gid_2"":""KOR.9.13_2"",""migration_date"":""2025-12-20"",""migration_method"":""puzzle1_2"",""name_2"":""Pohang""},{""gid_2"":""KOR.9.14_2"",""migration_date"":""2025-12-20"",""migration_method"":""puzzle1_2"",""name_2"":""Sangju""},{""gid_2"":""KOR.9.15_2"",""migration_date"":""2025-12-20"",""migration_method"":""puzzle1_2"",""name_2"":""Seongju""},{""gid_2"":""KOR.9.16_2"",""migration_date"":""2025-12-20"",""migration_method"":""puzzle1_2"",""name_2"":""Uiseong""},{""gid_2"":""KOR.9.19_2"",""migration_date"":""2025-12-20"",""migration_method"":""puzzle1_2"",""name_2"":""Yecheon""},{""gid_2"":""KOR.9.1_2"",""migration_date"":""2025-12-20"",""migration_method"":""puzzle1_2"",""name_2"":""Andong""},{""gid_2"":""KOR.9.20_2"",""migration_date"":""2025-12-20"",""migration_method"":""puzzle1_2"",""name_2"":""Yeongcheon""},{""gid_2"":""KOR.9.21_2"",""migration_date"":""2025-12-20"",""migration_method"":""puzzle1_2"",""name_2"":""Yeongdeok""},{""gid_2"":""KOR.9.22_2"",""migration_date"":""2025-12-20"",""migration_method"":""puzzle1_2"",""name_2"":""Yeongju""},{""gid_2"":""KOR.9.23_2"",""migration_date"":""2025-12-20"",""migration_method"":""puzzle1_2"",""name_2"":""Yeongyang""},{""gid_2"":""KOR.9.2_2"",""migration_date"":""2025-12-20"",""migration_method"":""puzzle1_2"",""name_2"":""Bonghwa""},{""gid_2"":""KOR.9.3_2"",""migration_date"":""2025-12-20"",""migration_method"":""puzzle1_2"",""name_2"":""Cheongdo""},{""gid_2"":""KOR.9.4_2"",""migration_date"":""2025-12-20"",""migration_method"":""puzzle1_2"",""name_2"":""Cheongsong""},{""gid_2"":""KOR.9.5_2"",""migration_date"":""2025-12-20"",""migration_method"":""puzzle1_2"",""name_2"":""Chilgok""},{""gid_2"":""KOR.9.6_2"",""migration_date"":""2025-12-20"",""migration_method"":""puzzle1_2"",""name_2"":""Gimcheon""},{""gid_2"":""KOR.9.7_2"",""migration_date"":""2025-12-20"",""migration_method"":""puzzle1_2"",""name_2"":""Goryeong""},{""gid_2"":""KOR.9.8_2"",""migration_date"":""2025-12-20"",""migration_method"":""puzzle1_2"",""name_2"":""Gumi""},{""gid_2"":""KOR.9.9_2"",""migration_date"":""2025-12-20"",""migration_method"":""puzzle1_2"",""name_2"":""Gunwi""}]",2016-10-31,2026-01-25,2016-09-12,2016-09-12,2016-09-12
2016-0483-SLB,No,nat-geo-ear-gro,Natural,Geophysical,Earthquake,Ground movement,GLIDE:EQ-2016-000128|USGS:us20007z80,,SLB,Solomon Islands,Melanesia,Oceania,"Malaita, Makira-Ulawa, Temotu provinces",,Tsunami/Tidal wave,No,No,No,,7.8,Moment Magnitude,-10.676,161.33,,2016,12.0,8.0,2016,12.0,8.0,,1.0,9769.0,,9770.0,,,,,,,74.54960298643441,"[{""adm2_code"":25652,""adm2_name"":""Administrative unit not available""}]","[{""gid_2"":""SLB.1.10_1"",""migration_date"":""2025-12-20"",""migration_method"":""puzzle2_2"",""name_2"":""South Savo""},{""gid_2"":""SLB.1.11_1"",""migration_date"":""2025-12-20"",""migration_method"":""puzzle2_2"",""name_2"":""South West Gela""},{""gid_2"":""SLB.1.12_1"",""migration_date"":""2025-12-20"",""migration_method"":""puzzle2_2"",""name_2"":""Tulagi""},{""gid_2"":""SLB.1.13_1"",""migration_date"":""2025-12-20"",""migration_method"":""puzzle2_2"",""name_2"":""West Gela""},{""gid_2"":""SLB.1.1_1"",""migration_date"":""2025-12-20"",""migration_method"":""puzzle2_2"",""name_2"":""East Gela""},{""gid_2"":""SLB.1.2_1"",""migration_date"":""2025-12-20"",""migration_method"":""puzzle2_2"",""name_2"":""Lovukol""},{""gid_2"":""SLB.1.3_1"",""migration_date"":""2025-12-20"",""migration_method"":""puzzle2_2"",""name_2"":""Mbanika""},{""gid_2"":""SLB.1.4_1"",""migration_date"":""2025-12-20"",""migration_method"":""puzzle2_2"",""name_2"":""North East Gela""},{""gid_2"":""SLB.1.5_1"",""migration_date"":""2025-12-20"",""migration_method"":""puzzle2_2"",""name_2"":""North Savo""},{""gid_2"":""SLB.1.6_1"",""migration_date"":""2025-12-20"",""migration_method"":""puzzle2_2"",""name_2"":""North West Gela""},{""gid_2"":""SLB.1.7_1"",""migration_date"":""2025-12-20"",""migration_method"":""puzzle2_2"",""name_2"":""Pavuvu""},{""gid_2"":""SLB.1.8_1"",""migration_date"":""2025-12-20"",""migration_method"":""puzzle2_2"",""name_2"":""Sandfly-Buenavista""},{""gid_2"":""SLB.1.9_1"",""migration_date"":""2025-12-20"",""migration_method"":""puzzle2_2"",""name_2"":""South East Gela""},{""gid_2"":""SLB.10.10_1"",""migration_date"":""2025-12-20"",""migration_method"":""puzzle2_2"",""name_2"":""Munda""},{""gid_2"":""SLB.10.11_1"",""migration_date"":""2025-12-20"",""migration_method"":""puzzle2_2"",""name_2"":""Nggatokae""},{""gid_2"":""SLB.10.12_1"",""migration_date"":""2025-12-20"",""migration_method"":""puzzle2_2"",""name_2"":""Nono""},{""gid_2"":""SLB.10.13_1"",""migration_date"":""2025-12-20"",""migration_method"":""puzzle2_2"",""name_2"":""Noro""},{""gid_2"":""SLB.10.14_1"",""migration_date"":""2025-12-20"",""migration_method"":""puzzle2_2"",""name_2"":""North Kolombangara""},{""gid_2"":""SLB.10.15_1"",""migration_date"":""2025-12-20"",""migration_method"":""puzzle2_2"",""name_2"":""North Ranongga""},{""gid_2"":""SLB.10.16_1"",""migration_date"":""2025-12-20"",""migration_method"":""puzzle2_2"",""name_2"":""North Rendova""},{""gid_2"":""SLB.10.17_1"",""migration_date"":""2025-12-20"",""migration_method"":""puzzle2_2"",""name_2"":""North Vangunu""},{""gid_2"":""SLB.10.18_1"",""migration_date"":""2025-12-20"",""migration_method"":""puzzle2_2"",""name_2"":""Nusa Roviana""},{""gid_2"":""SLB.10.19_1"",""migration_date"":""2025-12-20"",""migration_method"":""puzzle2_2"",""name_2"":""Outer Shortlands""},{""gid_2"":""SLB.10.1_1"",""migration_date"":""2025-12-20"",""migration_method"":""puzzle2_2"",""name_2"":""Bilua""},{""gid_2"":""SLB.10.20_1"",""migration_date"":""2025-12-20"",""migration_method"":""puzzle2_2"",""name_2"":""Roviana Lagoon""},{""gid_2"":""SLB.10.21_1"",""migration_date"":""2025-12-20"",""migration_method"":""puzzle2_2"",""name_2"":""Simbo""},{""gid_2"":""SLB.10.22_1"",""migration_date"":""2025-12-20"",""migration_method"":""puzzle2_2"",""name_2"":""South Kolombangara""},{""gid_2"":""SLB.10.23_1"",""migration_date"":""2025-12-20"",""migration_method"":""puzzle2_2"",""name_2"":""South Ranongga""},{""gid_2"":""SLB.10.24_1"",""migration_date"":""2025-12-20"",""migration_method"":""puzzle2_2"",""name_2"":""South Rendova""},{""gid_2"":""SLB.10.25_1"",""migration_date"":""2025-12-20"",""migration_method"":""puzzle2_2"",""name_2"":""Vonavona""},{""gid_2"":""SLB.10.26_1"",""migration_date"":""2025-12-20"",""migration_method"":""puzzle2_2"",""name_2"":""Vonunu""},{""gid_2"":""SLB.10.2_1"",""migration_date"":""2025-12-20"",""migration_method"":""puzzle2_2"",""name_2"":""Buini Tusu""},{""gid_2"":""SLB.10.3_1"",""migration_date"":""2025-12-20"",""migration_method"":""puzzle2_2"",""name_2"":""Central Ranongga""},{""gid_2"":""SLB.10.4_1"",""migration_date"":""2025-12-20"",""migration_method"":""puzzle2_2"",""name_2"":""Dovele""},{""gid_2"":""SLB.10.5_1"",""migration_date"":""2025-12-20"",""migration_method"":""puzzle2_2"",""name_2"":""Gizo""},{""gid_2"":""SLB.10.6_1"",""migration_date"":""2025-12-20"",""migration_method"":""puzzle2_2"",""name_2"":""Inner Shortlands""},{""gid_2"":""SLB.10.7_1"",""migration_date"":""2025-12-20"",""migration_method"":""puzzle2_2"",""name_2"":""Iringgila""},{""gid_2"":""SLB.10.8_1"",""migration_date"":""2025-12-20"",""migration_method"":""puzzle2_2"",""name_2"":""Kolombaghea""},{""gid_2"":""SLB.10.9_1"",""migration_date"":""2025-12-20"",""migration_method"":""puzzle2_2"",""name_2"":""Kusaghe""},{""gid_2"":""SLB.2.10_1"",""migration_date"":""2025-12-20"",""migration_method"":""puzzle2_2"",""name_2"":""Tavula""},{""gid_2"":""SLB.2.11_1"",""migration_date"":""2025-12-20"",""migration_method"":""puzzle2_2"",""name_2"":""Tepakaza""},{""gid_2"":""SLB.2.12_1"",""migration_date"":""2025-12-20"",""migration_method"":""puzzle2_2"",""name_2"":""Vasiduki""},{""gid_2"":""SLB.2.13_1"",""migration_date"":""2025-12-20"",""migration_method"":""puzzle2_2"",""name_2"":""Viviru""},{""gid_2"":""SLB.2.14_1"",""migration_date"":""2025-12-20"",""migration_method"":""puzzle2_2"",""name_2"":""Waghina""},{""gid_2"":""SLB.2.1_1"",""migration_date"":""2025-12-20"",""migration_method"":""puzzle2_2"",""name_2"":""Babatana""},{""gid_2"":""SLB.2.2_1"",""migration_date"":""2025-12-20"",""migration_method"":""puzzle2_2"",""name_2"":""Bangara""},{""gid_2"":""SLB.2.3_1"",""migration_date"":""2025-12-20"",""migration_method"":""puzzle2_2"",""name_2"":""Batava""},{""gid_2"":""SLB.2.4_1"",""migration_date"":""2025-12-20"",""migration_method"":""puzzle2_2"",""name_2"":""Katupika""},{""gid_2"":""SLB.2.5_1"",""migration_date"":""2025-12-20"",""migration_method"":""puzzle2_2"",""name_2"":""Kerepangara""},{""gid_2"":""SLB.2.6_1"",""migration_date"":""2025-12-20"",""migration_method"":""puzzle2_2"",""name_2"":""Kirugela""},{""gid_2"":""SLB.2.7_1"",""migration_date"":""2025-12-20"",""migration_method"":""puzzle2_2"",""name_2"":""Polo""},{""gid_2"":""SLB.2.8_1"",""migration_date"":""2025-12-20"",""migration_method"":""puzzle2_2"",""name_2"":""Senga""},{""gid_2"":""SLB.2.9_1"",""migration_date"":""2025-12-20"",""migration_method"":""puzzle2_2"",""name_2"":""Susuka""},{""gid_2"":""SLB.3.10_1"",""migration_date"":""2025-12-20"",""migration_method"":""puzzle2_2"",""name_2"":""Moli""},{""gid_2"":""SLB.3.11_1"",""migration_date"":""2025-12-20"",""migration_method"":""puzzle2_2"",""name_2"":""Paripao""},{""gid_2"":""SLB.3.12_1"",""migration_date"":""2025-12-20"",""migration_method"":""puzzle2_2"",""name_2"":""Saghalu""},{""gid_2"":""SLB.3.13_1"",""migration_date"":""2025-12-20"",""migration_method"":""puzzle2_2"",""name_2"":""Savulei""},{""gid_2"":""SLB.3.14_1"",""migration_date"":""2025-12-20"",""migration_method"":""puzzle2_2"",""name_2"":""Talise""},{""gid_2"":""SLB.3.15_1"",""migration_date"":""2025-12-20"",""migration_method"":""puzzle2_2"",""name_2"":""Tandai""},{""gid_2"":""SLB.3.16_1"",""migration_date"":""2025-12-20"",""migration_method"":""puzzle2_2"",""name_2"":""Tangarare""},{""gid_2"":""SLB.3.17_1"",""migration_date"":""2025-12-20"",""migration_method"":""puzzle2_2"",""name_2"":""Tetekanji""},{""gid_2"":""SLB.3.18_1"",""migration_date"":""2025-12-20"",""migration_method"":""puzzle2_2"",""name_2"":""Valasi""},{""gid_2"":""SLB.3.19_1"",""migration_date"":""2025-12-20"",""migration_method"":""puzzle2_2"",""name_2"":""Vatukulau""},{""gid_2"":""SLB.3.1_1"",""migration_date"":""2025-12-20"",""migration_method"":""puzzle2_2"",""name_2"":""Aola""},{""gid_2"":""SLB.3.20_1"",""migration_date"":""2025-12-20"",""migration_method"":""puzzle2_2"",""name_2"":""Vulolo""},{""gid_2"":""SLB.3.21_1"",""migration_date"":""2025-12-20"",""migration_method"":""puzzle2_2"",""name_2"":""Wanderer Bay""},{""gid_2"":""SLB.3.22_1"",""migration_date"":""2025-12-20"",""migration_method"":""puzzle2_2"",""name_2"":""West Ghaobata""},{""gid_2"":""SLB.3.2_1"",""migration_date"":""2025-12-20"",""migration_method"":""puzzle2_2"",""name_2"":""Avuavu""},{""gid_2"":""SLB.3.3_1"",""migration_date"":""2025-12-20"",""migration_method"":""puzzle2_2"",""name_2"":""Birao""},{""gid_2"":""SLB.3.4_1"",""migration_date"":""2025-12-20"",""migration_method"":""puzzle2_2"",""name_2"":""Duidui""},{""gid_2"":""SLB.3.5_1"",""migration_date"":""2025-12-20"",""migration_method"":""puzzle2_2"",""name_2"":""East Ghaobata""},{""gid_2"":""SLB.3.6_1"",""migration_date"":""2025-12-20"",""migration_method"":""puzzle2_2"",""name_2"":""East Tasimboko""},{""gid_2"":""SLB.3.7_1"",""migration_date"":""2025-12-20"",""migration_method"":""puzzle2_2"",""name_2"":""Kolokarako""},{""gid_2"":""SLB.3.8_1"",""migration_date"":""2025-12-20"",""migration_method"":""puzzle2_2"",""name_2"":""Longgu""},{""gid_2"":""SLB.3.9_1"",""migration_date"":""2025-12-20"",""migration_method"":""puzzle2_2"",""name_2"":""Malango""},{""gid_2"":""SLB.4.10_1"",""migration_date"":""2025-12-20"",""migration_method"":""puzzle2_2"",""name_2"":""Vavaea""},{""gid_2"":""SLB.4.11_1"",""migration_date"":""2025-12-20"",""migration_method"":""puzzle2_2"",""name_2"":""Vuhokesa""},{""gid_2"":""SLB.4.12_1"",""migration_date"":""2025-12-20"",""migration_method"":""puzzle2_2"",""name_2"":""Vura""},{""gid_2"":""SLB.4.1_1"",""migration_date"":""2025-12-20"",""migration_method"":""puzzle2_2"",""name_2"":""Cruz""},{""gid_2"":""SLB.4.2_1"",""migration_date"":""2025-12-20"",""migration_method"":""puzzle2_2"",""name_2"":""Kola'a""},{""gid_2"":""SLB.4.3_1"",""migration_date"":""2025-12-20"",""migration_method"":""puzzle2_2"",""name_2"":""Kukum""},{""gid_2"":""SLB.4.4_1"",""migration_date"":""2025-12-20"",""migration_method"":""puzzle2_2"",""name_2"":""Mataniko""},{""gid_2"":""SLB.4.5_1"",""migration_date"":""2025-12-20"",""migration_method"":""puzzle2_2"",""name_2"":""Mbumburu""},{""gid_2"":""SLB.4.6_1"",""migration_date"":""2025-12-20"",""migration_method"":""puzzle2_2"",""name_2"":""Naha""},{""gid_2"":""SLB.4.7_1"",""migration_date"":""2025-12-20"",""migration_method"":""puzzle2_2"",""name_2"":""Nggosi""},{""gid_2"":""SLB.4.8_1"",""migration_date"":""2025-12-20"",""migration_method"":""puzzle2_2"",""name_2"":""Panatina""},{""gid_2"":""SLB.4.9_1"",""migration_date"":""2025-12-20"",""migration_method"":""puzzle2_2"",""name_2"":""Rove - Lengakiki""},{""gid_2"":""SLB.5.10_1"",""migration_date"":""2025-12-20"",""migration_method"":""puzzle2_2"",""name_2"":""Kolotubi""},{""gid_2"":""SLB.5.11_1"",""migration_date"":""2025-12-20"",""migration_method"":""puzzle2_2"",""name_2"":""Koviloko""},{""gid_2"":""SLB.5.12_1"",""migration_date"":""2025-12-20"",""migration_method"":""puzzle2_2"",""name_2"":""Samasodu""},{""gid_2"":""SLB.5.13_1"",""migration_date"":""2025-12-20"",""migration_method"":""puzzle2_2"",""name_2"":""Sigana""},{""gid_2"":""SLB.5.14_1"",""migration_date"":""2025-12-20"",""migration_method"":""puzzle2_2"",""name_2"":""Susubona""},{""gid_2"":""SLB.5.15_1"",""migration_date"":""2025-12-20"",""migration_method"":""puzzle2_2"",""name_2"":""Tatamba""},{""gid_2"":""SLB.5.16_1"",""migration_date"":""2025-12-20"",""migration_method"":""puzzle2_2"",""name_2"":""Tirotonga""},{""gid_2"":""SLB.5.1_1"",""migration_date"":""2025-12-20"",""migration_method"":""puzzle2_2"",""name_2"":""Buala""},{""gid_2"":""SLB.5.2_1"",""migration_date"":""2025-12-20"",""migration_method"":""puzzle2_2"",""name_2"":""Havulei""},{""gid_2"":""SLB.5.3_1"",""migration_date"":""2025-12-20"",""migration_method"":""puzzle2_2"",""name_2"":""Hovukoilo""},{""gid_2"":""SLB.5.4_1"",""migration_date"":""2025-12-20"",""migration_method"":""puzzle2_2"",""name_2"":""Japuana""},{""gid_2"":""SLB.5.5_1"",""migration_date"":""2025-12-20"",""migration_method"":""puzzle2_2"",""name_2"":""Kaloka""},{""gid_2"":""SLB.5.6_1"",""migration_date"":""2025-12-20"",""migration_method"":""puzzle2_2"",""name_2"":""Kia""},{""gid_2"":""SLB.5.7_1"",""migration_date"":""2025-12-20"",""migration_method"":""puzzle2_2"",""name_2"":""Kmaga""},{""gid_2"":""SLB.5.8_1"",""migration_date"":""2025-12-20"",""migration_method"":""puzzle2_2"",""name_2"":""Kokota""},{""gid_2"":""SLB.5.9_1"",""migration_date"":""2025-12-20"",""migration_method"":""puzzle2_2"",""name_2"":""Kolomola""},{""gid_2"":""SLB.6.10_1"",""migration_date"":""2025-12-20"",""migration_method"":""puzzle2_2"",""name_2"":""Rawo""},{""gid_2"":""SLB.6.11_1"",""migration_date"":""2025-12-20"",""migration_method"":""puzzle2_2"",""name_2"":""Santa Ana""},{""gid_2"":""SLB.6.12_1"",""migration_date"":""2025-12-20"",""migration_method"":""puzzle2_2"",""name_2"":""Santa Catalina""},{""gid_2"":""SLB.6.13_1"",""migration_date"":""2025-12-20"",""migration_method"":""puzzle2_2"",""name_2"":""South Ulawa""},{""gid_2"":""SLB.6.14_1"",""migration_date"":""2025-12-20"",""migration_method"":""puzzle2_2"",""name_2"":""Star Harbour North""},{""gid_2"":""SLB.6.15_1"",""migration_date"":""2025-12-20"",""migration_method"":""puzzle2_2"",""name_2"":""Star Harbour South""},{""gid_2"":""SLB.6.16_1"",""migration_date"":""2025-12-20"",""migration_method"":""puzzle2_2"",""name_2"":""Ugi and Pio""},{""gid_2"":""SLB.6.17_1"",""migration_date"":""2025-12-20"",""migration_method"":""puzzle2_2"",""name_2"":""Wainoni East""},{""gid_2"":""SLB.6.18_1"",""migration_date"":""2025-12-20"",""migration_method"":""puzzle2_2"",""name_2"":""Wainoni West""},{""gid_2"":""SLB.6.19_1"",""migration_date"":""2025-12-20"",""migration_method"":""puzzle2_2"",""name_2"":""Weather Coast""},{""gid_2"":""SLB.6.1_1"",""migration_date"":""2025-12-20"",""migration_method"":""puzzle2_2"",""name_2"":""Arosi East""},{""gid_2"":""SLB.6.20_1"",""migration_date"":""2025-12-20"",""migration_method"":""puzzle2_2"",""name_2"":""West Ulawa""},{""gid_2"":""SLB.6.2_1"",""migration_date"":""2025-12-20"",""migration_method"":""puzzle2_2"",""name_2"":""Arosi North""},{""gid_2"":""SLB.6.3_1"",""migration_date"":""2025-12-20"",""migration_method"":""puzzle2_2"",""name_2"":""Arosi South""},{""gid_2"":""SLB.6.4_1"",""migration_date"":""2025-12-20"",""migration_method"":""puzzle2_2"",""name_2"":""Arosi West""},{""gid_2"":""SLB.6.5_1"",""migration_date"":""2025-12-20"",""migration_method"":""puzzle2_2"",""name_2"":""Bauro Central""},{""gid_2"":""SLB.6.6_1"",""migration_date"":""2025-12-20"",""migration_method"":""puzzle2_2"",""name_2"":""Bauro East""},{""gid_2"":""SLB.6.7_1"",""migration_date"":""2025-12-20"",""migration_method"":""puzzle2_2"",""name_2"":""Bauro West""},{""gid_2"":""SLB.6.8_1"",""migration_date"":""2025-12-20"",""migration_method"":""puzzle2_2"",""name_2"":""Haununu""},{""gid_2"":""SLB.6.9_1"",""migration_date"":""2025-12-20"",""migration_method"":""puzzle2_2"",""name_2"":""North Ulawa""},{""gid_2"":""SLB.7.10_1"",""migration_date"":""2025-12-20"",""migration_method"":""puzzle2_2"",""name_2"":""Faumamanu - Kwai""},{""gid_2"":""SLB.7.11_1"",""migration_date"":""2025-12-20"",""migration_method"":""puzzle2_2"",""name_2"":""Foondo - Gwaiau""},{""gid_2"":""SLB.7.12_1"",""migration_date"":""2025-12-20"",""migration_method"":""puzzle2_2"",""name_2"":""Fouenda""},{""gid_2"":""SLB.7.13_1"",""migration_date"":""2025-12-20"",""migration_method"":""puzzle2_2"",""name_2"":""Gulalafou""},{""gid_2"":""SLB.7.14_1"",""migration_date"":""2025-12-20"",""migration_method"":""puzzle2_2"",""name_2"":""Kwaimela - Radefasu""},{""gid_2"":""SLB.7.15_1"",""migration_date"":""2025-12-20"",""migration_method"":""puzzle2_2"",""name_2"":""Kwarekwareo""},{""gid_2"":""SLB.7.16_1"",""migration_date"":""2025-12-20"",""migration_method"":""puzzle2_2"",""name_2"":""Langalanga""},{""gid_2"":""SLB.7.18_1"",""migration_date"":""2025-12-20"",""migration_method"":""puzzle2_2"",""name_2"":""Malu'u""},{""gid_2"":""SLB.7.19_1"",""migration_date"":""2025-12-20"",""migration_method"":""puzzle2_2"",""name_2"":""Mandalua - Folotana""},{""gid_2"":""SLB.7.1_1"",""migration_date"":""2025-12-20"",""migration_method"":""puzzle2_2"",""name_2"":""Aba - Asimeuru""},{""gid_2"":""SLB.7.20_1"",""migration_date"":""2025-12-20"",""migration_method"":""puzzle2_2"",""name_2"":""Mareho""},{""gid_2"":""SLB.7.21_1"",""migration_date"":""2025-12-20"",""migration_method"":""puzzle2_2"",""name_2"":""Matakwalao""},{""gid_2"":""SLB.7.22_1"",""migration_date"":""2025-12-20"",""migration_method"":""puzzle2_2"",""name_2"":""Nafinua""},{""gid_2"":""SLB.7.24_1"",""migration_date"":""2025-12-20"",""migration_method"":""puzzle2_2"",""name_2"":""Raroisuu""},{""gid_2"":""SLB.7.25_1"",""migration_date"":""2025-12-20"",""migration_method"":""puzzle2_2"",""name_2"":""Siesie""},{""gid_2"":""SLB.7.27_1"",""migration_date"":""2025-12-20"",""migration_method"":""puzzle2_2"",""name_2"":""Sububenu-Burianias""},{""gid_2"":""SLB.7.28_1"",""migration_date"":""2025-12-20"",""migration_method"":""puzzle2_2"",""name_2"":""Sulufou-Kwarande""},{""gid_2"":""SLB.7.29_1"",""migration_date"":""2025-12-20"",""migration_method"":""puzzle2_2"",""name_2"":""Tai""},{""gid_2"":""SLB.7.2_1"",""migration_date"":""2025-12-20"",""migration_method"":""puzzle2_2"",""name_2"":""Aiaisi""},{""gid_2"":""SLB.7.30_1"",""migration_date"":""2025-12-20"",""migration_method"":""puzzle2_2"",""name_2"":""Takwa""},{""gid_2"":""SLB.7.31_1"",""migration_date"":""2025-12-20"",""migration_method"":""puzzle2_2"",""name_2"":""Waneagu-Taelanasin""},{""gid_2"":""SLB.7.32_1"",""migration_date"":""2025-12-20"",""migration_method"":""puzzle2_2"",""name_2"":""Weagu Silana Sina""},{""gid_2"":""SLB.7.33_1"",""migration_date"":""2025-12-20"",""migration_method"":""puzzle2_2"",""name_2"":""West Baegut-Fatale""},{""gid_2"":""SLB.7.3_1"",""migration_date"":""2025-12-20"",""migration_method"":""puzzle2_2"",""name_2"":""Aimela""},{""gid_2"":""SLB.7.4_1"",""migration_date"":""2025-12-20"",""migration_method"":""puzzle2_2"",""name_2"":""Areare""},{""gid_2"":""SLB.7.5_1"",""migration_date"":""2025-12-20"",""migration_method"":""puzzle2_2"",""name_2"":""Asimae""},{""gid_2"":""SLB.7.6_1"",""migration_date"":""2025-12-20"",""migration_method"":""puzzle2_2"",""name_2"":""Auki""},{""gid_2"":""SLB.7.7_1"",""migration_date"":""2025-12-20"",""migration_method"":""puzzle2_2"",""name_2"":""Buma""},{""gid_2"":""SLB.7.8_1"",""migration_date"":""2025-12-20"",""migration_method"":""puzzle2_2"",""name_2"":""East Baegu""},{""gid_2"":""SLB.7.9_1"",""migration_date"":""2025-12-20"",""migration_method"":""puzzle2_2"",""name_2"":""Fauabu""},{""gid_2"":""SLB.8.1_1"",""migration_date"":""2025-12-20"",""migration_method"":""puzzle2_2"",""name_2"":""East Ghongau""},{""gid_2"":""SLB.8.3_1"",""migration_date"":""2025-12-20"",""migration_method"":""puzzle2_2"",""name_2"":""Kangava""},{""gid_2"":""SLB.8.4_1"",""migration_date"":""2025-12-20"",""migration_method"":""puzzle2_2"",""name_2"":""Lughu""},{""gid_2"":""SLB.8.5_1"",""migration_date"":""2025-12-20"",""migration_method"":""puzzle2_2"",""name_2"":""Matangi""},{""gid_2"":""SLB.8.6_1"",""migration_date"":""2025-12-20"",""migration_method"":""puzzle2_2"",""name_2"":""Mugihenua""},{""gid_2"":""SLB.8.7_1"",""migration_date"":""2025-12-20"",""migration_method"":""puzzle2_2"",""name_2"":""Sa'Aiho""},{""gid_2"":""SLB.8.8_1"",""migration_date"":""2025-12-20"",""migration_method"":""puzzle2_2"",""name_2"":""Tetau Nangoto""},{""gid_2"":""SLB.8.9_1"",""migration_date"":""2025-12-20"",""migration_method"":""puzzle2_2"",""name_2"":""West Ghongau""},{""gid_2"":""SLB.9.10_1"",""migration_date"":""2025-12-20"",""migration_method"":""puzzle2_2"",""name_2"":""Neo""},{""gid_2"":""SLB.9.11_1"",""migration_date"":""2025-12-20"",""migration_method"":""puzzle2_2"",""name_2"":""Nevenema""},{""gid_2"":""SLB.9.12_1"",""migration_date"":""2025-12-20"",""migration_method"":""puzzle2_2"",""name_2"":""Nipua-Nopoli""},{""gid_2"":""SLB.9.13_1"",""migration_date"":""2025-12-20"",""migration_method"":""puzzle2_2"",""name_2"":""North East Santa Cruz""},{""gid_2"":""SLB.9.14_1"",""migration_date"":""2025-12-20"",""migration_method"":""puzzle2_2"",""name_2"":""Polynesian Outer Islands""},{""gid_2"":""SLB.9.15_1"",""migration_date"":""2025-12-20"",""migration_method"":""puzzle2_2"",""name_2"":""Tikopia""},{""gid_2"":""SLB.9.16_1"",""migration_date"":""2025-12-20"",""migration_method"":""puzzle2_2"",""name_2"":""Utupua""},{""gid_2"":""SLB.9.17_1"",""migration_date"":""2025-12-20"",""migration_method"":""puzzle2_2"",""name_2"":""Vanikoro""},{""gid_2"":""SLB.9.3_1"",""migration_date"":""2025-12-20"",""migration_method"":""puzzle2_2"",""name_2"":""Graciosa Bay""},{""gid_2"":""SLB.9.4_1"",""migration_date"":""2025-12-20"",""migration_method"":""puzzle2_2"",""name_2"":""Lipe-Temua""},{""gid_2"":""SLB.9.5_1"",""migration_date"":""2025-12-20"",""migration_method"":""puzzle2_2"",""name_2"":""Luva Station""},{""gid_2"":""SLB.9.6_1"",""migration_date"":""2025-12-20"",""migration_method"":""puzzle2_2"",""name_2"":""Manuopo""},{""gid_2"":""SLB.9.7_1"",""migration_date"":""2025-12-20"",""migration_method"":""puzzle2_2"",""name_2"":""Nanggu-Lord Howe""},{""gid_2"":""SLB.9.8_1"",""migration_date"":""2025-12-20"",""migration_method"":""puzzle2_2"",""name_2"":""Nea-Noole""},{""gid_2"":""SLB.9.9_1"",""migration_date"":""2025-12-20"",""migration_method"":""puzzle2_2"",""name_2"":""Nenumpo""}]",2016-12-09,2026-01-25,2016-12-08,2016-12-08,2016-12-08
2016-0043-TWN,No,nat-geo-ear-gro,Natural,Geophysical,Earthquake,Ground movement,GLIDE:EQ-2016-000012|USGS:us20004y6h,,TWN,Taiwan (Province of China),Eastern Asia,Asia,"Tainan city (Name Unkown district, Taiwan Sheng province)",,Collapse,Yes,No,No,,6.4,Moment Magnitude,22.938,120.6,,2016,2.0,6.0,2016,2.0,6.0,117.0,525.0,,,525.0,,,370000.0,496314.0,700000.0,938972.0,74.54960298643441,"[{""adm2_code"":13276,""adm2_name"":""Name Unknown""}]",,2016-02-22,2026-01-25,2016-02-06,2016-02-06,2016-02-06
2016-0251-TJK,No,nat-geo-ear-gro,Natural,Geophysical,Earthquake,Ground movement,USGS:us10005z7c,,TJK,Tajikistan,Central Asia,Asia,"Rasht region (Garmskiy district, Tadzhikistan Territories province)",,,No,No,No,,5.0,Moment Magnitude,38.883,70.626,,2016,7.0,1.0,2016,7.0,1.0,,,155.0,,155.0,,,,,,,74.54960298643441,"[{""adm2_code"":37619,""adm2_name"":""Garmskiy""}]",,2016-08-01,2026-02-04,2016-07-01,2016-07-01,2016-07-01
2016-0329-UGA,No,nat-geo-ear-gro,Natural,Geophysical,Earthquake,Ground movement,GLIDE:EQ-2016-000098|USGS:us10006nkx,,UGA,Uganda,Sub-Saharan Africa,Africa,"Minziro, Kanabulemu parish (Kakuuto district, Rakai province)",,,No,No,No,,5.9,Moment Magnitude,-1.036,31.618,,2016,9.0,10.0,2016,9.0,10.0,4.0,,,590.0,590.0,,,,,,,74.54960298643441,"[{""adm2_code"":28525,""adm2_name"":""Kakuuto""}]",,2016-10-31,2026-01-25,2016-09-10,2016-09-10,2016-09-10
2016-0329-TZA,No,nat-geo-ear-gro,Natural,Geophysical,Earthquake,Ground movement,GLIDE:EQ-2016-000098|USGS:us10006nkx,,TZA,United Republic of Tanzania,Sub-Saharan Africa,Africa,"Bukoba, Karagwe, Missenyi district (Kagera province)",,,No,No,No,,5.9,Moment Magnitude,1.036,31.618,,2016,9.0,10.0,2016,9.0,10.0,17.0,440.0,139161.0,,139601.0,,,,,458000.0,614356.0,74.54960298643441,"[{""adm2_code"":48404,""adm2_name"":""Bukoba Rural""},{""adm2_code"":48405,""adm2_name"":""Bukoba Urban""},{""adm2_code"":115034,""adm2_name"":""Karagwe""},{""adm2_code"":115102,""adm2_name"":""Missenyi""}]","[{""gid_2"":""TZA.6.2_1"",""migration_date"":""2025-12-20"",""migration_method"":""jaccard2"",""name_2"":""Bukoba Rural""},{""gid_2"":""TZA.6.3_1"",""migration_date"":""2025-12-20"",""migration_method"":""jaccard2"",""name_2"":""Bukoba Urban""},{""gid_2"":""TZA.6.4_1"",""migration_date"":""2025-12-20"",""migration_method"":""jaccard2"",""name_2"":""Karagwe""},{""gid_2"":""TZA.6.7_1"",""migration_date"":""2025-12-20"",""migration_method"":""jaccard2"",""name_2"":""Missenyi""}]",2016-10-17,2026-01-25,2016-09-10,2016-09-10,2016-09-10
2016-0493-USA,No,nat-geo-ear-gro,Natural,Geophysical,Earthquake,Ground movement,USGS:us100075y8,,USA,United States of America,Northern America,Americas,Cushing (Oklahoma),,,No,No,No,,5.0,Moment Magnitude,35.991,-96.803,,2016,11.0,7.0,2016,11.0,7.0,,,120.0,,120.0,,,,,20000.0,26828.0,74.54960298643441,"[{""adm1_code"":3250,""adm1_name"":""Oklahoma""}]","[{""gid_1"":""USA.37_1"",""migration_date"":""2025-12-20"",""migration_method"":""jaccard1"",""name_1"":""Oklahoma""}]",2016-12-15,2026-01-25,2016-11-07,2016-11-07,2016-11-07
2017-0331-CHN,No,nat-geo-ear-gro,Natural,Geophysical,Earthquake,Ground movement,GLIDE:EQ-2017-000102|USGS:us2000a5x1,,CHN,China,Eastern Asia,Asia,"Aba prefecture, Jiuzhaigou County (Sichuan province)",,"Slide (land, mud, snow, rock)",No,No,No,,6.5,Moment Magnitude,33.193,103.855,,2017,8.0,8.0,2017,8.0,8.0,29.0,525.0,217500.0,300.0,218325.0,,,,,500000.0,656706.0,76.13760370577658,"[{""adm2_code"":13270,""adm2_name"":""Ngawa Tibetan and Qiang""}]","[{""gid_2"":""CHN.26.16_1"",""migration_date"":""2025-12-20"",""migration_method"":""jaccard2"",""name_2"":""Ngawa Tibetan and Qiang""}]",2017-08-09,2026-01-25,2017-08-08,2017-08-08,2017-08-08
2017-0113-CHN,No,nat-geo-ear-gro,Natural,Geophysical,Earthquake,Ground movement,USGS:us20008uw7,,CHN,China,Eastern Asia,Asia,Yangbi (Yunnan province),,,No,No,No,,5.0,Moment Magnitude,25.938,99.841,,2017,3.0,26.0,2017,3.0,26.0,,1.0,,2105.0,2106.0,,,,,31000.0,40716.0,76.13760370577658,"[{""adm1_code"":929,""adm1_name"":""Yunnan Sheng""}]","[{""gid_1"":""CHN.30_1"",""migration_date"":""2025-12-20"",""migration_method"":""jaccard1"",""name_1"":""Yunnan""}]",2017-04-21,2026-02-04,2017-03-26,2017-03-26,2017-03-26
2017-0513-CHN,No,nat-geo-ear-gro,Natural,Geophysical,Earthquake,Ground movement,USGS:us2000bqsn,,CHN,China,Eastern Asia,Asia,Nyingchi (Tibet),,,No,No,No,,6.4,Moment Magnitude,29.833,94.978,,2017,11.0,18.0,2017,11.0,18.0,,3.0,23400.0,,23403.0,,,,,,,76.13760370577658,"[{""adm2_code"":13302,""adm2_name"":""Nyingtri""}]","[{""gid_2"":""CHN.29.5_1"",""migration_date"":""2025-12-20"",""migration_method"":""jaccard2"",""name_2"":""Nyingtri""}]",2017-12-08,2026-01-25,2017-11-18,2017-11-18,2017-11-18
2017-0124-CHN,No,nat-geo-ear-gro,Natural,Geophysical,Earthquake,Ground movement,,,CHN,China,Eastern Asia,Asia,Xinjiang region (China); also Taxhorgan (Tajikistan),,,No,No,No,,5.4,Moment Magnitude,37.643,75.31,,2017,5.0,11.0,2017,5.0,11.0,8.0,23.0,,7600.0,7623.0,,,,,123000.0,161550.0,76.13760370577658,"[{""adm1_code"":927,""adm1_name"":""Xinjiang Uygur Zizhiqu""}]","[{""gid_1"":""CHN.28_1"",""migration_date"":""2025-12-20"",""migration_method"":""jaccard1"",""name_1"":""Xinjiang Uygur""}]",2017-05-12,2026-01-30,2017-05-11,2017-05-11,2017-05-11
2017-0280-GRC,No,nat-geo-ear-gro,Natural,Geophysical,Earthquake,Ground movement,GLIDE:TS-2017-000142|USGS:us20009ynd,,GRC,Greece,Southern Europe,Europe,Kos Island,,Tsunami/Tidal wave,No,No,No,,6.7,Moment Magnitude,36.925,27.414,,2017,7.0,21.0,2017,7.0,21.0,2.0,120.0,,,120.0,,,,,,,76.13760370577658,"[{""adm2_code"":16708,""adm2_name"":""Dodekanisou""}]",,2017-07-24,2026-01-25,2017-07-21,2017-07-21,2017-07-21
2017-0182-GRC,No,nat-geo-ear-gro,Natural,Geophysical,Earthquake,Ground movement,GLIDE:EQ-2017-000070|USGS:us20009ly0,,GRC,Greece,Southern Europe,Europe,"Vrisa, Plomarion,Plagias, Chios, Kampas, Skala, Polichnitos, Mytilene (Lesbos)",,"Slide (land, mud, snow, rock)",No,No,No,,6.3,Moment Magnitude,38.915,26.371,,2017,6.0,12.0,2017,6.0,12.0,1.0,11.0,720.0,,731.0,,,,,,,76.13760370577658,"[{""adm2_code"":16725,""adm2_name"":""Lesvou""}]","[{""gid_2"":""GRC.1.1_1"",""migration_date"":""2025-12-20"",""migration_method"":""bufhaus2"",""name_2"":""North Aegean""}]",2017-06-19,2026-01-25,2017-06-12,2017-06-12,2017-06-12
2017-0382-GTM,No,nat-geo-ear-gro,Natural,Geophysical,Earthquake,Ground movement,GLIDE:EQ-2017-000128|USGS:us2000ahv0,,GTM,Guatemala,Latin America and the Caribbean,Americas,"Huehuetenango, Quetzaltenango, Quiché, San Marcos, Suchitepéquez, Totonicapan",,,No,No,No,,7.7,Moment Magnitude,,,,2017,9.0,8.0,2017,9.0,8.0,,2.0,3518.0,81.0,3601.0,,,,,,,76.13760370577658,"[{""adm1_code"":64828,""adm1_name"":""Totonicapán""},{""adm1_code"":64829,""adm1_name"":""Quetzaltenango""},{""adm1_code"":64830,""adm1_name"":""Suchitepéquez""},{""adm1_code"":64832,""adm1_name"":""San Marcos""},{""adm1_code"":64833,""adm1_name"":""Huehuetenango""},{""adm1_code"":64834,""adm1_name"":""Quiché""}]","[{""gid_1"":""GTM.13_1"",""migration_date"":""2025-12-20"",""migration_method"":""jaccard1"",""name_1"":""Quezaltenango""},{""gid_1"":""GTM.14_1"",""migration_date"":""2025-12-20"",""migration_method"":""jaccard1"",""name_1"":""Quiché""},{""gid_1"":""GTM.17_1"",""migration_date"":""2025-12-20"",""migration_method"":""jaccard1"",""name_1"":""San Marcos""},{""gid_1"":""GTM.20_1"",""migration_date"":""2025-12-20"",""migration_method"":""jaccard1"",""name_1"":""Suchitepéquez""},{""gid_1"":""GTM.21_1"",""migration_date"":""2025-12-20"",""migration_method"":""jaccard1"",""name_1"":""Totonicapán""},{""gid_1"":""GTM.8_1"",""migration_date"":""2025-12-20"",""migration_method"":""jaccard1"",""name_1"":""Huehuetenango""}]",2017-09-12,2026-01-25,2017-09-08,2017-09-08,2017-09-08
2017-0530-IDN,No,nat-geo-ear-gro,Natural,Geophysical,Earthquake,Ground movement,GLIDE:EQ-2017-000181|USGS:us2000c4v8,,IDN,Indonesia,South-eastern Asia,Asia,"Jakarta,West Java (Ciamis regency), Central Java (Pekalongan) and Yogyakarta,",,,No,No,No,,6.5,Moment Magnitude,-7.492,108.174,,2017,12.0,15.0,2017,12.0,15.0,4.0,36.0,8859.0,,8895.0,,,,,,,76.13760370577658,"[{""adm1_code"":1515,""adm1_name"":""Daerah Istimewa Yogyakarta""},{""adm1_code"":1516,""adm1_name"":""Dki Jakarta""},{""adm1_code"":1520,""adm1_name"":""Jawa Tengah""},{""adm1_code"":73613,""adm1_name"":""Jawa Barat""}]","[{""gid_1"":""IDN.10_1"",""migration_date"":""2025-12-20"",""migration_method"":""jaccard1"",""name_1"":""Jawa Tengah""},{""gid_1"":""IDN.33_1"",""migration_date"":""2025-12-20"",""migration_method"":""jaccard1"",""name_1"":""Yogyakarta""},{""gid_1"":""IDN.7_1"",""migration_date"":""2025-12-20"",""migration_method"":""jaccard1"",""name_1"":""Jakarta Raya""},{""gid_1"":""IDN.9_1"",""migration_date"":""2025-12-20"",""migration_method"":""jaccard1"",""name_1"":""Jawa Barat""}]",2017-12-22,2026-01-25,2017-12-15,2017-12-15,2017-12-15
2017-0204-IRN,No,nat-geo-ear-gro,Natural,Geophysical,Earthquake,Ground movement,GLIDE:EQ-2017-000049|USGS:us10008s7b,,IRN,Iran (Islamic Republic of),Southern Asia,Asia,"Kopet Dag Mountain, North Khorasan province (Bojnord, Maneh, Samarghan, Ghasre-Ghajar, Qorbour, Langer, Bidak)",,,No,No,No,,5.6,Moment Magnitude,37.772,57.204,,2017,5.0,13.0,2017,5.0,13.0,3.0,417.0,,1845.0,2262.0,,,,,2000.0,2627.0,76.13760370577658,"[{""adm2_code"":40910,""adm2_name"":""Bojnord""}]","[{""gid_2"":""IRN.21.3_1"",""migration_date"":""2025-12-20"",""migration_method"":""bufhaus2"",""name_2"":""Jajarm""}]",2017-06-26,2026-01-25,2017-05-13,2017-05-13,2017-05-13
2017-0446-IRN,No,nat-geo-ear-gro,Natural,Geophysical,Earthquake,Ground movement,GLIDE:EQ-2017-000165|USGS:us2000bmcg,,IRN,Iran (Islamic Republic of),Southern Asia,Asia,"Qasre-Shirin, Gilane-Garb, Kermanshah, Sare-Pule-Zahab, , Islamabad- E- Gharb, Dalahoo, Javanrood (Ezgeleh), Salase-Babajani (Kermanshah province), Ilam city, Mehran City (Ilam)",,,No,No,No,,7.3,Moment Magnitude,34.911,45.959,,2017,11.0,12.0,2017,11.0,12.0,444.0,9000.0,200000.0,,209000.0,,,,,740000.0,971924.0,76.13760370577658,"[{""adm2_code"":40943,""adm2_name"":""Eslamabad-e gharb""},{""adm2_code"":40964,""adm2_name"":""Gilan-e gharb""},{""adm2_code"":40980,""adm2_name"":""Javanrud""},{""adm2_code"":40995,""adm2_name"":""Kermanshah""},{""adm2_code"":41066,""adm2_name"":""Qasr-e shirin""},{""adm2_code"":41087,""adm2_name"":""Sar-e pol-e zahab""},{""adm2_code"":40946,""adm2_name"":""Eylam""},{""adm2_code"":41033,""adm2_name"":""Mehran""}]","[{""gid_1"":""IRN.12_1"",""migration_date"":""2025-12-20"",""migration_method"":""parent2_1"",""name_1"":""Ilam""},{""gid_1"":""IRN.14_1"",""migration_date"":""2025-12-20"",""migration_method"":""parent2_1"",""name_1"":""Kermanshah""},{""gid_1"":""IRN.14_1"",""migration_date"":""2025-12-20"",""migration_method"":""parent2_1"",""name_1"":""Kermanshah""}]",2017-11-15,2026-01-25,2017-11-12,2017-11-12,2017-11-12
2017-0521-IRN,No,nat-geo-ear-gro,Natural,Geophysical,Earthquake,Ground movement,USGS:us1000btwi,,IRN,Iran (Islamic Republic of),Southern Asia,Asia,"Tehran region (Malard, Alborz), Saveh city",,,No,No,No,,4.9,Moment Magnitude,35.649,50.962,,2017,12.0,20.0,2017,12.0,20.0,2.0,120.0,,,120.0,,,,,,,76.13760370577658,"[{""adm1_code"":1560,""adm1_name"":""Tehran""},{""adm2_code"":41095,""adm2_name"":""Saveh""}]","[{""gid_1"":""IRN.1_1"",""migration_date"":""2025-12-20"",""migration_method"":""puzzle1_1"",""name_1"":""Alborz""},{""gid_1"":""IRN.28_1"",""migration_date"":""2025-12-20"",""migration_method"":""puzzle1_1"",""name_1"":""Tehran""},{""gid_2"":""IRN.19.6_1"",""migration_date"":""2025-12-20"",""migration_method"":""puzzle2_2"",""name_2"":""Saveh""},{""gid_2"":""IRN.19.9_1"",""migration_date"":""2025-12-20"",""migration_method"":""puzzle2_2"",""name_2"":""Zarandiyeh""}]",2017-12-21,2026-01-25,2017-12-20,2017-12-20,2017-12-20
2017-0446-IRQ,No,nat-geo-ear-gro,Natural,Geophysical,Earthquake,Ground movement,GLIDE:EQ-2017-000165|USGS:us2000bmcg,,IRQ,Iraq,Western Asia,Asia,"Sulaymaniyah governorate areas, Kalar, Darbandikhan, Khanaqin and Halabja, Sulaymaniyah, Erbil",,,No,No,Yes,,7.3,Moment Magnitude,34.911,45.959,,2017,11.0,12.0,2017,11.0,12.0,10.0,469.0,5500.0,,5969.0,,,,,,,76.13760370577658,"[{""adm2_code"":123554,""adm2_name"":""Erbil""},{""adm2_code"":36801,""adm2_name"":""Khanaqin""},{""adm2_code"":36765,""adm2_name"":""Sulaymaniya""},{""adm2_code"":36768,""adm2_name"":""Darbandihkan""},{""adm2_code"":36771,""adm2_name"":""Kalar""},{""adm2_code"":123562,""adm2_name"":""Halabja""}]","[{""gid_2"":""IRQ.13.5_1"",""migration_date"":""2025-12-20"",""migration_method"":""jaccard2"",""name_2"":""Khanaqin""},{""gid_2"":""IRQ.6.1_1"",""migration_date"":""2025-12-20"",""migration_method"":""jaccard2"",""name_2"":""Arbil""},{""gid_2"":""IRQ.7.10_1"",""migration_date"":""2025-12-20"",""migration_method"":""bufhaus2"",""name_2"":""Sulaymaniya""},{""gid_2"":""IRQ.7.2_1"",""migration_date"":""2025-12-20"",""migration_method"":""bufhaus2"",""name_2"":""Darbandokeh""},{""gid_2"":""IRQ.7.4_1"",""migration_date"":""2025-12-20"",""migration_method"":""jaccard2"",""name_2"":""Halabja""},{""gid_2"":""IRQ.7.5_1"",""migration_date"":""2025-12-20"",""migration_method"":""jaccard2"",""name_2"":""Kalar""}]",2017-11-15,2026-01-25,2017-11-12,2017-11-12,2017-11-12
2017-0015-ITA,No,nat-geo-ear-gro,Natural,Geophysical,Earthquake,Ground movement,USGS:us10007twj,,ITA,Italy,Southern Europe,Europe,"Avezzano, Campotosto, Montereale, Capitignano, Ortolano di Campoposto, Mopolino (L’Aquila); Csatel Castagna, Csatigkione Messer Raimondo, Prati di Tivo (Teramao); Abruzzo (Pescara), Lazio (Rieti), Marche (Ascoli Piceno, Macerata, Fermo, Ancona) region",,"Avalanche (Snow, Debris)",No,No,No,,5.3,Moment Magnitude,42.601,13.227,13.227,2017,1.0,18.0,2017,1.0,19.0,29.0,11.0,,,11.0,,,6000.0,7880.0,18000.0,23641.0,76.13760370577658,"[{""adm1_code"":1633,""adm1_name"":""Umbria""},{""adm2_code"":18318,""adm2_name"":""L'Aquila""},{""adm2_code"":18319,""adm2_name"":""Pescara""},{""adm2_code"":18320,""adm2_name"":""Teramo""},{""adm2_code"":18349,""adm2_name"":""Rieti""},{""adm2_code"":18367,""adm2_name"":""Ancona""},{""adm2_code"":18368,""adm2_name"":""Ascoli Piceno""},{""adm2_code"":18369,""adm2_name"":""Macerata""}]","[{""gid_1"":""ITA.18_1"",""migration_date"":""2025-12-20"",""migration_method"":""jaccard1"",""name_1"":""Umbria""},{""gid_2"":""ITA.1.2_1"",""migration_date"":""2025-12-20"",""migration_method"":""jaccard2"",""name_2"":""L'Aquila""},{""gid_2"":""ITA.1.3_1"",""migration_date"":""2025-12-20"",""migration_method"":""jaccard2"",""name_2"":""Pescara""},{""gid_2"":""ITA.1.4_1"",""migration_date"":""2025-12-20"",""migration_method"":""jaccard2"",""name_2"":""Teramo""},{""gid_2"":""ITA.11.1_1"",""migration_date"":""2025-12-20"",""migration_method"":""jaccard2"",""name_2"":""Ancona""},{""gid_2"":""ITA.11.2_1"",""migration_date"":""2025-12-20"",""migration_method"":""puzzle2_2"",""name_2"":""Ascoli Piceno""},{""gid_2"":""ITA.11.3_1"",""migration_date"":""2025-12-20"",""migration_method"":""puzzle2_2"",""name_2"":""Fermo""},{""gid_2"":""ITA.11.4_1"",""migration_date"":""2025-12-20"",""migration_method"":""jaccard2"",""name_2"":""Macerata""},{""gid_2"":""ITA.8.3_1"",""migration_date"":""2025-12-20"",""migration_method"":""jaccard2"",""name_2"":""Rieti""}]",2017-01-20,2026-01-25,2017-01-18,2017-01-19,2017-01-18
2017-0349-ITA,No,nat-geo-ear-gro,Natural,Geophysical,Earthquake,Ground movement,USGS:us2000aaae,,ITA,Italy,Southern Europe,Europe,"Casamicciola Terme, Lacco Ameno (Ischia Isl.), near Flegrea coast of Campania (Naples province)",,,No,No,No,,4.3,Moment Magnitude,40.783,13.939,,2017,8.0,21.0,2017,8.0,21.0,2.0,42.0,2600.0,,2642.0,,,,,,,76.13760370577658,"[{""adm2_code"":18332,""adm2_name"":""Napoli""}]","[{""gid_2"":""ITA.5.4_1"",""migration_date"":""2025-12-20"",""migration_method"":""jaccard2"",""name_2"":""Napoli""}]",2017-08-23,2026-02-04,2017-08-21,2017-08-21,2017-08-21
2017-0451-KGZ,No,nat-geo-ear-gro,Natural,Geophysical,Earthquake,Ground movement,GLIDE:EQ-2017-000050|USGS:us10008npq,,KGZ,Kyrgyzstan,Central Asia,Asia,"Karamyk, Jekendi, Kara-Teyit, Chuluk, Shibee villages (Chong Alay District, Osh province), Kadamjai District of the Batken Province",,,No,No,No,,6.0,Moment Magnitude,39.494,71.444,,2017,5.0,3.0,2017,5.0,3.0,,,5000.0,,5000.0,,,,,,,76.13760370577658,"[{""adm2_code"":18593,""adm2_name"":""Kadamjay""},{""adm2_code"":18618,""adm2_name"":""Chong-Alay""}]","[{""gid_2"":""KGZ.1.2_1"",""migration_date"":""2025-12-20"",""migration_method"":""jaccard2"",""name_2"":""Kadamjai""},{""gid_2"":""KGZ.7.3_1"",""migration_date"":""2025-12-20"",""migration_method"":""jaccard2"",""name_2"":""Chong-Alay""}]",2017-11-17,2026-02-04,2017-05-03,2017-05-03,2017-05-03
2017-0382-MEX,No,nat-geo-ear-gro,Natural,Geophysical,Earthquake,Ground movement,GLIDE:EQ-2017-000128|USGS:us2000ahv0,,MEX,Mexico,Latin America and the Caribbean,Americas,"Oaxaca (Juchitan), Chiapas (Cintapala),Tabasco states",,"Slide (land, mud, snow, rock)|Tsunami/Tidal wave",No,No,Yes,,8.1,Moment Magnitude,15.022,-93.899,,2017,9.0,8.0,2017,9.0,8.0,98.0,250.0,1200000.0,,1200250.0,,,400000.0,525365.0,2300000.0,3020846.0,76.13760370577658,"[{""adm1_code"":2032,""adm1_name"":""Chiapas""},{""adm1_code"":2047,""adm1_name"":""Oaxaca""},{""adm1_code"":2054,""adm1_name"":""Tabasco""}]","[{""gid_1"":""MEX.20_1"",""migration_date"":""2025-12-20"",""migration_method"":""jaccard1"",""name_1"":""Oaxaca""},{""gid_1"":""MEX.27_1"",""migration_date"":""2025-12-20"",""migration_method"":""jaccard1"",""name_1"":""Tabasco""},{""gid_1"":""MEX.5_1"",""migration_date"":""2025-12-20"",""migration_method"":""jaccard1"",""name_1"":""Chiapas""}]",2017-09-08,2026-01-25,2017-09-08,2017-09-08,2017-09-08
2017-0387-MEX,No,nat-geo-ear-gro,Natural,Geophysical,Earthquake,Ground movement,GLIDE:EQ-2017-000138|USGS:us2000ar20,,MEX,Mexico,Latin America and the Caribbean,Americas,"Puebla (Puebla, Cholula), Morelos (Cuernavaca, Jojutla), Mexico state, Mexico city (Roma, Reforma, Condesa, Narvarte, Napoles, Lindavista), Guerrero, Oaxaca, Chiapas",,Fire,Yes,No,No,,7.1,Moment Magnitude,18.55,-98.489,,2017,9.0,17.0,2017,9.0,17.0,369.0,6000.0,250000.0,,256000.0,,,2000000.0,2626823.0,6000000.0,7880469.0,76.13760370577658,"[{""adm1_code"":2032,""adm1_name"":""Chiapas""},{""adm1_code"":2036,""adm1_name"":""Distrito Federal""},{""adm1_code"":2039,""adm1_name"":""Guerrero""},{""adm1_code"":2042,""adm1_name"":""Mexico""},{""adm1_code"":2044,""adm1_name"":""Morelos""},{""adm1_code"":2047,""adm1_name"":""Oaxaca""},{""adm1_code"":2048,""adm1_name"":""Puebla""}]","[{""gid_1"":""MEX.12_1"",""migration_date"":""2025-12-20"",""migration_method"":""jaccard1"",""name_1"":""Guerrero""},{""gid_1"":""MEX.15_1"",""migration_date"":""2025-12-20"",""migration_method"":""jaccard1"",""name_1"":""México""},{""gid_1"":""MEX.17_1"",""migration_date"":""2025-12-20"",""migration_method"":""jaccard1"",""name_1"":""Morelos""},{""gid_1"":""MEX.20_1"",""migration_date"":""2025-12-20"",""migration_method"":""jaccard1"",""name_1"":""Oaxaca""},{""gid_1"":""MEX.21_1"",""migration_date"":""2025-12-20"",""migration_method"":""jaccard1"",""name_1"":""Puebla""},{""gid_1"":""MEX.5_1"",""migration_date"":""2025-12-20"",""migration_method"":""jaccard1"",""name_1"":""Chiapas""},{""gid_2"":""MEX.15.114_2"",""migration_date"":""2025-12-20"",""migration_method"":""puzzle1_2"",""name_2"":""Valle de Chalco Solidaridad""},{""gid_2"":""MEX.15.51_2"",""migration_date"":""2025-12-20"",""migration_method"":""puzzle1_2"",""name_2"":""Juchitepec""},{""gid_2"":""MEX.15.85_2"",""migration_date"":""2025-12-20"",""migration_method"":""puzzle1_2"",""name_2"":""Temamatla""},{""gid_2"":""MEX.15.91_2"",""migration_date"":""2025-12-20"",""migration_method"":""puzzle1_2"",""name_2"":""Tenango del Aire""},{""gid_2"":""MEX.9.10_2"",""migration_date"":""2025-12-20"",""migration_method"":""puzzle1_2"",""name_2"":""La Magdalena Contreras""},{""gid_2"":""MEX.9.12_2"",""migration_date"":""2025-12-20"",""migration_method"":""puzzle1_2"",""name_2"":""Milpa Alta""},{""gid_2"":""MEX.9.13_2"",""migration_date"":""2025-12-20"",""migration_method"":""puzzle1_2"",""name_2"":""Tláhuac""},{""gid_2"":""MEX.9.14_2"",""migration_date"":""2025-12-20"",""migration_method"":""puzzle1_2"",""name_2"":""Tlalpan""},{""gid_2"":""MEX.9.15_2"",""migration_date"":""2025-12-20"",""migration_method"":""puzzle1_2"",""name_2"":""Venustiano Carranza""},{""gid_2"":""MEX.9.16_2"",""migration_date"":""2025-12-20"",""migration_method"":""puzzle1_2"",""name_2"":""Xochimilco""},{""gid_2"":""MEX.9.3_2"",""migration_date"":""2025-12-20"",""migration_method"":""puzzle1_2"",""name_2"":""Benito Juárez""},{""gid_2"":""MEX.9.4_2"",""migration_date"":""2025-12-20"",""migration_method"":""puzzle1_2"",""name_2"":""Coyoacán""},{""gid_2"":""MEX.9.6_2"",""migration_date"":""2025-12-20"",""migration_method"":""puzzle1_2"",""name_2"":""Cuauhtémoc""},{""gid_2"":""MEX.9.8_2"",""migration_date"":""2025-12-20"",""migration_method"":""puzzle1_2"",""name_2"":""Iztacalco""},{""gid_2"":""MEX.9.9_2"",""migration_date"":""2025-12-20"",""migration_method"":""puzzle1_2"",""name_2"":""Iztapalapa""}]",2017-09-21,2026-01-25,2017-09-17,2017-09-17,2017-09-17
2017-0050-PHL,No,nat-geo-ear-gro,Natural,Geophysical,Earthquake,Ground movement,GLIDE:EQ-2017-000016|USGS:us20008ixa,,PHL,Philippines,South-eastern Asia,Asia,Surigao Del Norte district (Region XIII (Caraga) province),,,No,No,No,,6.7,Moment Magnitude,9.907,125.452,,2017,2.0,10.0,2017,2.0,10.0,8.0,202.0,16655.0,,16857.0,,,,,13974.0,18354.0,76.13760370577658,"[{""adm2_code"":67169,""adm2_name"":""Surigao Del Norte""}]","[{""gid_2"":""PHL.74.10_1"",""migration_date"":""2025-12-20"",""migration_method"":""puzzle2_2"",""name_2"":""Mainit""},{""gid_2"":""PHL.74.11_1"",""migration_date"":""2025-12-20"",""migration_method"":""puzzle2_2"",""name_2"":""Malimono""},{""gid_2"":""PHL.74.12_1"",""migration_date"":""2025-12-20"",""migration_method"":""puzzle2_2"",""name_2"":""Pilar""},{""gid_2"":""PHL.74.13_1"",""migration_date"":""2025-12-20"",""migration_method"":""puzzle2_2"",""name_2"":""Placer""},{""gid_2"":""PHL.74.14_1"",""migration_date"":""2025-12-20"",""migration_method"":""puzzle2_2"",""name_2"":""San Benito""},{""gid_2"":""PHL.74.15_1"",""migration_date"":""2025-12-20"",""migration_method"":""puzzle2_2"",""name_2"":""San Francisco""},{""gid_2"":""PHL.74.16_1"",""migration_date"":""2025-12-20"",""migration_method"":""puzzle2_2"",""name_2"":""San Isidro""},{""gid_2"":""PHL.74.17_1"",""migration_date"":""2025-12-20"",""migration_method"":""puzzle2_2"",""name_2"":""Santa Monica""},{""gid_2"":""PHL.74.18_1"",""migration_date"":""2025-12-20"",""migration_method"":""puzzle2_2"",""name_2"":""Sison""},{""gid_2"":""PHL.74.19_1"",""migration_date"":""2025-12-20"",""migration_method"":""puzzle2_2"",""name_2"":""Socorro""},{""gid_2"":""PHL.74.1_1"",""migration_date"":""2025-12-20"",""migration_method"":""puzzle2_2"",""name_2"":""Alegria""},{""gid_2"":""PHL.74.21_1"",""migration_date"":""2025-12-20"",""migration_method"":""puzzle2_2"",""name_2"":""Tagana-An""},{""gid_2"":""PHL.74.22_1"",""migration_date"":""2025-12-20"",""migration_method"":""puzzle2_2"",""name_2"":""Tubod""},{""gid_2"":""PHL.74.2_1"",""migration_date"":""2025-12-20"",""migration_method"":""puzzle2_2"",""name_2"":""Bacuag""},{""gid_2"":""PHL.74.3_1"",""migration_date"":""2025-12-20"",""migration_method"":""puzzle2_2"",""name_2"":""Burgos""},{""gid_2"":""PHL.74.4_1"",""migration_date"":""2025-12-20"",""migration_method"":""puzzle2_2"",""name_2"":""Claver""},{""gid_2"":""PHL.74.5_1"",""migration_date"":""2025-12-20"",""migration_method"":""puzzle2_2"",""name_2"":""Dapa""},{""gid_2"":""PHL.74.6_1"",""migration_date"":""2025-12-20"",""migration_method"":""puzzle2_2"",""name_2"":""Del Carmen""},{""gid_2"":""PHL.74.7_1"",""migration_date"":""2025-12-20"",""migration_method"":""puzzle2_2"",""name_2"":""General Luna""},{""gid_2"":""PHL.74.8_1"",""migration_date"":""2025-12-20"",""migration_method"":""puzzle2_2"",""name_2"":""Gigaquit""},{""gid_2"":""PHL.74.9_1"",""migration_date"":""2025-12-20"",""migration_method"":""puzzle2_2"",""name_2"":""Mainit Lake""}]",2017-02-17,2026-01-25,2017-02-10,2017-02-10,2017-02-10
2017-0140-PHL,No,nat-geo-ear-gro,Natural,Geophysical,Earthquake,Ground movement,USGS:us10008fsd,,PHL,Philippines,South-eastern Asia,Asia,"Verde Island Passage (Tingloy, Maricaban Island). Batangas and Laguna provinces",,"Slide (land, mud, snow, rock)",No,No,No,,5.9,Moment Magnitude,13.77,120.935,,2017,4.0,8.0,2017,4.0,8.0,,,25000.0,,25000.0,,,,,2000.0,2627.0,76.13760370577658,"[{""adm2_code"":24227,""adm2_name"":""Batangas""},{""adm2_code"":24229,""adm2_name"":""Laguna""}]","[{""gid_2"":""PHL.12.10_1"",""migration_date"":""2025-12-20"",""migration_method"":""puzzle2_2"",""name_2"":""Ibaan""},{""gid_2"":""PHL.12.11_1"",""migration_date"":""2025-12-20"",""migration_method"":""puzzle2_2"",""name_2"":""Laurel""},{""gid_2"":""PHL.12.12_1"",""migration_date"":""2025-12-20"",""migration_method"":""puzzle2_2"",""name_2"":""Lemery""},{""gid_2"":""PHL.12.13_1"",""migration_date"":""2025-12-20"",""migration_method"":""puzzle2_2"",""name_2"":""Lian""},{""gid_2"":""PHL.12.14_1"",""migration_date"":""2025-12-20"",""migration_method"":""puzzle2_2"",""name_2"":""Lipa City""},{""gid_2"":""PHL.12.15_1"",""migration_date"":""2025-12-20"",""migration_method"":""puzzle2_2"",""name_2"":""Lobo""},{""gid_2"":""PHL.12.16_1"",""migration_date"":""2025-12-20"",""migration_method"":""puzzle2_2"",""name_2"":""Mabini""},{""gid_2"":""PHL.12.17_1"",""migration_date"":""2025-12-20"",""migration_method"":""puzzle2_2"",""name_2"":""Malvar""},{""gid_2"":""PHL.12.18_1"",""migration_date"":""2025-12-20"",""migration_method"":""puzzle2_2"",""name_2"":""Mataas Na Kahoy""},{""gid_2"":""PHL.12.19_1"",""migration_date"":""2025-12-20"",""migration_method"":""puzzle2_2"",""name_2"":""Nasugbu""},{""gid_2"":""PHL.12.1_1"",""migration_date"":""2025-12-20"",""migration_method"":""puzzle2_2"",""name_2"":""Agoncillo""},{""gid_2"":""PHL.12.20_1"",""migration_date"":""2025-12-20"",""migration_method"":""puzzle2_2"",""name_2"":""Padre Garcia""},{""gid_2"":""PHL.12.21_1"",""migration_date"":""2025-12-20"",""migration_method"":""puzzle2_2"",""name_2"":""Rosario""},{""gid_2"":""PHL.12.22_1"",""migration_date"":""2025-12-20"",""migration_method"":""puzzle2_2"",""name_2"":""San Jose""},{""gid_2"":""PHL.12.23_1"",""migration_date"":""2025-12-20"",""migration_method"":""puzzle2_2"",""name_2"":""San Juan""},{""gid_2"":""PHL.12.24_1"",""migration_date"":""2025-12-20"",""migration_method"":""puzzle2_2"",""name_2"":""San Luis""},{""gid_2"":""PHL.12.25_1"",""migration_date"":""2025-12-20"",""migration_method"":""puzzle2_2"",""name_2"":""San Nicolas""},{""gid_2"":""PHL.12.26_1"",""migration_date"":""2025-12-20"",""migration_method"":""puzzle2_2"",""name_2"":""San Pascual""},{""gid_2"":""PHL.12.27_1"",""migration_date"":""2025-12-20"",""migration_method"":""puzzle2_2"",""name_2"":""Santa Teresita""},{""gid_2"":""PHL.12.28_1"",""migration_date"":""2025-12-20"",""migration_method"":""puzzle2_2"",""name_2"":""Santo Tomas""},{""gid_2"":""PHL.12.29_1"",""migration_date"":""2025-12-20"",""migration_method"":""puzzle2_2"",""name_2"":""Taal lake""},{""gid_2"":""PHL.12.2_1"",""migration_date"":""2025-12-20"",""migration_method"":""puzzle2_2"",""name_2"":""Alitagtag""},{""gid_2"":""PHL.12.30_1"",""migration_date"":""2025-12-20"",""migration_method"":""puzzle2_2"",""name_2"":""Taal""},{""gid_2"":""PHL.12.31_1"",""migration_date"":""2025-12-20"",""migration_method"":""puzzle2_2"",""name_2"":""Talisay""},{""gid_2"":""PHL.12.32_1"",""migration_date"":""2025-12-20"",""migration_method"":""puzzle2_2"",""name_2"":""Tanauan City""},{""gid_2"":""PHL.12.33_1"",""migration_date"":""2025-12-20"",""migration_method"":""puzzle2_2"",""name_2"":""Taysan""},{""gid_2"":""PHL.12.34_1"",""migration_date"":""2025-12-20"",""migration_method"":""puzzle2_2"",""name_2"":""Tingloy""},{""gid_2"":""PHL.12.35_1"",""migration_date"":""2025-12-20"",""migration_method"":""puzzle2_2"",""name_2"":""Tuy""},{""gid_2"":""PHL.12.3_1"",""migration_date"":""2025-12-20"",""migration_method"":""puzzle2_2"",""name_2"":""Balayan""},{""gid_2"":""PHL.12.4_1"",""migration_date"":""2025-12-20"",""migration_method"":""puzzle2_2"",""name_2"":""Balete""},{""gid_2"":""PHL.12.5_1"",""migration_date"":""2025-12-20"",""migration_method"":""puzzle2_2"",""name_2"":""Batangas City""},{""gid_2"":""PHL.12.6_1"",""migration_date"":""2025-12-20"",""migration_method"":""puzzle2_2"",""name_2"":""Bauan""},{""gid_2"":""PHL.12.7_1"",""migration_date"":""2025-12-20"",""migration_method"":""puzzle2_2"",""name_2"":""Calaca""},{""gid_2"":""PHL.12.8_1"",""migration_date"":""2025-12-20"",""migration_method"":""puzzle2_2"",""name_2"":""Calatagan""},{""gid_2"":""PHL.12.9_1"",""migration_date"":""2025-12-20"",""migration_method"":""puzzle2_2"",""name_2"":""Cuenca""},{""gid_2"":""PHL.40.10_1"",""migration_date"":""2025-12-20"",""migration_method"":""puzzle2_2"",""name_2"":""Kalibato Lake""},{""gid_2"":""PHL.40.12_1"",""migration_date"":""2025-12-20"",""migration_method"":""puzzle2_2"",""name_2"":""Liliw""},{""gid_2"":""PHL.40.13_1"",""migration_date"":""2025-12-20"",""migration_method"":""puzzle2_2"",""name_2"":""Los Baños""},{""gid_2"":""PHL.40.14_1"",""migration_date"":""2025-12-20"",""migration_method"":""puzzle2_2"",""name_2"":""Luisiana""},{""gid_2"":""PHL.40.15_1"",""migration_date"":""2025-12-20"",""migration_method"":""puzzle2_2"",""name_2"":""Lumban""},{""gid_2"":""PHL.40.16_1"",""migration_date"":""2025-12-20"",""migration_method"":""puzzle2_2"",""name_2"":""Mabitac""},{""gid_2"":""PHL.40.17_1"",""migration_date"":""2025-12-20"",""migration_method"":""puzzle2_2"",""name_2"":""Magdalena""},{""gid_2"":""PHL.40.18_1"",""migration_date"":""2025-12-20"",""migration_method"":""puzzle2_2"",""name_2"":""Majayjay""},{""gid_2"":""PHL.40.19_1"",""migration_date"":""2025-12-20"",""migration_method"":""puzzle2_2"",""name_2"":""Nagcarlan""},{""gid_2"":""PHL.40.1_1"",""migration_date"":""2025-12-20"",""migration_method"":""puzzle2_2"",""name_2"":""Alaminos""},{""gid_2"":""PHL.40.21_1"",""migration_date"":""2025-12-20"",""migration_method"":""puzzle2_2"",""name_2"":""Pagsanjan""},{""gid_2"":""PHL.40.22_1"",""migration_date"":""2025-12-20"",""migration_method"":""puzzle2_2"",""name_2"":""Pakil""},{""gid_2"":""PHL.40.23_1"",""migration_date"":""2025-12-20"",""migration_method"":""puzzle2_2"",""name_2"":""Palakpakin Lake""},{""gid_2"":""PHL.40.24_1"",""migration_date"":""2025-12-20"",""migration_method"":""puzzle2_2"",""name_2"":""Pangil""},{""gid_2"":""PHL.40.25_1"",""migration_date"":""2025-12-20"",""migration_method"":""puzzle2_2"",""name_2"":""Pila""},{""gid_2"":""PHL.40.26_1"",""migration_date"":""2025-12-20"",""migration_method"":""puzzle2_2"",""name_2"":""Rizal""},{""gid_2"":""PHL.40.27_1"",""migration_date"":""2025-12-20"",""migration_method"":""puzzle2_2"",""name_2"":""Sampaloc Lake""},{""gid_2"":""PHL.40.28_1"",""migration_date"":""2025-12-20"",""migration_method"":""puzzle2_2"",""name_2"":""San Pablo City""},{""gid_2"":""PHL.40.29_1"",""migration_date"":""2025-12-20"",""migration_method"":""puzzle2_2"",""name_2"":""San Pedro""},{""gid_2"":""PHL.40.2_1"",""migration_date"":""2025-12-20"",""migration_method"":""puzzle2_2"",""name_2"":""Bay""},{""gid_2"":""PHL.40.30_1"",""migration_date"":""2025-12-20"",""migration_method"":""puzzle2_2"",""name_2"":""Santa Cruz""},{""gid_2"":""PHL.40.31_1"",""migration_date"":""2025-12-20"",""migration_method"":""puzzle2_2"",""name_2"":""Santa Maria""},{""gid_2"":""PHL.40.32_1"",""migration_date"":""2025-12-20"",""migration_method"":""puzzle2_2"",""name_2"":""Santa Rosa City""},{""gid_2"":""PHL.40.33_1"",""migration_date"":""2025-12-20"",""migration_method"":""puzzle2_2"",""name_2"":""Siniloan""},{""gid_2"":""PHL.40.34_1"",""migration_date"":""2025-12-20"",""migration_method"":""puzzle2_2"",""name_2"":""Victoria""},{""gid_2"":""PHL.40.35_1"",""migration_date"":""2025-12-20"",""migration_method"":""puzzle2_2"",""name_2"":""Waterbody""},{""gid_2"":""PHL.40.3_1"",""migration_date"":""2025-12-20"",""migration_method"":""puzzle2_2"",""name_2"":""Biñan""},{""gid_2"":""PHL.40.4_1"",""migration_date"":""2025-12-20"",""migration_method"":""puzzle2_2"",""name_2"":""Cabuyao""},{""gid_2"":""PHL.40.5_1"",""migration_date"":""2025-12-20"",""migration_method"":""puzzle2_2"",""name_2"":""Calamba City""},{""gid_2"":""PHL.40.6_1"",""migration_date"":""2025-12-20"",""migration_method"":""puzzle2_2"",""name_2"":""Calauan""},{""gid_2"":""PHL.40.7_1"",""migration_date"":""2025-12-20"",""migration_method"":""puzzle2_2"",""name_2"":""Cavinti""},{""gid_2"":""PHL.40.8_1"",""migration_date"":""2025-12-20"",""migration_method"":""puzzle2_2"",""name_2"":""Famy""},{""gid_2"":""PHL.40.9_1"",""migration_date"":""2025-12-20"",""migration_method"":""puzzle2_2"",""name_2"":""Kalayaan""},{""gid_2"":""PHL.62.35_1"",""migration_date"":""2025-12-20"",""migration_method"":""puzzle2_2"",""name_2"":""San Antonio""}]",2017-05-18,2026-01-25,2017-04-08,2017-04-08,2017-04-08
2017-0247-PHL,No,nat-geo-ear-gro,Natural,Geophysical,Earthquake,Ground movement,GLIDE:EQ-2017-000080|USGS:us1000976a,,PHL,Philippines,South-eastern Asia,Asia,"Kananga (Leyte Isl), Ormoc City, Carigara",,,No,No,No,,6.5,Moment Magnitude,11.111,124.619,,2017,7.0,6.0,2017,7.0,6.0,3.0,448.0,16052.0,,16500.0,5300.0,6961.0,,,4364.0,5732.0,76.13760370577658,"[{""adm2_code"":24258,""adm2_name"":""Leyte""}]","[{""gid_2"":""PHL.43.10_1"",""migration_date"":""2025-12-20"",""migration_method"":""puzzle2_2"",""name_2"":""Capoocan""},{""gid_2"":""PHL.43.11_1"",""migration_date"":""2025-12-20"",""migration_method"":""puzzle2_2"",""name_2"":""Carigara""},{""gid_2"":""PHL.43.12_1"",""migration_date"":""2025-12-20"",""migration_method"":""puzzle2_2"",""name_2"":""Dagami""},{""gid_2"":""PHL.43.13_1"",""migration_date"":""2025-12-20"",""migration_method"":""puzzle2_2"",""name_2"":""Dulag""},{""gid_2"":""PHL.43.14_1"",""migration_date"":""2025-12-20"",""migration_method"":""puzzle2_2"",""name_2"":""Hilongos""},{""gid_2"":""PHL.43.15_1"",""migration_date"":""2025-12-20"",""migration_method"":""puzzle2_2"",""name_2"":""Hindang""},{""gid_2"":""PHL.43.16_1"",""migration_date"":""2025-12-20"",""migration_method"":""puzzle2_2"",""name_2"":""Inopacan""},{""gid_2"":""PHL.43.17_1"",""migration_date"":""2025-12-20"",""migration_method"":""puzzle2_2"",""name_2"":""Isabel""},{""gid_2"":""PHL.43.18_1"",""migration_date"":""2025-12-20"",""migration_method"":""puzzle2_2"",""name_2"":""Jaro""},{""gid_2"":""PHL.43.19_1"",""migration_date"":""2025-12-20"",""migration_method"":""puzzle2_2"",""name_2"":""Javier""},{""gid_2"":""PHL.43.1_1"",""migration_date"":""2025-12-20"",""migration_method"":""puzzle2_2"",""name_2"":""Abuyog""},{""gid_2"":""PHL.43.20_1"",""migration_date"":""2025-12-20"",""migration_method"":""puzzle2_2"",""name_2"":""Julita""},{""gid_2"":""PHL.43.21_1"",""migration_date"":""2025-12-20"",""migration_method"":""puzzle2_2"",""name_2"":""Kananga""},{""gid_2"":""PHL.43.22_1"",""migration_date"":""2025-12-20"",""migration_method"":""puzzle2_2"",""name_2"":""La Paz""},{""gid_2"":""PHL.43.23_1"",""migration_date"":""2025-12-20"",""migration_method"":""puzzle2_2"",""name_2"":""Leyte""},{""gid_2"":""PHL.43.24_1"",""migration_date"":""2025-12-20"",""migration_method"":""puzzle2_2"",""name_2"":""Macarthur""},{""gid_2"":""PHL.43.25_1"",""migration_date"":""2025-12-20"",""migration_method"":""puzzle2_2"",""name_2"":""Mahaplag""},{""gid_2"":""PHL.43.26_1"",""migration_date"":""2025-12-20"",""migration_method"":""puzzle2_2"",""name_2"":""Matag-Ob""},{""gid_2"":""PHL.43.27_1"",""migration_date"":""2025-12-20"",""migration_method"":""puzzle2_2"",""name_2"":""Matalom""},{""gid_2"":""PHL.43.28_1"",""migration_date"":""2025-12-20"",""migration_method"":""puzzle2_2"",""name_2"":""Mayorga""},{""gid_2"":""PHL.43.29_1"",""migration_date"":""2025-12-20"",""migration_method"":""puzzle2_2"",""name_2"":""Merida""},{""gid_2"":""PHL.43.2_1"",""migration_date"":""2025-12-20"",""migration_method"":""puzzle2_2"",""name_2"":""Alangalang""},{""gid_2"":""PHL.43.30_1"",""migration_date"":""2025-12-20"",""migration_method"":""puzzle2_2"",""name_2"":""Ormoc City""},{""gid_2"":""PHL.43.31_1"",""migration_date"":""2025-12-20"",""migration_method"":""puzzle2_2"",""name_2"":""Palo""},{""gid_2"":""PHL.43.32_1"",""migration_date"":""2025-12-20"",""migration_method"":""puzzle2_2"",""name_2"":""Palompon""},{""gid_2"":""PHL.43.33_1"",""migration_date"":""2025-12-20"",""migration_method"":""puzzle2_2"",""name_2"":""Pastrana""},{""gid_2"":""PHL.43.34_1"",""migration_date"":""2025-12-20"",""migration_method"":""puzzle2_2"",""name_2"":""San Isidro""},{""gid_2"":""PHL.43.35_1"",""migration_date"":""2025-12-20"",""migration_method"":""puzzle2_2"",""name_2"":""San Miguel""},{""gid_2"":""PHL.43.36_1"",""migration_date"":""2025-12-20"",""migration_method"":""puzzle2_2"",""name_2"":""Santa Fe""},{""gid_2"":""PHL.43.37_1"",""migration_date"":""2025-12-20"",""migration_method"":""puzzle2_2"",""name_2"":""Tabango""},{""gid_2"":""PHL.43.38_1"",""migration_date"":""2025-12-20"",""migration_method"":""puzzle2_2"",""name_2"":""Tabontabon""},{""gid_2"":""PHL.43.39_1"",""migration_date"":""2025-12-20"",""migration_method"":""puzzle2_2"",""name_2"":""Tacloban City""},{""gid_2"":""PHL.43.3_1"",""migration_date"":""2025-12-20"",""migration_method"":""puzzle2_2"",""name_2"":""Albuera""},{""gid_2"":""PHL.43.40_1"",""migration_date"":""2025-12-20"",""migration_method"":""puzzle2_2"",""name_2"":""Tanauan""},{""gid_2"":""PHL.43.41_1"",""migration_date"":""2025-12-20"",""migration_method"":""puzzle2_2"",""name_2"":""Tolosa""},{""gid_2"":""PHL.43.42_1"",""migration_date"":""2025-12-20"",""migration_method"":""puzzle2_2"",""name_2"":""Tunga""},{""gid_2"":""PHL.43.43_1"",""migration_date"":""2025-12-20"",""migration_method"":""puzzle2_2"",""name_2"":""Villaba""},{""gid_2"":""PHL.43.4_1"",""migration_date"":""2025-12-20"",""migration_method"":""puzzle2_2"",""name_2"":""Babatngon""},{""gid_2"":""PHL.43.5_1"",""migration_date"":""2025-12-20"",""migration_method"":""puzzle2_2"",""name_2"":""Barugo""},{""gid_2"":""PHL.43.6_1"",""migration_date"":""2025-12-20"",""migration_method"":""puzzle2_2"",""name_2"":""Bato""},{""gid_2"":""PHL.43.7_1"",""migration_date"":""2025-12-20"",""migration_method"":""puzzle2_2"",""name_2"":""Baybay City""},{""gid_2"":""PHL.43.8_1"",""migration_date"":""2025-12-20"",""migration_method"":""puzzle2_2"",""name_2"":""Burauen""},{""gid_2"":""PHL.43.9_1"",""migration_date"":""2025-12-20"",""migration_method"":""puzzle2_2"",""name_2"":""Calubian""}]",2017-07-07,2026-01-25,2017-07-06,2017-07-06,2017-07-06
2017-0443-KOR,No,nat-geo-ear-gro,Natural,Geophysical,Earthquake,Ground movement,GLIDE:EQ-2017-000167|USGS:us2000bnrs,,KOR,Republic of Korea,Eastern Asia,Asia,"Near Pohang, Gyeongsangbuk-do province",,,No,No,No,,5.4,Moment Magnitude,36.065,129.27,,2017,11.0,15.0,2017,11.0,15.0,,57.0,5000.0,,5057.0,,,,,,,76.13760370577658,"[{""adm1_code"":2440,""adm1_name"":""Kyongsangbuk-do""}]","[{""gid_2"":""KOR.4.3_2"",""migration_date"":""2025-12-20"",""migration_method"":""puzzle1_2"",""name_2"":""Dalseong""},{""gid_2"":""KOR.9.10_2"",""migration_date"":""2025-12-20"",""migration_method"":""puzzle1_2"",""name_2"":""Gyeongju""},{""gid_2"":""KOR.9.11_2"",""migration_date"":""2025-12-20"",""migration_method"":""puzzle1_2"",""name_2"":""Gyeongsan""},{""gid_2"":""KOR.9.12_2"",""migration_date"":""2025-12-20"",""migration_method"":""puzzle1_2"",""name_2"":""Mungyeong""},{""gid_2"":""KOR.9.13_2"",""migration_date"":""2025-12-20"",""migration_method"":""puzzle1_2"",""name_2"":""Pohang""},{""gid_2"":""KOR.9.14_2"",""migration_date"":""2025-12-20"",""migration_method"":""puzzle1_2"",""name_2"":""Sangju""},{""gid_2"":""KOR.9.15_2"",""migration_date"":""2025-12-20"",""migration_method"":""puzzle1_2"",""name_2"":""Seongju""},{""gid_2"":""KOR.9.16_2"",""migration_date"":""2025-12-20"",""migration_method"":""puzzle1_2"",""name_2"":""Uiseong""},{""gid_2"":""KOR.9.19_2"",""migration_date"":""2025-12-20"",""migration_method"":""puzzle1_2"",""name_2"":""Yecheon""},{""gid_2"":""KOR.9.1_2"",""migration_date"":""2025-12-20"",""migration_method"":""puzzle1_2"",""name_2"":""Andong""},{""gid_2"":""KOR.9.20_2"",""migration_date"":""2025-12-20"",""migration_method"":""puzzle1_2"",""name_2"":""Yeongcheon""},{""gid_2"":""KOR.9.21_2"",""migration_date"":""2025-12-20"",""migration_method"":""puzzle1_2"",""name_2"":""Yeongdeok""},{""gid_2"":""KOR.9.22_2"",""migration_date"":""2025-12-20"",""migration_method"":""puzzle1_2"",""name_2"":""Yeongju""},{""gid_2"":""KOR.9.23_2"",""migration_date"":""2025-12-20"",""migration_method"":""puzzle1_2"",""name_2"":""Yeongyang""},{""gid_2"":""KOR.9.2_2"",""migration_date"":""2025-12-20"",""migration_method"":""puzzle1_2"",""name_2"":""Bonghwa""},{""gid_2"":""KOR.9.3_2"",""migration_date"":""2025-12-20"",""migration_method"":""puzzle1_2"",""name_2"":""Cheongdo""},{""gid_2"":""KOR.9.4_2"",""migration_date"":""2025-12-20"",""migration_method"":""puzzle1_2"",""name_2"":""Cheongsong""},{""gid_2"":""KOR.9.5_2"",""migration_date"":""2025-12-20"",""migration_method"":""puzzle1_2"",""name_2"":""Chilgok""},{""gid_2"":""KOR.9.6_2"",""migration_date"":""2025-12-20"",""migration_method"":""puzzle1_2"",""name_2"":""Gimcheon""},{""gid_2"":""KOR.9.7_2"",""migration_date"":""2025-12-20"",""migration_method"":""puzzle1_2"",""name_2"":""Goryeong""},{""gid_2"":""KOR.9.8_2"",""migration_date"":""2025-12-20"",""migration_method"":""puzzle1_2"",""name_2"":""Gumi""},{""gid_2"":""KOR.9.9_2"",""migration_date"":""2025-12-20"",""migration_method"":""puzzle1_2"",""name_2"":""Gunwi""}]",2017-11-15,2026-01-25,2017-11-15,2017-11-15,2017-11-15
2017-0280-TUR,No,nat-geo-ear-gro,Natural,Geophysical,Earthquake,Ground movement,GLIDE:TS-2017-000142|USGS:us20009ynd,,TUR,Türkiye,Western Asia,Asia,Bodrum,,Tsunami/Tidal wave,No,No,No,,6.7,Moment Magnitude,,,,2017,7.0,21.0,2017,7.0,21.0,,360.0,,,360.0,,,,,,,76.13760370577658,"[{""adm2_code"":28133,""adm2_name"":""Bodrum""}]","[{""gid_2"":""TUR.59.1_1"",""migration_date"":""2025-12-20"",""migration_method"":""jaccard2"",""name_2"":""Bodrum""}]",2017-07-24,2026-01-25,2017-07-21,2017-07-21,2017-07-21
2018-0215-CHN,No,nat-geo-ear-gro,Natural,Geophysical,Earthquake,Ground movement,USGS:us1000eczp,,CHN,China,Eastern Asia,Asia,Ningjiang (Jilin province),,,No,No,No,,5.3,Moment Magnitude,45.236,124.642,,2018,5.0,28.0,2018,5.0,28.0,,,12000.0,,12000.0,,,,,29000.0,37181.0,77.99726518795474,"[{""adm2_code"":13174,""adm2_name"":""Songyuan""}]","[{""gid_2"":""CHN.17.7_1"",""migration_date"":""2025-12-20"",""migration_method"":""jaccard2"",""name_2"":""Songyuan""}]",2018-07-20,2026-02-04,2018-05-28,2018-05-28,2018-05-28
2018-0323-CHN,No,nat-geo-ear-gro,Natural,Geophysical,Earthquake,Ground movement,USGS:us1000g7al,,CHN,China,Eastern Asia,Asia,Yuxi (Yunnan province),,,No,No,No,,5.0,Moment Magnitude,24.298,102.91,,2018,8.0,13.0,2018,8.0,13.0,,24.0,18000.0,,18024.0,,,,,50000.0,64105.0,77.99726518795474,"[{""adm2_code"":13305,""adm2_name"":""Yuxi""}]","[{""gid_2"":""CHN.30.15_1"",""migration_date"":""2025-12-20"",""migration_method"":""jaccard2"",""name_2"":""Yuxi""}]",2018-08-29,2026-02-04,2018-08-13,2018-08-13,2018-08-13
2018-0321-SLV,No,nat-geo-ear-gro,Natural,Geophysical,Earthquake,Ground movement,USGS:us1000dzgr,,SLV,El Salvador,Latin America and the Caribbean,Americas,Intipuca (La Union); Chirilagua (San Miguel),,"Slide (land, mud, snow, rock)",No,No,No,,5.4,Moment Magnitude,13.104,-88.062,,2018,5.0,6.0,2018,5.0,6.0,,1.0,2499.0,,2500.0,,,,,,,77.99726518795474,"[{""adm2_code"":15686,""adm2_name"":""Intipuca""},{""adm2_code"":15727,""adm2_name"":""Chirilagua""}]","[{""gid_2"":""SLV.7.7_1"",""migration_date"":""2025-12-20"",""migration_method"":""jaccard2"",""name_2"":""Intipucá""},{""gid_2"":""SLV.9.4_1"",""migration_date"":""2025-12-20"",""migration_method"":""jaccard2"",""name_2"":""Chirilagua""}]",2018-08-29,2026-02-04,2018-05-06,2018-05-06,2018-05-06
2018-0360-HTI,No,nat-geo-ear-gro,Natural,Geophysical,Earthquake,Ground movement,GLIDE:EQ-2018-000160|USGS:us1000h8an,,HTI,Haiti,Latin America and the Caribbean,Americas,"Port-de-Paix, Gros-Morne, Saint-Louis-du-Nor",,,No,No,No,,5.9,Moment Magnitude,20.034,-73.013,,2018,10.0,6.0,2018,10.0,6.0,17.0,421.0,38915.0,,39336.0,,,,,,,77.99726518795474,"[{""adm2_code"":17167,""adm2_name"":""Gros Morne""},{""adm2_code"":17185,""adm2_name"":""Port De Paix""},{""adm2_code"":17186,""adm2_name"":""Saint Louis Du Nord""}]","[{""gid_2"":""HTI.3.2_1"",""migration_date"":""2025-12-20"",""migration_method"":""jaccard2"",""name_2"":""Gros-Morne""},{""gid_2"":""HTI.6.2_1"",""migration_date"":""2025-12-20"",""migration_method"":""jaccard2"",""name_2"":""Port-de-Paix""},{""gid_2"":""HTI.6.3_1"",""migration_date"":""2025-12-20"",""migration_method"":""jaccard2"",""name_2"":""Saint-Louis du Nord""}]",2018-10-08,2026-01-25,2018-10-06,2018-10-06,2018-10-06
2018-0352-IDN,No,nat-geo-ear-tsu,Natural,Geophysical,Earthquake,Tsunami,GLIDE:EQ-2018-000122|USGS:us1000h3p4,,IDN,Indonesia,South-eastern Asia,Asia,"Dongalla, Sigi (dongalla), Parigi Moutong, Palu, Poso, Mamuju Utara (Celebas Isl., Central Sulawesi)",,Liquefaction|Tsunami/Tidal wave,Yes,Yes,Yes,,7.5,Moment Magnitude,-0.256,119.846,,2018,9.0,28.0,2018,9.0,28.0,4140.0,,2000000.0,,2000000.0,1600000.0,2051354.0,,,1450000.0,1859040.0,77.99726518795474,"[{""adm2_code"":73671,""adm2_name"":""Donggala""},{""adm2_code"":73741,""adm2_name"":""Kota Palu""},{""adm2_code"":73821,""adm2_name"":""Parigimoutong""},{""adm2_code"":73830,""adm2_name"":""Poso""},{""adm2_code"":73785,""adm2_name"":""Mamuju Utara""}]","[{""gid_2"":""IDN.25.3_1"",""migration_date"":""2025-12-20"",""migration_method"":""jaccard2"",""name_2"":""Mamuju Utara""},{""gid_2"":""IDN.27.4_1"",""migration_date"":""2025-12-20"",""migration_method"":""puzzle2_2"",""name_2"":""Donggala""},{""gid_2"":""IDN.27.6_1"",""migration_date"":""2025-12-20"",""migration_method"":""bufhaus2"",""name_2"":""Palu""},{""gid_2"":""IDN.27.7_1"",""migration_date"":""2025-12-20"",""migration_method"":""jaccard2"",""name_2"":""Parigi Moutong""},{""gid_2"":""IDN.27.8_1"",""migration_date"":""2025-12-20"",""migration_method"":""jaccard2"",""name_2"":""Poso""},{""gid_2"":""IDN.27.9_1"",""migration_date"":""2025-12-20"",""migration_method"":""puzzle2_2"",""name_2"":""Sigi""}]",2018-10-02,2026-01-25,2018-09-28,2018-09-28,2018-09-28
2018-0031-IDN,No,nat-geo-ear-gro,Natural,Geophysical,Earthquake,Ground movement,USGS:us2000cmwz,,IDN,Indonesia,South-eastern Asia,Asia,"Jakarta, Sukabumi, Bogor , Bogor city (Java), Cianjur, Lebak, Pandeglang, Serang (Banten)",,,No,No,No,,6.0,Moment Magnitude,-7.196,105.918,,2018,1.0,23.0,2018,1.0,23.0,1.0,11.0,13800.0,,13811.0,,,,,80000.0,102568.0,77.99726518795474,"[{""adm1_code"":1516,""adm1_name"":""Dki Jakarta""},{""adm2_code"":18020,""adm2_name"":""Lebak""},{""adm2_code"":18022,""adm2_name"":""Pandeglang""},{""adm2_code"":18024,""adm2_name"":""Serang""},{""adm2_code"":18008,""adm2_name"":""Bogor""},{""adm2_code"":18010,""adm2_name"":""Cianjur""},{""adm2_code"":18016,""adm2_name"":""Kota Bogor""},{""adm2_code"":18026,""adm2_name"":""Sukabumi""}]","[{""gid_1"":""IDN.7_1"",""migration_date"":""2025-12-20"",""migration_method"":""jaccard1"",""name_1"":""Jakarta Raya""},{""gid_2"":""IDN.4.2_1"",""migration_date"":""2025-12-20"",""migration_method"":""puzzle2_2"",""name_2"":""Kota Serang""},{""gid_2"":""IDN.4.4_1"",""migration_date"":""2025-12-20"",""migration_method"":""jaccard2"",""name_2"":""Lebak""},{""gid_2"":""IDN.4.5_1"",""migration_date"":""2025-12-20"",""migration_method"":""jaccard2"",""name_2"":""Pandeglang""},{""gid_2"":""IDN.4.6_1"",""migration_date"":""2025-12-20"",""migration_method"":""puzzle2_2"",""name_2"":""Serang""},{""gid_2"":""IDN.9.16_1"",""migration_date"":""2025-12-20"",""migration_method"":""jaccard2"",""name_2"":""Kota Bogor""},{""gid_2"":""IDN.9.24_1"",""migration_date"":""2025-12-20"",""migration_method"":""jaccard2"",""name_2"":""Sukabumi""},{""gid_2"":""IDN.9.5_1"",""migration_date"":""2025-12-20"",""migration_method"":""jaccard2"",""name_2"":""Bogor""},{""gid_2"":""IDN.9.7_1"",""migration_date"":""2025-12-20"",""migration_method"":""jaccard2"",""name_2"":""Cianjur""}]",2018-01-26,2026-01-25,2018-01-23,2018-01-23,2018-01-23
2018-0257-IDN,No,nat-geo-ear-gro,Natural,Geophysical,Earthquake,Ground movement,GLIDE:EQ-2018-000127|USGS:us1000g3ub,,IDN,Indonesia,South-eastern Asia,Asia,"Lombok, sumbawa",,Tsunami/Tidal wave,No,No,No,,6.9,Moment Magnitude,-8.287,116.452,,2018,8.0,5.0,2018,8.0,5.0,564.0,1584.0,445343.0,70000.0,516927.0,,,,,790000.0,1012856.0,77.99726518795474,"[{""adm2_code"":18145,""adm2_name"":""Lombok Barat""},{""adm2_code"":18146,""adm2_name"":""Lombok Tengah""},{""adm2_code"":18147,""adm2_name"":""Lombok Timur""},{""adm2_code"":73736,""adm2_name"":""Kota Mataram""},{""adm2_code"":73857,""adm2_name"":""Sumbawa Barat""},{""adm2_code"":73858,""adm2_name"":""Sumbawa""}]","[{""gid_2"":""IDN.20.10_1"",""migration_date"":""2025-12-20"",""migration_method"":""jaccard2"",""name_2"":""Sumbawa""},{""gid_2"":""IDN.20.4_1"",""migration_date"":""2025-12-20"",""migration_method"":""puzzle2_2"",""name_2"":""Lombok Barat""},{""gid_2"":""IDN.20.5_1"",""migration_date"":""2025-12-20"",""migration_method"":""jaccard2"",""name_2"":""Lombok Tengah""},{""gid_2"":""IDN.20.6_1"",""migration_date"":""2025-12-20"",""migration_method"":""jaccard2"",""name_2"":""Lombok Timur""},{""gid_2"":""IDN.20.7_1"",""migration_date"":""2025-12-20"",""migration_method"":""puzzle2_2"",""name_2"":""Lombok Utara""},{""gid_2"":""IDN.20.8_1"",""migration_date"":""2025-12-20"",""migration_method"":""jaccard2"",""name_2"":""Mataram""},{""gid_2"":""IDN.20.9_1"",""migration_date"":""2025-12-20"",""migration_method"":""jaccard2"",""name_2"":""Sumbawa Barat""}]",2018-08-08,2026-01-25,2018-08-05,2018-08-05,2018-08-05
2018-0254-IDN,No,nat-geo-ear-gro,Natural,Geophysical,Earthquake,Ground movement,GLIDE:EQ-2018-000122|USGS:us2000ggbs,,IDN,Indonesia,South-eastern Asia,Asia,"North Lombok, East Lombok, West Lombok, Central Lombok, Mataram districts (West Nusa Tenggara province)",,,No,No,No,,6.4,Moment Magnitude,-8.274,116.491,,2018,7.0,29.0,2018,7.0,29.0,14.0,135.0,102717.0,,102852.0,,,,,29000.0,37181.0,77.99726518795474,"[{""adm2_code"":18145,""adm2_name"":""Lombok Barat""},{""adm2_code"":18146,""adm2_name"":""Lombok Tengah""},{""adm2_code"":18147,""adm2_name"":""Lombok Timur""},{""adm2_code"":73736,""adm2_name"":""Kota Mataram""}]","[{""gid_2"":""IDN.20.4_1"",""migration_date"":""2025-12-20"",""migration_method"":""puzzle2_2"",""name_2"":""Lombok Barat""},{""gid_2"":""IDN.20.5_1"",""migration_date"":""2025-12-20"",""migration_method"":""jaccard2"",""name_2"":""Lombok Tengah""},{""gid_2"":""IDN.20.6_1"",""migration_date"":""2025-12-20"",""migration_method"":""jaccard2"",""name_2"":""Lombok Timur""},{""gid_2"":""IDN.20.7_1"",""migration_date"":""2025-12-20"",""migration_method"":""puzzle2_2"",""name_2"":""Lombok Utara""},{""gid_2"":""IDN.20.8_1"",""migration_date"":""2025-12-20"",""migration_method"":""jaccard2"",""name_2"":""Mataram""}]",2018-08-01,2026-01-25,2018-07-29,2018-07-29,2018-07-29
2018-0302-IDN,No,nat-geo-ear-gro,Natural,Geophysical,Earthquake,Ground movement,GLIDE:EQ-2018-000135|USGS:us1000gda5,,IDN,Indonesia,South-eastern Asia,Asia,Lombok Isl.,,,No,No,No,,6.9,Moment Magnitude,-8.325,116.577,,2018,8.0,19.0,2018,8.0,19.0,10.0,24.0,755.0,,779.0,,,,,5000.0,6410.0,77.99726518795474,"[{""adm2_code"":18145,""adm2_name"":""Lombok Barat""},{""adm2_code"":18146,""adm2_name"":""Lombok Tengah""},{""adm2_code"":18147,""adm2_name"":""Lombok Timur""},{""adm2_code"":73736,""adm2_name"":""Kota Mataram""}]","[{""gid_2"":""IDN.20.4_1"",""migration_date"":""2025-12-20"",""migration_method"":""puzzle2_2"",""name_2"":""Lombok Barat""},{""gid_2"":""IDN.20.5_1"",""migration_date"":""2025-12-20"",""migration_method"":""jaccard2"",""name_2"":""Lombok Tengah""},{""gid_2"":""IDN.20.6_1"",""migration_date"":""2025-12-20"",""migration_method"":""jaccard2"",""name_2"":""Lombok Timur""},{""gid_2"":""IDN.20.7_1"",""migration_date"":""2025-12-20"",""migration_method"":""puzzle2_2"",""name_2"":""Lombok Utara""},{""gid_2"":""IDN.20.8_1"",""migration_date"":""2025-12-20"",""migration_method"":""jaccard2"",""name_2"":""Mataram""}]",2018-08-20,2026-01-25,2018-08-19,2018-08-19,2018-08-19
2018-0281-IRN,No,nat-geo-ear-gro,Natural,Geophysical,Earthquake,Ground movement,USGS:us2000gb4d,,IRN,Iran (Islamic Republic of),Southern Asia,Asia,Tazeh Abad district (Kermanshah),,,No,No,No,,5.8,Moment Magnitude,34.591,46.166,,2018,7.0,22.0,2018,7.0,22.0,,287.0,4755.0,,5042.0,,,,,10000.0,12821.0,77.99726518795474,"[{""adm2_code"":40980,""adm2_name"":""Javanrud""}]",,2018-08-09,2026-02-04,2018-07-22,2018-07-22,2018-07-22
2018-0310-IRN,No,nat-geo-ear-gro,Natural,Geophysical,Earthquake,Ground movement,GLIDE:EQ-2018-000139|USGS:us1000ghda,,IRN,Iran (Islamic Republic of),Southern Asia,Asia,Near Javanroud (Kermanshah province),,,No,No,No,,6.0,Moment Magnitude,34.663,46.277,,2018,8.0,26.0,2018,8.0,26.0,2.0,255.0,10000.0,3000.0,13255.0,,,,,,,77.99726518795474,"[{""adm2_code"":40980,""adm2_name"":""Javanrud""}]",,2018-08-27,2026-01-25,2018-08-26,2018-08-26,2018-08-26
2018-0426-IRN,No,nat-geo-ear-gro,Natural,Geophysical,Earthquake,Ground movement,GLIDE:EQ-2018-000415|USGS:us1000hwdw,,IRN,Iran (Islamic Republic of),Southern Asia,Asia,Sarpol-e Zahab (Kermanshah province),,,No,No,No,,6.3,Moment Magnitude,34.304,45.74,,2018,11.0,25.0,2018,11.0,25.0,,716.0,,,716.0,,,,,10000.0,12821.0,77.99726518795474,"[{""adm2_code"":41087,""adm2_name"":""Sar-e pol-e zahab""}]","[{""gid_2"":""IRN.14.10_1"",""name_2"":""Sarpol-e-Zahab""}]",2018-11-26,2026-04-09,2018-11-25,2018-11-25,2018-11-25
2018-0183-JPN,No,nat-geo-ear-gro,Natural,Geophysical,Earthquake,Ground movement,GLIDE:EQ-2018-000073|USGS:us1000eu1c,,JPN,Japan,Eastern Asia,Asia,"Hyogo, Kyoto, Nara, Osaka Prefectures",,,No,No,No,,5.5,Moment Magnitude,34.826,135.64,,2018,6.0,18.0,2018,6.0,18.0,5.0,417.0,20298.0,,20715.0,,,,,3250000.0,4166813.0,77.99726518795474,"[{""adm1_code"":1662,""adm1_name"":""Hyoogo""},{""adm1_code"":1671,""adm1_name"":""Kyooto""},{""adm1_code"":1677,""adm1_name"":""Nara""},{""adm1_code"":1682,""adm1_name"":""Oosaka""}]","[{""gid_1"":""JPN.13_1"",""migration_date"":""2025-12-20"",""migration_method"":""jaccard1"",""name_1"":""Hyōgo""},{""gid_1"":""JPN.22_1"",""migration_date"":""2025-12-20"",""migration_method"":""jaccard1"",""name_1"":""Kyoto""},{""gid_1"":""JPN.28_1"",""migration_date"":""2025-12-20"",""migration_method"":""jaccard1"",""name_1"":""Nara""},{""gid_1"":""JPN.33_1"",""migration_date"":""2025-12-20"",""migration_method"":""jaccard1"",""name_1"":""Osaka""}]",2018-07-10,2026-01-25,2018-06-18,2018-06-18,2018-06-18
2018-0330-JPN,No,nat-geo-ear-gro,Natural,Geophysical,Earthquake,Ground movement,GLIDE:EQ-2018-000143|USGS:us2000h8ty,,JPN,Japan,Eastern Asia,Asia,"Atsuma village, Abira, Sapporo (Hokkaido)",,"Fire|Slide (land, mud, snow, rock)",Yes,No,No,,6.6,Moment Magnitude,42.686,141.929,,2018,9.0,6.0,2018,9.0,6.0,41.0,680.0,5600.0,,6280.0,,,,,1250000.0,1602620.0,77.99726518795474,"[{""adm2_code"":34179,""adm2_name"":""Atumatyoo""},{""adm2_code"":34200,""adm2_name"":""Hayakitatyoo""},{""adm2_code"":34309,""adm2_name"":""Sapporosi_Atubetuku""},{""adm2_code"":34310,""adm2_name"":""Sapporosi_Higasiku""},{""adm2_code"":34311,""adm2_name"":""Sapporosi_Kitaku""},{""adm2_code"":34312,""adm2_name"":""Sapporosi_Minamiku""},{""adm2_code"":34313,""adm2_name"":""Sapporosi_Nisiku""},{""adm2_code"":34314,""adm2_name"":""Sapporosi_Siroisiku""},{""adm2_code"":34315,""adm2_name"":""Sapporosi_Teeneku""},{""adm2_code"":34316,""adm2_name"":""Sapporosi_Toyohiraku""},{""adm2_code"":34317,""adm2_name"":""Sapporosi_Tyuuooku""}]","[{""gid_2"":""JPN.12.11_1"",""migration_date"":""2025-12-20"",""migration_method"":""jaccard2"",""name_2"":""Atsuma""},{""gid_2"":""JPN.12.123_1"",""migration_date"":""2025-12-20"",""migration_method"":""bufhaus2"",""name_2"":""Sapporo""},{""gid_2"":""JPN.12.123_1"",""migration_date"":""2025-12-20"",""migration_method"":""bufhaus2"",""name_2"":""Sapporo""},{""gid_2"":""JPN.12.123_1"",""migration_date"":""2025-12-20"",""migration_method"":""bufhaus2"",""name_2"":""Sapporo""},{""gid_2"":""JPN.12.123_1"",""migration_date"":""2025-12-20"",""migration_method"":""bufhaus2"",""name_2"":""Sapporo""},{""gid_2"":""JPN.12.123_1"",""migration_date"":""2025-12-20"",""migration_method"":""bufhaus2"",""name_2"":""Sapporo""},{""gid_2"":""JPN.12.123_1"",""migration_date"":""2025-12-20"",""migration_method"":""bufhaus2"",""name_2"":""Sapporo""},{""gid_2"":""JPN.12.123_1"",""migration_date"":""2025-12-20"",""migration_method"":""bufhaus2"",""name_2"":""Sapporo""},{""gid_2"":""JPN.12.123_1"",""migration_date"":""2025-12-20"",""migration_method"":""bufhaus2"",""name_2"":""Sapporo""},{""gid_2"":""JPN.12.123_1"",""migration_date"":""2025-12-20"",""migration_method"":""bufhaus2"",""name_2"":""Sapporo""},{""gid_2"":""JPN.12.2_1"",""migration_date"":""2025-12-20"",""migration_method"":""bufhaus2"",""name_2"":""Abira""}]",2018-09-06,2026-02-04,2018-09-06,2018-09-06,2018-09-06
2018-0315-MEX,No,nat-geo-ear-gro,Natural,Geophysical,Earthquake,Ground movement,USGS:us2000d3km,,MEX,Mexico,Latin America and the Caribbean,Americas,Oaxaca,,,No,No,No,,7.2,Moment Magnitude,16.646,-97.653,,2018,2.0,16.0,2018,2.0,16.0,,4.0,3000.0,,3004.0,,,,,,,77.99726518795474,"[{""adm1_code"":2047,""adm1_name"":""Oaxaca""}]","[{""gid_1"":""MEX.20_1"",""migration_date"":""2025-12-20"",""migration_method"":""jaccard1"",""name_1"":""Oaxaca""}]",2018-08-29,2026-01-25,2018-02-16,2018-02-16,2018-02-16
2018-0316-PNG,No,nat-geo-ear-gro,Natural,Geophysical,Earthquake,Ground movement,USGS:us2000dc52,,PNG,Papua New Guinea,Melanesia,Oceania,South Highlands,,"Slide (land, mud, snow, rock)",No,No,No,,6.0,Moment Magnitude,-6.331,142.599,,2018,3.0,5.0,2018,3.0,5.0,11.0,,,,,,,,,,,77.99726518795474,"[{""adm1_code"":2305,""adm1_name"":""Southern Highlands""}]",,2018-08-29,2026-02-04,2018-03-05,2018-03-05,2018-03-05
2018-0055-PNG,No,nat-geo-ear-gro,Natural,Geophysical,Earthquake,Ground movement,GLIDE:EQ-2018-000020|USGS:us2000d7q6,,PNG,Papua New Guinea,Melanesia,Oceania,Southern Highlandsand Hela provinces,,"Slide (land, mud, snow, rock)",Yes,No,No,,7.5,Moment Magnitude,-6.149,142.766,,2018,2.0,26.0,2018,2.0,26.0,145.0,300.0,544000.0,,544300.0,,,,,61000.0,78208.0,77.99726518795474,"[{""adm1_code"":2305,""adm1_name"":""Southern Highlands""}]",,2018-02-27,2026-01-25,2018-02-26,2018-02-26,2018-02-26
2018-0317-PNG,No,nat-geo-ear-gro,Natural,Geophysical,Earthquake,Ground movement,USGS:us2000dcx1,,PNG,Papua New Guinea,Melanesia,Oceania,Hela (South Highlands),,,No,No,No,,6.7,Moment Magnitude,-6.294,142.607,,2018,3.0,7.0,2018,3.0,7.0,25.0,,,,,,,,,,,77.99726518795474,"[{""adm1_code"":2305,""adm1_name"":""Southern Highlands""}]",,2018-08-29,2026-01-25,2018-03-07,2018-03-07,2018-03-07
2018-0011-PER,No,nat-geo-ear-gro,Natural,Geophysical,Earthquake,Ground movement,USGS:us2000cjfy,,PER,Peru,Latin America and the Caribbean,Americas,"Yauca, Quicaca, Acari, Jaqui, Lomas districts (Caraveli Province), Rio Grande district (Condesuyos province) (Arequipa department), Sancos district, Lucanas, Pullo district, Parinacochas, Paucar del Sara Sara provinces (Ayacucho department), Nazca district (Nazca province-Ica department)",,,No,No,No,,7.1,Moment Magnitude,-15.759,74.71,,2018,1.0,14.0,2018,1.0,14.0,2.0,139.0,7885.0,1295.0,9319.0,,,,,,,77.99726518795474,"[{""adm2_code"":24041,""adm2_name"":""Caravelí""},{""adm2_code"":24044,""adm2_name"":""Condesuyos""},{""adm2_code"":24053,""adm2_name"":""Lucanas""},{""adm2_code"":24054,""adm2_name"":""Parinacochas""},{""adm2_code"":24055,""adm2_name"":""Paucar del Sara Sara""},{""adm2_code"":24105,""adm2_name"":""Nazca""}]","[{""gid_2"":""PER.11.3_1"",""migration_date"":""2025-12-20"",""migration_method"":""jaccard2"",""name_2"":""Nazca""},{""gid_2"":""PER.4.3_1"",""migration_date"":""2025-12-20"",""migration_method"":""jaccard2"",""name_2"":""Caravelí""},{""gid_2"":""PER.4.6_1"",""migration_date"":""2025-12-20"",""migration_method"":""jaccard2"",""name_2"":""Condesuyos""},{""gid_2"":""PER.5.6_1"",""migration_date"":""2025-12-20"",""migration_method"":""jaccard2"",""name_2"":""Lucanas""},{""gid_2"":""PER.5.7_1"",""migration_date"":""2025-12-20"",""migration_method"":""jaccard2"",""name_2"":""Parinacochas""},{""gid_2"":""PER.5.8_1"",""migration_date"":""2025-12-20"",""migration_method"":""jaccard2"",""name_2"":""Paucar del Sara Sara""}]",2018-01-15,2026-02-04,2018-01-14,2018-01-14,2018-01-14
2018-0059-TWN,No,nat-geo-ear-gro,Natural,Geophysical,Earthquake,Ground movement,USGS:us1000chhc,,TWN,Taiwan (Province of China),Eastern Asia,Asia,Hualian,,,No,No,No,,6.4,Moment Magnitude,24.136,121.658,,2018,2.0,6.0,2018,2.0,6.0,84.0,285.0,,,285.0,,,,,100000.0,128210.0,77.99726518795474,"[{""adm2_code"":13277,""adm2_name"":""Name Unknown""}]","[{""gid_2"":""TWN.2.1_1"",""migration_date"":""2025-12-20"",""migration_method"":""puzzle2_2"",""name_2"":""Kaohsiung""},{""gid_2"":""TWN.3.1_1"",""migration_date"":""2025-12-20"",""migration_method"":""puzzle2_2"",""name_2"":""New Taipei""},{""gid_2"":""TWN.4.1_1"",""migration_date"":""2025-12-20"",""migration_method"":""puzzle2_2"",""name_2"":""Taichung""},{""gid_2"":""TWN.5.1_1"",""migration_date"":""2025-12-20"",""migration_method"":""puzzle2_2"",""name_2"":""Tainan""},{""gid_2"":""TWN.7.11_1"",""migration_date"":""2025-12-20"",""migration_method"":""puzzle2_2"",""name_2"":""Pingtung""},{""gid_2"":""TWN.7.12_1"",""migration_date"":""2025-12-20"",""migration_method"":""puzzle2_2"",""name_2"":""Taitung""},{""gid_2"":""TWN.7.13_1"",""migration_date"":""2025-12-20"",""migration_method"":""puzzle2_2"",""name_2"":""Taoyuan""},{""gid_2"":""TWN.7.14_1"",""migration_date"":""2025-12-20"",""migration_method"":""puzzle2_2"",""name_2"":""Yilan""},{""gid_2"":""TWN.7.15_1"",""migration_date"":""2025-12-20"",""migration_method"":""puzzle2_2"",""name_2"":""Yulin""},{""gid_2"":""TWN.7.1_1"",""migration_date"":""2025-12-20"",""migration_method"":""puzzle2_2"",""name_2"":""Changhua""},{""gid_2"":""TWN.7.2_1"",""migration_date"":""2025-12-20"",""migration_method"":""puzzle2_2"",""name_2"":""Chiayi City""},{""gid_2"":""TWN.7.3_1"",""migration_date"":""2025-12-20"",""migration_method"":""puzzle2_2"",""name_2"":""Chiayi County""},{""gid_2"":""TWN.7.4_1"",""migration_date"":""2025-12-20"",""migration_method"":""puzzle2_2"",""name_2"":""Hsinchu City""},{""gid_2"":""TWN.7.5_1"",""migration_date"":""2025-12-20"",""migration_method"":""puzzle2_2"",""name_2"":""Hsinchu County""},{""gid_2"":""TWN.7.6_1"",""migration_date"":""2025-12-20"",""migration_method"":""puzzle2_2"",""name_2"":""Hualien""},{""gid_2"":""TWN.7.8_1"",""migration_date"":""2025-12-20"",""migration_method"":""puzzle2_2"",""name_2"":""Miaoli""},{""gid_2"":""TWN.7.9_1"",""migration_date"":""2025-12-20"",""migration_method"":""puzzle2_2"",""name_2"":""Nantou""}]",2018-02-27,2026-01-25,2018-02-06,2018-02-06,2018-02-06
2019-0232-ALB,No,nat-geo-ear-gro,Natural,Geophysical,Earthquake,Ground movement,USGS:us70003u1a,,ALB,Albania,Southern Europe,Europe,Korçë county,,,No,No,No,,5.2,Moment Magnitude,40.526,20.703,,2019,6.0,1.0,2019,6.0,1.0,,4.0,300.0,,304.0,,,,,,,79.41078460433721,"[{""adm1_code"":318,""adm1_name"":""Korce""}]","[{""gid_2"":""ALB.7.3_1"",""migration_date"":""2025-12-20"",""migration_method"":""puzzle1_2"",""name_2"":""Korçës""}]",2019-06-17,2026-02-04,2019-06-01,2019-06-01,2019-06-01
2019-0572-ALB,No,nat-geo-ear-gro,Natural,Geophysical,Earthquake,Ground movement,GLIDE:EQ-2019-000157|USGS:us70006d0m,,ALB,Albania,Southern Europe,Europe,"Durrës, Kruje, Tiranë, Lezhë",,,No,No,No,,6.4,Moment Magnitude,41.511,19.522,,2019,11.0,26.0,2019,11.0,26.0,51.0,913.0,202000.0,,202913.0,,,,,700000.0,881492.0,79.41078460433721,"[{""adm1_code"":310,""adm1_name"":""Durres""},{""adm1_code"":319,""adm1_name"":""Kruje""},{""adm1_code"":323,""adm1_name"":""Lezhe""},{""adm1_code"":338,""adm1_name"":""Tirane""}]","[{""gid_2"":""ALB.11.2_1"",""migration_date"":""2025-12-20"",""migration_method"":""puzzle1_2"",""name_2"":""Tiranës""},{""gid_2"":""ALB.3.1_1"",""migration_date"":""2025-12-20"",""migration_method"":""puzzle1_2"",""name_2"":""Durrësit""},{""gid_2"":""ALB.3.2_1"",""migration_date"":""2025-12-20"",""migration_method"":""puzzle1_2"",""name_2"":""Krujës""},{""gid_2"":""ALB.9.2_1"",""migration_date"":""2025-12-20"",""migration_method"":""puzzle1_2"",""name_2"":""Lezhës""}]",2019-11-26,2026-01-25,2019-11-26,2019-11-26,2019-11-26
2019-0444-ALB,No,nat-geo-ear-gro,Natural,Geophysical,Earthquake,Ground movement,GLIDE:EQ-2019-000114|USGS:us60005lrf,,ALB,Albania,Southern Europe,Europe,"Durres, Tirana Counties",,,No,No,No,,5.6,Moment Magnitude,41.381,19.454,,2019,9.0,21.0,2019,9.0,21.0,,108.0,4500.0,,4608.0,,,,,45000.0,56667.0,79.41078460433721,"[{""adm1_code"":310,""adm1_name"":""Durres""},{""adm1_code"":338,""adm1_name"":""Tirane""}]","[{""gid_2"":""ALB.11.2_1"",""migration_date"":""2025-12-20"",""migration_method"":""puzzle1_2"",""name_2"":""Tiranës""},{""gid_2"":""ALB.3.1_1"",""migration_date"":""2025-12-20"",""migration_method"":""puzzle1_2"",""name_2"":""Durrësit""}]",2019-09-24,2026-01-25,2019-09-21,2019-09-21,2019-09-21
2019-0023-CHL,No,nat-geo-ear-gro,Natural,Geophysical,Earthquake,Ground movement,GLIDE:EQ-2019-000008|USGS:us2000j6hy,,CHL,Chile,Latin America and the Caribbean,Americas,Coquimbo,,,No,No,No,,6.7,Moment Magnitude,-30.074,-71.423,,2019,1.0,19.0,2019,1.0,19.0,2.0,,780.0,,780.0,,,,,,,79.41078460433721,"[{""adm1_code"":888,""adm1_name"":""Coquimbo""}]","[{""gid_1"":""CHL.7_1"",""migration_date"":""2025-12-20"",""migration_method"":""jaccard1"",""name_1"":""Coquimbo""}]",2019-01-25,2026-01-25,2019-01-19,2019-01-19,2019-01-19
2019-0096-CHN,No,nat-geo-ear-gro,Natural,Geophysical,Earthquake,Ground movement,USGS:us2000jmpz,,CHN,China,Eastern Asia,Asia,Sichuan Province,,,No,No,No,,4.9,Moment Magnitude,29.47,104.609,,2019,2.0,25.0,2019,2.0,25.0,2.0,12.0,32733.0,27.0,32772.0,,,,,2000.0,2519.0,79.41078460433721,"[{""adm1_code"":924,""adm1_name"":""Sichuan Sheng""}]","[{""gid_1"":""CHN.26_1"",""migration_date"":""2025-12-20"",""migration_method"":""jaccard1"",""name_1"":""Sichuan""}]",2019-03-08,2026-02-04,2019-02-25,2019-02-25,2019-02-25
2019-0259-CHN,No,nat-geo-ear-gro,Natural,Geophysical,Earthquake,Ground movement,GLIDE:EQ-2019-000059|USGS:us600041ry,,CHN,China,Eastern Asia,Asia,Yibin (Sichuan province),,,No,No,No,,5.8,Moment Magnitude,28.405,104.957,,2019,6.0,17.0,2019,6.0,17.0,13.0,220.0,244000.0,,244220.0,,,,,1300000.0,1637057.0,79.41078460433721,"[{""adm2_code"":13266,""adm2_name"":""Yibin""}]","[{""gid_2"":""CHN.26.20_1"",""migration_date"":""2025-12-20"",""migration_method"":""jaccard2"",""name_2"":""Yibin""}]",2019-06-18,2026-01-25,2019-06-17,2019-06-17,2019-06-17
2019-0520-CHN,No,nat-geo-ear-gro,Natural,Geophysical,Earthquake,Ground movement,USGS:us70005dar,,CHN,China,Eastern Asia,Asia,Neijiang (Sichuan Province),,,No,No,No,,5.0,Moment Magnitude,29.53,104.931,,2019,9.0,8.0,2019,9.0,8.0,1.0,63.0,15123.0,396.0,15582.0,,,,,,,79.41078460433721,"[{""adm2_code"":13263,""adm2_name"":""Name Unknown""}]","[{""gid_2"":""CHN.26.14_1"",""migration_date"":""2025-12-20"",""migration_method"":""puzzle2_2"",""name_2"":""Neijiang]]""},{""gid_2"":""CHN.26.15_1"",""migration_date"":""2025-12-20"",""migration_method"":""puzzle2_2"",""name_2"":""Neijiang""}]",2019-10-28,2026-02-04,2019-09-08,2019-09-08,2019-09-08
2019-0243-ECU,No,nat-geo-ear-gro,Natural,Geophysical,Earthquake,Ground movement,GLIDE:EQ-2019-000049|USGS:us60003sc0,,ECU,Ecuador,Latin America and the Caribbean,Americas,Amazon basin region,,,No,No,No,,8.0,Moment Magnitude,-5.812,-75.27,,2019,5.0,26.0,2019,5.0,26.0,,15.0,,,15.0,,,,,,,79.41078460433721,"[{""adm1_code"":1149,""adm1_name"":""Morona Santiago""},{""adm1_code"":1151,""adm1_name"":""Orellana""},{""adm1_code"":1152,""adm1_name"":""Pastaza""},{""adm1_code"":1154,""adm1_name"":""Sucumbios""}]","[{""gid_1"":""ECU.15_1"",""migration_date"":""2025-12-20"",""migration_method"":""jaccard1"",""name_1"":""Morona Santiago""},{""gid_1"":""ECU.17_1"",""migration_date"":""2025-12-20"",""migration_method"":""jaccard1"",""name_1"":""Orellana""},{""gid_1"":""ECU.18_1"",""migration_date"":""2025-12-20"",""migration_method"":""jaccard1"",""name_1"":""Pastaza""},{""gid_1"":""ECU.22_1"",""migration_date"":""2025-12-20"",""migration_method"":""jaccard1"",""name_1"":""Sucumbios""}]",2019-06-18,2026-01-25,2019-05-26,2019-05-26,2019-05-26
2019-0475-ECU,No,nat-geo-ear-gro,Natural,Geophysical,Earthquake,Ground movement,GLIDE:EQ-2019-000016|USGS:us2000jlfv,,ECU,Ecuador,Latin America and the Caribbean,Americas,"Azuay, Manabi, Morona Sant",,,No,No,No,,7.5,Moment Magnitude,-2.199,-77.023,,2019,2.0,22.0,2019,2.0,22.0,,9.0,225.0,15.0,249.0,,,,,,,79.41078460433721,"[{""adm1_code"":1135,""adm1_name"":""Azuay""},{""adm1_code"":1148,""adm1_name"":""Manabi""},{""adm1_code"":1149,""adm1_name"":""Morona Santiago""}]","[{""gid_1"":""ECU.14_1"",""migration_date"":""2025-12-20"",""migration_method"":""jaccard1"",""name_1"":""Manabi""},{""gid_1"":""ECU.15_1"",""migration_date"":""2025-12-20"",""migration_method"":""jaccard1"",""name_1"":""Morona Santiago""},{""gid_1"":""ECU.1_1"",""migration_date"":""2025-12-20"",""migration_method"":""jaccard1"",""name_1"":""Azuay""}]",2019-10-04,2026-01-25,2019-02-22,2019-02-22,2019-02-22
2019-0233-SLV,No,nat-geo-ear-gro,Natural,Geophysical,Earthquake,Ground movement,USGS:us70003t2n,,SLV,El Salvador,Latin America and the Caribbean,Americas,San Martín municipality (San Salvador Department),,"Slide (land, mud, snow, rock)",No,No,No,,6.6,Moment Magnitude,13.243,-89.272,,2019,5.0,30.0,2019,5.0,30.0,1.0,,160.0,,160.0,,,,,,,79.41078460433721,"[{""adm2_code"":15757,""adm2_name"":""San Martin""}]",,2019-06-17,2026-01-25,2019-05-30,2019-05-30,2019-05-30
2019-0551-FRA,No,nat-geo-ear-gro,Natural,Geophysical,Earthquake,Ground movement,USGS:us60006a6i,,FRA,France,Western Europe,Europe,Auvergne-Rhône-Alpes region,,,No,No,No,,4.8,Moment Magnitude,44.612,4.638,,2019,11.0,11.0,2019,11.0,11.0,,4.0,750.0,,754.0,,,,,,,79.41078460433721,"[{""adm1_code"":1250,""adm1_name"":""Auvergne""},{""adm1_code"":1270,""adm1_name"":""Rhone-Alpes""}]","[{""gid_2"":""FRA.1.10_1"",""migration_date"":""2025-12-20"",""migration_method"":""puzzle1_2"",""name_2"":""Puy-de-Dôme""},{""gid_2"":""FRA.1.11_1"",""migration_date"":""2025-12-20"",""migration_method"":""puzzle1_2"",""name_2"":""Rhône""},{""gid_2"":""FRA.1.12_1"",""migration_date"":""2025-12-20"",""migration_method"":""puzzle1_2"",""name_2"":""Savoie""},{""gid_2"":""FRA.1.1_1"",""migration_date"":""2025-12-20"",""migration_method"":""puzzle1_2"",""name_2"":""Ain""},{""gid_2"":""FRA.1.2_1"",""migration_date"":""2025-12-20"",""migration_method"":""puzzle1_2"",""name_2"":""Allier""},{""gid_2"":""FRA.1.3_1"",""migration_date"":""2025-12-20"",""migration_method"":""puzzle1_2"",""name_2"":""Ardèche""},{""gid_2"":""FRA.1.4_1"",""migration_date"":""2025-12-20"",""migration_method"":""puzzle1_2"",""name_2"":""Cantal""},{""gid_2"":""FRA.1.5_1"",""migration_date"":""2025-12-20"",""migration_method"":""puzzle1_2"",""name_2"":""Drôme""},{""gid_2"":""FRA.1.6_1"",""migration_date"":""2025-12-20"",""migration_method"":""puzzle1_2"",""name_2"":""Haute-Loire""},{""gid_2"":""FRA.1.7_1"",""migration_date"":""2025-12-20"",""migration_method"":""puzzle1_2"",""name_2"":""Haute-Savoie""},{""gid_2"":""FRA.1.8_1"",""migration_date"":""2025-12-20"",""migration_method"":""puzzle1_2"",""name_2"":""Isère""},{""gid_2"":""FRA.1.9_1"",""migration_date"":""2025-12-20"",""migration_method"":""puzzle1_2"",""name_2"":""Loire""}]",2019-11-19,2026-02-04,2019-11-11,2019-11-11,2019-11-11
2019-0377-IDN,No,nat-geo-ear-gro,Natural,Geophysical,Earthquake,Ground movement,USGS:us60004zhq,,IDN,Indonesia,South-eastern Asia,Asia,Pandeglang (Banten Province); Bandar Lampung (Lampung Province),,,No,No,No,,6.9,Moment Magnitude,-7.282,104.791,104.791,2019,8.0,2.0,2019,8.0,2.0,6.0,4.0,2100.0,,2104.0,,,,,,,79.41078460433721,"[{""adm2_code"":18134,""adm2_name"":""Kota Bandarlampung""},{""adm2_code"":18022,""adm2_name"":""Pandeglang""}]",,2019-08-05,2026-01-25,2019-08-02,2019-08-02,2019-08-02
2019-0085-IDN,No,nat-geo-ear-gro,Natural,Geophysical,Earthquake,Ground movement,USGS:us1000j8dg,,IDN,Indonesia,South-eastern Asia,Asia,West Sumatra province,,,No,No,No,,5.4,Moment Magnitude,-1.323,101.578,,2019,2.0,28.0,2019,2.0,28.0,,48.0,1715.0,,1763.0,,,,,,,79.41078460433721,"[{""adm1_code"":1535,""adm1_name"":""Sumatera Barat""}]","[{""gid_1"":""IDN.30_1"",""migration_date"":""2025-12-20"",""migration_method"":""jaccard1"",""name_1"":""Sumatera Barat""}]",2019-03-06,2026-02-04,2019-02-28,2019-02-28,2019-02-28
2019-0334-IDN,No,nat-geo-ear-gro,Natural,Geophysical,Earthquake,Ground movement,USGS:us70004jyv,,IDN,Indonesia,South-eastern Asia,Asia,North Maluku Province,,Tsunami/Tidal wave,No,No,Yes,,7.2,Moment Magnitude,-0.586,128.034,,2019,7.0,14.0,2019,7.0,14.0,8.0,134.0,5790.0,5880.0,11804.0,,,,,,,79.41078460433721,"[{""adm1_code"":73616,""adm1_name"":""Maluku Utara""}]","[{""gid_2"":""IDN.18.1_1"",""migration_date"":""2025-12-20"",""migration_method"":""puzzle1_2"",""name_2"":""Halmahera Barat""},{""gid_2"":""IDN.18.2_1"",""migration_date"":""2025-12-20"",""migration_method"":""puzzle1_2"",""name_2"":""Halmahera Selatan""},{""gid_2"":""IDN.18.3_1"",""migration_date"":""2025-12-20"",""migration_method"":""puzzle1_2"",""name_2"":""Halmahera Tengah""},{""gid_2"":""IDN.18.4_1"",""migration_date"":""2025-12-20"",""migration_method"":""puzzle1_2"",""name_2"":""Halmahera Timur""},{""gid_2"":""IDN.18.5_1"",""migration_date"":""2025-12-20"",""migration_method"":""puzzle1_2"",""name_2"":""Halmahera Utara""},{""gid_2"":""IDN.18.6_1"",""migration_date"":""2025-12-20"",""migration_method"":""puzzle1_2"",""name_2"":""Kepulauan Sula""},{""gid_2"":""IDN.18.7_1"",""migration_date"":""2025-12-20"",""migration_method"":""puzzle1_2"",""name_2"":""Pulau Morotai""},{""gid_2"":""IDN.18.8_1"",""migration_date"":""2025-12-20"",""migration_method"":""puzzle1_2"",""name_2"":""Ternate""},{""gid_2"":""IDN.18.9_1"",""migration_date"":""2025-12-20"",""migration_method"":""puzzle1_2"",""name_2"":""Tidore Kepulauan""},{""gid_2"":""IDN.19.2_1"",""migration_date"":""2025-12-20"",""migration_method"":""puzzle1_2"",""name_2"":""Buru Selatan""},{""gid_2"":""IDN.19.3_1"",""migration_date"":""2025-12-20"",""migration_method"":""puzzle1_2"",""name_2"":""Buru""}]",2019-07-15,2026-01-25,2019-07-14,2019-07-14,2019-07-14
2019-0451-IDN,No,nat-geo-ear-gro,Natural,Geophysical,Earthquake,Ground movement,GLIDE:EQ-2019-000119|USGS:us70005lfd,,IDN,Indonesia,South-eastern Asia,Asia,"Ambon, Nusaniwe, Sirimau, Baguala, Teluk ambon, Leitimur Selatan distrcits (Maluku Province)",,,No,No,Yes,,6.5,Moment Magnitude,-3.45,128.347,,2019,9.0,26.0,2019,9.0,26.0,31.0,179.0,247239.0,,247418.0,,,,,,,79.41078460433721,"[{""adm1_code"":73615,""adm1_name"":""Maluku""}]","[{""gid_2"":""IDN.19.10_1"",""migration_date"":""2025-12-20"",""migration_method"":""puzzle1_2"",""name_2"":""Seram Bagian Timur""},{""gid_2"":""IDN.19.11_1"",""migration_date"":""2025-12-20"",""migration_method"":""puzzle1_2"",""name_2"":""Tual""},{""gid_2"":""IDN.19.1_1"",""migration_date"":""2025-12-20"",""migration_method"":""puzzle1_2"",""name_2"":""Ambon""},{""gid_2"":""IDN.19.4_1"",""migration_date"":""2025-12-20"",""migration_method"":""puzzle1_2"",""name_2"":""Kepulauan Aru""},{""gid_2"":""IDN.19.5_1"",""migration_date"":""2025-12-20"",""migration_method"":""puzzle1_2"",""name_2"":""Maluku Barat Daya""},{""gid_2"":""IDN.19.6_1"",""migration_date"":""2025-12-20"",""migration_method"":""puzzle1_2"",""name_2"":""Maluku Tengah""},{""gid_2"":""IDN.19.7_1"",""migration_date"":""2025-12-20"",""migration_method"":""puzzle1_2"",""name_2"":""Maluku Tenggara Barat""},{""gid_2"":""IDN.19.8_1"",""migration_date"":""2025-12-20"",""migration_method"":""puzzle1_2"",""name_2"":""Maluku Tenggara""},{""gid_2"":""IDN.19.9_1"",""migration_date"":""2025-12-20"",""migration_method"":""puzzle1_2"",""name_2"":""Seram Bagian Barat""}]",2019-09-30,2026-01-25,2019-09-26,2019-09-26,2019-09-26
2019-0109-IDN,No,nat-geo-ear-gro,Natural,Geophysical,Earthquake,Ground movement,USGS:us1000jhbv,,IDN,Indonesia,South-eastern Asia,Asia,Lombok Isl. (West Nusa Tenggara),,,No,No,No,,5.6,Moment Magnitude,-8.418,116.521,,2019,3.0,17.0,2019,3.0,17.0,6.0,182.0,22280.0,,22462.0,,,,,,,79.41078460433721,"[{""adm2_code"":18145,""adm2_name"":""Lombok Barat""},{""adm2_code"":18146,""adm2_name"":""Lombok Tengah""},{""adm2_code"":18147,""adm2_name"":""Lombok Timur""},{""adm2_code"":73736,""adm2_name"":""Kota Mataram""}]","[{""gid_2"":""IDN.20.4_1"",""migration_date"":""2025-12-20"",""migration_method"":""puzzle2_2"",""name_2"":""Lombok Barat""},{""gid_2"":""IDN.20.5_1"",""migration_date"":""2025-12-20"",""migration_method"":""jaccard2"",""name_2"":""Lombok Tengah""},{""gid_2"":""IDN.20.6_1"",""migration_date"":""2025-12-20"",""migration_method"":""jaccard2"",""name_2"":""Lombok Timur""},{""gid_2"":""IDN.20.7_1"",""migration_date"":""2025-12-20"",""migration_method"":""puzzle2_2"",""name_2"":""Lombok Utara""},{""gid_2"":""IDN.20.8_1"",""migration_date"":""2025-12-20"",""migration_method"":""jaccard2"",""name_2"":""Mataram""}]",2019-03-18,2026-02-04,2019-03-17,2019-03-17,2019-03-17
2019-0299-IRN,No,nat-geo-ear-gro,Natural,Geophysical,Earthquake,Ground movement,USGS:us70004ejm,,IRN,Iran (Islamic Republic of),Southern Asia,Asia,Masjed Soleyman City (Khuzestan Province),,,No,No,No,,5.6,Moment Magnitude,31.756,49.561,,2019,7.0,8.0,2019,7.0,8.0,1.0,100.0,,2000.0,2100.0,,,,,,,79.41078460433721,"[{""adm2_code"":41032,""adm2_name"":""Masjed-e soleiman""}]",,2019-07-09,2026-02-04,2019-07-08,2019-07-08,2019-07-08
2019-0553-IRN,No,nat-geo-ear-gro,Natural,Geophysical,Earthquake,Ground movement,GLIDE:EQ-2019-000146|USGS:us600068w0,,IRN,Iran (Islamic Republic of),Southern Asia,Asia,Varnakesh village (Mianeh County); Torkamanchay City (Mianeh County) - East Azerbaijan Province,,,No,No,No,,5.9,Moment Magnitude,37.808,47.558,,2019,11.0,8.0,2019,11.0,8.0,6.0,584.0,22500.0,,23084.0,,,,,90000.0,113335.0,79.41078460433721,"[{""adm2_code"":41038,""adm2_name"":""Mianeh""}]",,2019-11-19,2026-01-25,2019-11-08,2019-11-08,2019-11-08
2019-0322-JPN,No,nat-geo-ear-gro,Natural,Geophysical,Earthquake,Ground movement,GLIDE:EQ-2019-000061|USGS:us600042fx,,JPN,Japan,Eastern Asia,Asia,"Yamagata, Miyagi, Niigata,Ishikawa (Honshu Island)",,"Slide (land, mud, snow, rock)",No,No,No,,6.4,Moment Magnitude,38.637,139.48,,2019,6.0,18.0,2019,6.0,18.0,,28.0,432.0,,460.0,,,,,,,79.41078460433721,"[{""adm1_code"":1664,""adm1_name"":""Isikawa""},{""adm1_code"":1673,""adm1_name"":""Miyagi""},{""adm1_code"":1678,""adm1_name"":""Niigata""},{""adm1_code"":1695,""adm1_name"":""Yamagata""}]","[{""gid_1"":""JPN.15_1"",""migration_date"":""2025-12-20"",""migration_method"":""jaccard1"",""name_1"":""Ishikawa""},{""gid_1"":""JPN.24_1"",""migration_date"":""2025-12-20"",""migration_method"":""jaccard1"",""name_1"":""Miyagi""},{""gid_1"":""JPN.29_1"",""migration_date"":""2025-12-20"",""migration_method"":""jaccard1"",""name_1"":""Niigata""},{""gid_1"":""JPN.45_1"",""migration_date"":""2025-12-20"",""migration_method"":""jaccard1"",""name_1"":""Yamagata""}]",2019-07-12,2026-01-25,2019-06-18,2019-06-18,2019-06-18
2019-0460-PAK,No,nat-geo-ear-gro,Natural,Geophysical,Earthquake,Ground movement,GLIDE:EQ-2019-000117|USGS:us60005mqp,,PAK,Pakistan,Southern Asia,Asia,Mirpur district (Southern Azad Jammu and Kashmir Territory),,,No,No,No,,5.6,Moment Magnitude,33.106,73.766,,2019,9.0,24.0,2019,9.0,24.0,39.0,746.0,129652.0,,130398.0,,,,,17000.0,21408.0,79.41078460433721,"[{""adm2_code"":40413,""adm2_name"":""Administrative unit not available""}]",,2019-09-30,2026-01-25,2019-09-24,2019-09-24,2019-09-24
2019-0271-PNG,No,nat-geo-ear-gro,Natural,Geophysical,Earthquake,Ground movement,GLIDE:EQ-2019-000045|USGS:us70003kyy,,PNG,Papua New Guinea,Melanesia,Oceania,"New Ireland, New Britain, Duke of York Islands",,,No,No,No,,7.6,Moment Magnitude,-4.051,152.6,,2019,5.0,14.0,2019,5.0,14.0,,1.0,650.0,,651.0,,,,,,,79.41078460433721,"[{""adm1_code"":2292,""adm1_name"":""East New Britain""},{""adm1_code"":2302,""adm1_name"":""New Ireland""},{""adm1_code"":2306,""adm1_name"":""West New Britain""}]","[{""gid_1"":""PNG.16_1"",""migration_date"":""2025-12-20"",""migration_method"":""jaccard1"",""name_1"":""New Ireland""},{""gid_1"":""PNG.20_1"",""migration_date"":""2025-12-20"",""migration_method"":""jaccard1"",""name_1"":""West New Britain""},{""gid_1"":""PNG.4_1"",""migration_date"":""2025-12-20"",""migration_method"":""jaccard1"",""name_1"":""East New Britain""}]",2019-06-20,2026-01-25,2019-05-14,2019-05-14,2019-05-14
2019-0243-PER,No,nat-geo-ear-gro,Natural,Geophysical,Earthquake,Ground movement,GLIDE:EQ-2019-000049|USGS:us60003sc0,,PER,Peru,Latin America and the Caribbean,Americas,"Libertad, Loreto, Cajamarca, San Martín departments",,,No,No,Yes,,8.0,Moment Magnitude,-5.812,-75.27,,2019,5.0,26.0,2019,5.0,26.0,2.0,15.0,4257.0,,4272.0,,,,,,,79.41078460433721,"[{""adm1_code"":2333,""adm1_name"":""Cajamarca""},{""adm1_code"":2340,""adm1_name"":""La Libertad""},{""adm1_code"":2343,""adm1_name"":""Loreto""},{""adm1_code"":2349,""adm1_name"":""San Martín""}]","[{""gid_1"":""PER.13_1"",""migration_date"":""2025-12-20"",""migration_method"":""jaccard1"",""name_1"":""La Libertad""},{""gid_1"":""PER.17_1"",""migration_date"":""2025-12-20"",""migration_method"":""jaccard1"",""name_1"":""Loreto""},{""gid_1"":""PER.23_1"",""migration_date"":""2025-12-20"",""migration_method"":""jaccard1"",""name_1"":""San Martín""},{""gid_1"":""PER.6_1"",""migration_date"":""2025-12-20"",""migration_method"":""jaccard1"",""name_1"":""Cajamarca""}]",2019-06-18,2026-01-25,2019-05-26,2019-05-26,2019-05-26
2019-0362-PHL,No,nat-geo-ear-gro,Natural,Geophysical,Earthquake,Ground movement,GLIDE:EQ-2019-000086|USGS:us60004w8x,,PHL,Philippines,South-eastern Asia,Asia,Itbayat Island (Batanes Province),,,No,No,No,,6.0,Moment Magnitude,20.837,121.974,,2019,7.0,27.0,2019,7.0,27.0,9.0,64.0,2963.0,,3027.0,,,,,5258.0,6621.0,79.41078460433721,"[{""adm2_code"":24215,""adm2_name"":""Batanes""}]","[{""gid_2"":""PHL.11.1_1"",""migration_date"":""2025-12-20"",""migration_method"":""puzzle2_2"",""name_2"":""Basco""},{""gid_2"":""PHL.11.2_1"",""migration_date"":""2025-12-20"",""migration_method"":""puzzle2_2"",""name_2"":""Itbayat""},{""gid_2"":""PHL.11.3_1"",""migration_date"":""2025-12-20"",""migration_method"":""puzzle2_2"",""name_2"":""Ivana""},{""gid_2"":""PHL.11.4_1"",""migration_date"":""2025-12-20"",""migration_method"":""puzzle2_2"",""name_2"":""Mahatao""},{""gid_2"":""PHL.11.5_1"",""migration_date"":""2025-12-20"",""migration_method"":""puzzle2_2"",""name_2"":""Sabtang""},{""gid_2"":""PHL.11.6_1"",""migration_date"":""2025-12-20"",""migration_method"":""puzzle2_2"",""name_2"":""Uyugan""}]",2019-07-29,2026-02-04,2019-07-27,2019-07-27,2019-07-27
2019-0489-PHL,No,nat-geo-ear-gro,Natural,Geophysical,Earthquake,Ground movement,USGS:us70005ulm,,PHL,Philippines,South-eastern Asia,Asia,North Cotabato Province (Mindanao Island),,,No,No,No,,6.4,Moment Magnitude,6.714,125.009,,2019,10.0,16.0,2019,10.0,16.0,7.0,215.0,3068.0,,3283.0,,,,,,,79.41078460433721,"[{""adm2_code"":24273,""adm2_name"":""North Cotabato""}]","[{""gid_2"":""PHL.53.10_1"",""migration_date"":""2025-12-20"",""migration_method"":""puzzle2_2"",""name_2"":""M'Lang""},{""gid_2"":""PHL.53.11_1"",""migration_date"":""2025-12-20"",""migration_method"":""puzzle2_2"",""name_2"":""Magpet""},{""gid_2"":""PHL.53.12_1"",""migration_date"":""2025-12-20"",""migration_method"":""puzzle2_2"",""name_2"":""Makilala""},{""gid_2"":""PHL.53.13_1"",""migration_date"":""2025-12-20"",""migration_method"":""puzzle2_2"",""name_2"":""Matalam""},{""gid_2"":""PHL.53.14_1"",""migration_date"":""2025-12-20"",""migration_method"":""puzzle2_2"",""name_2"":""Midsayap""},{""gid_2"":""PHL.53.15_1"",""migration_date"":""2025-12-20"",""migration_method"":""puzzle2_2"",""name_2"":""Pigkawayan""},{""gid_2"":""PHL.53.16_1"",""migration_date"":""2025-12-20"",""migration_method"":""puzzle2_2"",""name_2"":""Pikit""},{""gid_2"":""PHL.53.17_1"",""migration_date"":""2025-12-20"",""migration_method"":""puzzle2_2"",""name_2"":""President Roxas""},{""gid_2"":""PHL.53.18_1"",""migration_date"":""2025-12-20"",""migration_method"":""puzzle2_2"",""name_2"":""Tulunan""},{""gid_2"":""PHL.53.1_1"",""migration_date"":""2025-12-20"",""migration_method"":""puzzle2_2"",""name_2"":""Alamada""},{""gid_2"":""PHL.53.2_1"",""migration_date"":""2025-12-20"",""migration_method"":""puzzle2_2"",""name_2"":""Aleosan""},{""gid_2"":""PHL.53.3_1"",""migration_date"":""2025-12-20"",""migration_method"":""puzzle2_2"",""name_2"":""Antipas""},{""gid_2"":""PHL.53.4_1"",""migration_date"":""2025-12-20"",""migration_method"":""puzzle2_2"",""name_2"":""Arakan""},{""gid_2"":""PHL.53.5_1"",""migration_date"":""2025-12-20"",""migration_method"":""puzzle2_2"",""name_2"":""Banisilan""},{""gid_2"":""PHL.53.6_1"",""migration_date"":""2025-12-20"",""migration_method"":""puzzle2_2"",""name_2"":""Carmen""},{""gid_2"":""PHL.53.7_1"",""migration_date"":""2025-12-20"",""migration_method"":""puzzle2_2"",""name_2"":""Kabacan""},{""gid_2"":""PHL.53.8_1"",""migration_date"":""2025-12-20"",""migration_method"":""puzzle2_2"",""name_2"":""Kidapawan City""},{""gid_2"":""PHL.53.9_1"",""migration_date"":""2025-12-20"",""migration_method"":""puzzle2_2"",""name_2"":""Libungan""}]",2019-10-22,2026-01-25,2019-10-16,2019-10-16,2019-10-16
2019-0522-PHL,No,nat-geo-ear-gro,Natural,Geophysical,Earthquake,Ground movement,GLIDE:EQ-2019-000129|GLIDE:EQ-2019-000140|USGS:us6000645n,,PHL,Philippines,South-eastern Asia,Asia,Davao del Sur and South Cotabato provinces; North Cotabato Province (Mindanao Island),,,No,No,No,,6.6,Moment Magnitude,6.754,124.985,,2019,10.0,29.0,2019,10.0,29.0,10.0,395.0,25630.0,,26025.0,,,,,,,79.41078460433721,"[{""adm2_code"":24268,""adm2_name"":""Davao Del Sur""},{""adm2_code"":24271,""adm2_name"":""South Cotabato""},{""adm2_code"":24273,""adm2_name"":""North Cotabato""}]","[{""gid_2"":""PHL.28.11_1"",""migration_date"":""2025-12-20"",""migration_method"":""puzzle2_2"",""name_2"":""Matanao""},{""gid_2"":""PHL.28.12_1"",""migration_date"":""2025-12-20"",""migration_method"":""puzzle2_2"",""name_2"":""Padada""},{""gid_2"":""PHL.28.13_1"",""migration_date"":""2025-12-20"",""migration_method"":""puzzle2_2"",""name_2"":""Santa Cruz""},{""gid_2"":""PHL.28.14_1"",""migration_date"":""2025-12-20"",""migration_method"":""puzzle2_2"",""name_2"":""Santa Maria""},{""gid_2"":""PHL.28.15_1"",""migration_date"":""2025-12-20"",""migration_method"":""puzzle2_2"",""name_2"":""Sarangani""},{""gid_2"":""PHL.28.16_1"",""migration_date"":""2025-12-20"",""migration_method"":""puzzle2_2"",""name_2"":""Sulop""},{""gid_2"":""PHL.28.1_1"",""migration_date"":""2025-12-20"",""migration_method"":""puzzle2_2"",""name_2"":""Bansalan""},{""gid_2"":""PHL.28.2_1"",""migration_date"":""2025-12-20"",""migration_method"":""puzzle2_2"",""name_2"":""Davao City""},{""gid_2"":""PHL.28.3_1"",""migration_date"":""2025-12-20"",""migration_method"":""puzzle2_2"",""name_2"":""Digos City""},{""gid_2"":""PHL.28.4_1"",""migration_date"":""2025-12-20"",""migration_method"":""puzzle2_2"",""name_2"":""Don Marcelino""},{""gid_2"":""PHL.28.5_1"",""migration_date"":""2025-12-20"",""migration_method"":""puzzle2_2"",""name_2"":""Hagonoy""},{""gid_2"":""PHL.28.6_1"",""migration_date"":""2025-12-20"",""migration_method"":""puzzle2_2"",""name_2"":""Jose Abad Santos""},{""gid_2"":""PHL.28.7_1"",""migration_date"":""2025-12-20"",""migration_method"":""puzzle2_2"",""name_2"":""Kiblawan""},{""gid_2"":""PHL.28.8_1"",""migration_date"":""2025-12-20"",""migration_method"":""puzzle2_2"",""name_2"":""Magsaysay""},{""gid_2"":""PHL.28.9_1"",""migration_date"":""2025-12-20"",""migration_method"":""puzzle2_2"",""name_2"":""Malalag""},{""gid_2"":""PHL.53.10_1"",""migration_date"":""2025-12-20"",""migration_method"":""puzzle2_2"",""name_2"":""M'Lang""},{""gid_2"":""PHL.53.11_1"",""migration_date"":""2025-12-20"",""migration_method"":""puzzle2_2"",""name_2"":""Magpet""},{""gid_2"":""PHL.53.12_1"",""migration_date"":""2025-12-20"",""migration_method"":""puzzle2_2"",""name_2"":""Makilala""},{""gid_2"":""PHL.53.13_1"",""migration_date"":""2025-12-20"",""migration_method"":""puzzle2_2"",""name_2"":""Matalam""},{""gid_2"":""PHL.53.14_1"",""migration_date"":""2025-12-20"",""migration_method"":""puzzle2_2"",""name_2"":""Midsayap""},{""gid_2"":""PHL.53.15_1"",""migration_date"":""2025-12-20"",""migration_method"":""puzzle2_2"",""name_2"":""Pigkawayan""},{""gid_2"":""PHL.53.16_1"",""migration_date"":""2025-12-20"",""migration_method"":""puzzle2_2"",""name_2"":""Pikit""},{""gid_2"":""PHL.53.17_1"",""migration_date"":""2025-12-20"",""migration_method"":""puzzle2_2"",""name_2"":""President Roxas""},{""gid_2"":""PHL.53.18_1"",""migration_date"":""2025-12-20"",""migration_method"":""puzzle2_2"",""name_2"":""Tulunan""},{""gid_2"":""PHL.53.1_1"",""migration_date"":""2025-12-20"",""migration_method"":""puzzle2_2"",""name_2"":""Alamada""},{""gid_2"":""PHL.53.2_1"",""migration_date"":""2025-12-20"",""migration_method"":""puzzle2_2"",""name_2"":""Aleosan""},{""gid_2"":""PHL.53.3_1"",""migration_date"":""2025-12-20"",""migration_method"":""puzzle2_2"",""name_2"":""Antipas""},{""gid_2"":""PHL.53.4_1"",""migration_date"":""2025-12-20"",""migration_method"":""puzzle2_2"",""name_2"":""Arakan""},{""gid_2"":""PHL.53.5_1"",""migration_date"":""2025-12-20"",""migration_method"":""puzzle2_2"",""name_2"":""Banisilan""},{""gid_2"":""PHL.53.6_1"",""migration_date"":""2025-12-20"",""migration_method"":""puzzle2_2"",""name_2"":""Carmen""},{""gid_2"":""PHL.53.7_1"",""migration_date"":""2025-12-20"",""migration_method"":""puzzle2_2"",""name_2"":""Kabacan""},{""gid_2"":""PHL.53.8_1"",""migration_date"":""2025-12-20"",""migration_method"":""puzzle2_2"",""name_2"":""Kidapawan City""},{""gid_2"":""PHL.53.9_1"",""migration_date"":""2025-12-20"",""migration_method"":""puzzle2_2"",""name_2"":""Libungan""},{""gid_2"":""PHL.70.10_1"",""migration_date"":""2025-12-20"",""migration_method"":""puzzle2_2"",""name_2"":""Tampakan""},{""gid_2"":""PHL.70.11_1"",""migration_date"":""2025-12-20"",""migration_method"":""puzzle2_2"",""name_2"":""Tantangan""},{""gid_2"":""PHL.70.12_1"",""migration_date"":""2025-12-20"",""migration_method"":""puzzle2_2"",""name_2"":""Tupi""},{""gid_2"":""PHL.70.1_1"",""migration_date"":""2025-12-20"",""migration_method"":""puzzle2_2"",""name_2"":""Banga""},{""gid_2"":""PHL.70.2_1"",""migration_date"":""2025-12-20"",""migration_method"":""puzzle2_2"",""name_2"":""General Santos City""},{""gid_2"":""PHL.70.3_1"",""migration_date"":""2025-12-20"",""migration_method"":""puzzle2_2"",""name_2"":""Koronadal City""},{""gid_2"":""PHL.70.4_1"",""migration_date"":""2025-12-20"",""migration_method"":""puzzle2_2"",""name_2"":""Lake Sebu""},{""gid_2"":""PHL.70.5_1"",""migration_date"":""2025-12-20"",""migration_method"":""puzzle2_2"",""name_2"":""Norala""},{""gid_2"":""PHL.70.6_1"",""migration_date"":""2025-12-20"",""migration_method"":""puzzle2_2"",""name_2"":""Polomolok""},{""gid_2"":""PHL.70.7_1"",""migration_date"":""2025-12-20"",""migration_method"":""puzzle2_2"",""name_2"":""Santo Nino""},{""gid_2"":""PHL.70.8_1"",""migration_date"":""2025-12-20"",""migration_method"":""puzzle2_2"",""name_2"":""Surallah""},{""gid_2"":""PHL.70.9_1"",""migration_date"":""2025-12-20"",""migration_method"":""puzzle2_2"",""name_2"":""T'Boli""}]",2019-10-29,2026-02-04,2019-10-29,2019-10-29,2019-10-29
2019-0619-PHL,No,nat-geo-ear-gro,Natural,Geophysical,Earthquake,Ground movement,GLIDE:EQ-2019-000168|USGS:us60006rp9,,PHL,Philippines,South-eastern Asia,Asia,"Davao del Sur Province (Davao Region, Mindanao Island)",,,No,No,No,,6.8,Moment Magnitude,6.708,125.188,,2019,12.0,15.0,2019,12.0,15.0,14.0,210.0,394355.0,,394565.0,,,,,,,79.41078460433721,"[{""adm2_code"":24268,""adm2_name"":""Davao Del Sur""}]",,2019-12-16,2026-01-25,2019-12-15,2019-12-15,2019-12-15
2019-0162-PHL,No,nat-geo-ear-gro,Natural,Geophysical,Earthquake,Ground movement,GLIDE:EQ-2019-000035|GLIDE:EQ-2019-000036|USGS:us70003a63,,PHL,Philippines,South-eastern Asia,Asia,Castillejos (Zambales),,,No,No,No,,6.1,Moment Magnitude,14.99,120.35,,2019,4.0,22.0,2019,4.0,22.0,25.0,282.0,15273.0,,15555.0,,,,,50000.0,62964.0,79.41078460433721,"[{""adm2_code"":24225,""adm2_name"":""Zambales""}]","[{""gid_2"":""PHL.78.10_1"",""migration_date"":""2025-12-20"",""migration_method"":""puzzle2_2"",""name_2"":""San Felipe""},{""gid_2"":""PHL.78.11_1"",""migration_date"":""2025-12-20"",""migration_method"":""puzzle2_2"",""name_2"":""San Marcelino""},{""gid_2"":""PHL.78.12_1"",""migration_date"":""2025-12-20"",""migration_method"":""puzzle2_2"",""name_2"":""San Narciso""},{""gid_2"":""PHL.78.13_1"",""migration_date"":""2025-12-20"",""migration_method"":""puzzle2_2"",""name_2"":""Santa Cruz""},{""gid_2"":""PHL.78.14_1"",""migration_date"":""2025-12-20"",""migration_method"":""puzzle2_2"",""name_2"":""Subic""},{""gid_2"":""PHL.78.1_1"",""migration_date"":""2025-12-20"",""migration_method"":""puzzle2_2"",""name_2"":""Botolan""},{""gid_2"":""PHL.78.2_1"",""migration_date"":""2025-12-20"",""migration_method"":""puzzle2_2"",""name_2"":""Cabangan""},{""gid_2"":""PHL.78.3_1"",""migration_date"":""2025-12-20"",""migration_method"":""puzzle2_2"",""name_2"":""Candelaria""},{""gid_2"":""PHL.78.4_1"",""migration_date"":""2025-12-20"",""migration_method"":""puzzle2_2"",""name_2"":""Castillejos""},{""gid_2"":""PHL.78.5_1"",""migration_date"":""2025-12-20"",""migration_method"":""puzzle2_2"",""name_2"":""Iba""},{""gid_2"":""PHL.78.6_1"",""migration_date"":""2025-12-20"",""migration_method"":""puzzle2_2"",""name_2"":""Masinloc""},{""gid_2"":""PHL.78.7_1"",""migration_date"":""2025-12-20"",""migration_method"":""puzzle2_2"",""name_2"":""Olongapo City""},{""gid_2"":""PHL.78.8_1"",""migration_date"":""2025-12-20"",""migration_method"":""puzzle2_2"",""name_2"":""Palauig""},{""gid_2"":""PHL.78.9_1"",""migration_date"":""2025-12-20"",""migration_method"":""puzzle2_2"",""name_2"":""San Antonio""}]",2019-04-23,2026-01-25,2019-04-22,2019-04-22,2019-04-22
2019-0356-PHL,No,nat-geo-ear-gro,Natural,Geophysical,Earthquake,Ground movement,USGS:us70004j9u,,PHL,Philippines,South-eastern Asia,Asia,"Cantilan, Carmen, Carrascal, Lanuza, Madrid (Surigao del Sur)",,,No,No,No,,5.8,Moment Magnitude,9.328,126.043,,2019,7.0,13.0,2019,7.0,13.0,,52.0,9525.0,,9577.0,,,,,,,79.41078460433721,"[{""adm2_code"":24278,""adm2_name"":""Surigao Del Sur""}]","[{""gid_2"":""PHL.75.10_1"",""migration_date"":""2025-12-20"",""migration_method"":""puzzle2_2"",""name_2"":""Lanuza""},{""gid_2"":""PHL.75.11_1"",""migration_date"":""2025-12-20"",""migration_method"":""puzzle2_2"",""name_2"":""Lianga""},{""gid_2"":""PHL.75.12_1"",""migration_date"":""2025-12-20"",""migration_method"":""puzzle2_2"",""name_2"":""Lingig""},{""gid_2"":""PHL.75.13_1"",""migration_date"":""2025-12-20"",""migration_method"":""puzzle2_2"",""name_2"":""Madrid""},{""gid_2"":""PHL.75.14_1"",""migration_date"":""2025-12-20"",""migration_method"":""puzzle2_2"",""name_2"":""Marihatag""},{""gid_2"":""PHL.75.15_1"",""migration_date"":""2025-12-20"",""migration_method"":""puzzle2_2"",""name_2"":""San Agustin""},{""gid_2"":""PHL.75.16_1"",""migration_date"":""2025-12-20"",""migration_method"":""puzzle2_2"",""name_2"":""San Miguel""},{""gid_2"":""PHL.75.17_1"",""migration_date"":""2025-12-20"",""migration_method"":""puzzle2_2"",""name_2"":""Tagbina""},{""gid_2"":""PHL.75.18_1"",""migration_date"":""2025-12-20"",""migration_method"":""puzzle2_2"",""name_2"":""Tago""},{""gid_2"":""PHL.75.19_1"",""migration_date"":""2025-12-20"",""migration_method"":""puzzle2_2"",""name_2"":""Tandag City""},{""gid_2"":""PHL.75.1_1"",""migration_date"":""2025-12-20"",""migration_method"":""puzzle2_2"",""name_2"":""Barobo""},{""gid_2"":""PHL.75.2_1"",""migration_date"":""2025-12-20"",""migration_method"":""puzzle2_2"",""name_2"":""Bayabas""},{""gid_2"":""PHL.75.3_1"",""migration_date"":""2025-12-20"",""migration_method"":""puzzle2_2"",""name_2"":""Bislig City""},{""gid_2"":""PHL.75.4_1"",""migration_date"":""2025-12-20"",""migration_method"":""puzzle2_2"",""name_2"":""Cagwait""},{""gid_2"":""PHL.75.5_1"",""migration_date"":""2025-12-20"",""migration_method"":""puzzle2_2"",""name_2"":""Cantilan""},{""gid_2"":""PHL.75.6_1"",""migration_date"":""2025-12-20"",""migration_method"":""puzzle2_2"",""name_2"":""Carmen""},{""gid_2"":""PHL.75.7_1"",""migration_date"":""2025-12-20"",""migration_method"":""puzzle2_2"",""name_2"":""Carrascal""},{""gid_2"":""PHL.75.8_1"",""migration_date"":""2025-12-20"",""migration_method"":""puzzle2_2"",""name_2"":""Cortes""},{""gid_2"":""PHL.75.9_1"",""migration_date"":""2025-12-20"",""migration_method"":""puzzle2_2"",""name_2"":""Hinatuan""}]",2019-07-22,2026-02-04,2019-07-13,2019-07-13,2019-07-13
2019-0529-PHL,No,nat-geo-ear-gro,Natural,Geophysical,Earthquake,Ground movement,GLIDE:EQ-2019-000129|GLIDE:EQ-2019-000142|USGS:us700061e9,,PHL,Philippines,South-eastern Asia,Asia,Cotabato Province,,,No,No,No,,6.5,Moment Magnitude,6.905,125.187,,2019,10.0,31.0,2019,10.0,31.0,23.0,417.0,260286.0,,260703.0,,,,,,,79.41078460433721,"[{""adm2_code"":24273,""adm2_name"":""North Cotabato""}]","[{""gid_2"":""PHL.53.10_1"",""migration_date"":""2025-12-20"",""migration_method"":""puzzle2_2"",""name_2"":""M'Lang""},{""gid_2"":""PHL.53.11_1"",""migration_date"":""2025-12-20"",""migration_method"":""puzzle2_2"",""name_2"":""Magpet""},{""gid_2"":""PHL.53.12_1"",""migration_date"":""2025-12-20"",""migration_method"":""puzzle2_2"",""name_2"":""Makilala""},{""gid_2"":""PHL.53.13_1"",""migration_date"":""2025-12-20"",""migration_method"":""puzzle2_2"",""name_2"":""Matalam""},{""gid_2"":""PHL.53.14_1"",""migration_date"":""2025-12-20"",""migration_method"":""puzzle2_2"",""name_2"":""Midsayap""},{""gid_2"":""PHL.53.15_1"",""migration_date"":""2025-12-20"",""migration_method"":""puzzle2_2"",""name_2"":""Pigkawayan""},{""gid_2"":""PHL.53.16_1"",""migration_date"":""2025-12-20"",""migration_method"":""puzzle2_2"",""name_2"":""Pikit""},{""gid_2"":""PHL.53.17_1"",""migration_date"":""2025-12-20"",""migration_method"":""puzzle2_2"",""name_2"":""President Roxas""},{""gid_2"":""PHL.53.18_1"",""migration_date"":""2025-12-20"",""migration_method"":""puzzle2_2"",""name_2"":""Tulunan""},{""gid_2"":""PHL.53.1_1"",""migration_date"":""2025-12-20"",""migration_method"":""puzzle2_2"",""name_2"":""Alamada""},{""gid_2"":""PHL.53.2_1"",""migration_date"":""2025-12-20"",""migration_method"":""puzzle2_2"",""name_2"":""Aleosan""},{""gid_2"":""PHL.53.3_1"",""migration_date"":""2025-12-20"",""migration_method"":""puzzle2_2"",""name_2"":""Antipas""},{""gid_2"":""PHL.53.4_1"",""migration_date"":""2025-12-20"",""migration_method"":""puzzle2_2"",""name_2"":""Arakan""},{""gid_2"":""PHL.53.5_1"",""migration_date"":""2025-12-20"",""migration_method"":""puzzle2_2"",""name_2"":""Banisilan""},{""gid_2"":""PHL.53.6_1"",""migration_date"":""2025-12-20"",""migration_method"":""puzzle2_2"",""name_2"":""Carmen""},{""gid_2"":""PHL.53.7_1"",""migration_date"":""2025-12-20"",""migration_method"":""puzzle2_2"",""name_2"":""Kabacan""},{""gid_2"":""PHL.53.8_1"",""migration_date"":""2025-12-20"",""migration_method"":""puzzle2_2"",""name_2"":""Kidapawan City""},{""gid_2"":""PHL.53.9_1"",""migration_date"":""2025-12-20"",""migration_method"":""puzzle2_2"",""name_2"":""Libungan""}]",2019-11-04,2026-01-25,2019-10-31,2019-10-31,2019-10-31
2019-0479-TUR,No,nat-geo-ear-gro,Natural,Geophysical,Earthquake,Ground movement,USGS:us70005lkl,,TUR,Türkiye,Western Asia,Asia,Istanbul,,,No,No,No,,5.7,Moment Magnitude,40.89,28.173,,2019,9.0,26.0,2019,9.0,26.0,1.0,34.0,1419.0,,1453.0,,,,,,,79.41078460433721,"[{""adm1_code"":3056,""adm1_name"":""Istanbul""}]","[{""gid_1"":""TUR.40_1"",""migration_date"":""2025-12-20"",""migration_method"":""jaccard1"",""name_1"":""Istanbul""}]",2019-10-04,2026-01-25,2019-09-26,2019-09-26,2019-09-26
2019-0306-USA,No,nat-geo-ear-gro,Natural,Geophysical,Earthquake,Ground movement,GLIDE:EQ-2019-000077|USGS:ci38457511,,USA,United States of America,Northern America,Americas,Ridgecrest (Califronia),,,No,No,Yes,,7.1,Moment Magnitude,35.77,-117.599,,2019,7.0,5.0,2019,7.0,5.0,,,150.0,,150.0,,,50000.0,62964.0,200000.0,251855.0,79.41078460433721,"[{""adm2_code"":28879,""adm2_name"":""Kern""}]","[{""gid_2"":""USA.5.15_1"",""migration_date"":""2025-12-20"",""migration_method"":""jaccard2"",""name_2"":""Kern""}]",2019-07-09,2026-01-25,2019-07-05,2019-07-05,2019-07-05
2020-0579-DZA,No,nat-geo-ear-gro,Natural,Geophysical,Earthquake,Ground movement,GLIDE:EQ-2020-000188,,DZA,Algeria,Northern Africa,Africa,Mila province,,,No,No,Yes,,4.9,Moment Magnitude,,,,2020,8.0,7.0,2020,8.0,7.0,,,15000.0,,15000.0,,,,,,,80.39038300821143,"[{""adm1_code"":368,""adm1_name"":""Mila""}]","[{""gid_1"":""DZA.29_1"",""migration_date"":""2025-12-20"",""migration_method"":""jaccard1"",""name_1"":""Mila""}]",2021-01-05,2025-12-20,2020-08-07,2020-08-07,2020-08-07
2020-0244-CHN,No,nat-geo-ear-gro,Natural,Geophysical,Earthquake,Ground movement,,,CHN,China,Eastern Asia,Asia,Qiaojia and Ludian (Yunnan province),,,No,No,No,,5.1,Moment Magnitude,27.296,103.281,,2020,5.0,18.0,2020,5.0,18.0,4.0,24.0,3300.0,,3324.0,,,,,17000.0,21147.0,80.39038300821143,"[{""adm2_code"":13306,""adm2_name"":""Zhaotong""}]","[{""gid_2"":""CHN.30.16_1"",""migration_date"":""2025-12-20"",""migration_method"":""jaccard2"",""name_2"":""Zhaotong""}]",2020-06-11,2025-12-20,2020-05-18,2020-05-18,2020-05-18
2020-0572-HRV,No,nat-geo-ear-gro,Natural,Geophysical,Earthquake,Ground movement,GLIDE:EQ-2020-000241,,HRV,Croatia,Southern Europe,Europe,"Sisak, Petrinja, Glina, Hrvatska Kostajnica, Zagreb county, Karlovac county",,,No,No,Yes,,6.4,Moment Magnitude,45.422,16.255,,2020,12.0,29.0,2020,12.0,29.0,8.0,36.0,149371.0,,149407.0,,,,,6223400.0,7741473.0,80.39038300821143,"[{""adm1_code"":992,""adm1_name"":""Karlovac""},{""adm1_code"":1001,""adm1_name"":""Sisak-moslavina""},{""adm1_code"":1008,""adm1_name"":""Zagreb""}]","[{""gid_1"":""HRV.15_1"",""migration_date"":""2025-12-20"",""migration_method"":""jaccard1"",""name_1"":""Sisacko-Moslavacka""},{""gid_1"":""HRV.6_1"",""migration_date"":""2025-12-20"",""migration_method"":""jaccard1"",""name_1"":""Karlovacka""},{""gid_2"":""HRV.21.10_1"",""migration_date"":""2025-12-20"",""migration_method"":""puzzle1_2"",""name_2"":""Jakovlje""},{""gid_2"":""HRV.21.11_1"",""migration_date"":""2025-12-20"",""migration_method"":""puzzle1_2"",""name_2"":""Jastrebarsko""},{""gid_2"":""HRV.21.12_1"",""migration_date"":""2025-12-20"",""migration_method"":""puzzle1_2"",""name_2"":""Klinča Sela""},{""gid_2"":""HRV.21.13_1"",""migration_date"":""2025-12-20"",""migration_method"":""puzzle1_2"",""name_2"":""Kloštar Ivanić""},{""gid_2"":""HRV.21.14_1"",""migration_date"":""2025-12-20"",""migration_method"":""puzzle1_2"",""name_2"":""Krašić""},{""gid_2"":""HRV.21.15_1"",""migration_date"":""2025-12-20"",""migration_method"":""puzzle1_2"",""name_2"":""Križ""},{""gid_2"":""HRV.21.16_1"",""migration_date"":""2025-12-20"",""migration_method"":""puzzle1_2"",""name_2"":""Luka""},{""gid_2"":""HRV.21.17_1"",""migration_date"":""2025-12-20"",""migration_method"":""puzzle1_2"",""name_2"":""Marija Gorica""},{""gid_2"":""HRV.21.18_1"",""migration_date"":""2025-12-20"",""migration_method"":""puzzle1_2"",""name_2"":""Pisarovina""},{""gid_2"":""HRV.21.19_1"",""migration_date"":""2025-12-20"",""migration_method"":""puzzle1_2"",""name_2"":""Preseka""},{""gid_2"":""HRV.21.1_1"",""migration_date"":""2025-12-20"",""migration_method"":""puzzle1_2"",""name_2"":""Bedenica""},{""gid_2"":""HRV.21.20_1"",""migration_date"":""2025-12-20"",""migration_method"":""puzzle1_2"",""name_2"":""Pušća""},{""gid_2"":""HRV.21.21_1"",""migration_date"":""2025-12-20"",""migration_method"":""puzzle1_2"",""name_2"":""Rakovec""},{""gid_2"":""HRV.21.22_1"",""migration_date"":""2025-12-20"",""migration_method"":""puzzle1_2"",""name_2"":""Rugvica""},{""gid_2"":""HRV.21.23_1"",""migration_date"":""2025-12-20"",""migration_method"":""puzzle1_2"",""name_2"":""Samobor""},{""gid_2"":""HRV.21.24_1"",""migration_date"":""2025-12-20"",""migration_method"":""puzzle1_2"",""name_2"":""Sveta Nedelja""},{""gid_2"":""HRV.21.25_1"",""migration_date"":""2025-12-20"",""migration_method"":""puzzle1_2"",""name_2"":""Sveti Ivan Zelina""},{""gid_2"":""HRV.21.26_1"",""migration_date"":""2025-12-20"",""migration_method"":""puzzle1_2"",""name_2"":""Vrbovec""},{""gid_2"":""HRV.21.27_1"",""migration_date"":""2025-12-20"",""migration_method"":""puzzle1_2"",""name_2"":""Zaprešić""},{""gid_2"":""HRV.21.28_1"",""migration_date"":""2025-12-20"",""migration_method"":""puzzle1_2"",""name_2"":""Žumberak""},{""gid_2"":""HRV.21.2_1"",""migration_date"":""2025-12-20"",""migration_method"":""puzzle1_2"",""name_2"":""Brckovljani""},{""gid_2"":""HRV.21.3_1"",""migration_date"":""2025-12-20"",""migration_method"":""puzzle1_2"",""name_2"":""Brdovec""},{""gid_2"":""HRV.21.4_1"",""migration_date"":""2025-12-20"",""migration_method"":""puzzle1_2"",""name_2"":""Dubrava""},{""gid_2"":""HRV.21.6_1"",""migration_date"":""2025-12-20"",""migration_method"":""puzzle1_2"",""name_2"":""Dugo Selo""},{""gid_2"":""HRV.21.7_1"",""migration_date"":""2025-12-20"",""migration_method"":""puzzle1_2"",""name_2"":""Farkaševac""},{""gid_2"":""HRV.21.8_1"",""migration_date"":""2025-12-20"",""migration_method"":""puzzle1_2"",""name_2"":""Gradec""},{""gid_2"":""HRV.21.9_1"",""migration_date"":""2025-12-20"",""migration_method"":""puzzle1_2"",""name_2"":""Ivanić-Grad""},{""gid_2"":""HRV.4.1_1"",""migration_date"":""2025-12-20"",""migration_method"":""puzzle1_2"",""name_2"":""Bistra""},{""gid_2"":""HRV.4.2_1"",""migration_date"":""2025-12-20"",""migration_method"":""puzzle1_2"",""name_2"":""Kravarsko""},{""gid_2"":""HRV.4.3_1"",""migration_date"":""2025-12-20"",""migration_method"":""puzzle1_2"",""name_2"":""Orle""},{""gid_2"":""HRV.4.4_1"",""migration_date"":""2025-12-20"",""migration_method"":""puzzle1_2"",""name_2"":""Pokupsko""},{""gid_2"":""HRV.4.5_1"",""migration_date"":""2025-12-20"",""migration_method"":""puzzle1_2"",""name_2"":""Stupnik""},{""gid_2"":""HRV.4.6_1"",""migration_date"":""2025-12-20"",""migration_method"":""puzzle1_2"",""name_2"":""Velika Gorica""},{""gid_2"":""HRV.8.28_1"",""migration_date"":""2025-12-20"",""migration_method"":""puzzle1_2"",""name_2"":""Veliko Trgovišće""}]",2021-01-04,2025-12-20,2020-12-29,2020-12-29,2020-12-29
2020-0106-HRV,No,nat-geo-ear-gro,Natural,Geophysical,Earthquake,Ground movement,GLIDE:EQ-2020-000040,,HRV,Croatia,Southern Europe,Europe,Zagreb,,,No,No,No,,5.4,Moment Magnitude,45.897,15.966,,2020,3.0,22.0,2020,3.0,22.0,1.0,27.0,60000.0,18915.0,78942.0,9450000.0,11755137.0,,,6800000.0,8458723.0,80.39038300821143,"[{""adm1_code"":990,""adm1_name"":""Grad Zagreb""},{""adm1_code"":1008,""adm1_name"":""Zagreb""}]","[{""gid_2"":""HRV.21.10_1"",""migration_date"":""2025-12-20"",""migration_method"":""puzzle1_2"",""name_2"":""Jakovlje""},{""gid_2"":""HRV.21.11_1"",""migration_date"":""2025-12-20"",""migration_method"":""puzzle1_2"",""name_2"":""Jastrebarsko""},{""gid_2"":""HRV.21.12_1"",""migration_date"":""2025-12-20"",""migration_method"":""puzzle1_2"",""name_2"":""Klinča Sela""},{""gid_2"":""HRV.21.13_1"",""migration_date"":""2025-12-20"",""migration_method"":""puzzle1_2"",""name_2"":""Kloštar Ivanić""},{""gid_2"":""HRV.21.14_1"",""migration_date"":""2025-12-20"",""migration_method"":""puzzle1_2"",""name_2"":""Krašić""},{""gid_2"":""HRV.21.15_1"",""migration_date"":""2025-12-20"",""migration_method"":""puzzle1_2"",""name_2"":""Križ""},{""gid_2"":""HRV.21.16_1"",""migration_date"":""2025-12-20"",""migration_method"":""puzzle1_2"",""name_2"":""Luka""},{""gid_2"":""HRV.21.17_1"",""migration_date"":""2025-12-20"",""migration_method"":""puzzle1_2"",""name_2"":""Marija Gorica""},{""gid_2"":""HRV.21.18_1"",""migration_date"":""2025-12-20"",""migration_method"":""puzzle1_2"",""name_2"":""Pisarovina""},{""gid_2"":""HRV.21.19_1"",""migration_date"":""2025-12-20"",""migration_method"":""puzzle1_2"",""name_2"":""Preseka""},{""gid_2"":""HRV.21.1_1"",""migration_date"":""2025-12-20"",""migration_method"":""puzzle1_2"",""name_2"":""Bedenica""},{""gid_2"":""HRV.21.20_1"",""migration_date"":""2025-12-20"",""migration_method"":""puzzle1_2"",""name_2"":""Pušća""},{""gid_2"":""HRV.21.21_1"",""migration_date"":""2025-12-20"",""migration_method"":""puzzle1_2"",""name_2"":""Rakovec""},{""gid_2"":""HRV.21.22_1"",""migration_date"":""2025-12-20"",""migration_method"":""puzzle1_2"",""name_2"":""Rugvica""},{""gid_2"":""HRV.21.23_1"",""migration_date"":""2025-12-20"",""migration_method"":""puzzle1_2"",""name_2"":""Samobor""},{""gid_2"":""HRV.21.24_1"",""migration_date"":""2025-12-20"",""migration_method"":""puzzle1_2"",""name_2"":""Sveta Nedelja""},{""gid_2"":""HRV.21.25_1"",""migration_date"":""2025-12-20"",""migration_method"":""puzzle1_2"",""name_2"":""Sveti Ivan Zelina""},{""gid_2"":""HRV.21.26_1"",""migration_date"":""2025-12-20"",""migration_method"":""puzzle1_2"",""name_2"":""Vrbovec""},{""gid_2"":""HRV.21.27_1"",""migration_date"":""2025-12-20"",""migration_method"":""puzzle1_2"",""name_2"":""Zaprešić""},{""gid_2"":""HRV.21.28_1"",""migration_date"":""2025-12-20"",""migration_method"":""puzzle1_2"",""name_2"":""Žumberak""},{""gid_2"":""HRV.21.2_1"",""migration_date"":""2025-12-20"",""migration_method"":""puzzle1_2"",""name_2"":""Brckovljani""},{""gid_2"":""HRV.21.3_1"",""migration_date"":""2025-12-20"",""migration_method"":""puzzle1_2"",""name_2"":""Brdovec""},{""gid_2"":""HRV.21.4_1"",""migration_date"":""2025-12-20"",""migration_method"":""puzzle1_2"",""name_2"":""Dubrava""},{""gid_2"":""HRV.21.6_1"",""migration_date"":""2025-12-20"",""migration_method"":""puzzle1_2"",""name_2"":""Dugo Selo""},{""gid_2"":""HRV.21.7_1"",""migration_date"":""2025-12-20"",""migration_method"":""puzzle1_2"",""name_2"":""Farkaševac""},{""gid_2"":""HRV.21.8_1"",""migration_date"":""2025-12-20"",""migration_method"":""puzzle1_2"",""name_2"":""Gradec""},{""gid_2"":""HRV.21.9_1"",""migration_date"":""2025-12-20"",""migration_method"":""puzzle1_2"",""name_2"":""Ivanić-Grad""},{""gid_2"":""HRV.4.1_1"",""migration_date"":""2025-12-20"",""migration_method"":""puzzle1_2"",""name_2"":""Bistra""},{""gid_2"":""HRV.4.2_1"",""migration_date"":""2025-12-20"",""migration_method"":""puzzle1_2"",""name_2"":""Kravarsko""},{""gid_2"":""HRV.4.3_1"",""migration_date"":""2025-12-20"",""migration_method"":""puzzle1_2"",""name_2"":""Orle""},{""gid_2"":""HRV.4.4_1"",""migration_date"":""2025-12-20"",""migration_method"":""puzzle1_2"",""name_2"":""Pokupsko""},{""gid_2"":""HRV.4.5_1"",""migration_date"":""2025-12-20"",""migration_method"":""puzzle1_2"",""name_2"":""Stupnik""},{""gid_2"":""HRV.4.6_1"",""migration_date"":""2025-12-20"",""migration_method"":""puzzle1_2"",""name_2"":""Velika Gorica""},{""gid_2"":""HRV.4.7_1"",""migration_date"":""2025-12-20"",""migration_method"":""puzzle1_2"",""name_2"":""Zagreb""},{""gid_2"":""HRV.8.28_1"",""migration_date"":""2025-12-20"",""migration_method"":""puzzle1_2"",""name_2"":""Veliko Trgovišće""}]",2020-03-26,2025-12-20,2020-03-22,2020-03-22,2020-03-22
2020-0466-GRC,No,nat-geo-ear-gro,Natural,Geophysical,Earthquake,Ground movement,GLIDE:EQ-2020-000215,,GRC,Greece,Southern Europe,Europe,Samos,,,No,No,Yes,,7.0,Moment Magnitude,37.913,26.779,,2020,10.0,30.0,2020,10.0,30.0,2.0,19.0,900.0,,919.0,,,,,,,80.39038300821143,"[{""adm2_code"":16726,""adm2_name"":""Samou""}]",,2020-11-03,2025-03-04,2020-10-30,2020-10-30,2020-10-30
2020-0225-IDN,No,nat-geo-ear-gro,Natural,Geophysical,Earthquake,Ground movement,,,IDN,Indonesia,South-eastern Asia,Asia,"South Morotai, East Morotai, North Morotai, Morotai Jaya, South West Morotai, Rau Island (Bau Island)",,,No,No,No,,6.4,Moment Magnitude,2.911,128.248,,2020,6.0,4.0,2020,6.0,4.0,,,1490.0,70.0,1560.0,,,,,,,80.39038300821143,"[{""adm2_code"":73681,""adm2_name"":""Halmahera Utara""}]","[{""gid_2"":""IDN.18.5_1"",""migration_date"":""2025-12-20"",""migration_method"":""puzzle2_2"",""name_2"":""Halmahera Utara""},{""gid_2"":""IDN.18.7_1"",""migration_date"":""2025-12-20"",""migration_method"":""puzzle2_2"",""name_2"":""Pulau Morotai""}]",2020-06-08,2025-12-20,2020-06-04,2020-06-04,2020-06-04
2020-0073-IRN,No,nat-geo-ear-gro,Natural,Geophysical,Earthquake,Ground movement,USGS:us70007v29,,IRN,Iran (Islamic Republic of),Southern Asia,Asia,Azerbaïdjan-Occidental province,,,No,No,No,,5.8,Moment Magnitude,38.543,44.447,,2020,2.0,23.0,2020,2.0,23.0,,75.0,15000.0,,15075.0,,,,,,,80.39038300821143,"[{""adm1_code"":1561,""adm1_name"":""West Azarbayejan""}]","[{""gid_1"":""IRN.29_1"",""migration_date"":""2025-12-20"",""migration_method"":""jaccard1"",""name_1"":""West Azarbaijan""}]",2020-02-28,2026-01-25,2020-02-23,2020-02-23,2020-02-23
2020-0281-MEX,No,nat-geo-ear-gro,Natural,Geophysical,Earthquake,Ground movement,,,MEX,Mexico,Latin America and the Caribbean,Americas,South Oaxaca State (Mexico),,,No,No,Yes,,7.4,Moment Magnitude,15.916,-95.953,,2020,6.0,23.0,2020,6.0,23.0,10.0,24.0,24369.0,,24393.0,,,,,75000.0,93295.0,80.39038300821143,"[{""adm1_code"":2047,""adm1_name"":""Oaxaca""}]","[{""gid_1"":""MEX.20_1"",""migration_date"":""2025-12-20"",""migration_method"":""jaccard1"",""name_1"":""Oaxaca""}]",2020-07-03,2025-12-20,2020-06-23,2020-06-23,2020-06-23
2020-0370-PHL,No,nat-geo-ear-gro,Natural,Geophysical,Earthquake,Ground movement,GLIDE:EQ-2020-000186,,PHL,Philippines,South-eastern Asia,Asia,Bicol Region,,,No,No,No,,6.6,Moment Magnitude,12.021,124.123,,2020,8.0,18.0,2020,8.0,18.0,1.0,20.0,4255.0,705.0,4980.0,,,,,2500.0,3110.0,80.39038300821143,"[{""adm1_code"":2361,""adm1_name"":""Region V (Bicol region)""}]","[{""gid_1"":""PHL.19_1"",""migration_date"":""2025-12-20"",""migration_method"":""puzzle1_1"",""name_1"":""Camarines Norte""},{""gid_1"":""PHL.20_1"",""migration_date"":""2025-12-20"",""migration_method"":""puzzle1_1"",""name_1"":""Camarines Sur""},{""gid_1"":""PHL.23_1"",""migration_date"":""2025-12-20"",""migration_method"":""puzzle1_1"",""name_1"":""Catanduanes""},{""gid_1"":""PHL.46_1"",""migration_date"":""2025-12-20"",""migration_method"":""puzzle1_1"",""name_1"":""Masbate""},{""gid_1"":""PHL.5_1"",""migration_date"":""2025-12-20"",""migration_method"":""puzzle1_1"",""name_1"":""Albay""},{""gid_1"":""PHL.69_1"",""migration_date"":""2025-12-20"",""migration_method"":""puzzle1_1"",""name_1"":""Sorsogon""}]",2020-08-18,2025-12-20,2020-08-18,2020-08-18,2020-08-18
2020-0007-PRI,No,nat-geo-ear-gro,Natural,Geophysical,Earthquake,Ground movement,GLIDE:EQ-2020-000001|USGS:us70006vll,,PRI,Puerto Rico,Latin America and the Caribbean,Americas,"Ponce City, San Juan, Yauco, Guayanilla, Lajas, Guanica",,Tsunami/Tidal wave,No,No,No,,6.4,Moment Magnitude,17.935,-66.883,,2020,1.0,7.0,2020,1.0,7.0,4.0,8.0,4170.0,900.0,5078.0,,,400000.0,497572.0,800000.0,995144.0,80.39038300821143,"[{""adm1_code"":2420,""adm1_name"":""Ponce""},{""adm1_code"":2421,""adm1_name"":""San Juan""},{""adm2_code"":40076,""adm2_name"":""Guanica Municipio""},{""adm2_code"":40077,""adm2_name"":""Guayanilla Municipio""},{""adm2_code"":40079,""adm2_name"":""Lajas Municipio""},{""adm2_code"":40084,""adm2_name"":""Yauco Municipio""}]","[{""gid_1"":""PRI.1_1"",""migration_date"":""2025-12-20"",""migration_method"":""puzzle1_1"",""name_1"":""Adjuntas""},{""gid_1"":""PRI.22_1"",""migration_date"":""2025-12-20"",""migration_method"":""puzzle1_1"",""name_1"":""Coamo""},{""gid_1"":""PRI.29_1"",""migration_date"":""2025-12-20"",""migration_method"":""within2_1"",""name_1"":""Guánica""},{""gid_1"":""PRI.31_1"",""migration_date"":""2025-12-20"",""migration_method"":""within2_1"",""name_1"":""Guayanilla""},{""gid_1"":""PRI.38_1"",""migration_date"":""2025-12-20"",""migration_method"":""puzzle1_1"",""name_1"":""Jayuya""},{""gid_1"":""PRI.39_1"",""migration_date"":""2025-12-20"",""migration_method"":""puzzle1_1"",""name_1"":""Juana Díaz""},{""gid_1"":""PRI.41_1"",""migration_date"":""2025-12-20"",""migration_method"":""within2_1"",""name_1"":""Lajas""},{""gid_1"":""PRI.55_1"",""migration_date"":""2025-12-20"",""migration_method"":""puzzle1_1"",""name_1"":""Orocovis""},{""gid_1"":""PRI.58_1"",""migration_date"":""2025-12-20"",""migration_method"":""puzzle1_1"",""name_1"":""Ponce""},{""gid_1"":""PRI.65_1"",""migration_date"":""2025-12-20"",""migration_method"":""jaccard1"",""name_1"":""San Juan""},{""gid_1"":""PRI.68_1"",""migration_date"":""2025-12-20"",""migration_method"":""puzzle1_1"",""name_1"":""Santa Isabel""},{""gid_1"":""PRI.76_1"",""migration_date"":""2025-12-20"",""migration_method"":""puzzle1_1"",""name_1"":""Villalba""},{""gid_1"":""PRI.78_1"",""migration_date"":""2025-12-20"",""migration_method"":""within2_1"",""name_1"":""Yauco""}]",2020-01-10,2026-02-04,2020-01-07,2020-01-07,2020-01-07
2020-0158-PRI,No,nat-geo-ear-gro,Natural,Geophysical,Earthquake,Ground movement,,,PRI,Puerto Rico,Latin America and the Caribbean,Americas,"Ponce, Peñuelas, Guayanilla provinces",,"Slide (land, mud, snow, rock)",No,No,No,,5.4,Moment Magnitude,17.937,-66.727,,2020,5.0,2.0,2020,5.0,2.0,,,150.0,,150.0,,,,,150000.0,186589.0,80.39038300821143,"[{""adm1_code"":2420,""adm1_name"":""Ponce""},{""adm2_code"":40077,""adm2_name"":""Guayanilla Municipio""},{""adm2_code"":40081,""adm2_name"":""Penuelas Municipio""}]","[{""gid_1"":""PRI.1_1"",""migration_date"":""2025-12-20"",""migration_method"":""puzzle1_1"",""name_1"":""Adjuntas""},{""gid_1"":""PRI.22_1"",""migration_date"":""2025-12-20"",""migration_method"":""puzzle1_1"",""name_1"":""Coamo""},{""gid_1"":""PRI.31_1"",""migration_date"":""2025-12-20"",""migration_method"":""within2_1"",""name_1"":""Guayanilla""},{""gid_1"":""PRI.38_1"",""migration_date"":""2025-12-20"",""migration_method"":""puzzle1_1"",""name_1"":""Jayuya""},{""gid_1"":""PRI.39_1"",""migration_date"":""2025-12-20"",""migration_method"":""puzzle1_1"",""name_1"":""Juana Díaz""},{""gid_1"":""PRI.55_1"",""migration_date"":""2025-12-20"",""migration_method"":""puzzle1_1"",""name_1"":""Orocovis""},{""gid_1"":""PRI.57_1"",""migration_date"":""2025-12-20"",""migration_method"":""within2_1"",""name_1"":""Peñuelas""},{""gid_1"":""PRI.58_1"",""migration_date"":""2025-12-20"",""migration_method"":""puzzle1_1"",""name_1"":""Ponce""},{""gid_1"":""PRI.68_1"",""migration_date"":""2025-12-20"",""migration_method"":""puzzle1_1"",""name_1"":""Santa Isabel""},{""gid_1"":""PRI.76_1"",""migration_date"":""2025-12-20"",""migration_method"":""puzzle1_1"",""name_1"":""Villalba""}]",2020-05-05,2025-12-20,2020-05-02,2020-05-02,2020-05-02
2020-0279-TUR,No,nat-geo-ear-gro,Natural,Geophysical,Earthquake,Ground movement,,,TUR,Türkiye,Western Asia,Asia,"Özalp, Saray, Gürpinar Districts (Van Province)",,,No,No,No,,5.4,Moment Magnitude,38.558,44.023,,2020,6.0,25.0,2020,6.0,25.0,,5.0,273.0,,278.0,,,,,,,80.39038300821143,"[{""adm2_code"":28342,""adm2_name"":""Gurpinar""},{""adm2_code"":28346,""adm2_name"":""Ozalp""},{""adm2_code"":28347,""adm2_name"":""Saray""}]",,2020-07-03,2023-09-25,2020-06-25,2020-06-25,2020-06-25
2020-0251-TUR,No,nat-geo-ear-gro,Natural,Geophysical,Earthquake,Ground movement,GLIDE:EQ-2020-000148,,TUR,Türkiye,Western Asia,Asia,"Karl?ova, Yedisu, Adakl? districts (Bingöl); Çat district (Erzurum)",,,No,No,No,,5.9,Moment Magnitude,39.421,40.697,,2020,6.0,14.0,2020,6.0,14.0,1.0,35.0,6600.0,,6635.0,,,,,,,80.39038300821143,"[{""adm2_code"":27620,""adm2_name"":""Adakli""},{""adm2_code"":27622,""adm2_name"":""Karliova""},{""adm2_code"":27627,""adm2_name"":""Yedisu""},{""adm2_code"":27781,""adm2_name"":""Cat""}]","[{""gid_2"":""TUR.17.1_1"",""migration_date"":""2025-12-20"",""migration_method"":""jaccard2"",""name_2"":""Adaklı""},{""gid_2"":""TUR.17.3_1"",""migration_date"":""2025-12-20"",""migration_method"":""bufhaus2"",""name_2"":""Karlıova""},{""gid_2"":""TUR.17.8_1"",""migration_date"":""2025-12-20"",""migration_method"":""bufhaus2"",""name_2"":""Yedisu""},{""gid_2"":""TUR.31.2_1"",""migration_date"":""2025-12-20"",""migration_method"":""jaccard2"",""name_2"":""Çat""}]",2020-06-15,2025-12-20,2020-06-14,2020-06-14,2020-06-14
2020-0073-TUR,No,nat-geo-ear-gro,Natural,Geophysical,Earthquake,Ground movement,USGS:us70007v29,,TUR,Türkiye,Western Asia,Asia,Van City (Baskale district),,,No,No,No,,5.8,Moment Magnitude,38.543,44.447,,2020,2.0,23.0,2020,2.0,23.0,9.0,50.0,,3000.0,3050.0,,,,,,,80.39038300821143,"[{""adm2_code"":28336,""adm2_name"":""Baskale""}]",,2020-02-28,2026-01-25,2020-02-23,2020-02-23,2020-02-23
2020-0034-TUR,No,nat-geo-ear-gro,Natural,Geophysical,Earthquake,Ground movement,GLIDE:EQ-2020-000018|USGS:us60007ewc,,TUR,Türkiye,Western Asia,Asia,Sivrice District (Elazig province); Malatya Provinces),,,No,No,No,,6.7,Moment Magnitude,38.39,44.367,39.081,2020,1.0,24.0,2020,1.0,24.0,41.0,1607.0,69000.0,,70607.0,,,,,340000.0,422936.0,80.39038300821143,"[{""adm1_code"":3071,""adm1_name"":""Malatya""},{""adm2_code"":27770,""adm2_name"":""Sivrice""}]","[{""gid_1"":""TUR.55_1"",""migration_date"":""2025-12-20"",""migration_method"":""jaccard1"",""name_1"":""Malatya""},{""gid_2"":""TUR.29.11_1"",""migration_date"":""2025-12-20"",""migration_method"":""bufhaus2"",""name_2"":""Sivrice""}]",2020-01-27,2026-02-04,2020-01-24,2020-01-24,2020-01-24
2020-0466-TUR,No,nat-geo-ear-gro,Natural,Geophysical,Earthquake,Ground movement,GLIDE:EQ-2020-000215,,TUR,Türkiye,Western Asia,Asia,"Izmir Bornova, Bayrakli and Karsiyaka",,,No,No,No,,7.0,Moment Magnitude,37.913,26.779,,2020,10.0,30.0,2020,10.0,30.0,115.0,1034.0,,5000.0,6034.0,,,,,450000.0,559768.0,80.39038300821143,"[{""adm2_code"":27923,""adm2_name"":""Bornova""},{""adm2_code"":27937,""adm2_name"":""Konak""}]","[{""gid_2"":""TUR.41.15_1"",""migration_date"":""2025-12-20"",""migration_method"":""puzzle2_2"",""name_2"":""Karşıyaka""},{""gid_2"":""TUR.41.19_1"",""migration_date"":""2025-12-20"",""migration_method"":""puzzle2_2"",""name_2"":""Konak""},{""gid_2"":""TUR.41.6_1"",""migration_date"":""2025-12-20"",""migration_method"":""jaccard2"",""name_2"":""Bornova""}]",2020-11-03,2025-12-20,2020-10-30,2020-10-30,2020-10-30
2021-0002-ARG,No,nat-geo-ear-gro,Natural,Geophysical,Earthquake,Ground movement,,,ARG,Argentina,Latin America and the Caribbean,Americas,San Juan Province,,,No,No,No,,6.4,Moment Magnitude,-31.818,-68.847,,2021,1.0,18.0,2021,1.0,18.0,,14.0,1800.0,,1814.0,,,,,,,84.16698295725244,"[{""adm1_code"":446,""adm1_name"":""San Juan""}]","[{""gid_1"":""ARG.18_1"",""migration_date"":""2025-12-20"",""migration_method"":""jaccard1"",""name_1"":""San Juan""}]",2021-01-19,2025-12-20,2021-01-18,2021-01-18,2021-01-18
2021-0225-BTN,No,nat-geo-ear-gro,Natural,Geophysical,Earthquake,Ground movement,,,BTN,Bhutan,Southern Asia,Asia,Samdrup Jongkhar District,,,No,No,No,,6.0,Moment Magnitude,26.781,92.457,,2021,4.0,28.0,2021,4.0,28.0,,2.0,500.0,,502.0,,,,,,,84.16698295725244,"[{""adm1_code"":41311,""adm1_name"":""Samdrupjongkhar""}]","[{""gid_1"":""BTN.11_1"",""migration_date"":""2025-12-20"",""migration_method"":""jaccard1"",""name_1"":""Samdrup Jongkhar""}]",2021-06-24,2025-12-20,2021-04-28,2021-04-28,2021-04-28
2021-0293-CHN,No,nat-geo-ear-gro,Natural,Geophysical,Earthquake,Ground movement,,,CHN,China,Eastern Asia,Asia,"Yanbi, Yongping (Yunnan province)",,,No,No,No,,6.1,Moment Magnitude,25.761,100.011,,2021,5.0,21.0,2021,5.0,21.0,3.0,28.0,39000.0,,39028.0,,,,,516000.0,613067.0,84.16698295725244,"[{""adm1_code"":929,""adm1_name"":""Yunnan Sheng""}]","[{""gid_1"":""CHN.30_1"",""migration_date"":""2025-12-20"",""migration_method"":""jaccard1"",""name_1"":""Yunnan""}]",2021-05-25,2025-12-20,2021-05-21,2021-05-21,2021-05-21
2021-0201-CHN,No,nat-geo-ear-gro,Natural,Geophysical,Earthquake,Ground movement,,,CHN,China,Eastern Asia,Asia,Xinjiang Uygur Autonomous Region,,,No,No,No,,5.4,Moment Magnitude,41.816,81.164,,2021,3.0,24.0,2021,3.0,24.0,3.0,,195.0,,195.0,,,,,125000.0,148514.0,84.16698295725244,"[{""adm1_code"":927,""adm1_name"":""Xinjiang Uygur Zizhiqu""}]","[{""gid_1"":""CHN.28_1"",""migration_date"":""2025-12-20"",""migration_method"":""jaccard1"",""name_1"":""Xinjiang Uygur""}]",2021-04-13,2025-12-20,2021-03-24,2021-03-24,2021-03-24
2021-0329-CHN,No,nat-geo-ear-gro,Natural,Geophysical,Earthquake,Ground movement,,,CHN,China,Eastern Asia,Asia,"Chuxiong Yi Autonomous Prefecture, Yunnan Province",,,No,No,No,,5.1,Moment Magnitude,,,,2021,6.0,10.0,2021,6.0,10.0,,2.0,8010.0,,8012.0,,,,,,,84.16698295725244,"[{""adm2_code"":13307,""adm2_name"":""Chuxiong Yi""}]","[{""gid_2"":""CHN.30.2_1"",""migration_date"":""2025-12-20"",""migration_method"":""jaccard2"",""name_2"":""Chuxiong Yi""}]",2021-06-23,2025-12-20,2021-06-10,2021-06-10,2021-06-10
2021-0587-CHN,No,nat-geo-ear-gro,Natural,Geophysical,Earthquake,Ground movement,,,CHN,China,Eastern Asia,Asia,"Lu County, Sichuan Province",,,No,No,No,,5.4,Moment Magnitude,29.182,105.391,,2021,9.0,16.0,2021,9.0,16.0,3.0,88.0,21870.0,2437.0,24395.0,,,,,250000.0,297029.0,84.16698295725244,"[{""adm1_code"":924,""adm1_name"":""Sichuan Sheng""}]","[{""gid_1"":""CHN.26_1"",""migration_date"":""2025-12-20"",""migration_method"":""jaccard1"",""name_1"":""Sichuan""}]",2021-09-16,2025-12-20,2021-09-16,2021-09-16,2021-09-16
2021-0829-CHN,No,nat-geo-ear-gro,Natural,Geophysical,Earthquake,Ground movement,,,CHN,China,Eastern Asia,Asia,Jiangcheng Hani and Yi Autonomous County (Yunnan province),,,No,No,No,,5.7,Moment Magnitude,,,,2021,12.0,24.0,2021,12.0,24.0,,10.0,19200.0,,19210.0,,,,,71000.0,84356.0,84.16698295725244,"[{""adm2_code"":13310,""adm2_name"":""Pu'er""}]","[{""gid_2"":""CHN.30.11_1"",""migration_date"":""2025-12-20"",""migration_method"":""jaccard2"",""name_2"":""Pu'er""}]",2022-01-03,2025-12-20,2021-12-24,2021-12-24,2021-12-24
2021-0758-ECU,No,nat-geo-ear-gro,Natural,Geophysical,Earthquake,Ground movement,GLIDE:EQ-2021-000192,,ECU,Ecuador,Latin America and the Caribbean,Americas,,,,No,No,No,,7.2,Moment Magnitude,-4.49,-76.846,,2021,11.0,28.0,2021,11.0,28.0,,,39.0,,39.0,,,,,,,84.16698295725244,,,2021-11-30,2023-09-25,2021-11-28,2021-11-28,2021-11-28
2021-0627-GRC,No,nat-geo-ear-gro,Natural,Geophysical,Earthquake,Ground movement,,,GRC,Greece,Southern Europe,Europe,"Arkalochori, Archontiko, Roussochoria, Patsideros, Heraklion, Minoa Pediadas",,,No,No,Yes,,6.0,Moment Magnitude,35.252,25.26,,2021,9.0,27.0,2021,9.0,27.0,1.0,20.0,,2316.0,2336.0,,,,,30000.0,35643.0,84.16698295725244,"[{""adm2_code"":16705,""adm2_name"":""Irakleiou""}]","[{""gid_2"":""GRC.4.1_1"",""migration_date"":""2025-12-20"",""migration_method"":""bufhaus2"",""name_2"":""Crete""}]",2021-09-29,2025-12-20,2021-09-27,2021-09-27,2021-09-27
2021-0134-GRC,No,nat-geo-ear-gro,Natural,Geophysical,Earthquake,Ground movement,,,GRC,Greece,Southern Europe,Europe,"Larissa, Elassona (Larisis) , Tyrnavos (Larisis) , Farkadona (Trikalon) (Thessalie)",,,No,No,No,,5.8,Moment Magnitude,39.789,22.119,,2021,3.0,3.0,2021,3.0,3.0,,11.0,,2700.0,2711.0,,,,,10000.0,11881.0,84.16698295725244,"[{""adm2_code"":16721,""adm2_name"":""Larisis""},{""adm2_code"":16723,""adm2_name"":""Trikalon""}]","[{""gid_2"":""GRC.8.2_1"",""migration_date"":""2025-12-20"",""migration_method"":""bufhaus2"",""name_2"":""Thessaly""},{""gid_2"":""GRC.8.2_1"",""migration_date"":""2025-12-20"",""migration_method"":""bufhaus2"",""name_2"":""Thessaly""}]",2021-03-15,2025-12-20,2021-03-03,2021-03-03,2021-03-03
2021-0511-HTI,No,nat-geo-ear-gro,Natural,Geophysical,Earthquake,Ground movement,GLIDE:EQ-2021-000116,,HTI,Haiti,Latin America and the Caribbean,Americas,"Nippe, Grand Anse and the Sud departments",,,Yes,No,Yes,,7.2,Moment Magnitude,18.408,-73.475,,2021,8.0,14.0,2021,8.0,14.0,2575.0,12763.0,690000.0,,702763.0,1978063.0,2350165.0,,,1620071.0,1924830.0,84.16698295725244,"[{""adm1_code"":1416,""adm1_name"":""Sud""},{""adm1_code"":72911,""adm1_name"":""Grande Anse""},{""adm1_code"":72912,""adm1_name"":""Nippes""}]","[{""gid_1"":""HTI.10_1"",""migration_date"":""2025-12-20"",""migration_method"":""jaccard1"",""name_1"":""Sud""},{""gid_1"":""HTI.2_1"",""migration_date"":""2025-12-20"",""migration_method"":""jaccard1"",""name_1"":""Grand'Anse""},{""gid_1"":""HTI.4_1"",""migration_date"":""2025-12-20"",""migration_method"":""jaccard1"",""name_1"":""Nippes""}]",2021-08-16,2025-12-20,2021-08-14,2021-08-14,2021-08-14
2021-0225-IND,No,nat-geo-ear-gro,Natural,Geophysical,Earthquake,Ground movement,,,IND,India,Southern Asia,Asia,"Kamrup and Nagaon (Sonitpur District, northern Assam State)",,,No,No,No,,6.4,Moment Magnitude,26.781,92.457,,2021,4.0,28.0,2021,4.0,28.0,2.0,10.0,3000.0,,3010.0,,,,,,,84.16698295725244,"[{""adm2_code"":17593,""adm2_name"":""Sonitpur""}]","[{""gid_2"":""IND.4.25_1"",""migration_date"":""2025-12-20"",""migration_method"":""jaccard2"",""name_2"":""Sonitpur""}]",2021-04-29,2025-12-20,2021-04-28,2021-04-28,2021-04-28
2021-0200-IDN,No,nat-geo-ear-gro,Natural,Geophysical,Earthquake,Ground movement,,,IDN,Indonesia,South-eastern Asia,Asia,East Java region,,,No,No,No,,6.0,Moment Magnitude,-8.562,112.519,,2021,4.0,11.0,2021,4.0,11.0,9.0,39.0,5520.0,420.0,5979.0,,,,,,,84.16698295725244,"[{""adm1_code"":1521,""adm1_name"":""Jawa Timur""}]","[{""gid_1"":""IDN.11_1"",""migration_date"":""2025-12-20"",""migration_method"":""jaccard1"",""name_1"":""Jawa Timur""}]",2021-04-13,2025-12-20,2021-04-11,2021-04-11,2021-04-11
2021-0003-IDN,No,nat-geo-ear-gro,Natural,Geophysical,Earthquake,Ground movement,GLIDE:EQ-2021-000003,,IDN,Indonesia,South-eastern Asia,Asia,"Mamuju, Majene, Polewali Mandar districts (West Sulawesi Province)",,"Slide (land, mud, snow, rock)",No,No,Yes,,6.2,Moment Magnitude,-2.976,118.901,,2021,1.0,15.0,2021,1.0,15.0,110.0,826.0,99827.0,,100653.0,,,,,58700.0,69742.0,84.16698295725244,"[{""adm2_code"":18177,""adm2_name"":""Majene""},{""adm2_code"":73786,""adm2_name"":""Mamuju""},{""adm2_code"":73828,""adm2_name"":""Polewalimamasa""}]","[{""gid_2"":""IDN.25.1_1"",""migration_date"":""2025-12-20"",""migration_method"":""jaccard2"",""name_2"":""Majene""},{""gid_2"":""IDN.25.4_1"",""migration_date"":""2025-12-20"",""migration_method"":""jaccard2"",""name_2"":""Mamuju""},{""gid_2"":""IDN.25.5_1"",""migration_date"":""2025-12-20"",""migration_method"":""jaccard2"",""name_2"":""Polewali Mandar""}]",2021-01-19,2025-12-20,2021-01-15,2021-01-15,2021-01-15
2021-0720-IDN,No,nat-geo-ear-gro,Natural,Geophysical,Earthquake,Ground movement,,,IDN,Indonesia,South-eastern Asia,Asia,Karangasem and Bangli Regencies (Bali),,,No,No,No,,5.1,Moment Magnitude,-8.356,115.458,,2021,10.0,16.0,2021,10.0,16.0,3.0,82.0,2620.0,1830.0,4532.0,,,,,,,84.16698295725244,"[{""adm2_code"":17970,""adm2_name"":""Bangli""},{""adm2_code"":17974,""adm2_name"":""Karangasem""}]","[{""gid_2"":""IDN.2.2_1"",""migration_date"":""2025-12-20"",""migration_method"":""jaccard2"",""name_2"":""Bangli""},{""gid_2"":""IDN.2.7_1"",""migration_date"":""2025-12-20"",""migration_method"":""jaccard2"",""name_2"":""Karangasem""}]",2021-11-05,2025-12-20,2021-10-16,2021-10-16,2021-10-16
2021-0801-IDN,No,nat-geo-ear-gro,Natural,Geophysical,Earthquake,Ground movement,GLIDE:EQ-2021-000200,,IDN,Indonesia,South-eastern Asia,Asia,"Selayar Islands Regency (South Sulawesi Province); Sikka Regency (Flores Island, East Nusa Tenggara Province)",,,No,No,No,,7.3,Moment Magnitude,,,,2021,12.0,14.0,2021,12.0,14.0,,7.0,1730.0,,1737.0,,,,,,,84.16698295725244,"[{""adm2_code"":18156,""adm2_name"":""Sikka""},{""adm2_code"":18182,""adm2_name"":""Selayar""}]","[{""gid_2"":""IDN.21.15_1"",""migration_date"":""2025-12-20"",""migration_method"":""jaccard2"",""name_2"":""Sikka""},{""gid_2"":""IDN.26.8_1"",""migration_date"":""2025-12-20"",""migration_method"":""jaccard2"",""name_2"":""Kepulauan Selayar""}]",2021-12-15,2025-12-20,2021-12-14,2021-12-14,2021-12-14
2021-0323-IDN,No,nat-geo-ear-gro,Natural,Geophysical,Earthquake,Ground movement,,,IDN,Indonesia,South-eastern Asia,Asia,"Tehoru (Central Maluku Regency, south of Maluku Islands)",,Tsunami/Tidal wave,No,No,No,,5.9,Moment Magnitude,-3.593,129.503,,2021,6.0,16.0,2021,6.0,16.0,,,750.0,,750.0,,,,,,,84.16698295725244,"[{""adm2_code"":73781,""adm2_name"":""Maluku Tengah""}]","[{""gid_2"":""IDN.19.6_1"",""migration_date"":""2025-12-20"",""migration_method"":""jaccard2"",""name_2"":""Maluku Tengah""}]",2021-06-22,2025-12-20,2021-06-16,2021-06-16,2021-06-16
2021-0095-IRN,No,nat-geo-ear-gro,Natural,Geophysical,Earthquake,Ground movement,GLIDE:EQ-2021-000018,,IRN,Iran (Islamic Republic of),Southern Asia,Asia,"Esfahan, Kohgiluyeh and Boyer-Ahmad provinces",,,No,No,No,,5.6,Moment Magnitude,,,,2021,2.0,17.0,2021,2.0,17.0,2.0,63.0,257661.0,,257724.0,,,,,10000.0,11881.0,84.16698295725244,"[{""adm1_code"":1543,""adm1_name"":""Esfahan""},{""adm1_code"":1552,""adm1_name"":""Kohgiluyeh va boyerahma""}]","[{""gid_1"":""IRN.16_1"",""migration_date"":""2025-12-20"",""migration_method"":""jaccard1"",""name_1"":""Kohgiluyeh and Buyer Ahmad""},{""gid_1"":""IRN.6_1"",""migration_date"":""2025-12-20"",""migration_method"":""jaccard1"",""name_1"":""Esfahan""}]",2021-02-23,2025-12-20,2021-02-17,2021-02-17,2021-02-17
2021-0215-IRN,No,nat-geo-ear-gro,Natural,Geophysical,Earthquake,Ground movement,,,IRN,Iran (Islamic Republic of),Southern Asia,Asia,Bouchehr province,,,No,No,No,,5.9,Moment Magnitude,29.787,50.669,,2021,4.0,18.0,2021,4.0,18.0,,6.0,3537.0,,3543.0,,,,,,,84.16698295725244,"[{""adm1_code"":1540,""adm1_name"":""Bushehr""}]","[{""gid_1"":""IRN.3_1"",""migration_date"":""2025-12-20"",""migration_method"":""jaccard1"",""name_1"":""Bushehr""}]",2021-04-19,2025-12-20,2021-04-18,2021-04-18,2021-04-18
2021-0738-IRN,No,nat-geo-ear-gro,Natural,Geophysical,Earthquake,Ground movement,GLIDE:EQ-2021-000177,,IRN,Iran (Islamic Republic of),Southern Asia,Asia,Bandar Abbas County (central Hormozgan Province),,,No,No,No,,6.3,Moment Magnitude,27.721,56.065,,2021,11.0,14.0,2021,11.0,14.0,1.0,104.0,36484.0,,36588.0,,,,,165000.0,196039.0,84.16698295725244,"[{""adm2_code"":40896,""adm2_name"":""Bandar-e abbas""}]",,2021-11-16,2023-09-25,2021-11-14,2021-11-14,2021-11-14
2021-0194-JPN,No,nat-geo-ear-gro,Natural,Geophysical,Earthquake,Ground movement,,,JPN,Japan,Eastern Asia,Asia,Honshu Island,,,No,No,No,,7.0,Moment Magnitude,38.475,141.633,,2021,3.0,20.0,2021,3.0,20.0,,11.0,600.0,,611.0,,,,,550000.0,653463.0,84.16698295725244,"[{""adm1_code"":1651,""adm1_name"":""Aiti""},{""adm1_code"":1652,""adm1_name"":""Akita""},{""adm1_code"":1653,""adm1_name"":""Aomori""},{""adm1_code"":1655,""adm1_name"":""Hukui""},{""adm1_code"":1657,""adm1_name"":""Hukusima""},{""adm1_code"":1658,""adm1_name"":""Gifu""},{""adm1_code"":1659,""adm1_name"":""Gunma""},{""adm1_code"":1660,""adm1_name"":""Hirosima""},{""adm1_code"":1662,""adm1_name"":""Hyoogo""},{""adm1_code"":1663,""adm1_name"":""Ibaraki""},{""adm1_code"":1664,""adm1_name"":""Isikawa""},{""adm1_code"":1665,""adm1_name"":""Iwate""},{""adm1_code"":1668,""adm1_name"":""Kanagawa""},{""adm1_code"":1671,""adm1_name"":""Kyooto""},{""adm1_code"":1672,""adm1_name"":""Mie""},{""adm1_code"":1673,""adm1_name"":""Miyagi""},{""adm1_code"":1675,""adm1_name"":""Nagano""},{""adm1_code"":1677,""adm1_name"":""Nara""},{""adm1_code"":1678,""adm1_name"":""Niigata""},{""adm1_code"":1680,""adm1_name"":""Okayama""},{""adm1_code"":1682,""adm1_name"":""Oosaka""},{""adm1_code"":1684,""adm1_name"":""Saitama""},{""adm1_code"":1685,""adm1_name"":""Siga""},{""adm1_code"":1686,""adm1_name"":""Simane""},{""adm1_code"":1687,""adm1_name"":""Sizuoka""},{""adm1_code"":1688,""adm1_name"":""Totigi""},{""adm1_code"":1690,""adm1_name"":""Tookyoo""},{""adm1_code"":1691,""adm1_name"":""Tottori""},{""adm1_code"":1692,""adm1_name"":""Toyama""},{""adm1_code"":1693,""adm1_name"":""Tiba""},{""adm1_code"":1694,""adm1_name"":""Wakayama""},{""adm1_code"":1695,""adm1_name"":""Yamagata""},{""adm1_code"":1696,""adm1_name"":""Yamaguti""},{""adm1_code"":1697,""adm1_name"":""Yamanasi""}]","[{""gid_1"":""JPN.10_1"",""migration_date"":""2025-12-20"",""migration_method"":""jaccard1"",""name_1"":""Gunma""},{""gid_1"":""JPN.11_1"",""migration_date"":""2025-12-20"",""migration_method"":""jaccard1"",""name_1"":""Hiroshima""},{""gid_1"":""JPN.13_1"",""migration_date"":""2025-12-20"",""migration_method"":""jaccard1"",""name_1"":""Hyōgo""},{""gid_1"":""JPN.14_1"",""migration_date"":""2025-12-20"",""migration_method"":""jaccard1"",""name_1"":""Ibaraki""},{""gid_1"":""JPN.15_1"",""migration_date"":""2025-12-20"",""migration_method"":""jaccard1"",""name_1"":""Ishikawa""},{""gid_1"":""JPN.16_1"",""migration_date"":""2025-12-20"",""migration_method"":""jaccard1"",""name_1"":""Iwate""},{""gid_1"":""JPN.19_1"",""migration_date"":""2025-12-20"",""migration_method"":""jaccard1"",""name_1"":""Kanagawa""},{""gid_1"":""JPN.1_1"",""migration_date"":""2025-12-20"",""migration_method"":""jaccard1"",""name_1"":""Aichi""},{""gid_1"":""JPN.22_1"",""migration_date"":""2025-12-20"",""migration_method"":""jaccard1"",""name_1"":""Kyoto""},{""gid_1"":""JPN.23_1"",""migration_date"":""2025-12-20"",""migration_method"":""jaccard1"",""name_1"":""Mie""},{""gid_1"":""JPN.24_1"",""migration_date"":""2025-12-20"",""migration_method"":""jaccard1"",""name_1"":""Miyagi""},{""gid_1"":""JPN.26_1"",""migration_date"":""2025-12-20"",""migration_method"":""jaccard1"",""name_1"":""Nagano""},{""gid_1"":""JPN.28_1"",""migration_date"":""2025-12-20"",""migration_method"":""jaccard1"",""name_1"":""Nara""},{""gid_1"":""JPN.29_1"",""migration_date"":""2025-12-20"",""migration_method"":""jaccard1"",""name_1"":""Niigata""},{""gid_1"":""JPN.2_1"",""migration_date"":""2025-12-20"",""migration_method"":""jaccard1"",""name_1"":""Akita""},{""gid_1"":""JPN.31_1"",""migration_date"":""2025-12-20"",""migration_method"":""jaccard1"",""name_1"":""Okayama""},{""gid_1"":""JPN.33_1"",""migration_date"":""2025-12-20"",""migration_method"":""jaccard1"",""name_1"":""Osaka""},{""gid_1"":""JPN.35_1"",""migration_date"":""2025-12-20"",""migration_method"":""jaccard1"",""name_1"":""Saitama""},{""gid_1"":""JPN.36_1"",""migration_date"":""2025-12-20"",""migration_method"":""jaccard1"",""name_1"":""Shiga""},{""gid_1"":""JPN.37_1"",""migration_date"":""2025-12-20"",""migration_method"":""jaccard1"",""name_1"":""Shimane""},{""gid_1"":""JPN.38_1"",""migration_date"":""2025-12-20"",""migration_method"":""jaccard1"",""name_1"":""Shizuoka""},{""gid_1"":""JPN.39_1"",""migration_date"":""2025-12-20"",""migration_method"":""jaccard1"",""name_1"":""Tochigi""},{""gid_1"":""JPN.3_1"",""migration_date"":""2025-12-20"",""migration_method"":""jaccard1"",""name_1"":""Aomori""},{""gid_1"":""JPN.41_1"",""migration_date"":""2025-12-20"",""migration_method"":""jaccard1"",""name_1"":""Tokyo""},{""gid_1"":""JPN.42_1"",""migration_date"":""2025-12-20"",""migration_method"":""jaccard1"",""name_1"":""Tottori""},{""gid_1"":""JPN.43_1"",""migration_date"":""2025-12-20"",""migration_method"":""jaccard1"",""name_1"":""Toyama""},{""gid_1"":""JPN.44_1"",""migration_date"":""2025-12-20"",""migration_method"":""jaccard1"",""name_1"":""Wakayama""},{""gid_1"":""JPN.45_1"",""migration_date"":""2025-12-20"",""migration_method"":""jaccard1"",""name_1"":""Yamagata""},{""gid_1"":""JPN.46_1"",""migration_date"":""2025-12-20"",""migration_method"":""jaccard1"",""name_1"":""Yamaguchi""},{""gid_1"":""JPN.47_1"",""migration_date"":""2025-12-20"",""migration_method"":""jaccard1"",""name_1"":""Yamanashi""},{""gid_1"":""JPN.4_1"",""migration_date"":""2025-12-20"",""migration_method"":""jaccard1"",""name_1"":""Chiba""},{""gid_1"":""JPN.6_1"",""migration_date"":""2025-12-20"",""migration_method"":""jaccard1"",""name_1"":""Fukui""},{""gid_1"":""JPN.8_1"",""migration_date"":""2025-12-20"",""migration_method"":""jaccard1"",""name_1"":""Fukushima""},{""gid_1"":""JPN.9_1"",""migration_date"":""2025-12-20"",""migration_method"":""jaccard1"",""name_1"":""Gifu""}]",2021-04-12,2025-12-20,2021-03-20,2021-03-20,2021-03-20
2021-0105-JPN,No,nat-geo-ear-gro,Natural,Geophysical,Earthquake,Ground movement,GLIDE:EQ-2021-000015,,JPN,Japan,Eastern Asia,Asia,Namie region,,,No,No,No,,7.1,Moment Magnitude,37.745,141.749,,2021,2.0,13.0,2021,2.0,13.0,1.0,185.0,7647.0,60.0,7892.0,,,2300000.0,2732663.0,7700000.0,9148480.0,84.16698295725244,"[{""adm2_code"":33868,""adm2_name"":""Namiemati""}]","[{""gid_2"":""JPN.8.36_1"",""migration_date"":""2025-12-20"",""migration_method"":""jaccard2"",""name_2"":""Namie""}]",2021-02-26,2025-12-20,2021-02-13,2021-02-13,2021-02-13
2021-0829-LAO,No,nat-geo-ear-gro,Natural,Geophysical,Earthquake,Ground movement,,,LAO,Lao People's Democratic Republic,South-eastern Asia,Asia,Phongsaly province,,,No,No,No,,5.7,Moment Magnitude,22.37,101.671,,2021,12.0,24.0,2021,12.0,24.0,,,,,,,,,,120.0,143.0,84.16698295725244,"[{""adm1_code"":1762,""adm1_name"":""Phongsali""}]","[{""gid_1"":""LAO.10_1"",""migration_date"":""2025-12-20"",""migration_method"":""jaccard1"",""name_1"":""Phôngsali""}]",2022-01-03,2025-12-20,2021-12-24,2021-12-24,2021-12-24
2021-0602-MEX,No,nat-geo-ear-gro,Natural,Geophysical,Earthquake,Ground movement,GLIDE:EQ-2021-000137,,MEX,Mexico,Latin America and the Caribbean,Americas,Southern Guerrero State,,Tsunami/Tidal wave,No,No,No,,7.0,Moment Magnitude,16.982,-99.773,,2021,9.0,8.0,2021,9.0,8.0,3.0,,21951.0,,21951.0,,,,,200000.0,237623.0,84.16698295725244,"[{""adm1_code"":2039,""adm1_name"":""Guerrero""}]","[{""gid_1"":""MEX.12_1"",""migration_date"":""2025-12-20"",""migration_method"":""jaccard1"",""name_1"":""Guerrero""}]",2021-09-17,2025-12-20,2021-09-08,2021-09-08,2021-09-08
2021-0654-PAK,No,nat-geo-ear-gro,Natural,Geophysical,Earthquake,Ground movement,GLIDE:EQ-2021-000156,,PAK,Pakistan,Southern Asia,Asia,Hernai district i(Balochistan),,"Slide (land, mud, snow, rock)",No,No,Yes,,5.9,Moment Magnitude,30.22,68.014,,2021,10.0,7.0,2021,10.0,7.0,21.0,300.0,63800.0,,64100.0,,,,,,,84.16698295725244,"[{""adm2_code"":40312,""adm2_name"":""Sibi District""}]",,2021-10-08,2023-09-25,2021-10-07,2021-10-07,2021-10-07
2021-0758-PER,No,nat-geo-ear-gro,Natural,Geophysical,Earthquake,Ground movement,GLIDE:EQ-2021-000192,,PER,Peru,Latin America and the Caribbean,Americas,"Condorcanqui, Rodriguez de Mendoza, Bongará, Luya, Chachapoyas, Bagua, Utcubamba (Amazonas); Cajamarca, San Marcos, Cutervo, San Ignacio, Celendín, San Miguel, Jaén, Chota (Cajamarca); Alto Amazonas, Datem del Marañón (Loreto); San Martín, Moyobamba, Picota, Rioja, Lamas, Dorado, Huallaga, Bellavista, Mariscal Cáceres (San Martín); Sihuas (Ancash); Huanuco; Julcán, Bolívar, Otuzco (La Libertad); Lambayeque, Chiclayo, Ferreñafe (Lambayeque); Huancabamba, Piura, Ayabaca (Piura); Huánuco, Dos de Mayo, Yarowilca (Huánuco); Pasco, Daniel Alcides Carrión (Pasco)",,,No,No,Yes,,7.2,Moment Magnitude,-4.49,-76.846,,2021,11.0,28.0,2021,11.0,28.0,,3.0,17909.0,,17912.0,,,,,,,84.16698295725244,"[{""adm2_code"":24005,""adm2_name"":""Bagua""},{""adm2_code"":24006,""adm2_name"":""Bongará""},{""adm2_code"":24007,""adm2_name"":""Chachapoyas""},{""adm2_code"":24008,""adm2_name"":""Condorcanqui""},{""adm2_code"":24009,""adm2_name"":""Luya""},{""adm2_code"":24010,""adm2_name"":""Rodríguez de Mendoza""},{""adm2_code"":24011,""adm2_name"":""Utcubamba""},{""adm2_code"":24030,""adm2_name"":""Sihuas""},{""adm2_code"":24059,""adm2_name"":""Cajamarca""},{""adm2_code"":24060,""adm2_name"":""Celendín""},{""adm2_code"":24061,""adm2_name"":""Chota""},{""adm2_code"":24063,""adm2_name"":""Cutervo""},{""adm2_code"":24065,""adm2_name"":""Jaén""},{""adm2_code"":24066,""adm2_name"":""San Ignacio""},{""adm2_code"":24067,""adm2_name"":""San Marcos""},{""adm2_code"":24068,""adm2_name"":""San Miguel""},{""adm2_code"":24096,""adm2_name"":""Huenuco""},{""adm2_code"":24102,""adm2_name"":""Yarowilca""},{""adm2_code"":91840,""adm2_name"":""Dos de Mayo""},{""adm2_code"":24118,""adm2_name"":""Bolívar""},{""adm2_code"":24121,""adm2_name"":""Julcan""},{""adm2_code"":24122,""adm2_name"":""Otuzco""},{""adm2_code"":24129,""adm2_name"":""Chiclayo""},{""adm2_code"":24130,""adm2_name"":""Ferreñafe""},{""adm2_code"":91842,""adm2_name"":""Datem del Maranon""},{""adm2_code"":91847,""adm2_name"":""Alto Amazonas""},{""adm2_code"":24154,""adm2_name"":""Daniel Alcides Carrión""},{""adm2_code"":24156,""adm2_name"":""Pasco""},{""adm2_code"":24157,""adm2_name"":""Ayabaca""},{""adm2_code"":24158,""adm2_name"":""Huancabamba""},{""adm2_code"":24161,""adm2_name"":""Piura""},{""adm2_code"":24179,""adm2_name"":""Bellavista""},{""adm2_code"":24182,""adm2_name"":""Lamas""},{""adm2_code"":24184,""adm2_name"":""Moyobamba""},{""adm2_code"":24185,""adm2_name"":""Picota""},{""adm2_code"":24186,""adm2_name"":""Rioja""},{""adm2_code"":91844,""adm2_name"":""El Dorado""},{""adm2_code"":91845,""adm2_name"":""Huallaga""},{""adm2_code"":91846,""adm2_name"":""Mariscal Cáceres""}]","[{""gid_2"":""PER.1.1_1"",""migration_date"":""2025-12-20"",""migration_method"":""jaccard2"",""name_2"":""Bagua""},{""gid_2"":""PER.1.2_1"",""migration_date"":""2025-12-20"",""migration_method"":""jaccard2"",""name_2"":""Bongará""},{""gid_2"":""PER.1.3_1"",""migration_date"":""2025-12-20"",""migration_method"":""jaccard2"",""name_2"":""Chachapoyas""},{""gid_2"":""PER.1.4_1"",""migration_date"":""2025-12-20"",""migration_method"":""jaccard2"",""name_2"":""Condorcanqui""},{""gid_2"":""PER.1.5_1"",""migration_date"":""2025-12-20"",""migration_method"":""jaccard2"",""name_2"":""Luya""},{""gid_2"":""PER.1.6_1"",""migration_date"":""2025-12-20"",""migration_method"":""jaccard2"",""name_2"":""Rodríguez de Mendoza""},{""gid_2"":""PER.1.7_1"",""migration_date"":""2025-12-20"",""migration_method"":""jaccard2"",""name_2"":""Utcubamba""},{""gid_2"":""PER.10.11_1"",""migration_date"":""2025-12-20"",""migration_method"":""jaccard2"",""name_2"":""Yarowilca""},{""gid_2"":""PER.10.2_1"",""migration_date"":""2025-12-20"",""migration_method"":""jaccard2"",""name_2"":""Dos de Mayo""},{""gid_2"":""PER.10.5_1"",""migration_date"":""2025-12-20"",""migration_method"":""jaccard2"",""name_2"":""Huenuco""},{""gid_2"":""PER.13.2_1"",""migration_date"":""2025-12-20"",""migration_method"":""jaccard2"",""name_2"":""Bolívar""},{""gid_2"":""PER.13.5_1"",""migration_date"":""2025-12-20"",""migration_method"":""jaccard2"",""name_2"":""Julcan""},{""gid_2"":""PER.13.6_1"",""migration_date"":""2025-12-20"",""migration_method"":""jaccard2"",""name_2"":""Otuzco""},{""gid_2"":""PER.14.1_1"",""migration_date"":""2025-12-20"",""migration_method"":""jaccard2"",""name_2"":""Chiclayo""},{""gid_2"":""PER.14.2_1"",""migration_date"":""2025-12-20"",""migration_method"":""jaccard2"",""name_2"":""Ferreñafe""},{""gid_2"":""PER.17.1_1"",""migration_date"":""2025-12-20"",""migration_method"":""jaccard2"",""name_2"":""Alto Amazonas""},{""gid_2"":""PER.17.1_1"",""migration_date"":""2025-12-20"",""migration_method"":""bufhaus2"",""name_2"":""Alto Amazonas""},{""gid_2"":""PER.2.19_1"",""migration_date"":""2025-12-20"",""migration_method"":""jaccard2"",""name_2"":""Sihuas""},{""gid_2"":""PER.20.1_1"",""migration_date"":""2025-12-20"",""migration_method"":""jaccard2"",""name_2"":""Daniel Alcides Carrión""},{""gid_2"":""PER.20.3_1"",""migration_date"":""2025-12-20"",""migration_method"":""jaccard2"",""name_2"":""Pasco""},{""gid_2"":""PER.21.1_1"",""migration_date"":""2025-12-20"",""migration_method"":""jaccard2"",""name_2"":""Ayabaca""},{""gid_2"":""PER.21.2_1"",""migration_date"":""2025-12-20"",""migration_method"":""jaccard2"",""name_2"":""Huancabamba""},{""gid_2"":""PER.21.5_1"",""migration_date"":""2025-12-20"",""migration_method"":""jaccard2"",""name_2"":""Piura""},{""gid_2"":""PER.23.1_1"",""migration_date"":""2025-12-20"",""migration_method"":""jaccard2"",""name_2"":""Bellavista""},{""gid_2"":""PER.23.2_1"",""migration_date"":""2025-12-20"",""migration_method"":""jaccard2"",""name_2"":""El Dorado""},{""gid_2"":""PER.23.3_1"",""migration_date"":""2025-12-20"",""migration_method"":""jaccard2"",""name_2"":""Huallaga""},{""gid_2"":""PER.23.4_1"",""migration_date"":""2025-12-20"",""migration_method"":""jaccard2"",""name_2"":""Lamas""},{""gid_2"":""PER.23.5_1"",""migration_date"":""2025-12-20"",""migration_method"":""jaccard2"",""name_2"":""Mariscal Cáceres""},{""gid_2"":""PER.23.6_1"",""migration_date"":""2025-12-20"",""migration_method"":""jaccard2"",""name_2"":""Moyobamba""},{""gid_2"":""PER.23.7_1"",""migration_date"":""2025-12-20"",""migration_method"":""jaccard2"",""name_2"":""Picota""},{""gid_2"":""PER.23.8_1"",""migration_date"":""2025-12-20"",""migration_method"":""jaccard2"",""name_2"":""Rioja""},{""gid_2"":""PER.6.10_1"",""migration_date"":""2025-12-20"",""migration_method"":""jaccard2"",""name_2"":""San Marcos""},{""gid_2"":""PER.6.11_1"",""migration_date"":""2025-12-20"",""migration_method"":""jaccard2"",""name_2"":""San Miguel""},{""gid_2"":""PER.6.2_1"",""migration_date"":""2025-12-20"",""migration_method"":""jaccard2"",""name_2"":""Cajamarca""},{""gid_2"":""PER.6.3_1"",""migration_date"":""2025-12-20"",""migration_method"":""jaccard2"",""name_2"":""Celendín""},{""gid_2"":""PER.6.4_1"",""migration_date"":""2025-12-20"",""migration_method"":""jaccard2"",""name_2"":""Chota""},{""gid_2"":""PER.6.6_1"",""migration_date"":""2025-12-20"",""migration_method"":""jaccard2"",""name_2"":""Cutervo""},{""gid_2"":""PER.6.8_1"",""migration_date"":""2025-12-20"",""migration_method"":""jaccard2"",""name_2"":""Jaén""},{""gid_2"":""PER.6.9_1"",""migration_date"":""2025-12-20"",""migration_method"":""jaccard2"",""name_2"":""San Ignacio""}]",2021-11-30,2025-12-20,2021-11-28,2021-11-28,2021-11-28
2021-0462-PER,No,nat-geo-ear-gro,Natural,Geophysical,Earthquake,Ground movement,GLIDE:EQ-2021-000101,,PER,Peru,Latin America and the Caribbean,Americas,Piura region,,,No,No,No,,6.2,Moment Magnitude,,,,2021,7.0,30.0,2021,7.0,30.0,,721.0,700.0,,1421.0,,,,,,,84.16698295725244,"[{""adm1_code"":2347,""adm1_name"":""Piura""}]","[{""gid_1"":""PER.21_1"",""migration_date"":""2025-12-20"",""migration_method"":""jaccard1"",""name_1"":""Piura""}]",2021-08-02,2025-12-20,2021-07-30,2021-07-30,2021-07-30
2021-0403-TJK,No,nat-geo-ear-gro,Natural,Geophysical,Earthquake,Ground movement,GLIDE:EQ-2021-000081,,TJK,Tajikistan,Central Asia,Asia,Tadjikobod district (Douchanbé region),,,No,No,No,,5.9,Moment Magnitude,,,,2021,7.0,10.0,2021,7.0,10.0,5.0,,100.0,,100.0,,,,,,,84.16698295725244,"[{""adm2_code"":37628,""adm2_name"":""Tojikobod""}]",,2021-07-12,2025-06-25,2021-07-10,2021-07-10,2021-07-10
2022-0027-AFG,No,nat-geo-ear-gro,Natural,Geophysical,Earthquake,Ground movement,GLIDE:EQ-2022-000008,,AFG,Afghanistan,Southern Asia,Asia,Qadis (Badghis province) Ghor and Hirat provinces,,,No,No,No,,5.3,Moment Magnitude,34.929,63.621,45 km E of Qala i Naw,2022,1.0,17.0,2022,1.0,17.0,28.0,4.0,,4000.0,4004.0,,,,,,,90.9026974595266,"[{""adm1_code"":280,""adm1_name"":""Ghor""},{""adm1_code"":282,""adm1_name"":""Hirat""},{""adm2_code"":99954,""adm2_name"":""Qadis""}]","[{""gid_1"":""AFG.10_1"",""migration_date"":""2025-12-20"",""migration_method"":""jaccard1"",""name_1"":""Ghor""},{""gid_1"":""AFG.12_1"",""migration_date"":""2025-12-20"",""migration_method"":""jaccard1"",""name_1"":""Hirat""},{""gid_2"":""AFG.2.6_1"",""migration_date"":""2025-12-20"",""migration_method"":""bufhaus2"",""name_2"":""Qadis""}]",2022-01-19,2025-12-20,2022-01-17,2022-01-17,2022-01-17
2022-0342-AFG,No,nat-geo-ear-gro,Natural,Geophysical,Earthquake,Ground movement,GLIDE:EQ-2022-000232,,AFG,Afghanistan,Southern Asia,Asia,"Giyan, Barmal, and Ziruk Districts in Paktika Province, and Spera (Khost Province)",,,No,No,No,,5.9,Moment Magnitude,33.092,69.514,,2022,6.0,21.0,2022,6.0,21.0,1163.0,2989.0,361634.0,,364623.0,,,,,,,90.9026974595266,"[{""adm2_code"":3622,""adm2_name"":""Spera""},{""adm2_code"":3685,""adm2_name"":""Bermel""},{""adm2_code"":3687,""adm2_name"":""Gyan""},{""adm2_code"":3699,""adm2_name"":""Ziruk""}]","[{""gid_2"":""AFG.17.10_1"",""migration_date"":""2025-12-20"",""migration_method"":""jaccard2"",""name_2"":""Spera""},{""gid_2"":""AFG.25.15_1"",""migration_date"":""2025-12-20"",""migration_method"":""bufhaus2"",""name_2"":""Ziluk""},{""gid_2"":""AFG.25.1_1"",""migration_date"":""2025-12-20"",""migration_method"":""jaccard2"",""name_2"":""Burmul""},{""gid_2"":""AFG.25.3_1"",""migration_date"":""2025-12-20"",""migration_method"":""jaccard2"",""name_2"":""Gayan""}]",2022-06-28,2025-12-20,2022-06-21,2022-06-21,2022-06-21
2022-0231-BIH,No,nat-geo-ear-gro,Natural,Geophysical,Earthquake,Ground movement,,,BIH,Bosnia and Herzegovina,Southern Europe,Europe,Ljubinje and Capljina,,,No,No,No,,5.6,Moment Magnitude,,,,2022,4.0,23.0,2022,4.0,23.0,1.0,2.0,1050.0,,1052.0,,,,,26000.0,28602.0,90.9026974595266,"[{""adm2_code"":6286,""adm2_name"":""Ljubinje""}]","[{""gid_2"":""BIH.3.6_1"",""migration_date"":""2025-12-20"",""migration_method"":""bufhaus2"",""name_2"":""Trebinje""}]",2022-04-26,2026-02-10,2022-04-23,2022-04-23,2022-04-23
2022-0045-CHN,No,nat-geo-ear-gro,Natural,Geophysical,Earthquake,Ground movement,GLIDE:EQ-2022-000001,,CHN,China,Eastern Asia,Asia,"Gansu, Ningxia, Qinghai Province",,,No,No,No,,6.6,Moment Magnitude,37.828,101.29,,2022,1.0,8.0,2022,1.0,8.0,,9.0,26490.0,,26499.0,,,,,541000.0,595142.0,90.9026974595266,"[{""adm1_code"":902,""adm1_name"":""Gansu Sheng""},{""adm1_code"":918,""adm1_name"":""Ningxia Huizu Zizhiqu""},{""adm1_code"":919,""adm1_name"":""Qinghai Sheng""}]","[{""gid_1"":""CHN.20_1"",""migration_date"":""2025-12-20"",""migration_method"":""jaccard1"",""name_1"":""Ningxia Hui""},{""gid_1"":""CHN.21_1"",""migration_date"":""2025-12-20"",""migration_method"":""jaccard1"",""name_1"":""Qinghai""},{""gid_1"":""CHN.5_1"",""migration_date"":""2025-12-20"",""migration_method"":""jaccard1"",""name_1"":""Gansu""}]",2022-01-21,2025-12-20,2022-01-08,2022-01-08,2022-01-08
2022-0411-CHN,No,nat-geo-ear-gro,Natural,Geophysical,Earthquake,Ground movement,,,CHN,China,Eastern Asia,Asia,Sichuan,,,No,No,No,,5.9,Moment Magnitude,33.373,101.887,,2022,6.0,10.0,2022,6.0,10.0,,4.0,780.0,,784.0,,,,,,,90.9026974595266,"[{""adm1_code"":924,""adm1_name"":""Sichuan Sheng""}]","[{""gid_1"":""CHN.26_1"",""migration_date"":""2025-12-20"",""migration_method"":""jaccard1"",""name_1"":""Sichuan""}]",2022-07-07,2025-12-20,2022-06-10,2022-06-10,2022-06-10
2022-0567-CHN,No,nat-geo-ear-gro,Natural,Geophysical,Earthquake,Ground movement,GLIDE:EQ-2022-000303,,CHN,China,Eastern Asia,Asia,Sichuan province,,,No,No,No,,6.6,Moment Magnitude,29.726,102.279,,2022,9.0,5.0,2022,9.0,5.0,118.0,400.0,130000.0,,130400.0,,,,,2300000.0,2530178.0,90.9026974595266,"[{""adm1_code"":924,""adm1_name"":""Sichuan Sheng""}]","[{""gid_1"":""CHN.26_1"",""migration_date"":""2025-12-20"",""migration_method"":""jaccard1"",""name_1"":""Sichuan""}]",2022-09-05,2025-12-20,2022-09-05,2022-09-05,2022-09-05
2022-0004-CHN,No,nat-geo-ear-gro,Natural,Geophysical,Earthquake,Ground movement,,,CHN,China,Eastern Asia,Asia,"Lijiang, Ninglang Yi, Yulong Naxi (Yunnan)",,,No,No,No,,5.4,Moment Magnitude,,,,2022,1.0,2.0,2022,1.0,2.0,,30.0,29000.0,,29030.0,,,,,54000.0,59404.0,90.9026974595266,"[{""adm1_code"":929,""adm1_name"":""Yunnan Sheng""}]","[{""gid_1"":""CHN.30_1"",""migration_date"":""2025-12-20"",""migration_method"":""jaccard1"",""name_1"":""Yunnan""}]",2022-01-05,2025-12-20,2022-01-02,2022-01-02,2022-01-02
2022-0334-CHN,No,nat-geo-ear-gro,Natural,Geophysical,Earthquake,Ground movement,,,CHN,China,Eastern Asia,Asia,"Baoxing, Lushan counties (Sichuan province)",,"Slide (land, mud, snow, rock)",No,No,No,,5.8,Moment Magnitude,30.395,102.958,,2022,6.0,1.0,2022,6.0,1.0,4.0,41.0,13500.0,,13541.0,,,,,42000.0,46203.0,90.9026974595266,"[{""adm1_code"":924,""adm1_name"":""Sichuan Sheng""}]","[{""gid_1"":""CHN.26_1"",""migration_date"":""2025-12-20"",""migration_method"":""jaccard1"",""name_1"":""Sichuan""}]",2022-06-01,2025-12-20,2022-06-01,2022-06-01,2022-06-01
2022-0177-ECU,No,nat-geo-ear-gro,Natural,Geophysical,Earthquake,Ground movement,GLIDE:EQ-2022-000194,,ECU,Ecuador,Latin America and the Caribbean,Americas,"Cotopaxi, Esmeraldas, Guayas, Imbabura, Los Ríos, Manabí, Pichincha, Santo Domingo de los Tsáchilas, Tungurahua",,,No,No,No,,5.8,Moment Magnitude,0.909,-79.589,,2022,3.0,26.0,2022,3.0,26.0,1.0,2.0,7802.0,,7804.0,,,,,,,90.9026974595266,"[{""adm1_code"":1140,""adm1_name"":""Cotopaxi""},{""adm1_code"":1142,""adm1_name"":""Esmeraldas""},{""adm1_code"":1145,""adm1_name"":""Imbabura""},{""adm1_code"":1147,""adm1_name"":""Los Rios""},{""adm1_code"":1148,""adm1_name"":""Manabi""},{""adm1_code"":1155,""adm1_name"":""Tungurahua""},{""adm1_code"":22005,""adm1_name"":""Guayas""},{""adm1_code"":22006,""adm1_name"":""Pichincha""},{""adm1_code"":22008,""adm1_name"":""Santo Domingo de los Tsachilas""}]","[{""gid_1"":""ECU.10_1"",""migration_date"":""2025-12-20"",""migration_method"":""jaccard1"",""name_1"":""Guayas""},{""gid_1"":""ECU.11_1"",""migration_date"":""2025-12-20"",""migration_method"":""jaccard1"",""name_1"":""Imbabura""},{""gid_1"":""ECU.13_1"",""migration_date"":""2025-12-20"",""migration_method"":""jaccard1"",""name_1"":""Los Rios""},{""gid_1"":""ECU.14_1"",""migration_date"":""2025-12-20"",""migration_method"":""jaccard1"",""name_1"":""Manabi""},{""gid_1"":""ECU.19_1"",""migration_date"":""2025-12-20"",""migration_method"":""jaccard1"",""name_1"":""Pichincha""},{""gid_1"":""ECU.23_1"",""migration_date"":""2025-12-20"",""migration_method"":""jaccard1"",""name_1"":""Tungurahua""},{""gid_1"":""ECU.6_1"",""migration_date"":""2025-12-20"",""migration_method"":""jaccard1"",""name_1"":""Cotopaxi""},{""gid_1"":""ECU.8_1"",""migration_date"":""2025-12-20"",""migration_method"":""jaccard1"",""name_1"":""Esmeraldas""},{""gid_2"":""ECU.21.2_1"",""migration_date"":""2025-12-20"",""migration_method"":""puzzle1_2"",""name_2"":""Santo Domingo""}]",2022-03-28,2025-12-20,2022-03-26,2022-03-26,2022-03-26
2022-0092-GTM,No,nat-geo-ear-gro,Natural,Geophysical,Earthquake,Ground movement,,,GTM,Guatemala,Latin America and the Caribbean,Americas,"Escuintla, Baja Verapaz, Chimaltenango, Guatemala, Quetzaltenango, Sacatepéquez, Sololá, Suchitepéquez and Totonicapán departments",,,No,No,No,,6.2,Moment Magnitude,14.228,-91.343,,2022,2.0,16.0,2022,2.0,16.0,3.0,2.0,31300.0,,31302.0,,,,,,,90.9026974595266,"[{""adm1_code"":64821,""adm1_name"":""Guatemala""},{""adm1_code"":64823,""adm1_name"":""Sacatepéquez""},{""adm1_code"":64824,""adm1_name"":""Chimaltenango""},{""adm1_code"":64825,""adm1_name"":""Escuintla""},{""adm1_code"":64827,""adm1_name"":""Sololá""},{""adm1_code"":64828,""adm1_name"":""Totonicapán""},{""adm1_code"":64829,""adm1_name"":""Quetzaltenango""},{""adm1_code"":64830,""adm1_name"":""Suchitepéquez""},{""adm1_code"":64835,""adm1_name"":""Baja Verapaz""}]","[{""gid_1"":""GTM.13_1"",""migration_date"":""2025-12-20"",""migration_method"":""jaccard1"",""name_1"":""Quezaltenango""},{""gid_1"":""GTM.16_1"",""migration_date"":""2025-12-20"",""migration_method"":""jaccard1"",""name_1"":""Sacatepéquez""},{""gid_1"":""GTM.19_1"",""migration_date"":""2025-12-20"",""migration_method"":""jaccard1"",""name_1"":""Sololá""},{""gid_1"":""GTM.20_1"",""migration_date"":""2025-12-20"",""migration_method"":""jaccard1"",""name_1"":""Suchitepéquez""},{""gid_1"":""GTM.21_1"",""migration_date"":""2025-12-20"",""migration_method"":""jaccard1"",""name_1"":""Totonicapán""},{""gid_1"":""GTM.2_1"",""migration_date"":""2025-12-20"",""migration_method"":""jaccard1"",""name_1"":""Baja Verapaz""},{""gid_1"":""GTM.3_1"",""migration_date"":""2025-12-20"",""migration_method"":""jaccard1"",""name_1"":""Chimaltenango""},{""gid_1"":""GTM.6_1"",""migration_date"":""2025-12-20"",""migration_method"":""jaccard1"",""name_1"":""Escuintla""},{""gid_1"":""GTM.7_1"",""migration_date"":""2025-12-20"",""migration_method"":""jaccard1"",""name_1"":""Guatemala""}]",2022-02-17,2025-12-20,2022-02-16,2022-02-16,2022-02-16
2022-0057-HTI,No,nat-geo-ear-gro,Natural,Geophysical,Earthquake,Ground movement,GLIDE:EQ-2022-000150,,HTI,Haiti,Latin America and the Caribbean,Americas,Nippes Department,,,No,No,No,,5.3,Moment Magnitude,18.494,-73.3,,2022,1.0,24.0,2022,1.0,24.0,2.0,52.0,15.0,950.0,1017.0,,,,,,,90.9026974595266,"[{""adm1_code"":72912,""adm1_name"":""Nippes""}]","[{""gid_1"":""HTI.4_1"",""migration_date"":""2025-12-20"",""migration_method"":""jaccard1"",""name_1"":""Nippes""}]",2022-01-27,2025-12-20,2022-01-24,2022-01-24,2022-01-24
2022-0012-IDN,No,nat-geo-ear-gro,Natural,Geophysical,Earthquake,Ground movement,,,IDN,Indonesia,South-eastern Asia,Asia,Maluku Province,,,No,No,No,,5.6,Moment Magnitude,,,,2022,1.0,10.0,2022,1.0,10.0,,2.0,300.0,,302.0,,,,,,,90.9026974595266,"[{""adm1_code"":73615,""adm1_name"":""Maluku""}]","[{""gid_2"":""IDN.19.10_1"",""migration_date"":""2025-12-20"",""migration_method"":""puzzle1_2"",""name_2"":""Seram Bagian Timur""},{""gid_2"":""IDN.19.11_1"",""migration_date"":""2025-12-20"",""migration_method"":""puzzle1_2"",""name_2"":""Tual""},{""gid_2"":""IDN.19.1_1"",""migration_date"":""2025-12-20"",""migration_method"":""puzzle1_2"",""name_2"":""Ambon""},{""gid_2"":""IDN.19.4_1"",""migration_date"":""2025-12-20"",""migration_method"":""puzzle1_2"",""name_2"":""Kepulauan Aru""},{""gid_2"":""IDN.19.5_1"",""migration_date"":""2025-12-20"",""migration_method"":""puzzle1_2"",""name_2"":""Maluku Barat Daya""},{""gid_2"":""IDN.19.6_1"",""migration_date"":""2025-12-20"",""migration_method"":""puzzle1_2"",""name_2"":""Maluku Tengah""},{""gid_2"":""IDN.19.7_1"",""migration_date"":""2025-12-20"",""migration_method"":""puzzle1_2"",""name_2"":""Maluku Tenggara Barat""},{""gid_2"":""IDN.19.8_1"",""migration_date"":""2025-12-20"",""migration_method"":""puzzle1_2"",""name_2"":""Maluku Tenggara""},{""gid_2"":""IDN.19.9_1"",""migration_date"":""2025-12-20"",""migration_method"":""puzzle1_2"",""name_2"":""Seram Bagian Barat""}]",2022-01-12,2025-12-20,2022-01-10,2022-01-10,2022-01-10
2022-0595-IDN,No,nat-geo-ear-gro,Natural,Geophysical,Earthquake,Ground movement,,,IDN,Indonesia,South-eastern Asia,Asia,"Mentawai Islands Regency, (West Sumatra Province)",,,No,No,No,,6.0,Moment Magnitude,,,,2022,9.0,11.0,2022,9.0,11.0,,3.0,6000.0,,6003.0,,,,,,,90.9026974595266,,"[{""gid_2"":""IDN.30.5_1"",""name_2"":""Kepulauan Mentawai""}]",2022-09-13,2026-02-11,2022-09-11,2022-09-11,2022-09-11
2022-0042-IDN,No,nat-geo-ear-gro,Natural,Geophysical,Earthquake,Ground movement,GLIDE:EQ-2022-000004,,IDN,Indonesia,South-eastern Asia,Asia,"Banten, Jawa Barat",,,No,No,No,,6.6,Moment Magnitude,-6.86,105.289,,2022,1.0,14.0,2022,1.0,14.0,,1975.0,13415.0,,15390.0,,,,,23000.0,25302.0,90.9026974595266,"[{""adm1_code"":73610,""adm1_name"":""Banten""},{""adm1_code"":73613,""adm1_name"":""Jawa Barat""}]","[{""gid_1"":""IDN.4_1"",""migration_date"":""2025-12-20"",""migration_method"":""jaccard1"",""name_1"":""Banten""},{""gid_1"":""IDN.9_1"",""migration_date"":""2025-12-20"",""migration_method"":""jaccard1"",""name_1"":""Jawa Barat""}]",2022-01-21,2025-12-20,2022-01-14,2022-01-14,2022-01-14
2022-0115-IDN,No,nat-geo-ear-gro,Natural,Geophysical,Earthquake,Ground movement,,,IDN,Indonesia,South-eastern Asia,Asia,"Pasaman Regency, West Pasaman Regency (West Sumatra Province)",,,No,No,No,,6.1,Moment Magnitude,0.216,100.096,,2022,2.0,25.0,2022,2.0,25.0,15.0,388.0,24000.0,515.0,24903.0,,,,,39000.0,42903.0,90.9026974595266,"[{""adm2_code"":73745,""adm2_name"":""Kota Pasaman""},{""adm2_code"":73822,""adm2_name"":""Kota Pasaman Barat""}]","[{""gid_2"":""IDN.30.12_1"",""migration_date"":""2025-12-20"",""migration_method"":""jaccard2"",""name_2"":""Pasaman Barat""},{""gid_2"":""IDN.30.13_1"",""migration_date"":""2025-12-20"",""migration_method"":""jaccard2"",""name_2"":""Pasaman""}]",2022-02-28,2025-12-20,2022-02-25,2022-02-25,2022-02-25
2022-0755-IDN,No,nat-geo-ear-gro,Natural,Geophysical,Earthquake,Ground movement,GLIDE:EQ-2022-000363,,IDN,Indonesia,South-eastern Asia,Asia,"Cianjur, Sukabumi, Bogor districts (West Java Province)",,,No,No,Yes,,5.6,Moment Magnitude,-6.853,107.095,,2022,11.0,21.0,2022,11.0,21.0,334.0,4645.0,2200000.0,,2204645.0,,,,,,,90.9026974595266,"[{""adm2_code"":18008,""adm2_name"":""Bogor""},{""adm2_code"":18010,""adm2_name"":""Cianjur""},{""adm2_code"":18026,""adm2_name"":""Sukabumi""}]","[{""gid_2"":""IDN.9.24_1"",""migration_date"":""2025-12-20"",""migration_method"":""jaccard2"",""name_2"":""Sukabumi""},{""gid_2"":""IDN.9.5_1"",""migration_date"":""2025-12-20"",""migration_method"":""jaccard2"",""name_2"":""Bogor""},{""gid_2"":""IDN.9.7_1"",""migration_date"":""2025-12-20"",""migration_method"":""jaccard2"",""name_2"":""Cianjur""}]",2022-11-21,2025-12-20,2022-11-21,2022-11-21,2022-11-21
2022-0634-IRN,No,nat-geo-ear-gro,Natural,Geophysical,Earthquake,Ground movement,GLIDE:EQ-2022-000326,,IRN,Iran (Islamic Republic of),Southern Asia,Asia,"Khoy, Salmas, Chaypareh (Khoy County, West Azerbaijan Province)",,,No,No,No,,5.6,Moment Magnitude,38.493,45.038,,2022,10.0,5.0,2022,10.0,5.0,,1127.0,11288.0,150.0,12565.0,,,,,,,90.9026974595266,"[{""adm2_code"":41005,""adm2_name"":""Khoy""}]","[{""gid_2"":""IRN.29.3_1"",""migration_date"":""2025-12-20"",""migration_method"":""jaccard2"",""name_2"":""Khoy""}]",2022-10-06,2025-12-20,2022-10-05,2022-10-05,2022-10-05
2022-0402-IRN,No,nat-geo-ear-gro,Natural,Geophysical,Earthquake,Ground movement,GLIDE:EQ-2022-000248|GLIDE:EQ-2022-000256,,IRN,Iran (Islamic Republic of),Southern Asia,Asia,"Kooshk, Konkh, Berke Seflin, Saye Khosh, Gavmiri, Chahderaz, Tang Sim, Doab, Basaeidoo, Chah Sahrghi, Gooran, Sayeh Khosh (Hormozgan Province)",,,No,No,No,,6.1,Moment Magnitude,26.899,55.321,,2022,7.0,2.0,2022,7.0,2.0,5.0,84.0,22216.0,,22300.0,,,,,143000.0,157311.0,90.9026974595266,,,2022-07-05,2025-06-25,2022-07-02,2022-07-02,2022-07-02
2022-0153-JPN,No,nat-geo-ear-gro,Natural,Geophysical,Earthquake,Ground movement,GLIDE:EQ-2022-000185,,JPN,Japan,Eastern Asia,Asia,Fukushima Prefecture,,,No,No,No,,7.3,Moment Magnitude,37.702,141.587,,2022,3.0,16.0,2022,3.0,16.0,3.0,183.0,558.0,,741.0,,,2800000.0,3080217.0,8800000.0,9680681.0,90.9026974595266,"[{""adm1_code"":1657,""adm1_name"":""Hukusima""}]","[{""gid_1"":""JPN.8_1"",""migration_date"":""2025-12-20"",""migration_method"":""jaccard1"",""name_1"":""Fukushima""}]",2022-03-23,2025-12-20,2022-03-16,2022-03-16,2022-03-16
2022-0622-MEX,No,nat-geo-ear-gro,Natural,Geophysical,Earthquake,Ground movement,,,MEX,Mexico,Latin America and the Caribbean,Americas,"Mexico; Coalcomán Municipality (Michoacán); Colima, Guerrero Jalisco States.",,,No,No,No,,6.8,Moment Magnitude,18.247,-102.952,,2022,9.0,22.0,2022,9.0,22.0,3.0,5.0,18000.0,,18005.0,,,,,,,90.9026974595266,"[{""adm1_code"":2035,""adm1_name"":""Colima""},{""adm1_code"":2039,""adm1_name"":""Guerrero""},{""adm1_code"":2041,""adm1_name"":""Jalisco""},{""adm1_code"":2042,""adm1_name"":""Mexico""},{""adm1_code"":2043,""adm1_name"":""Michoacan""}]","[{""gid_1"":""MEX.12_1"",""migration_date"":""2025-12-20"",""migration_method"":""jaccard1"",""name_1"":""Guerrero""},{""gid_1"":""MEX.14_1"",""migration_date"":""2025-12-20"",""migration_method"":""jaccard1"",""name_1"":""Jalisco""},{""gid_1"":""MEX.15_1"",""migration_date"":""2025-12-20"",""migration_method"":""jaccard1"",""name_1"":""México""},{""gid_1"":""MEX.16_1"",""migration_date"":""2025-12-20"",""migration_method"":""jaccard1"",""name_1"":""Michoacán""},{""gid_1"":""MEX.8_1"",""migration_date"":""2025-12-20"",""migration_method"":""jaccard1"",""name_1"":""Colima""}]",2022-10-04,2025-12-20,2022-09-22,2022-09-22,2022-09-22
2022-0623-MEX,No,nat-geo-ear-gro,Natural,Geophysical,Earthquake,Ground movement,,,MEX,Mexico,Latin America and the Caribbean,Americas,"Colima, Michoacán, Jalisco States",,Tsunami/Tidal wave,No,No,No,,7.6,Moment Magnitude,18.497,-102.982,,2022,9.0,19.0,2022,9.0,19.0,2.0,9.0,15453.0,2424.0,17886.0,,,,,25000.0,27502.0,90.9026974595266,"[{""adm1_code"":2035,""adm1_name"":""Colima""},{""adm1_code"":2041,""adm1_name"":""Jalisco""},{""adm1_code"":2043,""adm1_name"":""Michoacan""}]","[{""gid_1"":""MEX.14_1"",""migration_date"":""2025-12-20"",""migration_method"":""jaccard1"",""name_1"":""Jalisco""},{""gid_1"":""MEX.16_1"",""migration_date"":""2025-12-20"",""migration_method"":""jaccard1"",""name_1"":""Michoacán""},{""gid_1"":""MEX.8_1"",""migration_date"":""2025-12-20"",""migration_method"":""jaccard1"",""name_1"":""Colima""}]",2022-10-04,2025-12-20,2022-09-19,2022-09-19,2022-09-19
2022-0731-NPL,No,nat-geo-ear-gro,Natural,Geophysical,Earthquake,Ground movement,GLIDE:EQ-2022-000358,,NPL,Nepal,Southern Asia,Asia,Doti district,,,No,No,No,,5.7,Moment Magnitude,29.274,81.149,,2022,11.0,9.0,2022,11.0,9.0,6.0,8.0,30000.0,,30008.0,,,,,,,90.9026974595266,,"[{""gid_2"":""NPL.3.2_1"",""name_2"":""Seti""}]",2022-11-10,2026-01-29,2022-11-09,2022-11-09,2022-11-09
2022-0342-PAK,No,nat-geo-ear-gro,Natural,Geophysical,Earthquake,Ground movement,GLIDE:EQ-2022-000232,,PAK,Pakistan,Southern Asia,Asia,Lakki Marwat District (southern Khyber Pakhtunkhwa),,,No,No,No,,5.9,Moment Magnitude,,,,2022,6.0,21.0,2022,6.0,21.0,43.0,,,,,,,,,,,90.9026974595266,"[{""adm2_code"":40341,""adm2_name"":""Lakki Marwat District""}]","[{""gid_2"":""PAK.5.1_1"",""name_2"":""Bannu""}]",2022-06-29,2026-02-10,2022-06-21,2022-06-21,2022-06-21
2022-0592-PNG,No,nat-geo-ear-gro,Natural,Geophysical,Earthquake,Ground movement,GLIDE:EQ-2022-000308,,PNG,Papua New Guinea,Melanesia,Oceania,"Morobe, Padang, Es provinces",,,No,No,No,,7.6,Moment Magnitude,-6.256,146.469,,2022,9.0,13.0,2022,9.0,13.0,7.0,24.0,,1945.0,1969.0,,,,,,,90.9026974595266,,,2022-09-13,2025-03-04,2022-09-13,2022-09-13,2022-09-13
2022-0079-PER,No,nat-geo-ear-gro,Natural,Geophysical,Earthquake,Ground movement,,,PER,Peru,Latin America and the Caribbean,Americas,Barranca District (Datem del Marañón Province),,,No,No,No,,6.5,Moment Magnitude,-4.466,-76.928,,2022,2.0,3.0,2022,2.0,3.0,,,300.0,,300.0,,,,,,,90.9026974595266,"[{""adm2_code"":24132,""adm2_name"":""Barranca""},{""adm2_code"":91842,""adm2_name"":""Datem del Maranon""}]","[{""gid_2"":""PER.16.1_1"",""migration_date"":""2025-12-20"",""migration_method"":""jaccard2"",""name_2"":""Barranca""},{""gid_2"":""PER.17.1_1"",""migration_date"":""2025-12-20"",""migration_method"":""jaccard2"",""name_2"":""Alto Amazonas""}]",2022-02-09,2025-12-20,2022-02-03,2022-02-03,2022-02-03
2022-0430-PER,No,nat-geo-ear-gro,Natural,Geophysical,Earthquake,Ground movement,,,PER,Peru,Latin America and the Caribbean,Americas,La Capilla district (Moquegua department); Arequipa department,,,No,No,No,,5.5,Moment Magnitude,-16.783,-71.31,,2022,7.0,12.0,2022,7.0,12.0,,2.0,300.0,,302.0,,,,,,,90.9026974595266,"[{""adm1_code"":2331,""adm1_name"":""Arequipa""},{""adm1_code"":2345,""adm1_name"":""Moquegua""}]","[{""gid_1"":""PER.19_1"",""migration_date"":""2025-12-20"",""migration_method"":""jaccard1"",""name_1"":""Moquegua""},{""gid_1"":""PER.4_1"",""migration_date"":""2025-12-20"",""migration_method"":""jaccard1"",""name_1"":""Arequipa""}]",2022-07-19,2025-12-20,2022-07-12,2022-07-12,2022-07-12
2022-0448-PHL,No,nat-geo-ear-gro,Natural,Geophysical,Earthquake,Ground movement,GLIDE:EQ-2022-000273,,PHL,Philippines,South-eastern Asia,Asia,"Abra, Benguet, Ilocos Sur, Pangasinan, Mountain Province, Nueva Vizcaya",,"Slide (land, mud, snow, rock)",No,No,Yes,,7.0,Moment Magnitude,17.56,120.801,,2022,7.0,27.0,2022,7.0,27.0,10.0,394.0,502462.0,,502856.0,,,,,151000.0,166112.0,90.9026974595266,"[{""adm2_code"":24204,""adm2_name"":""Abra""},{""adm2_code"":24206,""adm2_name"":""Benguet""},{""adm2_code"":24209,""adm2_name"":""Mountain Province""},{""adm2_code"":24212,""adm2_name"":""Ilocos Sur""},{""adm2_code"":24214,""adm2_name"":""Pangasinan""},{""adm2_code"":24218,""adm2_name"":""Nueva Vizcaya""}]","[{""gid_2"":""PHL.1.10_1"",""migration_date"":""2025-12-20"",""migration_method"":""puzzle2_2"",""name_2"":""Lagangilang""},{""gid_2"":""PHL.1.11_1"",""migration_date"":""2025-12-20"",""migration_method"":""puzzle2_2"",""name_2"":""Lagayan""},{""gid_2"":""PHL.1.12_1"",""migration_date"":""2025-12-20"",""migration_method"":""puzzle2_2"",""name_2"":""Langiden""},{""gid_2"":""PHL.1.13_1"",""migration_date"":""2025-12-20"",""migration_method"":""puzzle2_2"",""name_2"":""Licuan-Baay""},{""gid_2"":""PHL.1.14_1"",""migration_date"":""2025-12-20"",""migration_method"":""puzzle2_2"",""name_2"":""Luba""},{""gid_2"":""PHL.1.15_1"",""migration_date"":""2025-12-20"",""migration_method"":""puzzle2_2"",""name_2"":""Malibcong""},{""gid_2"":""PHL.1.16_1"",""migration_date"":""2025-12-20"",""migration_method"":""puzzle2_2"",""name_2"":""Manabo""},{""gid_2"":""PHL.1.17_1"",""migration_date"":""2025-12-20"",""migration_method"":""puzzle2_2"",""name_2"":""Peñarrubia""},{""gid_2"":""PHL.1.18_1"",""migration_date"":""2025-12-20"",""migration_method"":""puzzle2_2"",""name_2"":""Pidigan""},{""gid_2"":""PHL.1.19_1"",""migration_date"":""2025-12-20"",""migration_method"":""puzzle2_2"",""name_2"":""Pilar""},{""gid_2"":""PHL.1.1_1"",""migration_date"":""2025-12-20"",""migration_method"":""puzzle2_2"",""name_2"":""Bangued""},{""gid_2"":""PHL.1.20_1"",""migration_date"":""2025-12-20"",""migration_method"":""puzzle2_2"",""name_2"":""Sallapadan""},{""gid_2"":""PHL.1.21_1"",""migration_date"":""2025-12-20"",""migration_method"":""puzzle2_2"",""name_2"":""San Isidro""},{""gid_2"":""PHL.1.22_1"",""migration_date"":""2025-12-20"",""migration_method"":""puzzle2_2"",""name_2"":""San Juan""},{""gid_2"":""PHL.1.23_1"",""migration_date"":""2025-12-20"",""migration_method"":""puzzle2_2"",""name_2"":""San Quintin""},{""gid_2"":""PHL.1.24_1"",""migration_date"":""2025-12-20"",""migration_method"":""puzzle2_2"",""name_2"":""Tayum""},{""gid_2"":""PHL.1.25_1"",""migration_date"":""2025-12-20"",""migration_method"":""puzzle2_2"",""name_2"":""Tineg""},{""gid_2"":""PHL.1.26_1"",""migration_date"":""2025-12-20"",""migration_method"":""puzzle2_2"",""name_2"":""Tubo""},{""gid_2"":""PHL.1.27_1"",""migration_date"":""2025-12-20"",""migration_method"":""puzzle2_2"",""name_2"":""Villaviciosa""},{""gid_2"":""PHL.1.2_1"",""migration_date"":""2025-12-20"",""migration_method"":""puzzle2_2"",""name_2"":""Boliney""},{""gid_2"":""PHL.1.3_1"",""migration_date"":""2025-12-20"",""migration_method"":""puzzle2_2"",""name_2"":""Bucay""},{""gid_2"":""PHL.1.4_1"",""migration_date"":""2025-12-20"",""migration_method"":""puzzle2_2"",""name_2"":""Bucloc""},{""gid_2"":""PHL.1.5_1"",""migration_date"":""2025-12-20"",""migration_method"":""puzzle2_2"",""name_2"":""Daguioman""},{""gid_2"":""PHL.1.6_1"",""migration_date"":""2025-12-20"",""migration_method"":""puzzle2_2"",""name_2"":""Danglas""},{""gid_2"":""PHL.1.7_1"",""migration_date"":""2025-12-20"",""migration_method"":""puzzle2_2"",""name_2"":""Dolores""},{""gid_2"":""PHL.1.8_1"",""migration_date"":""2025-12-20"",""migration_method"":""puzzle2_2"",""name_2"":""La Paz""},{""gid_2"":""PHL.1.9_1"",""migration_date"":""2025-12-20"",""migration_method"":""puzzle2_2"",""name_2"":""Lacub""},{""gid_2"":""PHL.13.10_1"",""migration_date"":""2025-12-20"",""migration_method"":""puzzle2_2"",""name_2"":""La Trinidad""},{""gid_2"":""PHL.13.11_1"",""migration_date"":""2025-12-20"",""migration_method"":""puzzle2_2"",""name_2"":""Mankayan""},{""gid_2"":""PHL.13.12_1"",""migration_date"":""2025-12-20"",""migration_method"":""puzzle2_2"",""name_2"":""Sablan""},{""gid_2"":""PHL.13.13_1"",""migration_date"":""2025-12-20"",""migration_method"":""puzzle2_2"",""name_2"":""Tuba""},{""gid_2"":""PHL.13.14_1"",""migration_date"":""2025-12-20"",""migration_method"":""puzzle2_2"",""name_2"":""Tublay""},{""gid_2"":""PHL.13.1_1"",""migration_date"":""2025-12-20"",""migration_method"":""puzzle2_2"",""name_2"":""Atok""},{""gid_2"":""PHL.13.2_1"",""migration_date"":""2025-12-20"",""migration_method"":""puzzle2_2"",""name_2"":""Baguio City""},{""gid_2"":""PHL.13.3_1"",""migration_date"":""2025-12-20"",""migration_method"":""puzzle2_2"",""name_2"":""Bakun""},{""gid_2"":""PHL.13.4_1"",""migration_date"":""2025-12-20"",""migration_method"":""puzzle2_2"",""name_2"":""Bokod""},{""gid_2"":""PHL.13.5_1"",""migration_date"":""2025-12-20"",""migration_method"":""puzzle2_2"",""name_2"":""Buguias""},{""gid_2"":""PHL.13.6_1"",""migration_date"":""2025-12-20"",""migration_method"":""puzzle2_2"",""name_2"":""Itogon""},{""gid_2"":""PHL.13.7_1"",""migration_date"":""2025-12-20"",""migration_method"":""puzzle2_2"",""name_2"":""Kabayan""},{""gid_2"":""PHL.13.8_1"",""migration_date"":""2025-12-20"",""migration_method"":""puzzle2_2"",""name_2"":""Kapangan""},{""gid_2"":""PHL.13.9_1"",""migration_date"":""2025-12-20"",""migration_method"":""puzzle2_2"",""name_2"":""Kibungan""},{""gid_2"":""PHL.35.10_1"",""migration_date"":""2025-12-20"",""migration_method"":""puzzle2_2"",""name_2"":""Gregorio Del Pilar""},{""gid_2"":""PHL.35.11_1"",""migration_date"":""2025-12-20"",""migration_method"":""puzzle2_2"",""name_2"":""Lidlidda""},{""gid_2"":""PHL.35.12_1"",""migration_date"":""2025-12-20"",""migration_method"":""puzzle2_2"",""name_2"":""Magsingal""},{""gid_2"":""PHL.35.13_1"",""migration_date"":""2025-12-20"",""migration_method"":""puzzle2_2"",""name_2"":""Nagbukel""},{""gid_2"":""PHL.35.14_1"",""migration_date"":""2025-12-20"",""migration_method"":""puzzle2_2"",""name_2"":""Narvacan""},{""gid_2"":""PHL.35.15_1"",""migration_date"":""2025-12-20"",""migration_method"":""puzzle2_2"",""name_2"":""Quirino""},{""gid_2"":""PHL.35.16_1"",""migration_date"":""2025-12-20"",""migration_method"":""puzzle2_2"",""name_2"":""Salcedo""},{""gid_2"":""PHL.35.17_1"",""migration_date"":""2025-12-20"",""migration_method"":""puzzle2_2"",""name_2"":""San Emilio""},{""gid_2"":""PHL.35.18_1"",""migration_date"":""2025-12-20"",""migration_method"":""puzzle2_2"",""name_2"":""San Esteban""},{""gid_2"":""PHL.35.19_1"",""migration_date"":""2025-12-20"",""migration_method"":""puzzle2_2"",""name_2"":""San Ildefonso""},{""gid_2"":""PHL.35.1_1"",""migration_date"":""2025-12-20"",""migration_method"":""puzzle2_2"",""name_2"":""Alilem""},{""gid_2"":""PHL.35.20_1"",""migration_date"":""2025-12-20"",""migration_method"":""puzzle2_2"",""name_2"":""San Juan""},{""gid_2"":""PHL.35.21_1"",""migration_date"":""2025-12-20"",""migration_method"":""puzzle2_2"",""name_2"":""San Vicente""},{""gid_2"":""PHL.35.22_1"",""migration_date"":""2025-12-20"",""migration_method"":""puzzle2_2"",""name_2"":""Santa Catalina""},{""gid_2"":""PHL.35.23_1"",""migration_date"":""2025-12-20"",""migration_method"":""puzzle2_2"",""name_2"":""Santa Cruz""},{""gid_2"":""PHL.35.24_1"",""migration_date"":""2025-12-20"",""migration_method"":""puzzle2_2"",""name_2"":""Santa Lucia""},{""gid_2"":""PHL.35.25_1"",""migration_date"":""2025-12-20"",""migration_method"":""puzzle2_2"",""name_2"":""Santa Maria""},{""gid_2"":""PHL.35.26_1"",""migration_date"":""2025-12-20"",""migration_method"":""puzzle2_2"",""name_2"":""Santa""},{""gid_2"":""PHL.35.27_1"",""migration_date"":""2025-12-20"",""migration_method"":""puzzle2_2"",""name_2"":""Santiago""},{""gid_2"":""PHL.35.28_1"",""migration_date"":""2025-12-20"",""migration_method"":""puzzle2_2"",""name_2"":""Santo Domingo""},{""gid_2"":""PHL.35.29_1"",""migration_date"":""2025-12-20"",""migration_method"":""puzzle2_2"",""name_2"":""Sigay""},{""gid_2"":""PHL.35.2_1"",""migration_date"":""2025-12-20"",""migration_method"":""puzzle2_2"",""name_2"":""Banayoyo""},{""gid_2"":""PHL.35.30_1"",""migration_date"":""2025-12-20"",""migration_method"":""puzzle2_2"",""name_2"":""Sinait""},{""gid_2"":""PHL.35.31_1"",""migration_date"":""2025-12-20"",""migration_method"":""puzzle2_2"",""name_2"":""Sugpon""},{""gid_2"":""PHL.35.32_1"",""migration_date"":""2025-12-20"",""migration_method"":""puzzle2_2"",""name_2"":""Suyo""},{""gid_2"":""PHL.35.33_1"",""migration_date"":""2025-12-20"",""migration_method"":""puzzle2_2"",""name_2"":""Tagudin""},{""gid_2"":""PHL.35.34_1"",""migration_date"":""2025-12-20"",""migration_method"":""puzzle2_2"",""name_2"":""Vigan City""},{""gid_2"":""PHL.35.3_1"",""migration_date"":""2025-12-20"",""migration_method"":""puzzle2_2"",""name_2"":""Bantay""},{""gid_2"":""PHL.35.4_1"",""migration_date"":""2025-12-20"",""migration_method"":""puzzle2_2"",""name_2"":""Burgos""},{""gid_2"":""PHL.35.5_1"",""migration_date"":""2025-12-20"",""migration_method"":""puzzle2_2"",""name_2"":""Cabugao""},{""gid_2"":""PHL.35.6_1"",""migration_date"":""2025-12-20"",""migration_method"":""puzzle2_2"",""name_2"":""Candon City""},{""gid_2"":""PHL.35.7_1"",""migration_date"":""2025-12-20"",""migration_method"":""puzzle2_2"",""name_2"":""Caoayan""},{""gid_2"":""PHL.35.8_1"",""migration_date"":""2025-12-20"",""migration_method"":""puzzle2_2"",""name_2"":""Cervantes""},{""gid_2"":""PHL.35.9_1"",""migration_date"":""2025-12-20"",""migration_method"":""puzzle2_2"",""name_2"":""Galimuyod""},{""gid_2"":""PHL.50.10_1"",""migration_date"":""2025-12-20"",""migration_method"":""puzzle2_2"",""name_2"":""Tadian""},{""gid_2"":""PHL.50.1_1"",""migration_date"":""2025-12-20"",""migration_method"":""puzzle2_2"",""name_2"":""Barlig""},{""gid_2"":""PHL.50.2_1"",""migration_date"":""2025-12-20"",""migration_method"":""puzzle2_2"",""name_2"":""Bauko""},{""gid_2"":""PHL.50.3_1"",""migration_date"":""2025-12-20"",""migration_method"":""puzzle2_2"",""name_2"":""Besao""},{""gid_2"":""PHL.50.4_1"",""migration_date"":""2025-12-20"",""migration_method"":""puzzle2_2"",""name_2"":""Bontoc""},{""gid_2"":""PHL.50.5_1"",""migration_date"":""2025-12-20"",""migration_method"":""puzzle2_2"",""name_2"":""Natonin""},{""gid_2"":""PHL.50.6_1"",""migration_date"":""2025-12-20"",""migration_method"":""puzzle2_2"",""name_2"":""Paracelis""},{""gid_2"":""PHL.50.7_1"",""migration_date"":""2025-12-20"",""migration_method"":""puzzle2_2"",""name_2"":""Sabangan""},{""gid_2"":""PHL.50.8_1"",""migration_date"":""2025-12-20"",""migration_method"":""puzzle2_2"",""name_2"":""Sadanga""},{""gid_2"":""PHL.50.9_1"",""migration_date"":""2025-12-20"",""migration_method"":""puzzle2_2"",""name_2"":""Sagada""},{""gid_2"":""PHL.56.10_1"",""migration_date"":""2025-12-20"",""migration_method"":""puzzle2_2"",""name_2"":""Kasibu""},{""gid_2"":""PHL.56.11_1"",""migration_date"":""2025-12-20"",""migration_method"":""puzzle2_2"",""name_2"":""Kayapa""},{""gid_2"":""PHL.56.12_1"",""migration_date"":""2025-12-20"",""migration_method"":""puzzle2_2"",""name_2"":""Quezon""},{""gid_2"":""PHL.56.13_1"",""migration_date"":""2025-12-20"",""migration_method"":""puzzle2_2"",""name_2"":""Santa Fe""},{""gid_2"":""PHL.56.14_1"",""migration_date"":""2025-12-20"",""migration_method"":""puzzle2_2"",""name_2"":""Solano""},{""gid_2"":""PHL.56.15_1"",""migration_date"":""2025-12-20"",""migration_method"":""puzzle2_2"",""name_2"":""Villaverde""},{""gid_2"":""PHL.56.1_1"",""migration_date"":""2025-12-20"",""migration_method"":""puzzle2_2"",""name_2"":""Alfonso Castaneda""},{""gid_2"":""PHL.56.2_1"",""migration_date"":""2025-12-20"",""migration_method"":""puzzle2_2"",""name_2"":""Ambaguio""},{""gid_2"":""PHL.56.3_1"",""migration_date"":""2025-12-20"",""migration_method"":""puzzle2_2"",""name_2"":""Aritao""},{""gid_2"":""PHL.56.4_1"",""migration_date"":""2025-12-20"",""migration_method"":""puzzle2_2"",""name_2"":""Bagabag""},{""gid_2"":""PHL.56.5_1"",""migration_date"":""2025-12-20"",""migration_method"":""puzzle2_2"",""name_2"":""Bambang""},{""gid_2"":""PHL.56.6_1"",""migration_date"":""2025-12-20"",""migration_method"":""puzzle2_2"",""name_2"":""Bayombong""},{""gid_2"":""PHL.56.7_1"",""migration_date"":""2025-12-20"",""migration_method"":""puzzle2_2"",""name_2"":""Diadi""},{""gid_2"":""PHL.56.8_1"",""migration_date"":""2025-12-20"",""migration_method"":""puzzle2_2"",""name_2"":""Dupax Del Norte""},{""gid_2"":""PHL.56.9_1"",""migration_date"":""2025-12-20"",""migration_method"":""puzzle2_2"",""name_2"":""Dupax Del Sur""},{""gid_2"":""PHL.61.10_1"",""migration_date"":""2025-12-20"",""migration_method"":""puzzle2_2"",""name_2"":""Bautista""},{""gid_2"":""PHL.61.11_1"",""migration_date"":""2025-12-20"",""migration_method"":""puzzle2_2"",""name_2"":""Bayambang""},{""gid_2"":""PHL.61.12_1"",""migration_date"":""2025-12-20"",""migration_method"":""puzzle2_2"",""name_2"":""Binalonan""},{""gid_2"":""PHL.61.13_1"",""migration_date"":""2025-12-20"",""migration_method"":""puzzle2_2"",""name_2"":""Binmaley""},{""gid_2"":""PHL.61.14_1"",""migration_date"":""2025-12-20"",""migration_method"":""puzzle2_2"",""name_2"":""Bolinao""},{""gid_2"":""PHL.61.15_1"",""migration_date"":""2025-12-20"",""migration_method"":""puzzle2_2"",""name_2"":""Bugallon""},{""gid_2"":""PHL.61.16_1"",""migration_date"":""2025-12-20"",""migration_method"":""puzzle2_2"",""name_2"":""Burgos""},{""gid_2"":""PHL.61.17_1"",""migration_date"":""2025-12-20"",""migration_method"":""puzzle2_2"",""name_2"":""Calasiao""},{""gid_2"":""PHL.61.18_1"",""migration_date"":""2025-12-20"",""migration_method"":""puzzle2_2"",""name_2"":""Dagupan City""},{""gid_2"":""PHL.61.19_1"",""migration_date"":""2025-12-20"",""migration_method"":""puzzle2_2"",""name_2"":""Dasol""},{""gid_2"":""PHL.61.1_1"",""migration_date"":""2025-12-20"",""migration_method"":""puzzle2_2"",""name_2"":""Agno""},{""gid_2"":""PHL.61.20_1"",""migration_date"":""2025-12-20"",""migration_method"":""puzzle2_2"",""name_2"":""Infanta""},{""gid_2"":""PHL.61.21_1"",""migration_date"":""2025-12-20"",""migration_method"":""puzzle2_2"",""name_2"":""Labrador""},{""gid_2"":""PHL.61.22_1"",""migration_date"":""2025-12-20"",""migration_method"":""puzzle2_2"",""name_2"":""Laoac""},{""gid_2"":""PHL.61.23_1"",""migration_date"":""2025-12-20"",""migration_method"":""puzzle2_2"",""name_2"":""Lingayen""},{""gid_2"":""PHL.61.24_1"",""migration_date"":""2025-12-20"",""migration_method"":""puzzle2_2"",""name_2"":""Mabini""},{""gid_2"":""PHL.61.25_1"",""migration_date"":""2025-12-20"",""migration_method"":""puzzle2_2"",""name_2"":""Malasiqui""},{""gid_2"":""PHL.61.26_1"",""migration_date"":""2025-12-20"",""migration_method"":""puzzle2_2"",""name_2"":""Manaoag""},{""gid_2"":""PHL.61.27_1"",""migration_date"":""2025-12-20"",""migration_method"":""puzzle2_2"",""name_2"":""Mangaldan""},{""gid_2"":""PHL.61.28_1"",""migration_date"":""2025-12-20"",""migration_method"":""puzzle2_2"",""name_2"":""Mangatarem""},{""gid_2"":""PHL.61.29_1"",""migration_date"":""2025-12-20"",""migration_method"":""puzzle2_2"",""name_2"":""Mapandan""},{""gid_2"":""PHL.61.2_1"",""migration_date"":""2025-12-20"",""migration_method"":""puzzle2_2"",""name_2"":""Aguilar""},{""gid_2"":""PHL.61.30_1"",""migration_date"":""2025-12-20"",""migration_method"":""puzzle2_2"",""name_2"":""Natividad""},{""gid_2"":""PHL.61.31_1"",""migration_date"":""2025-12-20"",""migration_method"":""puzzle2_2"",""name_2"":""Pozzorubio""},{""gid_2"":""PHL.61.32_1"",""migration_date"":""2025-12-20"",""migration_method"":""puzzle2_2"",""name_2"":""Rosales""},{""gid_2"":""PHL.61.33_1"",""migration_date"":""2025-12-20"",""migration_method"":""puzzle2_2"",""name_2"":""San Carlos City""},{""gid_2"":""PHL.61.34_1"",""migration_date"":""2025-12-20"",""migration_method"":""puzzle2_2"",""name_2"":""San Fabian""},{""gid_2"":""PHL.61.35_1"",""migration_date"":""2025-12-20"",""migration_method"":""puzzle2_2"",""name_2"":""San Jacinto""},{""gid_2"":""PHL.61.36_1"",""migration_date"":""2025-12-20"",""migration_method"":""puzzle2_2"",""name_2"":""San Manuel""},{""gid_2"":""PHL.61.37_1"",""migration_date"":""2025-12-20"",""migration_method"":""puzzle2_2"",""name_2"":""San Nicolas""},{""gid_2"":""PHL.61.38_1"",""migration_date"":""2025-12-20"",""migration_method"":""puzzle2_2"",""name_2"":""San Quintin""},{""gid_2"":""PHL.61.39_1"",""migration_date"":""2025-12-20"",""migration_method"":""puzzle2_2"",""name_2"":""Santa Barbara""},{""gid_2"":""PHL.61.3_1"",""migration_date"":""2025-12-20"",""migration_method"":""puzzle2_2"",""name_2"":""Alaminos City""},{""gid_2"":""PHL.61.40_1"",""migration_date"":""2025-12-20"",""migration_method"":""puzzle2_2"",""name_2"":""Santa Maria""},{""gid_2"":""PHL.61.41_1"",""migration_date"":""2025-12-20"",""migration_method"":""puzzle2_2"",""name_2"":""Santo Tomas""},{""gid_2"":""PHL.61.42_1"",""migration_date"":""2025-12-20"",""migration_method"":""puzzle2_2"",""name_2"":""Sison""},{""gid_2"":""PHL.61.43_1"",""migration_date"":""2025-12-20"",""migration_method"":""puzzle2_2"",""name_2"":""Sual""},{""gid_2"":""PHL.61.44_1"",""migration_date"":""2025-12-20"",""migration_method"":""puzzle2_2"",""name_2"":""Tayug""},{""gid_2"":""PHL.61.45_1"",""migration_date"":""2025-12-20"",""migration_method"":""puzzle2_2"",""name_2"":""Umingan""},{""gid_2"":""PHL.61.46_1"",""migration_date"":""2025-12-20"",""migration_method"":""puzzle2_2"",""name_2"":""Urbiztondo""},{""gid_2"":""PHL.61.47_1"",""migration_date"":""2025-12-20"",""migration_method"":""puzzle2_2"",""name_2"":""Urdaneta City""},{""gid_2"":""PHL.61.48_1"",""migration_date"":""2025-12-20"",""migration_method"":""puzzle2_2"",""name_2"":""Villasis""},{""gid_2"":""PHL.61.4_1"",""migration_date"":""2025-12-20"",""migration_method"":""puzzle2_2"",""name_2"":""Alcala""},{""gid_2"":""PHL.61.5_1"",""migration_date"":""2025-12-20"",""migration_method"":""puzzle2_2"",""name_2"":""Anda""},{""gid_2"":""PHL.61.6_1"",""migration_date"":""2025-12-20"",""migration_method"":""puzzle2_2"",""name_2"":""Asingan""},{""gid_2"":""PHL.61.7_1"",""migration_date"":""2025-12-20"",""migration_method"":""puzzle2_2"",""name_2"":""Balungao""},{""gid_2"":""PHL.61.8_1"",""migration_date"":""2025-12-20"",""migration_method"":""puzzle2_2"",""name_2"":""Bani""},{""gid_2"":""PHL.61.9_1"",""migration_date"":""2025-12-20"",""migration_method"":""puzzle2_2"",""name_2"":""Basista""}]",2022-07-27,2025-12-20,2022-07-27,2022-07-27,2022-07-27
2022-0703-PHL,No,nat-geo-ear-gro,Natural,Geophysical,Earthquake,Ground movement,GLIDE:EQ-2022-000346,,PHL,Philippines,South-eastern Asia,Asia,"Abra Province (northern Luzon), Ilocos, Cordillera Administrative Region, and Cagayan Valley",,,No,No,No,,6.4,Moment Magnitude,17.662,120.823,,2022,10.0,25.0,2022,10.0,25.0,,44.0,147378.0,,147422.0,,,,,1400.0,1540.0,90.9026974595266,,"[{""gid_1"":""PHL.11_1"",""migration_date"":""2025-12-20"",""migration_method"":""puzzle1_1"",""name_1"":""Batanes""},{""gid_1"":""PHL.18_1"",""migration_date"":""2025-12-20"",""migration_method"":""puzzle1_1"",""name_1"":""Cagayan""},{""gid_1"":""PHL.1_1"",""name_1"":""Abra""},{""gid_1"":""PHL.34_1"",""migration_date"":""2025-12-20"",""migration_method"":""puzzle1_1"",""name_1"":""Ilocos Norte""},{""gid_1"":""PHL.35_1"",""migration_date"":""2025-12-20"",""migration_method"":""puzzle1_1"",""name_1"":""Ilocos Sur""},{""gid_1"":""PHL.37_1"",""migration_date"":""2025-12-20"",""migration_method"":""puzzle1_1"",""name_1"":""Isabela""},{""gid_1"":""PHL.39_1"",""migration_date"":""2025-12-20"",""migration_method"":""puzzle1_1"",""name_1"":""La Union""},{""gid_1"":""PHL.56_1"",""migration_date"":""2025-12-20"",""migration_method"":""puzzle1_1"",""name_1"":""Nueva Vizcaya""},{""gid_1"":""PHL.61_1"",""migration_date"":""2025-12-20"",""migration_method"":""puzzle1_1"",""name_1"":""Pangasinan""},{""gid_1"":""PHL.63_1"",""migration_date"":""2025-12-20"",""migration_method"":""puzzle1_1"",""name_1"":""Quirino""},{""gid_2"":""PHL.1.10_1"",""migration_date"":""2025-12-20"",""migration_method"":""puzzle2_2"",""name_2"":""Lagangilang""},{""gid_2"":""PHL.1.11_1"",""migration_date"":""2025-12-20"",""migration_method"":""puzzle2_2"",""name_2"":""Lagayan""},{""gid_2"":""PHL.1.12_1"",""migration_date"":""2025-12-20"",""migration_method"":""puzzle2_2"",""name_2"":""Langiden""},{""gid_2"":""PHL.1.13_1"",""migration_date"":""2025-12-20"",""migration_method"":""puzzle2_2"",""name_2"":""Licuan-Baay""},{""gid_2"":""PHL.1.14_1"",""migration_date"":""2025-12-20"",""migration_method"":""puzzle2_2"",""name_2"":""Luba""},{""gid_2"":""PHL.1.15_1"",""migration_date"":""2025-12-20"",""migration_method"":""puzzle2_2"",""name_2"":""Malibcong""},{""gid_2"":""PHL.1.16_1"",""migration_date"":""2025-12-20"",""migration_method"":""puzzle2_2"",""name_2"":""Manabo""},{""gid_2"":""PHL.1.17_1"",""migration_date"":""2025-12-20"",""migration_method"":""puzzle2_2"",""name_2"":""Peñarrubia""},{""gid_2"":""PHL.1.18_1"",""migration_date"":""2025-12-20"",""migration_method"":""puzzle2_2"",""name_2"":""Pidigan""},{""gid_2"":""PHL.1.19_1"",""migration_date"":""2025-12-20"",""migration_method"":""puzzle2_2"",""name_2"":""Pilar""},{""gid_2"":""PHL.1.1_1"",""migration_date"":""2025-12-20"",""migration_method"":""puzzle2_2"",""name_2"":""Bangued""},{""gid_2"":""PHL.1.20_1"",""migration_date"":""2025-12-20"",""migration_method"":""puzzle2_2"",""name_2"":""Sallapadan""},{""gid_2"":""PHL.1.21_1"",""migration_date"":""2025-12-20"",""migration_method"":""puzzle2_2"",""name_2"":""San Isidro""},{""gid_2"":""PHL.1.22_1"",""migration_date"":""2025-12-20"",""migration_method"":""puzzle2_2"",""name_2"":""San Juan""},{""gid_2"":""PHL.1.23_1"",""migration_date"":""2025-12-20"",""migration_method"":""puzzle2_2"",""name_2"":""San Quintin""},{""gid_2"":""PHL.1.24_1"",""migration_date"":""2025-12-20"",""migration_method"":""puzzle2_2"",""name_2"":""Tayum""},{""gid_2"":""PHL.1.25_1"",""migration_date"":""2025-12-20"",""migration_method"":""puzzle2_2"",""name_2"":""Tineg""},{""gid_2"":""PHL.1.26_1"",""migration_date"":""2025-12-20"",""migration_method"":""puzzle2_2"",""name_2"":""Tubo""},{""gid_2"":""PHL.1.27_1"",""migration_date"":""2025-12-20"",""migration_method"":""puzzle2_2"",""name_2"":""Villaviciosa""},{""gid_2"":""PHL.1.2_1"",""migration_date"":""2025-12-20"",""migration_method"":""puzzle2_2"",""name_2"":""Boliney""},{""gid_2"":""PHL.1.3_1"",""migration_date"":""2025-12-20"",""migration_method"":""puzzle2_2"",""name_2"":""Bucay""},{""gid_2"":""PHL.1.4_1"",""migration_date"":""2025-12-20"",""migration_method"":""puzzle2_2"",""name_2"":""Bucloc""},{""gid_2"":""PHL.1.5_1"",""migration_date"":""2025-12-20"",""migration_method"":""puzzle2_2"",""name_2"":""Daguioman""},{""gid_2"":""PHL.1.6_1"",""migration_date"":""2025-12-20"",""migration_method"":""puzzle2_2"",""name_2"":""Danglas""},{""gid_2"":""PHL.1.7_1"",""migration_date"":""2025-12-20"",""migration_method"":""puzzle2_2"",""name_2"":""Dolores""},{""gid_2"":""PHL.1.8_1"",""migration_date"":""2025-12-20"",""migration_method"":""puzzle2_2"",""name_2"":""La Paz""},{""gid_2"":""PHL.1.9_1"",""migration_date"":""2025-12-20"",""migration_method"":""puzzle2_2"",""name_2"":""Lacub""}]",2022-10-27,2026-01-29,2022-10-25,2022-10-25,2022-10-25
2022-0611-TWN,No,nat-geo-ear-gro,Natural,Geophysical,Earthquake,Ground movement,,,TWN,Taiwan (Province of China),Eastern Asia,Asia,"Hualien, Kaohsiung City and Taitung City",,,No,No,No,,6.5,Moment Magnitude,23.119,121.422,,2022,9.0,18.0,2022,9.0,18.0,1.0,140.0,,,140.0,,,,,50000.0,55004.0,90.9026974595266,,"[{""gid_2"":""TWN.2.1_1"",""name_2"":""Kaohsiung""},{""gid_2"":""TWN.4.1_1"",""name_2"":""Taichung""},{""gid_2"":""TWN.7.6_1"",""name_2"":""Hualien""}]",2022-09-20,2026-02-11,2022-09-18,2022-09-18,2022-09-18
2022-0765-TUR,No,nat-geo-ear-gro,Natural,Geophysical,Earthquake,Ground movement,GLIDE:EQ-2022-000366,,TUR,Türkiye,Western Asia,Asia,"Düzce, Sakarya, Bolu, Zonguldak, Bursa, Istanbul",,,No,No,No,,6.1,Moment Magnitude,40.847,30.967,,2022,11.0,23.0,2022,11.0,23.0,2.0,93.0,213.0,,306.0,,,,,50000.0,55004.0,90.9026974595266,"[{""adm1_code"":3037,""adm1_name"":""Bursa""},{""adm1_code"":3056,""adm1_name"":""Istanbul""},{""adm1_code"":3081,""adm1_name"":""Sakarya""},{""adm1_code"":3096,""adm1_name"":""Zonguldak""},{""adm2_code"":27640,""adm2_name"":""Duzce""}]","[{""gid_1"":""TUR.21_1"",""migration_date"":""2025-12-20"",""migration_method"":""jaccard1"",""name_1"":""Bursa""},{""gid_1"":""TUR.27_1"",""migration_date"":""2025-12-20"",""migration_method"":""within2_1"",""name_1"":""Düzce""},{""gid_1"":""TUR.40_1"",""migration_date"":""2025-12-20"",""migration_method"":""jaccard1"",""name_1"":""Istanbul""},{""gid_1"":""TUR.66_1"",""migration_date"":""2025-12-20"",""migration_method"":""jaccard1"",""name_1"":""Sakarya""},{""gid_1"":""TUR.81_1"",""migration_date"":""2025-12-20"",""migration_method"":""jaccard1"",""name_1"":""Zinguldak""}]",2022-11-23,2025-12-20,2022-11-23,2022-11-23,2022-11-23
2022-0808-USA,No,nat-geo-ear-gro,Natural,Geophysical,Earthquake,Ground movement,,,USA,United States of America,Northern America,Americas,Humboldt County (California),,,No,No,Yes,,6.4,Moment Magnitude,40.525,124.423,,2022,12.0,20.0,2022,12.0,20.0,2.0,12.0,,,12.0,,,,,250000.0,275019.0,90.9026974595266,"[{""adm2_code"":28876,""adm2_name"":""Humboldt""}]","[{""gid_2"":""USA.5.12_1"",""migration_date"":""2025-12-20"",""migration_method"":""jaccard2"",""name_2"":""Humboldt""}]",2022-12-21,2025-12-20,2022-12-20,2022-12-20,2022-12-20
2023-0156-AFG,No,nat-geo-ear-gro,Natural,Geophysical,Earthquake,Ground movement,,,AFG,Afghanistan,Southern Asia,Asia,Hindu Kush Mountain,,,No,No,No,,6.5,Moment Magnitude,36.519,70.946,,2023,3.0,21.0,2023,3.0,21.0,5.0,80.0,3265.0,,3345.0,,,,,,,94.6446220103845,,,2023-03-22,2023-09-26,2023-03-21,2023-03-21,2023-03-21
2023-0660-AFG,No,nat-geo-ear-gro,Natural,Geophysical,Earthquake,Ground movement,GLIDE:EQ-2023-000188,,AFG,Afghanistan,Southern Asia,Asia,"Gulran, Injil and Kush districts (Herat province)",,,No,No,No,,6.3,Moment Magnitude,34.53,62.048,,2023,10.0,11.0,2023,10.0,11.0,1.0,140.0,,,140.0,,,,,,,94.6446220103845,,,2023-10-16,2025-06-25,2023-10-11,2023-10-11,2023-10-11
2023-0636-AFG,No,nat-geo-ear-gro,Natural,Geophysical,Earthquake,Ground movement,GLIDE:EQ-2023-000184,,AFG,Afghanistan,Southern Asia,Asia,Herat region,,,No,No,No,,5.4,Moment Magnitude,34.517,61.946,,2023,10.0,7.0,2023,10.0,7.0,1480.0,1950.0,275000.0,,276950.0,,,,,217000.0,229279.0,94.6446220103845,,,2023-10-09,2025-09-05,2023-10-07,2023-10-07,2023-10-07
2023-0268-CHN,No,nat-geo-ear-gro,Natural,Geophysical,Earthquake,Ground movement,,,CHN,China,Eastern Asia,Asia,Yunnan Province,,,No,No,No,,5.3,Moment Magnitude,,,,2023,5.0,2.0,2023,5.0,2.0,,10.0,8400.0,,8410.0,,,,,30000.0,31698.0,94.6446220103845,,,2023-05-04,2024-02-12,2023-05-02,2023-05-02,2023-05-02
2023-0522-CHN,No,nat-geo-ear-gro,Natural,Geophysical,Earthquake,Ground movement,GLIDE:EQ-2023-000134,,CHN,China,Eastern Asia,Asia,Dezhou and Liaocheng,,,No,No,No,,5.4,Moment Magnitude,37.231,116.391,,2023,8.0,5.0,2023,8.0,5.0,,21.0,,378.0,399.0,,,,,35000.0,36980.0,94.6446220103845,,,2023-08-09,2025-03-05,2023-08-05,2023-08-05,2023-08-05
2023-0838-CHN,No,nat-geo-ear-gro,Natural,Geophysical,Earthquake,Ground movement,,,CHN,China,Eastern Asia,Asia,Gansu province; Haidong (Qinghai province),,"Slide (land, mud, snow, rock)",No,No,No,,5.9,Moment Magnitude,35.743,102.827,,2023,12.0,19.0,2023,12.0,19.0,151.0,980.0,600000.0,,600980.0,,,2800.0,2958.0,1000000.0,1056584.0,94.6446220103845,,,2023-12-19,2024-08-27,2023-12-19,2023-12-19,2023-12-19
2023-0155-ECU,No,nat-geo-ear-gro,Natural,Geophysical,Earthquake,Ground movement,GLIDE:EQ-2023-000038,,ECU,Ecuador,Latin America and the Caribbean,Americas,"El Oro, Guayas, and Azuay",,,No,No,No,,6.8,Moment Magnitude,-2.837,-79.844,,2023,3.0,18.0,2023,3.0,18.0,14.0,494.0,126922.0,,127416.0,,,,,,,94.6446220103845,"[{""adm1_code"":1135,""adm1_name"":""Azuay""},{""adm1_code"":1141,""adm1_name"":""El Oro""},{""adm1_code"":22005,""adm1_name"":""Guayas""}]","[{""gid_1"":""ECU.10_1"",""migration_date"":""2025-12-20"",""migration_method"":""jaccard1"",""name_1"":""Guayas""},{""gid_1"":""ECU.1_1"",""migration_date"":""2025-12-20"",""migration_method"":""jaccard1"",""name_1"":""Azuay""},{""gid_1"":""ECU.7_1"",""migration_date"":""2025-12-20"",""migration_method"":""jaccard1"",""name_1"":""El Oro""}]",2023-03-22,2025-12-20,2023-03-18,2023-03-18,2023-03-18
2023-0323-FRA,No,nat-geo-ear-gro,Natural,Geophysical,Earthquake,Ground movement,,,FRA,France,Western Europe,Europe,"La Laigne, Benon, Mauzé-sur-le-Mignon, Saint Hilaire-la-Palud and Cram-Chaban (Nouvelle-Aquitaine Region); Charente-Maritime",,,No,No,No,,4.8,Moment Magnitude,46.212,-0.785,,2023,6.0,16.0,2023,6.0,16.0,,2.0,750.0,,752.0,,,,,445000.0,470180.0,94.6446220103845,,,2023-06-26,2024-02-01,2023-06-16,2023-06-16,2023-06-16
2023-0749-ISL,No,nat-geo-ear-gro,Natural,Geophysical,Earthquake,Ground movement,GLIDE:VO-2023-000243,,ISL,Iceland,Northern Europe,Europe,Grindavik (Reykjanes peninsula),,Volcanic activity,No,No,Yes,,,Moment Magnitude,,,,2023,10.0,25.0,2023,12.0,18.0,,,3665.0,,3665.0,,,,,75000.0,79244.0,94.6446220103845,,,2023-11-14,2025-03-18,2023-10-25,2023-12-18,2023-10-25
2023-0378-IDN,No,nat-geo-ear-gro,Natural,Geophysical,Earthquake,Ground movement,,,IDN,Indonesia,South-eastern Asia,Asia,"Special Region of Yogyakarta, East and Central Java (Java province)",,,No,No,No,,5.8,Moment Magnitude,-8.674,110.041,,2023,6.0,30.0,2023,6.0,30.0,1.0,10.0,1110.0,,1120.0,,,,,,,94.6446220103845,,,2023-07-03,2023-09-26,2023-06-30,2023-06-30,2023-06-30
2023-0006-IDN,No,nat-geo-ear-gro,Natural,Geophysical,Earthquake,Ground movement,,,IDN,Indonesia,South-eastern Asia,Asia,Southwest Maluku and Tanimbar Islands Regencies (Maluku Province),,,No,No,No,,7.6,Moment Magnitude,-7.065,130.005,,2023,1.0,10.0,2023,1.0,10.0,1.0,11.0,4350.0,60.0,4421.0,,,,,,,94.6446220103845,"[{""adm1_code"":73615,""adm1_name"":""Maluku""}]","[{""gid_2"":""IDN.19.10_1"",""migration_date"":""2025-12-20"",""migration_method"":""puzzle1_2"",""name_2"":""Seram Bagian Timur""},{""gid_2"":""IDN.19.11_1"",""migration_date"":""2025-12-20"",""migration_method"":""puzzle1_2"",""name_2"":""Tual""},{""gid_2"":""IDN.19.1_1"",""migration_date"":""2025-12-20"",""migration_method"":""puzzle1_2"",""name_2"":""Ambon""},{""gid_2"":""IDN.19.4_1"",""migration_date"":""2025-12-20"",""migration_method"":""puzzle1_2"",""name_2"":""Kepulauan Aru""},{""gid_2"":""IDN.19.5_1"",""migration_date"":""2025-12-20"",""migration_method"":""puzzle1_2"",""name_2"":""Maluku Barat Daya""},{""gid_2"":""IDN.19.6_1"",""migration_date"":""2025-12-20"",""migration_method"":""puzzle1_2"",""name_2"":""Maluku Tengah""},{""gid_2"":""IDN.19.7_1"",""migration_date"":""2025-12-20"",""migration_method"":""puzzle1_2"",""name_2"":""Maluku Tenggara Barat""},{""gid_2"":""IDN.19.8_1"",""migration_date"":""2025-12-20"",""migration_method"":""puzzle1_2"",""name_2"":""Maluku Tenggara""},{""gid_2"":""IDN.19.9_1"",""migration_date"":""2025-12-20"",""migration_method"":""puzzle1_2"",""name_2"":""Seram Bagian Barat""}]",2023-01-18,2025-12-20,2023-01-10,2023-01-10,2023-01-10
2023-0073-IDN,No,nat-geo-ear-gro,Natural,Geophysical,Earthquake,Ground movement,,,IDN,Indonesia,South-eastern Asia,Asia,Papua,,Collapse,No,No,No,,5.1,Moment Magnitude,,,,2023,2.0,9.0,2023,2.0,9.0,4.0,,2136.0,,2136.0,,,,,,,94.6446220103845,,,2023-02-09,2025-03-18,2023-02-09,2023-02-09,2023-02-09
2023-0169-IRN,No,nat-geo-ear-gro,Natural,Geophysical,Earthquake,Ground movement,,,IRN,Iran (Islamic Republic of),Southern Asia,Asia,Khoy City (West Azerbaijan Province),,,No,No,No,,5.6,Moment Magnitude,,,,2023,3.0,24.0,2023,3.0,24.0,,239.0,,,239.0,,,,,,,94.6446220103845,"[{""adm2_code"":41005,""adm2_name"":""Khoy""}]","[{""gid_2"":""IRN.29.3_1"",""migration_date"":""2025-12-20"",""migration_method"":""jaccard2"",""name_2"":""Khoy""}]",2023-03-24,2025-12-20,2023-03-24,2023-03-24,2023-03-24
2023-0012-IRN,No,nat-geo-ear-gro,Natural,Geophysical,Earthquake,Ground movement,GLIDE:EQ-2023-000007,,IRN,Iran (Islamic Republic of),Southern Asia,Asia,"Khoy, Firoraq (Azerbaïdjan province)",,,No,No,No,,5.7,Moment Magnitude,38.44,44.946,,2023,1.0,18.0,2023,1.0,18.0,,252.0,41426.0,,41678.0,,,,,50000.0,52829.0,94.6446220103845,,"[{""gid_2"":""IRN.29.3_1"",""migration_date"":""2025-12-20"",""migration_method"":""jaccard2"",""name_2"":""Khoy""}]",2023-01-19,2026-02-13,2023-01-18,2023-01-18,2023-01-18
2023-0047-IRN,No,nat-geo-ear-gro,Natural,Geophysical,Earthquake,Ground movement,GLIDE:EQ-2023-000009,,IRN,Iran (Islamic Republic of),Southern Asia,Asia,"Firouragh district, Khoy county (West Azerbaijan)",,,No,No,No,,5.9,Moment Magnitude,38.424,44.909,,2023,1.0,28.0,2023,1.0,28.0,3.0,1017.0,261387.0,,262404.0,,,,,255000.0,269429.0,94.6446220103845,"[{""adm2_code"":41005,""adm2_name"":""Khoy""}]","[{""gid_2"":""IRN.29.3_1"",""migration_date"":""2025-12-20"",""migration_method"":""jaccard2"",""name_2"":""Khoy""}]",2023-01-30,2025-12-20,2023-01-28,2023-01-28,2023-01-28
2023-0279-JPN,No,nat-geo-ear-gro,Natural,Geophysical,Earthquake,Ground movement,GLIDE:EQ-2023-000065,,JPN,Japan,Eastern Asia,Asia,Ishikawa,,"Slide (land, mud, snow, rock)",No,No,No,,6.2,Moment Magnitude,37.548,137.299,,2023,5.0,6.0,2023,5.0,6.0,1.0,43.0,2157.0,54.0,2254.0,,,,,,,94.6446220103845,,,2023-05-08,2025-06-25,2023-05-06,2023-05-06,2023-05-06
2023-0600-MAR,No,nat-geo-ear-gro,Natural,Geophysical,Earthquake,Ground movement,GLIDE:EQ-2023-000166,,MAR,Morocco,Northern Africa,Africa,"Al Haouz and Taroudant Provinces; Marrakech; Ouarzazate, Azilal, Chichaoua",,"Slide (land, mud, snow, rock)",No,No,No,,6.8,Moment Magnitude,31.058,-8.385,,2023,9.0,8.0,2023,9.0,8.0,2946.0,5674.0,840000.0,,845674.0,,,300000.0,316975.0,7000000.0,7396088.0,94.6446220103845,,,2023-09-11,2024-02-26,2023-09-08,2023-09-08,2023-09-08
2023-0722-NPL,No,nat-geo-ear-gro,Natural,Geophysical,Earthquake,Ground movement,GLIDE:EQ-2023-000214,,NPL,Nepal,Southern Asia,Asia,Jajarkot and Rukum Districts of Karnali Province,,,No,No,No,,5.7,Moment Magnitude,28.848,82.18,,2023,11.0,3.0,2023,11.0,3.0,154.0,366.0,300000.0,,300366.0,,,,,100000.0,105658.0,94.6446220103845,,,2023-11-06,2024-02-12,2023-11-03,2023-11-03,2023-11-03
2023-0653-NPL,No,nat-geo-ear-gro,Natural,Geophysical,Earthquake,Ground movement,GLIDE:EQ-2023-000182,,NPL,Nepal,Southern Asia,Asia,"Achham, Baitadi, Bajhang and Bajura districts",,"Slide (land, mud, snow, rock)",No,No,No,,5.7,Moment Magnitude,29.498,81.243,,2023,10.0,3.0,2023,10.0,3.0,1.0,23.0,36250.0,,36273.0,,,,,,,94.6446220103845,,,2023-10-12,2023-12-21,2023-10-03,2023-10-03,2023-10-03
2023-0156-PAK,No,nat-geo-ear-gro,Natural,Geophysical,Earthquake,Ground movement,,,PAK,Pakistan,Southern Asia,Asia,Khyber Pakhtunkhwa,,,No,No,No,,6.5,Moment Magnitude,36.519,70.946,,2023,3.0,21.0,2023,3.0,21.0,11.0,79.0,860.0,,939.0,,,,,,,94.6446220103845,"[{""adm2_code"":23632,""adm2_name"":""Khyber Agency""}]",,2023-03-22,2023-09-26,2023-03-21,2023-03-21,2023-03-21
2023-0189-PNG,No,nat-geo-ear-gro,Natural,Geophysical,Earthquake,Ground movement,GLIDE:EQ-2023-000049,,PNG,Papua New Guinea,Melanesia,Oceania,East Sepik Province,,,No,No,No,,7.0,Moment Magnitude,-4.326,143.159,,2023,4.0,2.0,2023,4.0,2.0,8.0,11.0,13635.0,2628.0,16274.0,,,,,,,94.6446220103845,"[{""adm1_code"":2293,""adm1_name"":""East Sepik""}]","[{""gid_1"":""PNG.5_1"",""migration_date"":""2025-12-20"",""migration_method"":""jaccard1"",""name_1"":""East Sepik""}]",2023-04-03,2025-12-20,2023-04-02,2023-04-02,2023-04-02
2023-0155-PER,No,nat-geo-ear-gro,Natural,Geophysical,Earthquake,Ground movement,GLIDE:EQ-2023-000038,,PER,Peru,Latin America and the Caribbean,Americas,Tumbes,,,No,No,No,,6.8,Moment Magnitude,-2.837,-79.844,,2023,3.0,18.0,2023,3.0,18.0,1.0,1.0,140.0,,141.0,,,,,,,94.6446220103845,,,2023-03-22,2023-09-26,2023-03-18,2023-03-18,2023-03-18
2023-0791-PHL,No,nat-geo-ear-gro,Natural,Geophysical,Earthquake,Ground movement,GLIDE:EQ-2023-000245,,PHL,Philippines,South-eastern Asia,Asia,"Hinatuan Municipality (Surigao Del Sur Province, Caraga Region, Mindanao)",,,No,No,No,,7.6,Moment Magnitude,8.527,126.449,,2023,12.0,2.0,2023,12.0,2.0,3.0,79.0,720997.0,,721076.0,,,,,22712.0,23997.0,94.6446220103845,,"[{""gid_2"":""PHL.75.9_1"",""name_2"":""Hinatuan""}]",2023-12-06,2026-09-10,2023-12-02,2023-12-02,2023-12-02
2023-0762-PHL,No,nat-geo-ear-gro,Natural,Geophysical,Earthquake,Ground movement,GLIDE:EQ-2023-000228,,PHL,Philippines,South-eastern Asia,Asia,"Glan, Kiamba, Polompok, and General Santos City (Davao Occidental in Region XI, southern Mindanao)",,,No,No,No,,6.7,Moment Magnitude,5.583,125.022,,2023,11.0,17.0,2023,11.0,17.0,11.0,37.0,99541.0,,99578.0,,,,,25393.0,26830.0,94.6446220103845,,,2023-11-22,2025-06-25,2023-11-17,2023-11-17,2023-11-17
2023-0739-PHL,No,nat-geo-ear-gro,Natural,Geophysical,Earthquake,Ground movement,,,PHL,Philippines,South-eastern Asia,Asia,"Luzon Strait (near Calayan Island, southern Babuyan Islands)",,,No,No,No,,6.2,Moment Magnitude,19.236,21.229,,2023,9.0,12.0,2023,9.0,12.0,,5.0,175.0,,180.0,,,,,,,94.6446220103845,,,2023-11-09,2023-12-01,2023-09-12,2023-09-12,2023-09-12
2023-0107-SYR,No,nat-geo-ear-gro,Natural,Geophysical,Earthquake,Ground movement,,,SYR,Syrian Arab Republic,Western Asia,Asia,Northwest,,,No,No,No,,5.2,Moment Magnitude,,,,2023,2.0,27.0,2023,2.0,27.0,,150.0,,,150.0,,,,,,,94.6446220103845,,,2023-02-28,2023-09-26,2023-02-27,2023-02-27,2023-02-27
2023-0054-SYR,No,nat-geo-ear-gro,Natural,Geophysical,Earthquake,Ground movement,GLIDE:EQ-2023-000015,,SYR,Syrian Arab Republic,Western Asia,Asia,"Aleppo, Lattakia, Hama; Harim (Idlib); Tartous; Atmeh, Sarmada, Atareb, and Kafr Takharim",,,No,No,Yes,,7.8,Moment Magnitude,38.055,36.51,,2023,2.0,6.0,2023,2.0,6.0,5670.0,11774.0,8000000.0,,8011774.0,14800000.0,15637444.0,,,8900000.0,9403598.0,94.6446220103845,"[{""adm1_code"":2834,""adm1_name"":""Aleppo""},{""adm1_code"":2840,""adm1_name"":""Hama""},{""adm1_code"":2844,""adm1_name"":""Lattakia""},{""adm1_code"":2846,""adm1_name"":""Tartous""},{""adm2_code"":26364,""adm2_name"":""Harim""}]","[{""gid_1"":""SYR.11_1"",""migration_date"":""2025-12-20"",""migration_method"":""jaccard1"",""name_1"":""Lattakia""},{""gid_1"":""SYR.14_1"",""migration_date"":""2025-12-20"",""migration_method"":""jaccard1"",""name_1"":""Tartus""},{""gid_1"":""SYR.2_1"",""migration_date"":""2025-12-20"",""migration_method"":""jaccard1"",""name_1"":""Aleppo""},{""gid_1"":""SYR.8_1"",""migration_date"":""2025-12-20"",""migration_method"":""jaccard1"",""name_1"":""Hamah""},{""gid_2"":""SYR.10.2_1"",""migration_date"":""2025-12-20"",""migration_method"":""jaccard2"",""name_2"":""Harem""}]",2023-02-06,2025-12-20,2023-02-06,2023-02-06,2023-02-06
2023-0091-SYR,No,nat-geo-ear-gro,Natural,Geophysical,Earthquake,Ground movement,GLIDE:EQ-2023-000024,,SYR,Syrian Arab Republic,Western Asia,Asia,,,,No,No,No,,6.3,Moment Magnitude,36.159,36.034,,2023,2.0,20.0,2023,2.0,20.0,,470.0,,,470.0,,,,,,,94.6446220103845,,,2023-02-21,2025-06-25,2023-02-20,2023-02-20,2023-02-20
2023-0237-TJK,No,nat-geo-ear-gro,Natural,Geophysical,Earthquake,Ground movement,GLIDE:EQ-2023-000043,,TJK,Tajikistan,Central Asia,Asia,Sughd province,,,No,No,No,,4.8,Moment Magnitude,39.383,69.881,,2023,3.0,23.0,2023,3.0,23.0,,3.0,2202.0,,2205.0,,,,,,,94.6446220103845,,,2023-04-19,2023-09-26,2023-03-23,2023-03-23,2023-03-23
2023-0107-TUR,No,nat-geo-ear-gro,Natural,Geophysical,Earthquake,Ground movement,,,TUR,Türkiye,Western Asia,Asia,Yesilyurt District (Malatya province),,,No,No,No,,5.2,Moment Magnitude,,,,2023,2.0,27.0,2023,2.0,27.0,1.0,110.0,,90.0,200.0,,,,,,,94.6446220103845,"[{""adm2_code"":28106,""adm2_name"":""Yesilyurt""}]",,2023-02-28,2023-09-26,2023-02-27,2023-02-27,2023-02-27
2023-0091-TUR,No,nat-geo-ear-gro,Natural,Geophysical,Earthquake,Ground movement,GLIDE:EQ-2023-000024,,TUR,Türkiye,Western Asia,Asia,"Defne District (Hatay Province, southern Türkiye)",,,No,No,No,,6.3,Moment Magnitude,36.159,36.034,,2023,2.0,20.0,2023,2.0,20.0,6.0,294.0,,,294.0,,,,,,,94.6446220103845,,,2023-02-21,2025-06-25,2023-02-20,2023-02-20,2023-02-20
2023-0054-TUR,No,nat-geo-ear-gro,Natural,Geophysical,Earthquake,Ground movement,GLIDE:EQ-2023-000015,,TUR,Türkiye,Western Asia,Asia,"Gaziantep; Pazarcik District (Kahramanmaras); Sanliurfa, Diyarbakir, Adana, Adiyaman, Osmaniye, Hatay, Kilis, Elazig, Malatya",,Fire,No,Yes,Yes,,7.8,Moment Magnitude,38.055,36.51,,2023,2.0,6.0,2023,2.0,6.0,53000.0,107000.0,16000000.0,,16107000.0,100000000.0,105658407.0,,,34000000.0,35923858.0,94.6446220103845,"[{""adm1_code"":3017,""adm1_name"":""Adana""},{""adm1_code"":3018,""adm1_name"":""Adiyaman""},{""adm1_code"":3042,""adm1_name"":""Diyarbakir""},{""adm1_code"":3044,""adm1_name"":""Elazig""},{""adm1_code"":3048,""adm1_name"":""Gaziantep""},{""adm1_code"":3052,""adm1_name"":""Hatay""},{""adm1_code"":3064,""adm1_name"":""Kilis""},{""adm1_code"":3071,""adm1_name"":""Malatya""},{""adm1_code"":3079,""adm1_name"":""Osmaniye""},{""adm1_code"":3083,""adm1_name"":""Sanliurfa""},{""adm2_code"":27957,""adm2_name"":""Pazarcik""}]","[{""gid_1"":""TUR.1_1"",""migration_date"":""2025-12-20"",""migration_method"":""jaccard1"",""name_1"":""Adana""},{""gid_1"":""TUR.26_1"",""migration_date"":""2025-12-20"",""migration_method"":""jaccard1"",""name_1"":""Diyarbakir""},{""gid_1"":""TUR.29_1"",""migration_date"":""2025-12-20"",""migration_method"":""jaccard1"",""name_1"":""Elazığ""},{""gid_1"":""TUR.2_1"",""migration_date"":""2025-12-20"",""migration_method"":""jaccard1"",""name_1"":""Adiyaman""},{""gid_1"":""TUR.33_1"",""migration_date"":""2025-12-20"",""migration_method"":""jaccard1"",""name_1"":""Gaziantep""},{""gid_1"":""TUR.37_1"",""migration_date"":""2025-12-20"",""migration_method"":""jaccard1"",""name_1"":""Hatay""},{""gid_1"":""TUR.48_1"",""migration_date"":""2025-12-20"",""migration_method"":""jaccard1"",""name_1"":""Kilis""},{""gid_1"":""TUR.55_1"",""migration_date"":""2025-12-20"",""migration_method"":""jaccard1"",""name_1"":""Malatya""},{""gid_1"":""TUR.64_1"",""migration_date"":""2025-12-20"",""migration_method"":""jaccard1"",""name_1"":""Osmaniye""},{""gid_1"":""TUR.68_1"",""migration_date"":""2025-12-20"",""migration_method"":""jaccard1"",""name_1"":""Sanliurfa""},{""gid_2"":""TUR.42.9_1"",""migration_date"":""2025-12-20"",""migration_method"":""jaccard2"",""name_2"":""Pazarcık""}]",2023-02-06,2025-12-20,2023-02-06,2023-02-06,2023-02-06
2024-0035-CHN,No,nat-geo-ear-gro,Natural,Geophysical,Earthquake,Ground movement,,,CHN,China,Eastern Asia,Asia,Xinjiang Province,,,No,No,No,,5.6,Moment Magnitude,41.219,78.724,,2024,1.0,23.0,2024,1.0,23.0,6.0,5.0,12426.0,141.0,12572.0,,,,,430000.0,441315.0,97.43617561613397,,,2024-01-23,2025-01-28,2024-01-23,2024-01-23,2024-01-23
2024-0848-CUB,No,nat-geo-ear-gro,Natural,Geophysical,Earthquake,Ground movement,GLIDE:EQ-2024-000207,,CUB,Cuba,Latin America and the Caribbean,Americas,"Bartolomé Masó, Pilón and Niquero municipalities (Granma province)",,"Slide (land, mud, snow, rock)",No,No,No,,6.8,Moment Magnitude,19.812,-77.039,,2024,11.0,10.0,2024,11.0,10.0,,7.0,6000.0,,6007.0,,,,,,,97.43617561613397,,,2024-11-15,2024-12-19,2024-11-10,2024-11-10,2024-11-10
2024-0154-IDN,No,nat-geo-ear-gro,Natural,Geophysical,Earthquake,Ground movement,,,IDN,Indonesia,South-eastern Asia,Asia,Gresik Regency (East Java province),,,No,No,No,,6.4,Moment Magnitude,-5.867,112.362,,2024,3.0,22.0,2024,3.0,22.0,,2.0,144520.0,,144522.0,,,,,40000.0,41053.0,97.43617561613397,,,2024-03-27,2025-01-28,2024-03-22,2024-03-22,2024-03-22
2024-0688-IDN,No,nat-geo-ear-gro,Natural,Geophysical,Earthquake,Ground movement,,,IDN,Indonesia,South-eastern Asia,Asia,"Bandung Regency, West Java Province",,,No,No,No,,5.1,Moment Magnitude,,,,2024,9.0,18.0,2024,9.0,18.0,1.0,75.0,2800.0,,2875.0,,,,,30000.0,30789.0,97.43617561613397,,,2024-09-25,2025-01-28,2024-09-18,2024-09-18,2024-09-18
2024-0262-IDN,No,nat-geo-ear-gro,Natural,Geophysical,Earthquake,Ground movement,,,IDN,Indonesia,South-eastern Asia,Asia,"Bandung, Bogor, Ciamis, Cianjur, Garut, Sukabumi and Tasikmalaya regencies (West Java)",,,No,No,No,,6.1,Moment Magnitude,-8.005,107.28,,2024,4.0,27.0,2024,4.0,27.0,1.0,12.0,2730.0,70.0,2812.0,,,,,,,97.43617561613397,,,2024-04-30,2024-07-29,2024-04-27,2024-04-27,2024-04-27
2024-0392-IRN,No,nat-geo-ear-gro,Natural,Geophysical,Earthquake,Ground movement,,,IRN,Iran (Islamic Republic of),Southern Asia,Asia,Razavi Khorasan province,,,No,No,No,,4.9,Moment Magnitude,35.261,58.458,,2024,6.0,18.0,2024,6.0,18.0,4.0,120.0,,,120.0,,,,,,,97.43617561613397,,,2024-06-19,2024-07-29,2024-06-18,2024-06-18,2024-06-18
2024-0001-JPN,No,nat-geo-ear-gro,Natural,Geophysical,Earthquake,Ground movement,,,JPN,Japan,Eastern Asia,Asia,"Noto, Wajima, Suzu (Ishikawa department); Niigata, Toyama, Fukui, Gifu, Osaka and Hyogo Prefectures",,"Fire|Slide (land, mud, snow, rock)|Tsunami/Tidal wave",No,No,No,,7.5,Moment Magnitude,37.495,137.265,,2024,1.0,1.0,2024,1.0,1.0,699.0,1277.0,94947.0,73338.0,169562.0,,,2500000.0,2565782.0,15000000.0,15394693.0,97.43617561613397,,,2024-01-02,2026-02-24,2024-01-01,2024-01-01,2024-01-01
2024-0035-KAZ,No,nat-geo-ear-gro,Natural,Geophysical,Earthquake,Ground movement,,,KAZ,Kazakhstan,Central Asia,Asia,,,,No,No,No,,5.8,Moment Magnitude,41.27,78.621,,2024,1.0,23.0,2024,1.0,23.0,,67.0,,,67.0,,,,,,,97.43617561613397,,,2024-01-26,2024-04-16,2024-01-23,2024-01-23,2024-01-23
2024-0153-PNG,No,nat-geo-ear-gro,Natural,Geophysical,Earthquake,Ground movement,,,PNG,Papua New Guinea,Melanesia,Oceania,"Ambunti-Dreikikir, Angoram and Wosera-Gaui (East Sepik Province)",,"Slide (land, mud, snow, rock)",No,No,No,,6.9,Moment Magnitude,-4.139,143.159,,2024,3.0,20.0,2024,3.0,20.0,5.0,2.0,,5000.0,5002.0,,,,,,,97.43617561613397,,,2024-03-27,2024-07-29,2024-03-20,2024-03-20,2024-03-20
2024-0473-PER,No,nat-geo-ear-gro,Natural,Geophysical,Earthquake,Ground movement,,,PER,Peru,Latin America and the Caribbean,Americas,Near Arequipa province,,"Slide (land, mud, snow, rock)|Tsunami/Tidal wave",No,No,No,,7.2,Moment Magnitude,-15.827,-74.464,,2024,6.0,28.0,2024,6.0,28.0,,30.0,9000.0,33.0,9063.0,,,,,,,97.43617561613397,,,2024-07-12,2025-03-18,2024-06-28,2024-06-28,2024-06-28
2024-0585-PHL,No,nat-geo-ear-gro,Natural,Geophysical,Earthquake,Ground movement,,,PHL,Philippines,South-eastern Asia,Asia,Lingig municipality (Mindanao Island),,,No,No,No,,6.8,Moment Magnitude,8.193,126.0,,2024,8.0,2.0,2024,8.0,2.0,,,24000.0,,24000.0,,,,,,,97.43617561613397,,"[{""gid_2"":""PHL.75.12_1"",""name_2"":""Lingig""}]",2024-08-09,2026-09-10,2024-08-02,2024-08-02,2024-08-02
2024-0189-TWN,No,nat-geo-ear-gro,Natural,Geophysical,Earthquake,Ground movement,,,TWN,Taiwan (Province of China),Eastern Asia,Asia,Hualien region,,"Slide (land, mud, snow, rock)|Tsunami/Tidal wave",No,No,No,,7.4,Moment Magnitude,23.819,121.562,,2024,4.0,3.0,2024,4.0,3.0,20.0,1145.0,891.0,333.0,2369.0,,,,,2530000.0,2596572.0,97.43617561613397,,,2024-04-03,2025-02-21,2024-04-03,2024-04-03,2024-04-03
2024-0751-TUR,No,nat-geo-ear-gro,Natural,Geophysical,Earthquake,Ground movement,,,TUR,Türkiye,Western Asia,Asia,"Kale (Malatya province) , Sanliurfa,Elazig provinces",,,No,No,No,,6.0,Moment Magnitude,38.309,38.826,,2024,10.0,16.0,2024,10.0,16.0,,43.0,1605.0,69.0,1717.0,,,,,,,97.43617561613397,,,2024-10-17,2024-10-28,2024-10-16,2024-10-16,2024-10-16
2024-0911-VUT,No,nat-geo-ear-gro,Natural,Geophysical,Earthquake,Ground movement,GLIDE:EQ-2024-000227,,VUT,Vanuatu,Melanesia,Oceania,,,"Slide (land, mud, snow, rock)|Tsunami/Tidal wave",No,No,Yes,,7.3,Moment Magnitude,-17.686,168.034,,2024,12.0,17.0,2024,12.0,17.0,14.0,265.0,80000.0,,80265.0,,,,,100000.0,102631.0,97.43617561613397,,,2024-12-17,2025-03-18,2024-12-17,2024-12-17,2024-12-17
2025-0750-AFG,No,nat-geo-ear-gro,Natural,Geophysical,Earthquake,Ground movement,GLIDE:EQ-2025-000153,,AFG,Afghanistan,Southern Asia,Asia,"Chawka, Nurgal, chapa Dara, Dara-e-Pech and Watapur districts (Kunar Province); Dara-e-Nur, Jalalabad city, Behsud and Kuz Kunar district (Nangarhar Province); Alingar, Mehtarlam and Qarghayi districts (Laghman Province); Nuristan province",,,No,No,No,,6.0,Moment Magnitude,34.519,70.734,,2025,8.0,31.0,2025,8.0,31.0,2200.0,3600.0,1301000.0,,1304600.0,,,,,180000.0,180000.0,100.0,,,2025-09-01,2026-05-15,2025-08-31,2025-08-31,2025-08-31
2025-0932-AFG,No,nat-geo-ear-gro,Natural,Geophysical,Earthquake,Ground movement,GLIDE:EQ-2025-000202,,AFG,Afghanistan,Southern Asia,Asia,"Marmul and Sholgara (Balkh Province); Khulm, Feroz Nakhchir, Hazrat-e-Sultan and Aybak (Samangan Province)",,,No,No,No,,6.3,Moment Magnitude,36.589,67.484,,2025,11.0,3.0,2025,11.0,3.0,26.0,1172.0,1411000.0,,1412172.0,,,,,10000.0,10000.0,100.0,,,2025-11-03,2026-02-04,2025-11-03,2025-11-03,2025-11-03
2025-0978-BGD,No,nat-geo-ear-gro,Natural,Geophysical,Earthquake,Ground movement,USGS:us6000rpht,,BGD,Bangladesh,Southern Asia,Asia,"Dhaka, Narayanganj, Gazipur, and Narayanganj",,,No,No,No,,5.4,Moment Magnitude,23.808,90.649,,2025,11.0,21.0,2025,11.0,21.0,10.0,507.0,,,507.0,,,,,,,100.0,,,2025-11-21,2025-11-27,2025-11-21,2025-11-21,2025-11-21
2025-0223-CHN,No,nat-geo-ear-gro,Natural,Geophysical,Earthquake,Ground movement,GLIDE:EQ-2025-000043,,CHN,China,Eastern Asia,Asia,"Ruili city (Yunnan province); Guizhou, Guangxci, Sichuan proivinces",,,No,No,No,,7.7,Moment Magnitude,21.996,95.926,,2025,3.0,28.0,2025,3.0,28.0,,2.0,2840.0,,2842.0,,,,,,,100.0,,,2025-03-31,2025-12-02,2025-03-28,2025-03-28,2025-03-28
2025-0004-CHN,No,nat-geo-ear-gro,Natural,Geophysical,Earthquake,Ground movement,,,CHN,China,Eastern Asia,Asia,"Xizang, Tibet Autonomous Region",,,No,No,No,,7.1,Moment Magnitude,28.573,87.375,,2025,1.0,7.0,2025,1.0,7.0,126.0,188.0,46500.0,,46688.0,,,,,1250000.0,1250000.0,100.0,,,2025-01-07,2025-07-16,2025-01-07,2025-01-07,2025-01-07
2025-0822-CHN,No,nat-geo-ear-gro,Natural,Geophysical,Earthquake,Ground movement,,,CHN,China,Eastern Asia,Asia,Longxi County in Dingxi City (Gansu Province),,,No,No,No,,5.6,Moment Magnitude,34.931,104.583,,2025,9.0,27.0,2025,9.0,27.0,,11.0,12984.0,,12995.0,,,,,,,100.0,,,2025-09-29,2025-10-20,2025-09-27,2025-09-27,2025-09-27
2025-0479-COL,No,nat-geo-ear-gro,Natural,Geophysical,Earthquake,Ground movement,,,COL,Colombia,Latin America and the Caribbean,Americas,"Paratebueno, Villavicencio, and Medina municipalities (Valle del Cauca Department)",,,No,No,No,,6.3,Moment Magnitude,4.49,-73.139,,2025,6.0,8.0,2025,6.0,8.0,,31.0,1080.0,540.0,1651.0,,,,,,,100.0,,,2025-07-08,2025-07-14,2025-06-08,2025-06-08,2025-06-08
2025-0303-ECU,No,nat-geo-ear-gro,Natural,Geophysical,Earthquake,Ground movement,,,ECU,Ecuador,Latin America and the Caribbean,Americas,"Esmeraldas, Eloy Alfaro, Atacames, Muisne, Quinindé, Rioverde, and San Lorenzo cantons (Esmeraldas Province)",,,No,No,No,,6.3,Moment Magnitude,1.084,-79.532,,2025,4.0,25.0,2025,4.0,25.0,,49.0,8241.0,222.0,8512.0,,,,,,,100.0,,,2025-04-28,2026-05-15,2025-04-25,2025-04-25,2025-04-25
2025-0018-ETH,No,nat-geo-ear-gro,Natural,Geophysical,Earthquake,Ground movement,GLIDE:EQ-2025-000001,,ETH,Ethiopia,Sub-Saharan Africa,Africa,"Southern Afar, northern Oromia, Amhara regions",,Volcanic activity,No,No,No,,5.2,Moment Magnitude,9.459,40.122,,2025,1.0,4.0,2025,1.0,11.0,2.0,2.0,99950.0,,99952.0,,,,,,,100.0,,"[{""gid_1"":""ETH.2_1"",""name_1"":""Afar""},{""gid_1"":""ETH.3_1"",""name_1"":""Amhara""},{""gid_1"":""ETH.8_1"",""name_1"":""Oromia""}]",2025-01-13,2026-09-10,2025-01-04,2025-01-11,2025-01-04
2025-0867-ETH,No,nat-geo-ear-gro,Natural,Geophysical,Earthquake,Ground movement,,,ETH,Ethiopia,Sub-Saharan Africa,Africa,Afar and Tigray regions,,,No,No,No,,5.7,Moment Magnitude,,,,2025,10.0,11.0,2025,10.0,11.0,1.0,9.0,43000.0,,43009.0,,,,,,,100.0,,,2025-10-16,2025-10-20,2025-10-11,2025-10-11,2025-10-11
2025-0621-GTM,No,nat-geo-ear-gro,Natural,Geophysical,Earthquake,Ground movement,GLIDE:EQ-2025-000111,,GTM,Guatemala,Latin America and the Caribbean,Americas,Jerez municipality (Jutiapa department),,,No,No,No,,5.7,Moment Magnitude,14.055,-89.883,,2025,7.0,29.0,2025,7.0,29.0,9.0,9.0,14541.0,,14550.0,,,,,,,100.0,,,2025-07-30,2025-11-28,2025-07-29,2025-07-29,2025-07-29
2025-0499-GTM,No,nat-geo-ear-gro,Natural,Geophysical,Earthquake,Ground movement,GLIDE:EQ-2025-000111,,GTM,Guatemala,Latin America and the Caribbean,Americas,"Guatemala city, Escuintla, Sacatepéquez",,"Slide (land, mud, snow, rock)",No,No,No,,5.7,Moment Magnitude,14.437,-90.661,,2025,7.0,8.0,2025,7.0,8.0,9.0,9.0,14541.0,,14550.0,,,,,,,100.0,,,2025-07-09,2025-07-31,2025-07-08,2025-07-08,2025-07-08
2025-0882-IDN,No,nat-geo-ear-gro,Natural,Geophysical,Earthquake,Ground movement,,,IDN,Indonesia,South-eastern Asia,Asia,Sarmi region (Papua),,,No,No,No,,6.5,Moment Magnitude,-2.168,138.938,,2025,10.0,16.0,2025,10.0,16.0,,,250.0,,250.0,,,,,,,100.0,,,2025-10-16,2025-11-04,2025-10-16,2025-10-16,2025-10-16
2025-0398-IDN,No,nat-geo-ear-gro,Natural,Geophysical,Earthquake,Ground movement,,,IDN,Indonesia,South-eastern Asia,Asia,Bengkulu province (south-western Sumatra island),,,No,No,No,,5.7,Moment Magnitude,,,,2025,5.0,22.0,2025,5.0,22.0,,11.0,170.0,,181.0,,,,,,,100.0,,,2025-05-26,2025-07-14,2025-05-22,2025-05-22,2025-05-22
2025-0692-IDN,No,nat-geo-ear-gro,Natural,Geophysical,Earthquake,Ground movement,,,IDN,Indonesia,South-eastern Asia,Asia,"Masani village (Poso Coastal District, Central Sulawesi province)",,Tsunami/Tidal wave,No,No,No,,5.8,Moment Magnitude,-1.282,120.727,,2025,8.0,16.0,2025,8.0,16.0,2.0,44.0,433.0,,477.0,,,,,,,100.0,,,2025-08-19,2025-09-01,2025-08-16,2025-08-16,2025-08-16
2025-0619-JPN,No,nat-geo-ear-tsu,Natural,Geophysical,Earthquake,Tsunami,,,JPN,Japan,Eastern Asia,Asia,"Hokkaido, Iwate, Miyagi, Fukushima, and Chiba prefectures",,Tsunami/Tidal wave,No,No,No,,8.8,Moment Magnitude,52.498,160.264,,2025,7.0,29.0,2025,7.0,29.0,1.0,11.0,,,11.0,,,,,,,100.0,,,2025-07-30,2025-09-01,2025-07-29,2025-07-29,2025-07-29
2025-0223-MMR,No,nat-geo-ear-gro,Natural,Geophysical,Earthquake,Ground movement,GLIDE:EQ-2025-000043,,MMR,Myanmar,South-eastern Asia,Asia,"Sagaing, Mandalay, Magway, Shan, Naypyidaw et Bago",,,No,Yes,No,,7.7,Moment Magnitude,21.996,95.926,,2025,3.0,28.0,2025,3.0,28.0,3820.0,5104.0,1350000.0,,1355104.0,,,,,11000000.0,11000000.0,100.0,,,2025-03-28,2026-01-13,2025-03-28,2025-03-28,2025-03-28
2025-0004-NPL,No,nat-geo-ear-gro,Natural,Geophysical,Earthquake,Ground movement,,,NPL,Nepal,Southern Asia,Asia,,,,No,No,No,,7.1,Moment Magnitude,,,,2025,1.0,7.0,2025,1.0,7.0,,13.0,60.0,10.0,83.0,,,,,,,100.0,,,2025-01-13,2025-02-12,2025-01-07,2025-01-07,2025-01-07
2025-0439-PER,No,nat-geo-ear-gro,Natural,Geophysical,Earthquake,Ground movement,,,PER,Peru,Latin America and the Caribbean,Americas,Lima region,,"Slide (land, mud, snow, rock)",No,No,No,,5.6,Moment Magnitude,-12.166,-77.442,,2025,6.0,15.0,2025,6.0,15.0,2.0,135.0,492.0,12.0,639.0,,,,,,,100.0,,,2025-07-02,2025-07-14,2025-06-15,2025-06-15,2025-06-15
2025-0870-PHL,No,nat-geo-ear-gro,Natural,Geophysical,Earthquake,Ground movement,GLIDE:EQ-2025-000189,,PHL,Philippines,South-eastern Asia,Asia,"Davao Oriental, Davao de Oro (Mindanao Island)",,"Slide (land, mud, snow, rock)|Tsunami/Tidal wave",No,No,No,,6.7,Moment Magnitude,7.172,126.755,,2025,10.0,10.0,2025,10.0,10.0,10.0,170.0,1124611.0,,1124781.0,,,,,,,100.0,,,2025-10-16,2026-08-05,2025-10-10,2025-10-10,2025-10-10
2025-0844-PHL,No,nat-geo-ear-gro,Natural,Geophysical,Earthquake,Ground movement,GLIDE:EQ-2025-000181,,PHL,Philippines,South-eastern Asia,Asia,Bogo (Cebu Isl.),,"Slide (land, mud, snow, rock)",No,No,Yes,,6.9,Moment Magnitude,11.136,124.127,,2025,9.0,30.0,2025,9.0,30.0,79.0,559.0,754733.0,,755292.0,,,,,100000.0,100000.0,100.0,,,2025-10-02,2026-03-09,2025-09-30,2025-09-30,2025-09-30
2025-0619-RUS,No,nat-geo-ear-tsu,Natural,Geophysical,Earthquake,Tsunami,,,RUS,Russian Federation,Eastern Europe,Europe,"Kamchatka Peninsula; Severo-Kurilsk city area (Kuril islands, Sakhalin region)",,Tsunami/Tidal wave,No,No,No,,8.8,Moment Magnitude,52.498,160.264,,2025,7.0,29.0,2025,7.0,29.0,,4.0,165.0,,169.0,,,,,,,100.0,,,2025-07-30,2025-09-01,2025-07-29,2025-07-29,2025-07-29
2025-0041-TWN,No,nat-geo-ear-gro,Natural,Geophysical,Earthquake,Ground movement,,,TWN,Taiwan (Province of China),Eastern Asia,Asia,Taiwan,,,No,No,No,,6.0,Moment Magnitude,23.234,120.475,,2025,1.0,21.0,2025,1.0,21.0,,27.0,,,27.0,,,600000.0,600000.0,1300000.0,1300000.0,100.0,,,2025-01-23,2025-08-05,2025-01-21,2025-01-21,2025-01-21
2025-0248-TJK,No,nat-geo-ear-gro,Natural,Geophysical,Earthquake,Ground movement,GLIDE:EQ-2025-000049,,TJK,Tajikistan,Central Asia,Asia,"Safedkunda, Gulkhani, Kul, and Askalon villages in the same district, and Buston, Anvar Qalandarov, and Ganishob (Tojikobod district)",,,No,No,No,,5.8,Moment Magnitude,38.98,70.79,,2025,4.0,13.0,2025,4.0,13.0,1.0,16.0,4004.0,,4020.0,,,,,,,100.0,,,2025-04-14,2025-12-05,2025-04-13,2025-04-13,2025-04-13
2025-0223-THA,No,nat-geo-ear-gro,Natural,Geophysical,Earthquake,Ground movement,GLIDE:EQ-2025-000043,,THA,Thailand,South-eastern Asia,Asia,Bangkok,,,No,No,Yes,,7.7,Moment Magnitude,21.996,95.926,,2025,3.0,28.0,2025,3.0,28.0,54.0,38.0,2313.0,,2351.0,,,,,,,100.0,,,2025-03-28,2025-04-28,2025-03-28,2025-03-28,2025-03-28
2025-0293-TUR,No,nat-geo-ear-gro,Natural,Geophysical,Earthquake,Ground movement,,,TUR,Türkiye,Western Asia,Asia,Marmara region,,,No,No,No,,6.2,Moment Magnitude,,,,2025,4.0,23.0,2025,4.0,23.0,,236.0,,,236.0,,,,,100000.0,100000.0,100.0,,,2025-04-28,2025-07-16,2025-04-23,2025-04-23,2025-04-23
2025-0671-TUR,No,nat-geo-ear-gro,Natural,Geophysical,Earthquake,Ground movement,,,TUR,Türkiye,Western Asia,Asia,Balikesir,,,No,No,No,,6.1,Moment Magnitude,39.322,28.096,,2025,8.0,10.0,2025,8.0,10.0,1.0,52.0,183.0,1278.0,1513.0,,,,,10000.0,10000.0,100.0,,,2025-08-12,2026-02-02,2025-08-10,2025-08-10,2025-08-10
2025-0619-USA,No,nat-geo-ear-tsu,Natural,Geophysical,Earthquake,Tsunami,,,USA,United States of America,Northern America,Americas,Crescent City (California),,Tsunami/Tidal wave,No,No,No,,,Moment Magnitude,52.498,160.264,,2025,7.0,29.0,2025,7.0,29.0,,,,,,,,,,1000.0,1000.0,100.0,,,2025-08-08,2025-09-01,2025-07-29,2025-07-29,2025-07-29
2025-0815-VEN,No,nat-geo-ear-gro,Natural,Geophysical,Earthquake,Ground movement,,,VEN,Venezuela (Bolivarian Republic of),Latin America and the Caribbean,Americas,Maracaibo (Zulia state),,,No,No,No,,6.3,Moment Magnitude,9.922,-70.717,,2025,9.0,24.0,2025,9.0,25.0,,,130.0,80.0,210.0,,,,,,,100.0,,,2025-09-26,2025-09-29,2025-09-24,2025-09-25,2025-09-24
2026-0228-AFG,No,nat-geo-ear-gro,Natural,Geophysical,Earthquake,Ground movement,,,AFG,Afghanistan,Southern Asia,Asia,"Kabul, Panjsher, Logar, Nangarhar, Laghman and Nuristan provinces",,,No,No,No,,5.8,Moment Magnitude,36.548,70.852,,2026,4.0,3.0,2026,4.0,3.0,12.0,4.0,165.0,25.0,194.0,,,,,,,,,,2026-04-07,2026-04-16,2026-04-03,2026-04-03,2026-04-03
2026-0512-COL,No,nat-geo-ear-gro,Natural,Geophysical,Earthquake,Ground movement,GLIDE:EQ-2026-000146|GLIDE:us6000tjl2,,COL,Colombia,Latin America and the Caribbean,Americas,"Risaralda, Valle del Cauca, Chocó, Caldas and Quindío",,,No,No,Yes,,7.5,Moment Magnitude,4.844,-76.242,,2026,8.0,10.0,2026,8.0,10.0,730.0,4548.0,403026.0,88662.0,496236.0,,,,,9570000.0,,,,,2026-08-11,2026-09-10,2026-08-10,2026-08-10,2026-08-10
2026-0157-GRC,No,nat-geo-ear-gro,Natural,Geophysical,Earthquake,Ground movement,USGS:us7000s2x6,,GRC,Greece,Southern Europe,Europe,"Souli, Psina",,"Slide (land, mud, snow, rock)",No,No,No,,5.5,Moment Magnitude,39.72,20.71,,2026,3.0,8.0,2026,3.0,8.0,,,420.0,,420.0,,,,,,,,,,2026-03-09,2026-07-27,2026-03-08,2026-03-08,2026-03-08
2026-0389-IDN,No,nat-geo-ear-gro,Natural,Geophysical,Earthquake,Ground movement,USGS:us7000st95,,IDN,Indonesia,South-eastern Asia,Asia,"Sigi, Donggala, Poso, and Parigi Moutong regencies (Sulawesi)",,,No,No,No,,6.7,Moment Magnitude,-1.117,120.199,,2026,6.0,16.0,2026,6.0,16.0,3.0,95.0,24830.0,1070.0,25995.0,,,,,,,,,,2026-06-19,2026-07-27,2026-06-16,2026-06-16,2026-06-16
2026-0221-IDN,No,nat-geo-ear-gro,Natural,Geophysical,Earthquake,Ground movement,USGS:us6000slss,,IDN,Indonesia,South-eastern Asia,Asia,"Manado, Ternate (Célèbes)",,Tsunami/Tidal wave,No,No,No,,7.4,Moment Magnitude,1.093,126.235,,2026,4.0,2.0,2026,3.0,2.0,1.0,3.0,1600.0,690.0,2293.0,,,,,,,,,,2026-04-02,2026-07-27,2026-04-02,2026-03-02,2026-04-02
2026-0526-IDN,No,nat-geo-ear-gro,Natural,Geophysical,Earthquake,Ground movement,GLIDE:EQ-2026-000150|USGS:us6000tkt2,,IDN,Indonesia,South-eastern Asia,Asia,"Manggarai, Manggarai, East Manggarai, Ngada, Nagekeo, Ende and Sikka (Manggarai and East Manggarai regencies, Flores Isl., East Nusa Tenggara)",,"Slide (land, mud, snow, rock)",No,No,No,,7.7,Moment Magnitude,-8.31,121.352,,2026,8.0,14.0,2026,8.0,14.0,105.0,1673.0,347185.0,136800.0,485658.0,,,,,,,,,,2026-08-17,2026-09-10,2026-08-14,2026-08-14,2026-08-14
2026-0239-IDN,No,nat-geo-ear-gro,Natural,Geophysical,Earthquake,Ground movement,,,IDN,Indonesia,South-eastern Asia,Asia,"Flores Timur Regency, East Nusa Tenggara",,,No,No,No,,4.9,Moment Magnitude,,,,2026,4.0,8.0,2026,4.0,8.0,,18.0,1116.0,,1134.0,,,,,,,,,,2026-04-13,2026-04-14,2026-04-08,2026-04-08,2026-04-08
2026-0290-JPN,No,nat-geo-ear-gro,Natural,Geophysical,Earthquake,Ground movement,USGS:us6000tgb9,,JPN,Japan,Eastern Asia,Asia,Kumamoto department and Kyushu Isl.,,Collapse|Fire,No,No,No,,6.8,Moment Magnitude,32.604,30.627,,2026,7.0,29.0,2026,7.0,29.0,38.0,364.0,52482.0,10617.0,63463.0,,,,,,,,,,2026-07-29,2026-09-10,2026-07-29,2026-07-29,2026-07-29
2026-0001-MEX,No,nat-geo-ear-gro,Natural,Geophysical,Earthquake,Ground movement,USGS:us7000rm3k,,MEX,Mexico,Latin America and the Caribbean,Americas,"Guerrero, Mexico city, Morelos, Acapulco and Chilpancingo",,,No,No,No,,6.5,Moment Magnitude,16.875,-99.336,,2026,1.0,2.0,2026,1.0,2.0,1.0,12.0,15930.0,210.0,16152.0,,,,,,,,,,2026-01-05,2026-07-27,2026-01-02,2026-01-02,2026-01-02
2026-0486-MEX,No,nat-geo-ear-gro,Natural,Geophysical,Earthquake,Ground movement,USGS:us7000t1bu,,MEX,Mexico,Latin America and the Caribbean,Americas,Chiapas,,,No,No,No,,7.3,Moment Magnitude,14.604,-92.952,,2026,7.0,17.0,2026,7.0,17.0,,18.0,1131.0,69.0,1218.0,,,,,,,,,"[{""gid_1"":""MEX.5_1"",""name_1"":""Chiapas""}]",2026-07-27,2026-09-10,2026-07-17,2026-07-17,2026-07-17
2026-0054-PAK,No,nat-geo-ear-gro,Natural,Geophysical,Earthquake,Ground movement,,,PAK,Pakistan,Southern Asia,Asia,Barishal,,"Slide (land, mud, snow, rock)",No,No,No,,5.6,Moment Magnitude,36.706,74.449,,2026,1.0,19.0,2026,1.0,19.0,1.0,2.0,150.0,,152.0,,,,,,,,,,2026-01-29,2026-07-27,2026-01-19,2026-01-19,2026-01-19
2026-0451-PER,No,nat-geo-ear-gro,Natural,Geophysical,Earthquake,Ground movement,USGS:us7000t1q,,PER,Peru,Latin America and the Caribbean,Americas,Chpaca (Junín region),,,No,No,Yes,,5.5,Moment Magnitude,-12.043,-75.301,,2026,7.0,19.0,2026,7.0,19.0,6.0,240.0,12492.0,10989.0,23721.0,,,,,,,,,,2026-07-20,2026-09-10,2026-07-19,2026-07-19,2026-07-19
2026-0348-PHL,No,nat-geo-ear-gro,Natural,Geophysical,Earthquake,Ground movement,GLIDE:EQ-2026-000083|USGS:us7000srb1,,PHL,Philippines,South-eastern Asia,Asia,Sarangani province (Mindanao),,,No,No,No,,7.8,Moment Magnitude,5.617,125.047,,2026,6.0,7.0,2026,6.0,7.0,108.0,1339.0,1600000.0,,1601339.0,,,,,1400000.0,,,,,2026-06-08,2026-07-24,2026-06-07,2026-06-07,2026-06-07
2026-0395-VEN,No,nat-geo-ear-gro,Natural,Geophysical,Earthquake,Ground movement,GLIDE:EQ-2026-000093|USGS:us6000t7zc,,VEN,Venezuela (Bolivarian Republic of),Latin America and the Caribbean,Americas,"Caracas, Trujillo, Carabobo, Aragua, Miranda, La Guaira states.",,,No,No,Yes,,7.5,Moment Magnitude,10.435,-68.472,,2026,6.0,24.0,2026,6.0,24.0,7909.0,16740.0,6760000.0,24000.0,6800740.0,,,,,30000000.0,,,,,2026-06-29,2026-08-25,2026-06-24,2026-06-24,2026-06-24
