MonsoonIntensity,TopographyDrainage,RiverManagement,Deforestation,Urbanization,ClimateChange,DamsQuality,Siltation,AgriculturalPractices,Encroachments,IneffectiveDisasterPreparedness,DrainageSystems,CoastalVulnerability,Landslides,Watersheds,DeterioratingInfrastructure,PopulationScore,WetlandLoss,InadequatePlanning,PoliticalFactors,FloodProbability
6.787837546792524,5.9124864066421345,8.0,3.7230241033682523,2.016,2.5,3.1,2.5549967375941125,3.1093147180559946,2.564,3.2920000000000003,3.7,2.6,1.5,3.4,1.5224,1.532,2.0,3.2544,1.9081436857994587,0.4970931672307438
8.76174229250374,7.349924013000156,8.0,4.539936280197903,2.96,2.5,3.1,3.0439817631200374,5.469314718055995,6.34,1.692,3.0,2.6,1.5,3.4,2.844,3.42,2.0,2.1344,1.6931325494920921,0.6713679677216073
9.6,8.578139546025955,8.0,5.031252961328748,10.0,2.5,3.1,3.3387534910462295,11.069314718055994,12.1,3.484,3.0,2.6,1.5,3.4,12.7,14.3,2.0,3.3888,1.9195809073759775,0.8044174831975599
8.206692456250336,7.003517006096704,8.0,4.401340169088074,2.48,2.5,3.1,2.960844081463209,4.269314718055995,4.42,1.564,3.0,2.6,1.5,3.4,2.1719999999999997,2.46,2.0,2.0448,1.6318334746401733,0.6337864683919499
5.163754095512773,4.282474678730768,8.0,3.2969813299576005,2.00176,2.5,3.1,2.3077939228953843,3.0737147180559945,2.50704,2.204,3.0,2.6,1.5,3.4,1.502464,1.50352,2.0,2.4928,1.8077939228953843,0.427754183550344
8.564397455910193,7.349924013000156,8.0,4.539936280197903,2.96,2.5,3.1,3.0439817631200374,5.469314718055995,6.34,1.948,3.0,2.6,1.5,3.4,2.844,3.42,2.0,2.3136,1.7636669492803463,0.671547744410586
7.80130756630673,6.7483262190841415,8.0,4.299219469035191,2.288,2.5,3.1,2.899598292580194,3.7893147180559943,3.652,1.6280000000000001,3.0,2.6,1.5,3.4,1.9032,2.076,2.0,2.0896,1.6663553233343869,0.6063385331353516
9.8,8.155175840779,8.0,4.8620636788544145,6.8064,2.5,3.1,3.2372422017869598,11.069314718055994,12.1,1.756,3.0,2.6,1.5,3.4,8.22896,11.1128,2.0,2.1792,1.7150111363073666,0.7585116295174743
1.8,3.3465735902799727,8.0,2.8,2.0,2.5,3.1,2.0831776616671935,3.0693147180559945,2.5,1.5,3.0,2.6,1.5,3.4,1.5,1.5,2.0,2.0,1.5831776616671935,0.2
6.718875947628167,6.20012872265441,8.0,4.079718986907041,2.096,2.5,3.1,2.7680308934370585,3.3093147180559948,2.884,1.5,3.0,2.6,1.5,3.4,1.6344,1.692,2.0,2.0,1.5831776616671935,0.5465905589539903
10.4,10.959285071494643,8.0,5.743713947532316,10.0,2.5,3.1,3.766228417158714,11.069314718055994,12.1,3.484,3.7,2.6,1.5,3.4,12.7,14.3,2.0,3.3888,1.9195809073759775,0.8500000000000001
10.4,9.703166305868015,8.0,5.24126552260464,10.0,2.5,3.1,3.4647599134083236,11.069314718055994,12.1,2.204,3.7,2.6,1.5,3.4,12.7,14.3,2.0,2.4928,1.8077939228953843,0.8500000000000001
8.915195499203133,7.69683071455161,8.0,4.678715635110898,3.9215999999999998,2.5,3.1,3.1272393714923865,7.873314718055995,10.886399999999998,1.564,3.0,2.6,1.5,3.4,4.190239999999999,5.3432,2.7,2.0448,1.6318334746401733,0.7088413619252121
7.681121867666986,6.454876640822405,8.0,4.181750955863044,2.16,2.5,3.1,2.8291703937973773,3.4693147180559945,3.14,14.3,3.0,2.6,1.5,3.4,1.724,1.82,2.0,10.959999999999999,2.1369921236881444,0.6117426264566189
8.683046619981758,7.426975550757305,8.0,4.570761654995439,3.12,2.5,3.1,3.0624741321817535,5.869314718055994,6.9799999999999995,1.5,3.0,2.6,1.5,3.4,3.068,3.7399999999999998,2.0,2.0,1.5831776616671935,0.6795812815612648
5.86512349198757,4.242453324894,8.0,3.279579054559674,2.0016,2.5,3.1,2.29818879797456,3.0733147180559945,2.5064,3.42,3.0,2.6,1.5,3.4,1.50224,1.5032,2.0,3.344,1.9158883083359672,0.47524273643665843
9.6,8.920315406525619,8.0,5.168124721454441,10.0,2.5,3.1,3.4208756975661485,11.069314718055994,12.1,1.692,3.0,2.6,1.5,3.4,12.7,14.3,2.0,2.1344,1.6931325494920921,0.8413729664607505
9.6,8.578139546025955,8.0,5.031252961328748,10.0,2.5,3.1,3.3387534910462295,11.069314718055994,12.1,3.164,3.0,2.6,1.5,3.4,12.7,14.3,2.0,3.1647999999999996,1.8998645412210244,0.8043981775358664
8.969551274671904,7.605270175989425,8.0,4.642088073395303,3.6,2.5,3.1,3.105264842237462,7.0693147180559945,8.899999999999999,1.692,3.0,2.6,1.5,3.4,3.7399999999999998,4.7,2.0,2.1344,1.6931325494920921,0.6989800342225767
8.418699240393055,7.258796555718782,8.0,4.5034786342837805,2.8,2.5,3.1,3.0221111733725077,5.0693147180559945,5.699999999999999,1.884,3.0,2.6,1.5,3.4,2.62,3.1,2.0,2.2688,1.7495329850015804,0.6616827610682798
7.706695719743667,6.800950979937583,8.0,4.3202804669167465,2.32,2.5,3.1,2.9122282351850197,3.8693147180559944,3.7800000000000002,2.332,3.0,2.6,1.5,3.4,1.948,2.14,2.0,2.5824,1.8249660241322652,0.6134741893576442
6.773284880867892,6.109300059845864,8.0,4.043321220216973,2.08,2.5,3.1,2.7462320143630077,3.2693147180559947,2.82,1.5,3.0,2.6,1.5,3.4,1.612,1.6600000000000001,2.0,2.0,1.5831776616671935,0.5367328304754302
9.6,10.526660430957302,8.0,5.810664114379197,10.0,2.5,3.1,3.8063985034297523,11.069314718055994,12.1,14.3,3.0,2.6,1.5,3.4,12.7,14.3,2.0,13.2,2.202608630664291,0.8500000000000001
6.59688541238525,6.109300059845864,8.0,4.043321220216973,2.08,2.5,3.1,2.7462320143630077,3.2693147180559947,2.82,1.692,3.0,2.6,1.5,3.4,1.612,1.6600000000000001,2.0,2.1344,1.6931325494920921,0.5383307831302513
9.6,8.322736257589685,8.0,4.9290897413011745,8.719999999999999,2.5,3.1,3.277456701821525,11.069314718055994,12.1,1.564,3.0,2.6,1.5,3.4,10.908,14.3,2.0,2.0448,1.6318334746401733,0.7766349194777844
10.4,9.523515308270264,8.0,5.169404691345995,10.0,2.5,3.1,3.421643673984863,11.069314718055994,12.1,2.46,3.7,2.6,1.5,3.4,12.7,14.3,2.0,2.6719999999999997,1.839985601286746,0.8417428496005253
6.281695056703761,3.3465735902799727,8.0,2.8,2.0,2.5,3.1,2.0831776616671935,3.0693147180559945,2.5,4.956,3.0,2.6,1.5,3.4,1.5,1.5,2.0,4.4192,1.983042202888218,0.5034481027976505
9.6,8.298342365923057,8.0,4.919331946556716,8.4,2.5,3.1,3.2716021678215337,11.069314718055994,12.1,2.46,3.0,2.6,1.5,3.4,10.459999999999999,14.3,2.0,2.6719999999999997,1.839985601286746,0.7740872003955375
10.4,9.703041322740086,8.0,5.241215529103535,10.0,2.5,3.1,3.4647299174576207,11.069314718055994,12.1,2.14,3.7,2.6,1.5,3.4,12.7,14.3,2.0,2.448,1.7981887979745599,0.8500000000000001
10.093763600798443,8.407969402264792,8.0,4.723174428905778,4.4,2.5,3.1,3.15391265654355,9.069314718055994,12.1,1.756,3.7,2.6,1.5,3.4,4.859999999999999,6.300000000000001,2.0,2.1792,1.7150111363073666,0.7209319104707279
9.6,8.171064752669425,8.0,4.868419451847319,6.9616,2.5,3.1,3.241055540640662,11.069314718055994,12.1,4.252000000000001,3.0,2.6,1.5,3.4,8.44624,11.423200000000001,2.0,3.9263999999999997,1.9567994987724384,0.7605711778388295
9.6,9.305772210141392,8.0,5.322308217393223,10.0,2.5,3.1,3.513385330433934,11.069314718055994,12.1,3.612,3.0,2.6,1.5,3.4,12.7,14.3,2.0,3.4783999999999997,1.9266417673787295,0.8500000000000001
10.4,9.572954229557565,8.0,5.189180394675778,10.0,2.5,3.1,3.433509015093816,11.069314718055994,12.1,3.676,3.7,2.6,1.5,3.4,12.7,14.3,2.0,3.5232,1.9300222726147331,0.8471293803391338
9.69138147086626,7.905027803871787,8.0,4.7620001418885325,4.9142399999999995,2.5,3.1,3.1772066729292288,10.354914718055992,12.1,14.3,3.0,2.6,1.5,3.4,5.579936,7.32848,2.0,11.0944,2.138761197496609,0.734312287089903
9.145570213534764,7.6964142907747295,8.0,4.678549051726288,3.92,2.5,3.1,3.127139429785935,7.869314718055994,10.18,7.644,3.0,2.6,1.5,3.4,4.188,5.34,2.0,6.3008,2.0501960974404687,0.7108979832080831
9.8,8.285684102924094,8.0,4.91426851316174,8.24,2.5,3.1,3.2685641847017823,11.069314718055994,12.1,2.012,3.0,2.6,1.5,3.4,10.235999999999999,13.98,2.0,2.3584,1.7763102111592854,0.7726699146432916
9.6,8.120015607588936,8.0,4.847999100561063,6.48,2.5,3.1,3.2288037458213443,11.069314718055994,12.1,2.076,3.0,2.6,1.5,3.4,7.772,10.459999999999999,2.0,2.4032,1.7877474327358045,0.7547534036571906
6.718875947628167,6.20012872265441,8.0,4.079718986907041,2.096,2.5,3.1,2.7680308934370585,3.3093147180559948,2.884,1.5,3.0,2.6,1.5,3.4,1.6344,1.692,2.0,2.0,1.5831776616671935,0.5465905589539903
7.024702102180708,6.258835636456137,8.0,4.103238615208593,2.108,2.5,3.1,2.782120552749473,3.3393147180559946,2.932,1.6280000000000001,3.0,2.6,1.5,3.4,1.6512,1.716,2.0,2.0896,1.6663553233343869,0.5537558715018187
3.818070977791825,3.3465735902799727,8.0,2.8,2.0,2.5,3.1,2.0831776616671935,3.0693147180559945,2.5,1.692,3.0,2.6,1.5,3.4,1.5,1.5,2.0,2.1344,1.6931325494920921,0.3501818891213215
6.05056478323343,4.763180262308081,8.0,3.499301512293296,2.00512,2.5,3.1,2.4231632629539392,3.0821147180559945,2.52048,3.676,3.0,2.6,1.5,3.4,1.507168,1.51024,2.0,3.5232,1.9300222726147331,0.48779865719809684
6.414874571596988,5.998226044309511,8.0,3.998792285461314,2.064,2.5,3.1,2.719574250634283,3.2293147180559947,2.7560000000000002,1.6280000000000001,3.0,2.6,1.5,3.4,1.5896,1.6280000000000001,2.0,2.0896,1.6663553233343869,0.5260071324518794
9.6,9.256782349096138,8.0,5.302712204348393,10.0,2.5,3.1,3.5016277637830733,11.069314718055994,12.1,1.5,3.0,2.6,1.5,3.4,12.7,14.3,2.0,2.0,1.5831776616671935,0.8500000000000001
6.3656882117991005,3.3465735902799727,8.0,2.8,2.0,2.5,3.1,2.0831776616671935,3.0693147180559945,2.5,5.34,3.0,2.6,1.5,3.4,1.5,1.5,2.0,4.688,1.995256126205411,0.5091351393405641
9.6,8.154509662544417,8.0,4.861797198684417,6.8,2.5,3.1,3.23708231901066,11.069314718055994,12.1,2.076,3.0,2.6,1.5,3.4,8.219999999999999,11.100000000000001,2.0,2.4032,1.7877474327358045,0.7584845943962117
6.98407982637886,6.458513850703111,8.0,3.942746561101874,2.04832,2.5,3.1,2.6860433241687467,3.1901147180559946,2.69328,1.564,3.7,2.6,1.5,3.4,1.567648,1.59664,2.0,2.0448,1.6318334746401733,0.5103804049110686
6.725503988855451,6.20012872265441,8.0,4.079718986907041,2.096,2.5,3.1,2.7680308934370585,3.3093147180559948,2.884,1.564,3.0,2.6,1.5,3.4,1.6344,1.692,2.0,2.0448,1.6318334746401733,0.5470393325787546
5.862300935031666,5.654133848700603,8.0,3.860660981611815,2.032,2.5,3.1,2.6369921236881444,3.1493147180559946,2.628,1.564,3.0,2.6,1.5,3.4,1.5448,1.564,2.0,2.0448,1.6318334746401733,0.48859329247610234
6.918875947628166,6.20012872265441,8.0,4.079718986907041,2.096,2.5,3.1,2.7680308934370585,3.3093147180559948,2.884,1.5,3.0,2.6,1.5,3.4,1.6344,1.692,2.0,2.0,1.5831776616671935,0.5465905589539903
6.518875947628167,6.20012872265441,8.0,4.079718986907041,2.096,2.5,3.1,2.7680308934370585,3.3093147180559948,3.5839999999999996,1.5,3.0,2.6,1.5,3.4,1.6344,1.692,2.7,2.0,1.5831776616671935,0.5465905589539903
6.918875947628166,6.20012872265441,8.0,4.079718986907041,2.096,2.5,3.1,2.7680308934370585,3.3093147180559948,2.884,1.5,3.0,2.6,1.5,3.4,1.6344,1.692,2.0,2.0,1.5831776616671935,0.5465905589539903
9.360411398834621,7.949924013000156,8.0,4.539936280197903,2.96,2.5,3.1,3.0439817631200374,5.469314718055995,6.34,1.564,3.7,2.6,1.5,3.4,2.844,3.42,2.0,2.0448,1.6318334746401733,0.6712778551294274
7.892150363349973,6.917196151455219,8.0,4.366799268341892,2.4038399999999998,2.5,3.1,2.940127076349252,4.078914718055994,4.11536,2.524,3.0,2.6,1.5,3.4,2.0653759999999997,2.30768,2.0,2.7168,1.8468446109475396,0.6260310141851545
6.666623702511753,6.069942276113128,8.0,4.027545410817247,2.07392,2.5,3.1,2.7367861462671508,3.2541147180559946,2.79568,2.7800000000000002,3.0,2.6,1.5,3.4,1.603488,1.64784,2.0,2.896,1.870925094402998,0.5430526465242332
7.511728268771936,6.5458710575475765,8.0,4.218181964415996,2.192,2.5,3.1,2.8510090538114183,3.5493147180559945,3.268,2.268,3.0,2.6,1.5,3.4,1.7688,1.884,2.0,2.5376,1.816686879553831,0.5867316015314332
7.683118374817505,6.800950979937583,8.0,4.3202804669167465,2.32,2.5,3.1,2.9122282351850197,3.8693147180559944,3.7800000000000002,1.564,3.0,2.6,1.5,3.4,1.948,2.14,2.0,2.0448,1.6318334746401733,0.6118778066282686
10.4,11.057061756649412,8.0,5.782824635993133,10.0,2.5,3.1,3.7896948215958592,11.069314718055994,12.1,2.7800000000000002,3.7,2.6,1.5,3.4,12.7,14.3,2.0,2.896,1.870925094402998,0.8500000000000001
9.6,11.453276551115838,8.0,6.1813106113554275,10.0,2.5,3.1,4.028786372267801,11.069314718055994,12.1,14.3,3.0,2.6,1.5,3.4,12.7,14.3,2.0,13.2,2.312081175031847,0.8500000000000001
10.4,9.818627896257045,8.0,5.2874503649071345,10.0,2.5,3.1,3.492470695101691,11.069314718055994,12.1,12.956000000000001,3.7,2.6,1.5,3.4,12.7,14.3,2.0,10.0192,2.123819643751899,0.8500000000000001
9.6,11.5091285411017,8.0,6.203651408310599,10.0,2.5,3.1,4.042190849864408,11.069314718055994,12.1,14.3,3.0,2.6,1.5,3.4,12.7,14.3,2.0,13.2,2.3144060340726096,0.8500000000000001
7.582807713766855,3.946573590279973,8.0,2.8,2.0,2.5,3.1,2.0831776616671935,3.0693147180559945,2.5,9.82,3.7,2.6,1.5,3.4,1.5,1.5,2.0,7.824,2.0859362307103644,0.5509192722862974
9.8,9.594110201965758,8.0,5.437643706280066,10.0,2.5,3.1,3.5825864484717815,11.069314718055994,12.1,1.884,3.0,2.6,1.5,3.4,12.7,14.3,2.0,2.2688,1.7495329850015804,0.8500000000000001
9.6,9.431826116082025,8.0,5.372729928328296,10.0,2.5,3.1,3.543638267859686,11.069314718055994,12.1,7.9,3.0,2.6,1.5,3.4,12.7,14.3,2.0,6.4799999999999995,2.0549967375941125,0.8500000000000001
10.4,8.896489027796266,8.0,4.918590592738689,8.37632,2.5,3.1,3.271157366671104,11.069314718055994,12.1,3.9320000000000004,3.7,2.6,1.5,3.4,10.426848,14.25264,2.0,3.7024,1.9426655344936723,0.7740425792669392
10.4,9.009909141805151,8.0,4.963959656842057,10.0,2.5,3.1,3.2983781940332366,11.069314718055994,12.1,9.564,3.7,2.6,1.5,3.4,12.7,14.3,2.0,7.6448,2.0822436316703543,0.7867506296114988
7.271235900357477,6.59822604430951,8.0,3.998792285461314,2.064,2.5,3.1,2.719574250634283,3.2293147180559947,2.7560000000000002,2.012,3.7,2.6,1.5,3.4,1.5896,1.6280000000000001,2.0,2.3584,1.7763102111592854,0.5298232640867042
6.935598471886303,6.292395696192858,8.0,4.116681844431753,2.11552,2.5,3.1,2.790174967086286,3.3581147180559947,2.96208,2.332,3.0,2.6,1.5,3.4,1.661728,1.7310400000000001,2.0,2.5824,1.8249660241322652,0.5612644798673019
9.6,8.334500952610988,8.0,4.933795730043848,8.879999999999999,2.5,3.1,3.280280228626637,11.069314718055994,12.1,3.1,3.0,2.6,1.5,3.4,11.132,14.3,2.0,3.12,1.8955004239205195,0.7780602393838247
7.327003823452176,6.454876640822405,8.0,4.181750955863044,2.16,2.5,3.1,2.8291703937973773,3.4693147180559945,3.14,1.5,3.0,2.6,1.5,3.4,1.724,1.82,2.0,2.0,1.5831776616671935,0.5742242172129077
8.508833860203694,7.315439477910027,8.0,4.526140086441966,2.896,2.5,3.1,3.0357054746984065,5.309314718055995,6.084,1.884,3.0,2.6,1.5,3.4,2.7544,3.2920000000000003,2.0,2.2688,1.7495329850015804,0.6677856259512918
9.4,9.397085186579188,8.0,5.358833519248134,10.0,2.5,3.1,3.535300444779005,11.069314718055994,12.799999999999999,2.652,3.0,2.6,1.5,3.4,12.7,14.3,2.7,2.8064,1.8594878728264788,0.8500000000000001
8.059556744702096,6.912422845513428,8.0,4.364889186175524,2.4,2.5,3.1,2.938981482923223,4.0693147180559945,4.1,1.5,3.0,2.6,1.5,3.4,2.06,2.3,2.0,2.0,1.5831776616671935,0.6238241545892044
9.8,9.508503653090536,8.0,5.403401016793251,10.0,2.5,3.1,3.5620408767417286,11.069314718055994,12.1,2.46,3.0,2.6,1.5,3.4,12.7,14.3,2.0,2.6719999999999997,1.839985601286746,0.8500000000000001
9.722830041028937,7.95179377376823,8.0,4.780707510257234,5.2,2.5,3.1,3.188430505704375,11.069314718055994,12.1,1.5,3.0,2.6,1.5,3.4,5.9799999999999995,7.9,2.0,2.0,1.5831776616671935,0.7364416173613344
9.595834317826881,8.09372339470859,8.0,4.597464362570025,3.2800000000000002,2.5,3.1,3.0784936147300614,6.269314718055995,7.62,2.268,3.7,2.6,1.5,3.4,3.292,4.0600000000000005,2.0,2.5376,1.816686879553831,0.6872179486028618
5.264586672229065,3.3465735902799727,8.0,2.8,2.0,2.5,3.1,2.0831776616671935,3.0693147180559945,2.5,2.46,3.0,2.6,1.5,3.4,1.5,1.5,2.0,2.6719999999999997,1.839985601286746,0.4345813892655096
7.891054947846903,6.800950979937583,8.0,4.3202804669167465,2.32,2.5,3.1,2.9122282351850197,3.8693147180559944,3.7800000000000002,1.82,3.0,2.6,1.5,3.4,1.948,2.14,2.0,2.224,1.7335092178866376,0.6124151787604675
6.918875947628166,3.3465735902799727,8.0,2.8,2.0,2.5,3.1,2.0831776616671935,3.0693147180559945,2.5,9.18,3.0,2.6,1.5,3.4,1.5,1.5,2.0,7.3759999999999994,2.076482525367991,0.5465905589539903
5.810143901633053,3.946573590279973,8.0,2.8,2.0,2.5,3.1,2.0831776616671935,3.0693147180559945,2.5,2.396,3.7,2.6,1.5,3.4,1.5,1.5,2.0,2.6272,1.8327106466687737,0.4308951600064046
6.965688211799101,6.455213508687434,8.0,3.9414220529497754,2.048,2.5,3.1,2.685251242084984,3.1893147180559946,2.692,1.5,3.7,2.6,1.5,3.4,1.5672,1.596,2.0,2.0,1.5831776616671935,0.5091351393405641
7.018849844919609,6.240022280963327,8.0,4.095701928441714,2.104,2.5,3.1,2.7776053474311984,3.3293147180559943,2.916,1.884,3.0,2.6,1.5,3.4,1.6456,1.708,2.0,2.2688,1.7495329850015804,0.5533596249164319
9.6,10.659794199592447,8.0,5.863917635392549,10.0,2.5,3.1,3.8383506079021874,11.069314718055994,12.1,14.3,3.0,2.6,1.5,3.4,12.7,14.3,2.0,13.2,2.3024530329439816,0.8500000000000001
8.613914537135123,7.258796555718782,8.0,4.5034786342837805,2.8,2.5,3.1,3.0221111733725077,5.0693147180559945,5.699999999999999,1.5,3.0,2.6,1.5,3.4,2.62,3.1,2.0,2.0,1.5831776616671935,0.6613587967851907
9.8,8.410608624302268,8.0,4.96423945543274,10.0,2.5,3.1,3.298546069832544,11.069314718055994,12.1,10.716,3.0,2.6,1.5,3.4,12.7,14.3,2.0,8.4512,2.0980327946050004,0.7869215328446495
1.8,3.3465735902799727,8.0,2.8,2.0,2.5,3.1,2.0831776616671935,3.0693147180559945,2.5,1.5,3.0,2.6,1.5,3.4,1.5,1.5,2.0,2.0,1.5831776616671935,0.2
8.490148138300366,7.30643347074226,8.0,4.522537034575092,2.88,2.5,3.1,3.033544032978142,5.269314718055995,6.02,1.5,3.0,2.6,1.5,3.4,2.732,3.2600000000000002,2.0,2.0,1.5831776616671935,0.6665204468640874
8.468537051834279,7.166755354491471,8.0,4.466654070651062,2.6654400000000003,2.5,3.1,3.000021285077953,4.732914718055994,5.161759999999999,1.6280000000000001,3.0,2.6,1.5,3.4,2.431616,2.83088,2.0,2.0896,1.6663553233343869,0.6515155295512792
7.097124521411307,6.3113681619749205,8.0,4.124281130352827,2.12,2.5,3.1,2.794728358873981,3.3693147180559944,2.98,1.5,3.0,2.6,1.5,3.4,1.668,1.74,2.0,2.0,1.5831776616671935,0.5586594728038907
7.8811218676669865,6.800950979937583,8.0,4.3202804669167465,2.32,2.5,3.1,2.9122282351850197,3.8693147180559944,3.7800000000000002,1.5,3.0,2.6,1.5,3.4,1.948,2.14,2.0,2.0,1.5831776616671935,0.6117426264566189
6.220362351305426,5.764714543755712,8.0,3.905090587826357,2.04,2.5,3.1,2.663531490501371,3.1693147180559946,2.66,1.5,3.0,2.6,1.5,3.4,1.556,1.58,2.0,2.0,1.5831776616671935,0.49929536753630493
7.342830254531732,6.454876640822405,8.0,4.181750955863044,2.16,2.5,3.1,2.8291703937973773,3.4693147180559945,3.14,1.756,3.0,2.6,1.5,3.4,1.724,1.82,2.0,2.1792,1.7150111363073666,0.5752957984839193
7.373284880867892,6.709300059845864,8.0,4.043321220216973,2.08,2.5,3.1,2.7462320143630077,3.2693147180559947,2.82,1.5,3.7,2.6,1.5,3.4,1.612,1.6600000000000001,2.0,2.0,1.5831776616671935,0.5367328304754302
7.327003823452176,6.454876640822405,8.0,4.181750955863044,2.16,2.5,3.1,2.8291703937973773,3.4693147180559945,3.14,1.5,3.0,2.6,1.5,3.4,1.724,1.82,2.0,2.0,1.5831776616671935,0.5742242172129077
6.918875947628166,6.20012872265441,8.0,4.079718986907041,2.096,2.5,3.1,2.7680308934370585,3.3093147180559948,2.884,1.5,3.0,2.6,1.5,3.4,1.6344,1.692,2.0,2.0,1.5831776616671935,0.5465905589539903
7.330989880527747,6.454876640822405,8.0,4.181750955863044,2.16,2.5,3.1,2.8291703937973773,3.4693147180559945,3.14,1.564,3.0,2.6,1.5,3.4,1.724,1.82,2.0,2.0448,1.6318334746401733,0.5744941064940663
6.465123491987571,5.575621859290713,8.0,3.586365126544865,2.008,2.5,3.1,2.4741492462297714,3.0893147180559946,2.532,2.9080000000000004,3.7,2.6,1.5,3.4,1.5112,1.516,2.0,2.9856,1.8813664596417534,0.47524273643665843
10.4,9.571986922911897,8.0,5.188793469505595,10.0,2.5,3.1,3.4332768614988556,11.069314718055994,12.1,4.7,3.7,2.6,1.5,3.4,12.7,14.3,2.0,4.24,1.9741492462297714,0.8470528246303657
8.252939050910287,7.283182117711344,8.0,4.5132347627275715,2.84,2.5,3.1,3.0279637082507227,5.169314718055994,6.56,1.5,3.0,2.6,1.5,3.4,2.676,3.18,2.7,2.0,1.5831776616671935,0.6640010815720507
8.427819673728813,7.390547367601307,8.0,4.556188222714478,3.04128,2.5,3.1,3.0537313682243137,5.672514718055995,7.36512,1.82,3.0,2.6,1.5,3.4,2.957792,3.5825600000000004,2.7,2.224,1.7335092178866376,0.6758419570753884
8.107359946940832,6.929899590281055,8.0,4.371882630938717,2.41424,2.5,3.1,2.9431759016674532,4.104914718055995,4.15696,2.332,3.0,2.6,1.5,3.4,2.079936,2.32848,2.0,2.5824,1.8249660241322652,0.6270608297407855
7.427307328856642,6.709300059845864,8.0,4.043321220216973,2.08,2.5,3.1,2.7462320143630077,3.2693147180559947,2.82,1.948,3.7,2.6,1.5,3.4,1.612,1.6600000000000001,2.0,2.3136,1.7636669492803463,0.5403906003913351
8.005360676352293,7.003517006096704,8.0,4.401340169088074,2.48,2.5,3.1,2.960844081463209,4.269314718055995,4.42,1.5,3.0,2.6,1.5,3.4,2.1719999999999997,2.46,2.0,2.0,1.5831776616671935,0.6336962957946866
9.6,8.50464529616991,8.0,5.001854808990448,10.0,2.5,3.1,3.3211148710807783,11.069314718055994,12.1,2.076,3.0,2.6,1.5,3.4,12.7,14.3,2.0,2.4032,1.7877474327358045,0.7963759970159623
7.472727857663987,6.5458710575475765,8.0,4.218181964415996,2.192,2.5,3.1,2.8510090538114183,3.5493147180559945,3.268,1.5,3.0,2.6,1.5,3.4,1.7688,1.884,2.0,2.0,1.5831776616671935,0.5840909486959991
8.359745120791612,7.349924013000156,8.0,4.539936280197903,2.96,2.5,3.1,3.0439817631200374,5.469314718055995,7.04,1.5,3.0,2.6,1.5,3.4,2.844,3.42,2.7,2.0,1.5831776616671935,0.6712327425535987
7.059970558372836,6.537904431989194,8.0,4.214992639593209,2.18896,2.5,3.1,2.8490970636774064,3.5417147180559945,3.9558400000000002,1.5,3.0,2.6,1.5,3.4,1.764544,1.87792,2.7,2.0,1.5831776616671935,0.5832271732231608
9.6,8.021668223826264,8.0,4.808658594445401,5.68,2.5,3.1,3.205200373718303,11.069314718055994,12.1,1.564,3.0,2.6,1.5,3.4,6.652,8.86,2.0,2.0448,1.6318334746401733,0.7440234762330309
1.8,3.3465735902799727,8.0,2.8,2.0,2.5,3.1,2.0831776616671935,3.0693147180559945,2.5,1.5,3.0,2.6,1.5,3.4,1.5,1.5,2.0,2.0,1.5831776616671935,0.2
9.6,8.042946219595693,8.0,4.817170155025743,5.84,2.5,3.1,3.2103070927029664,11.069314718055994,12.1,1.6280000000000001,3.0,2.6,1.5,3.4,6.8759999999999994,9.18,2.0,2.0896,1.6663553233343869,0.7463394807899588
9.714790176366236,7.94676911084123,8.0,4.778697544091559,5.168,2.5,3.1,3.187224586601895,10.989314718055994,12.1,1.5,3.0,2.6,1.5,3.4,5.9352,7.836,2.0,2.0,1.5831776616671935,0.7358972515247972
7.54891544361786,6.593450510205816,8.0,4.237228860904465,2.2112,2.5,3.1,2.862428122449396,3.5973147180559946,3.3447999999999998,1.5,3.0,2.6,1.5,3.4,1.79568,1.9224,2.0,2.0,1.5831776616671935,0.589249483161626
7.681121867666986,6.800950979937583,8.0,4.3202804669167465,2.32,2.5,3.1,2.9122282351850197,3.8693147180559944,3.7800000000000002,1.5,3.0,2.6,1.5,3.4,1.948,2.14,2.0,2.0,1.5831776616671935,0.6117426264566189
8.235439687085789,7.147274757571839,8.0,4.458859921771447,2.64,2.5,3.1,2.9953459418172415,4.669314718055994,5.0600000000000005,1.5,3.0,2.6,1.5,3.4,2.396,2.7800000000000002,2.0,2.0,1.5831776616671935,0.6492745621464335
8.128643136763731,7.080544756422898,8.0,4.432160784190933,2.56,2.5,3.1,2.979330741541496,4.469314718055995,4.74,1.5,3.0,2.6,1.5,3.4,2.284,2.62,2.0,2.0,1.5831776616671935,0.6420435457183777
9.8,9.150695958101133,8.0,5.2602774741557425,10.0,2.5,3.1,3.476167029944272,11.069314718055994,12.1,1.5,3.0,2.6,1.5,3.4,12.7,14.3,2.0,2.0,1.5831776616671935,0.8500000000000001
9.6,8.959201953161418,8.0,5.183679447944567,10.0,2.5,3.1,3.4302084687587406,11.069314718055994,12.1,1.5,3.0,2.6,1.5,3.4,12.7,14.3,2.0,2.0,1.5831776616671935,0.8455798504849872
6.7385975708268155,5.654133848700603,8.0,3.860660981611815,2.032,2.5,3.1,2.6369921236881444,3.1493147180559946,2.628,6.812,3.0,2.6,1.5,3.4,1.5448,1.564,2.0,5.7184,2.0331181507788383,0.5479258771913991
8.809349383302278,7.603517006096704,8.0,4.401340169088074,2.48,2.5,3.1,2.960844081463209,4.269314718055995,4.42,1.692,3.7,2.6,1.5,3.4,2.1719999999999997,2.46,2.0,2.1344,1.6931325494920921,0.6339663644944251
7.491800605481529,6.709300059845864,8.0,4.043321220216973,2.08,2.5,3.1,2.7462320143630077,3.2693147180559947,2.82,2.524,3.7,2.6,1.5,3.4,1.612,1.6600000000000001,2.0,2.7168,1.8468446109475396,0.5447573326628119
9.594841269039986,8.09372339470859,8.0,4.597464362570025,3.2800000000000002,2.5,3.1,3.0784936147300614,6.269314718055995,7.62,2.14,3.7,2.6,1.5,3.4,3.292,4.0600000000000005,2.0,2.448,1.7981887979745599,0.6871507109245824
9.6,9.305772210141392,8.0,5.322308217393223,10.0,2.5,3.1,3.513385330433934,11.069314718055994,12.1,1.692,3.0,2.6,1.5,3.4,12.7,14.3,2.0,2.1344,1.6931325494920921,0.8500000000000001
9.6,8.756472732385117,8.0,5.102587092984046,10.0,2.5,3.1,3.3815534557724276,11.069314718055994,12.1,1.6280000000000001,3.0,2.6,1.5,3.4,12.7,14.3,2.0,2.0896,1.6663553233343869,0.8236227540248697
9.8,10.365901044919054,8.0,5.74636033796767,10.0,2.5,3.1,3.767816250780573,11.069314718055994,12.1,4.508,3.0,2.6,1.5,3.4,12.7,14.3,2.0,4.1056,1.9670184357732752,0.8500000000000001
9.149725734925351,7.716821955245879,8.0,4.686712784018113,4.0,2.5,3.1,3.132037269259011,8.069314718055994,10.5,2.076,3.0,2.6,1.5,3.4,4.3,5.5,2.0,2.4032,1.7877474327358045,0.7111793466355707
8.059556744702096,6.912422845513428,8.0,4.364889186175524,2.4,2.5,3.1,2.938981482923223,4.0693147180559945,4.1,1.5,3.0,2.6,1.5,3.4,2.06,2.3,2.0,2.0,1.5831776616671935,0.6238241545892044
9.6,9.801655327940166,8.0,5.52066188389691,10.0,2.5,3.1,3.63239727870564,11.069314718055994,12.1,4.764,3.0,2.6,1.5,3.4,12.7,14.3,2.0,4.2848,1.9764350296262547,0.8500000000000001
7.134956175216377,6.454876640822405,8.0,4.181750955863044,2.16,2.5,3.1,2.8291703937973773,3.4693147180559945,3.14,1.6280000000000001,3.0,2.6,1.5,3.4,1.724,1.82,2.0,2.0896,1.6663553233343869,0.5747626576969422
7.681121867666986,6.800950979937583,8.0,4.3202804669167465,2.32,2.5,3.1,2.9122282351850197,3.8693147180559944,3.7800000000000002,1.5,3.0,2.6,1.5,3.4,1.948,2.14,2.0,2.0,1.5831776616671935,0.6117426264566189
8.481121867666987,7.4009509799375826,8.0,4.3202804669167465,2.32,2.5,3.1,2.9122282351850197,3.8693147180559944,3.7800000000000002,1.5,3.7,2.6,1.5,3.4,1.948,2.14,2.0,2.0,1.5831776616671935,0.6117426264566189
9.6,8.298342365923057,8.0,4.919331946556716,8.4,2.5,3.1,3.2716021678215337,11.069314718055994,12.1,1.692,3.0,2.6,1.5,3.4,10.459999999999999,14.3,2.0,2.1344,1.6931325494920921,0.7740060437105258
7.679921567366799,6.753021089259061,8.0,4.301098454947485,2.29072,2.5,3.1,2.9007250614221745,3.7961147180559944,3.66288,3.804,3.0,2.6,1.5,3.4,1.9070079999999998,2.08144,2.0,3.6128,1.9365103391671663,0.6116613561237937
5.292096413473008,5.312486406642135,8.0,3.7230241033682523,2.016,2.5,3.1,2.5549967375941125,3.1093147180559946,2.564,1.5,3.0,2.6,1.5,3.4,1.5224,1.532,2.0,2.0,1.5831776616671935,0.4499856946622349
6.978868081561905,6.455213508687434,8.0,3.9414220529497754,2.048,2.5,3.1,2.685251242084984,3.1893147180559946,2.692,1.564,3.7,2.6,1.5,3.4,1.5672,1.596,2.0,2.0448,1.6318334746401733,0.510027526355754
6.3656882117991005,5.855213508687434,8.0,3.9414220529497754,2.048,2.5,3.1,2.685251242084984,3.1893147180559946,2.692,1.5,3.0,2.6,1.5,3.4,1.5672,1.596,2.0,2.0,1.5831776616671935,0.5091351393405641
8.485109911818121,7.4009509799375826,8.0,4.3202804669167465,2.32,2.5,3.1,2.9122282351850197,3.8693147180559944,3.7800000000000002,1.6280000000000001,3.7,2.6,1.5,3.4,1.948,2.14,2.0,2.0896,1.6663553233343869,0.612012650279352
6.187837546792523,5.744468863078343,8.0,3.896959386698131,2.0384,2.5,3.1,2.658672527138802,3.1653147180559946,2.6536,1.5,3.0,2.6,1.5,3.4,1.55376,1.5768,2.0,2.0,1.5831776616671935,0.4970931672307438
5.73638719603052,5.588074866286915,8.0,3.8340967990076305,2.028,2.5,3.1,2.6211379679088593,3.1393147180559944,2.612,1.5,3.0,2.6,1.5,3.4,1.5392,1.556,2.0,2.0,1.5831776616671935,0.48006788306456655
6.007510669302382,5.7255192267828505,8.0,3.8893474743332623,2.03696,2.5,3.1,2.654124614427884,3.1617147180559946,2.64784,1.692,3.0,2.6,1.5,3.4,1.551744,1.57392,2.0,2.1344,1.6931325494920921,0.49842520156734876
6.391834329743387,5.855213508687434,8.0,3.9414220529497754,2.048,2.5,3.1,2.685251242084984,3.1893147180559946,2.692,1.6280000000000001,3.0,2.6,1.5,3.4,1.5672,1.596,2.0,2.0896,1.6663553233343869,0.5109054494097085
8.613914537135123,7.258796555718782,8.0,4.5034786342837805,2.8,2.5,3.1,3.0221111733725077,5.0693147180559945,5.699999999999999,1.5,3.0,2.6,1.5,3.4,2.62,3.1,2.0,2.0,1.5831776616671935,0.6613587967851907
8.684188498565574,7.426975550757305,8.0,4.570761654995439,3.12,2.5,3.1,3.0624741321817535,5.869314718055994,6.9799999999999995,1.6280000000000001,3.0,2.6,1.5,3.4,3.068,3.7399999999999998,2.0,2.0896,1.6663553233343869,0.6796585962570441
9.725585153432307,7.951893753772563,8.0,4.780747504258267,5.20064,2.5,3.1,3.188454500905415,11.069314718055994,12.1,2.332,3.0,2.6,1.5,3.4,5.9808959999999995,7.90128,2.0,2.5824,1.8249660241322652,0.7366281614303125
9.6,8.063415541926503,8.0,4.825358218210341,6.00048,2.5,3.1,3.21521973006236,11.069314718055994,12.1,3.804,3.0,2.6,1.5,3.4,7.100671999999999,9.500960000000001,2.0,3.6128,1.9365103391671663,0.7489230581909279
9.6,10.712474835198826,8.0,5.884989894079575,10.0,2.5,3.1,3.850993960447718,11.069314718055994,12.1,14.3,3.0,2.6,1.5,3.4,12.7,14.3,2.0,13.2,2.2362677869298087,0.8500000000000001
9.114196206905152,7.6964142907747295,8.0,4.678549051726288,3.92,2.5,3.1,3.127139429785935,7.869314718055994,10.18,1.5,3.0,2.6,1.5,3.4,4.188,5.34,2.0,2.0,1.5831776616671935,0.708773701509203
9.6,9.24562955326628,8.0,5.2982510694310525,10.0,2.5,3.1,3.4989510927839076,11.069314718055994,12.1,5.9799999999999995,3.0,2.6,1.5,3.4,12.7,14.3,2.0,5.136,2.0131999342819267,0.8500000000000001
9.6,8.361908946632186,8.0,4.944759175742551,9.26768,2.5,3.1,3.2868581471917246,11.069314718055994,12.1,14.3,3.0,2.6,1.5,3.4,11.674752,14.3,2.0,13.2,2.3193155081403423,0.7861027312982449
9.6,8.297441600028634,8.0,4.9189716311833935,8.388480000000001,2.5,3.1,3.271385984006872,11.069314718055994,12.1,4.572,3.0,2.6,1.5,3.4,10.443872,14.27696,2.0,4.150399999999999,1.9694427606513776,0.7742127534457064
6.918875947628166,6.20012872265441,8.0,4.079718986907041,2.096,2.5,3.1,2.7680308934370585,3.3093147180559948,2.884,1.5,3.0,2.6,1.5,3.4,1.6344,1.692,2.0,2.0,1.5831776616671935,0.5465905589539903
9.6,9.214612098406192,8.0,5.2858440393672765,10.0,2.5,3.1,3.491506903617486,11.069314718055994,12.1,1.564,3.0,2.6,1.5,3.4,12.7,14.3,2.0,2.0448,1.6318334746401733,0.8500000000000001
7.042006309627672,6.276966702012905,8.0,4.110501577406918,2.112,2.5,3.1,2.786472008483097,3.349314718055995,2.948,1.5,3.0,2.6,1.5,3.4,1.6568,1.724,2.0,2.0,1.5831776616671935,0.554927510547707
6.607015309577346,6.255129170261575,8.0,4.101753827394337,2.1072,2.5,3.1,2.781231000862778,3.3373147180559943,3.6288,1.5,3.0,2.6,1.5,3.4,1.65008,1.7144,2.7,2.0,1.5831776616671935,0.5525583282526327
6.453688927970563,5.902567484458244,8.0,3.960423675075413,2.0528,2.5,3.1,2.6966161962699786,3.2013147180559947,2.7112,1.564,3.0,2.6,1.5,3.4,1.57392,1.6056,2.0,2.0448,1.6318334746401733,0.5150935211646737
1.6,3.3465735902799727,8.0,2.8,2.0,2.5,3.1,2.0831776616671935,3.0693147180559945,2.5,1.5,3.0,2.6,1.5,3.4,1.5,1.5,2.0,2.0,1.5831776616671935,0.2
8.00961459132725,7.003683533991665,8.0,4.401406802438681,2.48016,2.5,3.1,2.9608840481579994,4.269714718055995,4.42064,1.692,3.0,2.6,1.5,3.4,2.172224,2.46032,2.0,2.1344,1.6931325494920921,0.6339843212877825
9.6,9.561183688698165,8.0,5.424473075480466,10.0,2.5,3.1,3.574684085287559,11.069314718055994,12.1,2.076,3.0,2.6,1.5,3.4,12.7,14.3,2.0,2.4032,1.7877474327358045,0.8500000000000001
9.8,9.103041322740086,8.0,5.241215529103535,10.0,2.5,3.1,3.4647299174576207,11.069314718055994,12.1,1.5,3.0,2.6,1.5,3.4,12.7,14.3,2.0,2.0,1.5831776616671935,0.8500000000000001
9.6,9.393098347048474,8.0,5.35723877898969,10.0,2.5,3.1,3.5343436032916338,11.069314718055994,12.1,4.1240000000000006,3.0,2.6,1.5,3.4,12.7,14.3,2.0,3.8368,1.9513440138832274,0.8500000000000001
8.884072769005668,7.552601026926439,8.0,4.621018192251417,3.44,2.5,3.1,3.0926242464623455,6.669314718055994,8.26,1.5,3.0,2.6,1.5,3.4,3.516,4.380000000000001,2.0,2.0,1.5831776616671935,0.6931924270680921
8.555878457907689,7.38727924210124,8.0,4.3148090010744395,2.31136,2.5,3.1,2.9089470181042976,3.8477147180559945,3.7454400000000003,4.7,3.7,2.6,1.5,3.4,1.935904,2.12272,2.0,4.24,1.9741492462297714,0.6168042705874998
8.439108510518981,7.268693949350879,8.0,4.507438375584585,2.816,2.5,3.1,3.024486547844211,5.109314718055995,5.764,2.268,3.0,2.6,1.5,3.4,2.6424,3.132,2.0,2.5376,1.816686879553831,0.6630646387330561
8.258109677563152,7.147274757571839,8.0,4.458859921771447,2.64,2.5,3.1,2.9953459418172415,4.669314718055994,5.0600000000000005,2.9720000000000004,3.0,2.6,1.5,3.4,2.396,2.7800000000000002,2.0,3.0304,1.886265098984184,0.6508095094183385
9.6,10.163922721111724,8.0,5.665568968625629,10.0,2.5,3.1,3.7193414530668134,11.069314718055994,12.1,5.0840000000000005,3.0,2.6,1.5,3.4,12.7,14.3,2.0,4.5088,1.9872531612655702,0.8500000000000001
8.327309155136103,7.257276416162039,8.0,4.262777366326692,2.24,2.5,3.1,2.8777463398788896,3.6693147180559946,3.46,3.42,3.7,2.6,1.5,3.4,1.8359999999999999,2.181728532591924,2.0,3.344,1.9158883083359672,0.6013282240456737
6.453688927970563,5.855213508687434,8.0,3.9414220529497754,2.048,2.5,3.1,2.685251242084984,3.1893147180559946,2.692,1.948,3.0,2.6,1.5,3.4,1.5672,1.596,2.0,2.3136,1.7636669492803463,0.5150935211646737
10.4,9.638451577268667,8.0,5.215379493021262,10.0,2.5,3.1,3.44922837854448,11.069314718055994,12.1,7.9,3.7,2.6,1.5,3.4,12.7,14.3,2.0,6.4799999999999995,2.0549967375941125,0.8500000000000001
8.078210029978887,6.924076543099763,8.0,4.3695525074947215,2.40944,2.5,3.1,2.9417783703439433,4.092914718055995,4.13776,1.5,3.0,2.6,1.5,3.4,2.073216,2.31888,2.0,2.0,1.5831776616671935,0.6250871374464871
9.168352293581213,7.605270175989425,8.0,4.642088073395303,3.6,2.5,3.1,3.105264842237462,7.0693147180559945,8.899999999999999,1.5,3.0,2.6,1.5,3.4,3.7399999999999998,4.7,2.0,2.0,1.5831776616671935,0.698898853211228
6.010742996931986,4.47221948958322,8.0,3.378074351579233,2.00272,2.5,3.1,2.353332677499973,3.0761147180559947,2.5108800000000002,4.444000000000001,3.0,2.6,1.5,3.4,1.503808,1.5054400000000001,2.0,4.0608,1.964544121308947,0.4986440570839366
10.4,9.814612098406192,8.0,5.2858440393672765,10.0,2.5,3.1,3.491506903617486,11.069314718055994,12.1,3.228,3.7,2.6,1.5,3.4,12.7,14.3,2.0,3.2096,1.9040754995983769,0.8500000000000001
9.6,10.190412751688662,8.0,5.676164987039198,10.0,2.5,3.1,3.7256990604052787,11.069314718055994,12.1,3.356,3.0,2.6,1.5,3.4,12.7,14.3,2.0,3.2992,1.9120784645382176,0.8500000000000001
9.8,8.154559656711807,8.0,4.861817197017905,6.80048,2.5,3.1,3.2370943176108335,11.069314718055994,12.1,2.204,3.0,2.6,1.5,3.4,8.220672,11.10096,2.0,2.4928,1.8077939228953843,0.7585080256141685
7.971880709957851,6.951243718581427,8.0,4.38042350925529,2.43232,2.5,3.1,2.948298492459543,4.1501147180559945,4.22928,3.7399999999999998,3.0,2.6,1.5,3.4,2.105248,2.36464,2.0,3.568,1.9333101495173068,0.6314294230700628
5.616547699572532,4.09861228866811,8.0,3.215888308335967,2.00112,2.5,3.1,2.2636669492803465,3.0721147180559947,2.50448,2.9080000000000004,3.0,2.6,1.5,3.4,1.501568,1.50224,2.0,2.9856,1.8813664596417534,0.4584120838252235
8.235439687085789,7.147274757571839,8.0,4.458859921771447,2.64,2.5,3.1,2.9953459418172415,4.669314718055994,5.0600000000000005,1.5,3.0,2.6,1.5,3.4,2.396,2.7800000000000002,2.0,2.0,1.5831776616671935,0.6492745621464335
8.114813924637984,7.0215104426491415,8.0,4.4085398993795275,2.4976,2.5,3.1,2.965162506235794,4.313314718055994,4.4904,5.724,3.0,2.6,1.5,3.4,2.19664,2.4952,2.0,4.956799999999999,2.006340924621133,0.6411071928140302
9.6,9.305772210141392,8.0,5.322308217393223,10.0,2.5,3.1,3.513385330433934,11.069314718055994,12.1,12.124,3.0,2.6,1.5,3.4,12.7,14.3,2.0,9.4368,2.1148756775283912,0.8500000000000001
7.45110946530677,6.6572764161620395,8.0,4.262777366326692,2.24,2.5,3.1,2.8777463398788896,3.6693147180559946,3.46,1.5,3.0,2.6,1.5,3.4,1.8359999999999999,1.98,2.0,2.0,1.5831776616671935,0.5961688700468125
8.329643898634346,7.206138510733338,8.0,4.4824109746585865,2.7199999999999998,2.5,3.1,3.0094732425760014,4.869314718055994,5.38,1.5,3.0,2.6,1.5,3.4,2.508,2.9400000000000004,2.0,2.0,1.5831776616671935,0.6556529723033673
7.616806830624793,6.635851853443684,8.0,4.254201707656199,2.22992,2.5,3.1,2.872604444826484,3.6441147180559943,3.41968,1.5,3.0,2.6,1.5,3.4,1.821888,1.95984,2.0,2.0,1.5831776616671935,0.5938462958235537
7.2727278576639875,6.5458710575475765,8.0,4.218181964415996,2.192,2.5,3.1,2.8510090538114183,3.5493147180559945,3.268,1.5,3.0,2.6,1.5,3.4,1.7688,1.884,2.0,2.0,1.5831776616671935,0.5840909486959991
10.4,9.64360513880211,8.0,5.217440929302769,10.0,2.5,3.1,3.4504652333125065,11.069314718055994,12.1,8.796,3.7,2.6,1.5,3.4,12.7,14.3,2.0,7.1072,2.0704308229327637,0.8500000000000001
8.972341928819791,7.605270175989425,8.0,4.642088073395303,3.6,2.5,3.1,3.105264842237462,7.0693147180559945,8.899999999999999,2.14,3.0,2.6,1.5,3.4,3.7399999999999998,4.7,2.0,2.448,1.7981887979745599,0.69916898476384
6.0992140049498715,4.666102255087602,8.0,3.4591673732008656,2.00416,2.5,3.1,2.3998645412210244,3.0797147180559947,2.51664,4.7,3.0,2.6,1.5,3.4,1.505824,1.50832,2.0,4.24,1.9741492462297714,0.5046342815851474
9.178225245249735,7.736429235382207,8.0,4.694556311312434,4.08,2.5,3.1,3.13674301649173,8.269314718055993,10.82,1.5,3.0,2.6,1.5,3.4,4.412,5.66,2.0,2.0,1.5831776616671935,0.7131090009804508
8.844444926540252,7.513929401190431,8.0,4.605547755194982,3.3327999999999998,2.5,3.1,3.0833430562857034,6.401314718055994,7.8312,4.508,3.0,2.6,1.5,3.4,3.36592,4.1655999999999995,2.0,4.1056,1.9670184357732752,0.690509291901163
8.108549877622515,7.145871057547576,8.0,4.218181964415996,2.192,2.5,3.1,2.8510090538114183,3.5493147180559945,3.268,2.204,3.7,2.6,1.5,3.4,1.7688,1.884,2.0,2.4928,1.8077939228953843,0.5865163979640244
7.927003823452177,7.054876640822405,8.0,4.181750955863044,2.16,2.5,3.1,2.8291703937973773,3.4693147180559945,3.14,1.5,3.7,2.6,1.5,3.4,1.724,1.82,2.0,2.0,1.5831776616671935,0.5742242172129077
8.759745120791612,7.349924013000156,8.0,4.539936280197903,2.96,2.5,3.1,3.0439817631200374,5.469314718055995,6.34,1.5,3.0,2.6,1.5,3.4,2.844,3.42,2.0,2.0,1.5831776616671935,0.6712327425535987
9.6,8.170903498757621,8.0,4.868354948202303,6.96,2.5,3.1,3.2410168397018286,11.069314718055994,12.1,1.82,3.0,2.6,1.5,3.4,8.443999999999999,11.420000000000002,2.0,2.224,1.7335092178866376,0.760223128921315
8.059556744702096,6.912422845513428,8.0,4.364889186175524,2.4,2.5,3.1,2.938981482923223,4.0693147180559945,4.1,1.5,3.0,2.6,1.5,3.4,2.06,2.3,2.0,2.0,1.5831776616671935,0.6238241545892044
8.801274160756565,7.499933111881318,8.0,4.599948557966099,3.2960000000000003,2.5,3.1,3.079983946851516,6.309314718055995,7.684,1.692,3.0,2.6,1.5,3.4,3.3144,4.0920000000000005,2.0,2.1344,1.6931325494920921,0.6875862713012257
7.065620111114261,6.291704611079382,8.0,4.1164050277785655,2.11536,2.5,3.1,2.7900091066590518,3.3577147180559948,2.96144,1.5,3.0,2.6,1.5,3.4,1.661504,1.73072,2.0,2.0,1.5831776616671935,0.5565263616900281
8.724355455031771,7.452789978994825,8.0,4.581088863757943,3.17936,2.5,3.1,3.0686695949587577,6.017714718055994,7.21744,1.5,3.0,2.6,1.5,3.4,3.151104,3.85872,2.0,2.0,1.5831776616671935,0.6823782339344429
7.174966047988293,6.58563091989523,8.0,3.993741511997073,2.0624,2.5,3.1,2.7165514207748553,3.2253147180559947,2.7496,1.5,3.7,2.6,1.5,3.4,1.5873599999999999,1.6248,2.0,2.0,1.5831776616671935,0.5233049928325406
6.3656882117991005,5.855213508687434,8.0,3.9414220529497754,2.048,2.5,3.1,2.685251242084984,3.1893147180559946,2.692,1.5,3.0,2.6,1.5,3.4,1.5672,1.596,2.0,2.0,1.5831776616671935,0.5091351393405641
6.2361419555836495,5.764714543755712,8.0,3.905090587826357,2.04,2.5,3.1,2.663531490501371,3.1693147180559946,2.66,1.564,3.0,2.6,1.5,3.4,1.556,1.58,2.0,2.0448,1.6318334746401733,0.5003637782426429
9.6,8.938878030491104,8.0,5.1755498235631,10.0,2.5,3.1,3.4253307273178653,11.069314718055994,12.1,2.268,3.0,2.6,1.5,3.4,12.7,14.3,2.0,2.5376,1.816686879553831,0.8434006378861827
7.381229335429973,6.6568410899161155,8.0,4.0222934679005355,2.072,2.5,3.1,2.733641861579868,3.2493147180559947,2.788,2.204,3.7,2.6,1.5,3.4,1.6008,1.644,2.0,2.4928,1.8077939228953843,0.5372707362530711
7.518875947628167,6.80012872265441,8.0,4.079718986907041,2.096,2.5,3.1,2.7680308934370585,3.3093147180559948,2.884,1.5,3.7,2.6,1.5,3.4,1.6344,1.692,2.0,2.0,1.5831776616671935,0.5465905589539903
9.6,9.150695958101133,8.0,5.2602774741557425,10.0,2.5,3.1,3.476167029944272,11.069314718055994,12.1,2.076,3.0,2.6,1.5,3.4,12.7,14.3,2.0,2.4032,1.7877474327358045,0.8500000000000001
8.446975150595788,7.2668284587234515,8.0,4.506692032776022,2.81296,2.5,3.1,3.0240388300936285,5.1017147180559945,5.75184,3.164,3.0,2.6,1.5,3.4,2.638144,3.12592,2.0,3.1647999999999996,1.8998645412210244,0.6635972758215899
8.968352293581214,7.605270175989425,8.0,4.642088073395303,3.6,2.5,3.1,3.105264842237462,7.0693147180559945,8.899999999999999,1.5,3.0,2.6,1.5,3.4,3.7399999999999998,4.7,2.0,2.0,1.5831776616671935,0.698898853211228
9.6,11.042269537127344,8.0,6.016907794168418,10.0,2.5,3.1,3.9301446889105627,11.069314718055994,12.1,7.9,3.0,2.6,1.5,3.4,12.7,14.3,2.0,6.4799999999999995,2.0549967375941125,0.8500000000000001
5.78138699393646,3.8958797346140273,8.0,3.1218875824868197,2.00064,2.5,3.1,2.215011136307367,3.0709147180559944,2.50256,3.2920000000000003,3.0,2.6,1.5,3.4,1.500896,1.50128,2.0,3.2544,1.9081436857994587,0.4695730777144478
9.8,10.880710496366916,8.0,5.952284169975344,10.0,2.5,3.1,3.89137051912806,11.069314718055994,12.1,11.612000000000002,3.0,2.6,1.5,3.4,12.7,14.3,2.0,9.078399999999998,2.1090208578280594,0.8500000000000001
7.0755307677998225,3.3465735902799727,8.0,2.8,2.0,2.5,3.1,2.0831776616671935,3.0693147180559945,2.5,10.844,3.0,2.6,1.5,3.4,1.5,1.5,2.0,8.540799999999999,2.0996654728516937,0.5571973957364464
9.6,8.298342365923057,8.0,4.919331946556716,8.4,2.5,3.1,3.2716021678215337,11.069314718055994,12.1,7.0040000000000004,3.0,2.6,1.5,3.4,10.459999999999999,14.3,2.0,5.852799999999999,2.037280417737385,0.7745649052236854
9.6,9.729419235582158,8.0,5.49176740851919,10.0,2.5,3.1,3.6150606165397177,11.069314718055994,12.1,1.82,3.0,2.6,1.5,3.4,12.7,14.3,2.0,2.224,1.7335092178866376,0.8500000000000001
9.6,9.44961241303881,8.0,5.379844465217398,10.0,2.5,3.1,3.5479069791293143,11.069314718055994,12.1,1.5,3.0,2.6,1.5,3.4,12.7,14.3,2.0,2.0,1.5831776616671935,0.8500000000000001
5.372726494923667,4.818793079863193,8.0,3.522183582528845,2.00576,2.5,3.1,2.436510339167166,3.0837147180559947,2.52304,2.14,3.0,2.6,1.5,3.4,1.508064,1.51152,2.0,2.448,1.7981887979745599,0.4419033564271233
10.4,11.022565344715446,8.0,5.769026066457646,10.0,2.5,3.1,3.781415682731707,11.069314718055994,12.1,4.572,3.7,2.6,1.5,3.4,12.7,14.3,2.0,4.150399999999999,1.9694427606513776,0.8500000000000001
10.4,9.244903456671762,8.0,5.057958882715579,10.0,2.5,3.1,3.3547768296012226,11.069314718055994,12.1,9.82,3.7,2.6,1.5,3.4,12.7,14.3,2.0,7.824,2.0859362307103644,0.8119688511480121
8.410548136014958,7.107503216380787,8.0,4.44294716667646,2.59104,2.5,3.1,2.985800771931389,4.546914718055994,4.86416,14.3,3.0,2.6,1.5,3.4,2.3274559999999997,2.68208,2.0,13.2,2.1668193674039444,0.6611308633760128
7.710558595428623,6.800950979937583,8.0,4.3202804669167465,2.32,2.5,3.1,2.9122282351850197,3.8693147180559944,3.7800000000000002,2.46,3.0,2.6,1.5,3.4,1.948,2.14,2.0,2.6719999999999997,1.839985601286746,0.6137357382321464
7.268721171492489,6.471561211409714,8.0,4.188431341139894,2.16544,2.5,3.1,2.8331746907383315,3.4829147180559947,3.16176,3.548,3.0,2.6,1.5,3.4,1.731616,1.83088,2.0,3.4336,1.9231632629539392,0.5838196626531373
8.22950112940056,7.185828411384257,8.0,4.234177695702501,2.208,2.5,3.1,2.8605988187322215,3.5893147180559946,3.332,3.548,3.7,2.6,1.5,3.4,1.7912,1.916,2.0,3.4336,1.9231632629539392,0.5947058056364962
8.805360676352294,7.603517006096704,8.0,4.401340169088074,2.48,2.5,3.1,2.960844081463209,4.269314718055995,4.42,1.5,3.7,2.6,1.5,3.4,2.1719999999999997,2.46,2.0,2.0,1.5831776616671935,0.6336962957946866
10.4,10.599000216962548,8.0,5.599599920146335,10.0,2.5,3.1,3.6797600520710114,11.069314718055994,12.1,14.3,3.7,2.6,1.5,3.4,12.7,14.3,2.0,13.2,2.2231039168590376,0.8500000000000001
5.775850639660801,5.470821211304652,8.0,3.7868947866261387,2.02208,2.5,3.1,2.5929970907131166,3.1245147180559947,2.58832,1.564,3.0,2.6,1.5,3.4,1.530912,1.54416,2.0,2.0448,1.6318334746401733,0.46919822039370007
8.366139539484227,7.103973470524308,8.0,4.441534884871056,2.58688,2.5,3.1,2.984953632925834,4.536514718055995,4.847519999999999,1.5,3.0,2.6,1.5,3.4,2.321632,2.67376,2.0,2.0,1.5831776616671935,0.6445823646525778
9.8,9.511825909733231,8.0,5.40472992239365,10.0,2.5,3.1,3.5628382183359752,11.069314718055994,12.1,1.5,3.0,2.6,1.5,3.4,12.7,14.3,2.0,2.0,1.5831776616671935,0.8500000000000001
9.4,9.561183688698165,8.0,5.424473075480466,10.0,2.5,3.1,3.574684085287559,11.069314718055994,12.799999999999999,5.276,3.0,2.6,1.5,3.4,12.7,14.3,2.7,4.6432,1.9933048637007973,0.8500000000000001
9.061538606828666,7.538518762330881,8.0,4.615384651707166,3.4,2.5,3.1,3.0892445029594113,6.5693147180559945,8.100000000000001,1.5,3.0,2.6,1.5,3.4,3.46,4.300000000000001,2.0,2.0,1.5831776616671935,0.6916666765040242
9.768352293581213,8.205270175989424,8.0,4.642088073395303,3.6,2.5,3.1,3.105264842237462,7.0693147180559945,8.899999999999999,1.5,3.7,2.6,1.5,3.4,3.7399999999999998,4.7,2.0,2.0,1.5831776616671935,0.698898853211228
8.613914537135123,7.258796555718782,8.0,4.5034786342837805,2.8,2.5,3.1,3.0221111733725077,5.0693147180559945,5.699999999999999,1.5,3.0,2.6,1.5,3.4,2.62,3.1,2.0,2.0,1.5831776616671935,0.6613587967851907
9.440986654797898,7.899119070908515,8.0,4.759636518178141,4.88,2.5,3.1,3.175788577018044,10.269314718055993,12.1,2.204,3.0,2.6,1.5,3.4,5.532,7.260000000000001,2.0,2.4928,1.8077939228953843,0.7309001380852744
6.04264392644726,5.654133848700603,8.0,3.860660981611815,2.032,2.5,3.1,2.6369921236881444,3.1493147180559946,2.628,1.5,3.0,2.6,1.5,3.4,1.5448,1.564,2.0,2.0,1.5831776616671935,0.48726234918653333
8.130924940934745,7.080544756422898,8.0,4.432160784190933,2.56,2.5,3.1,2.979330741541496,4.469314718055995,4.74,1.6280000000000001,3.0,2.6,1.5,3.4,2.284,2.62,2.0,2.0896,1.6663553233343869,0.6421980428757901
8.005360676352293,7.003517006096704,8.0,4.401340169088074,2.48,2.5,3.1,2.960844081463209,4.269314718055995,4.42,1.5,3.0,2.6,1.5,3.4,2.1719999999999997,2.46,2.0,2.0,1.5831776616671935,0.6336962957946866
6.130751275289654,3.946573590279973,8.0,2.8,2.0,2.5,3.1,2.0831776616671935,3.0693147180559945,2.5,2.8440000000000003,3.7,2.6,1.5,3.4,1.5,1.5,2.0,2.9408,1.876259305911498,0.45260295093107034
6.343671314711916,5.855213508687434,8.0,3.9414220529497754,2.048,2.5,3.1,2.685251242084984,3.1893147180559946,2.692,2.46,3.0,2.6,1.5,3.4,1.5672,1.596,2.0,2.6719999999999997,1.839985601286746,0.521186078600286
9.4,9.608225495999225,8.0,5.443289834318153,10.0,2.5,3.1,3.585974119039814,11.069314718055994,12.799999999999999,6.556000000000001,3.0,2.6,1.5,3.4,12.7,14.3,2.7,5.539199999999999,2.0273338985606926,0.8500000000000001
9.8,9.103041322740086,8.0,5.241215529103535,10.0,2.5,3.1,3.4647299174576207,11.069314718055994,12.1,1.5,3.0,2.6,1.5,3.4,12.7,14.3,2.0,2.0,1.5831776616671935,0.8500000000000001
8.23643881298061,7.115022155063057,8.0,4.445955550016377,2.6,2.5,3.1,2.9876053172151336,4.5693147180559945,4.9,4.764,3.0,2.6,1.5,3.4,2.34,2.7,2.0,4.2848,1.9764350296262547,0.6493422112955622
9.523629601337358,7.95179377376823,8.0,4.780707510257234,5.2,2.5,3.1,3.188430505704375,11.069314718055994,12.1,1.756,3.0,2.6,1.5,3.4,5.9799999999999995,7.9,2.0,2.1792,1.7150111363073666,0.736495754257217
7.8811218676669865,6.800950979937583,8.0,4.3202804669167465,2.32,2.5,3.1,2.9122282351850197,3.8693147180559944,3.7800000000000002,1.5,3.0,2.6,1.5,3.4,1.948,2.14,2.0,2.0,1.5831776616671935,0.6117426264566189
8.205285875700927,7.128433424487156,8.0,4.451321468925231,2.61632,2.5,3.1,2.9908240218769175,4.6101147180559945,4.96528,1.5,3.0,2.6,1.5,3.4,2.362848,2.73264,2.0,2.0,1.5831776616671935,0.6472328978339168
10.4,9.26968468947202,8.0,5.0678714967198575,10.0,2.5,3.1,3.360724325473285,11.069314718055994,12.1,14.3,3.7,2.6,1.5,3.4,12.7,14.3,2.0,10.959999999999999,2.1369921236881444,0.8148557298413486
7.651109465306769,6.6572764161620395,8.0,4.262777366326692,2.24,2.5,3.1,2.8777463398788896,3.6693147180559946,3.46,1.5,3.0,2.6,1.5,3.4,1.8359999999999999,1.98,2.0,2.0,1.5831776616671935,0.5961688700468125
10.4,10.049836111871434,8.0,5.379933944974097,10.0,2.5,3.1,3.547960666849144,11.069314718055994,12.1,14.3,3.7,2.6,1.5,3.4,12.7,14.3,2.0,11.408,2.1427903529606414,0.8500000000000001
7.123322016146575,6.327720175183824,8.0,4.130830504036644,2.124,2.5,3.1,2.7986528420441177,3.3793147180559946,2.996,1.5,3.0,2.6,1.5,3.4,1.6736,1.748,2.0,2.0,1.5831776616671935,0.5604332615099243
9.524029082020784,7.95179377376823,8.0,4.780707510257234,5.2,2.5,3.1,3.188430505704375,11.069314718055994,12.1,1.884,3.0,2.6,1.5,3.4,5.9799999999999995,7.9,2.0,2.2688,1.7495329850015804,0.7365228024284907
7.099944584681625,6.4715015939047404,8.0,3.947958582435847,2.0496,2.5,3.1,2.689160382537138,3.1933147180559946,2.6984,2.076,3.7,2.6,1.5,3.4,1.56944,1.5992,2.0,2.4032,1.7877474327358045,0.5182254145878183
9.6,8.368220076393474,8.0,4.947283682873075,9.36,2.5,3.1,3.288372818334434,11.069314718055994,12.1,1.5,3.0,2.6,1.5,3.4,11.804,14.3,2.0,2.0,1.5831776616671935,0.7815559974447912
10.4,9.238614223792199,8.0,5.055443157919378,10.0,2.5,3.1,3.3532674137101277,11.069314718055994,12.1,3.868,3.7,2.6,1.5,3.4,12.7,14.3,2.0,3.6575999999999995,1.9396273975355576,0.8109758847021107
9.114862540443593,7.6964142907747295,8.0,4.678549051726288,3.92,2.5,3.1,3.127139429785935,7.869314718055994,10.18,1.6280000000000001,3.0,2.6,1.5,3.4,4.188,5.34,2.0,2.0896,1.6663553233343869,0.708818817842535
7.017152898504013,6.455213508687434,8.0,3.9414220529497754,2.048,2.5,3.1,2.685251242084984,3.1893147180559946,2.692,1.756,3.7,2.6,1.5,3.4,1.5672,1.596,2.0,2.1792,1.7150111363073666,0.5126197275028759
9.299865033033328,7.807969402264791,8.0,4.723174428905778,4.4,2.5,3.1,3.15391265654355,9.069314718055994,12.1,3.228,3.0,2.6,1.5,3.4,4.859999999999999,6.300000000000001,2.0,3.2096,1.9040754995983769,0.7213450282782983
7.137326547320903,6.4463208205860445,8.0,4.178325179410451,2.15728,2.5,3.1,2.8271169969406507,3.4625147180559948,3.12912,1.884,3.0,2.6,1.5,3.4,1.720192,1.81456,2.0,2.2688,1.7495329850015804,0.5749231516415195
8.926479408104393,7.578575271731032,8.0,4.631409014983592,3.5168,2.5,3.1,3.0988580652154476,6.861314718055994,8.5672,1.6280000000000001,3.0,2.6,1.5,3.4,3.6235199999999996,4.5336,2.0,2.0896,1.6663553233343869,0.696063709923735
10.094828067724173,8.407969402264792,8.0,4.723174428905778,4.4,2.5,3.1,3.15391265654355,9.069314718055994,12.1,2.012,3.7,2.6,1.5,3.4,4.859999999999999,6.300000000000001,2.0,2.3584,1.7763102111592854,0.7210039837521574
10.4,9.897368707479997,8.0,5.318946805029344,10.0,2.5,3.1,3.511368489795199,11.069314718055994,12.1,5.468,3.7,2.6,1.5,3.4,12.7,14.3,2.0,4.7776,1.9990659700031606,0.8500000000000001
9.0327248158526,7.643882134470493,8.0,4.657534342982501,3.7284800000000002,2.5,3.1,3.1145317122729184,7.390514718055995,9.41392,1.948,3.0,2.6,1.5,3.4,3.919872,4.9569600000000005,2.0,2.3136,1.7636669492803463,0.7032574094066866
8.235439687085789,7.147274757571839,8.0,4.458859921771447,2.64,2.5,3.1,2.9953459418172415,4.669314718055994,5.0600000000000005,1.5,3.0,2.6,1.5,3.4,2.396,2.7800000000000002,2.0,2.0,1.5831776616671935,0.6492745621464335
9.6,8.41294975570761,8.0,4.965175926653652,10.0,2.5,3.1,3.2991079413698263,11.069314718055994,12.1,2.14,3.0,2.6,1.5,3.4,12.7,14.3,2.0,2.448,1.7981887979745599,0.7864556239146665
9.4,9.305772210141392,8.0,5.322308217393223,10.0,2.5,3.1,3.513385330433934,11.069314718055994,12.799999999999999,2.204,3.0,2.6,1.5,3.4,12.7,14.3,2.7,2.4928,1.8077939228953843,0.8500000000000001
9.6,8.063355550325255,8.0,4.825334220610071,6.0,2.5,3.1,3.215205332078061,11.069314718055994,12.1,2.524,3.0,2.6,1.5,3.4,7.1,9.5,2.0,2.7168,1.8468446109475396,0.7487010677611812
8.008022022785386,7.003517006096704,8.0,4.401340169088074,2.48,2.5,3.1,2.960844081463209,4.269314718055995,4.42,1.6280000000000001,3.0,2.6,1.5,3.4,2.1719999999999997,2.46,2.0,2.0896,1.6663553233343869,0.6338764911260939
5.545460506179461,3.946573590279973,8.0,2.8,2.0,2.5,3.1,2.0831776616671935,3.0693147180559945,2.5,2.14,3.7,2.6,1.5,3.4,1.5,1.5,2.0,2.448,1.7981887979745599,0.4129738884392343
2.4000000000000004,3.946573590279973,8.0,2.8,2.0,2.5,3.1,2.0831776616671935,3.0693147180559945,2.5,1.5,3.7,2.6,1.5,3.4,1.5,1.5,2.0,2.0,1.5831776616671935,0.2
8.579495959366694,7.36226625559274,8.0,4.5448739898416735,2.984,2.5,3.1,3.0469439013422575,5.5293147180559945,6.436,1.5,3.0,2.6,1.5,3.4,2.8776,3.468,2.0,2.0,1.5831776616671935,0.6725700389154533
3.0334075753824443,3.3465735902799727,8.0,2.8,2.0,2.5,3.1,2.0831776616671935,3.0693147180559945,2.5,1.564,3.0,2.6,1.5,3.4,1.5,1.5,2.0,2.0448,1.6318334746401733,0.2970536379165196
8.623769032163576,7.389932550431926,8.0,4.5559422580408935,3.04,2.5,3.1,3.0535838121036623,5.669314718055994,6.66,1.5,3.0,2.6,1.5,3.4,2.956,3.58,2.0,2.0,1.5831776616671935,0.6755676948860755
9.8,8.326956292123773,8.0,4.930777795135527,8.776959999999999,2.5,3.1,3.2784695101097054,11.069314718055994,12.1,1.5,3.0,2.6,1.5,3.4,10.987744,14.3,2.0,2.0,1.5831776616671935,0.7770856528492054
7.0584367163864155,6.474696492954126,8.0,3.949240638108031,2.04992,2.5,3.1,2.6899271583089903,3.1941147180559946,2.69968,1.82,3.7,2.6,1.5,3.4,1.569888,1.59984,2.0,2.224,1.7335092178866376,0.5154149860053302
5.86512349198757,5.543798167616192,8.0,3.8162808729968924,2.0256,2.5,3.1,2.610511560227886,3.1333147180559946,2.6024,1.5,3.0,2.6,1.5,3.4,1.53584,1.5512,2.0,2.0,1.5831776616671935,0.47524273643665843
9.6,8.74124343791483,8.0,5.096495313342146,10.0,2.5,3.1,3.377898425099559,11.069314718055994,12.1,1.692,3.0,2.6,1.5,3.4,12.7,14.3,2.0,2.1344,1.6931325494920921,0.8219758562515673
7.953690671676373,6.846284824033953,8.0,4.338422667919093,2.3504,2.5,3.1,2.9231083577681485,3.9453147180559944,3.9016,1.5,3.0,2.6,1.5,3.4,1.9905599999999999,2.2008,2.0,2.0,1.5831776616671935,0.6166561392280878
10.4,10.108624748997974,8.0,5.403449455263854,10.0,2.5,3.1,3.562069939759514,11.069314718055994,12.1,8.156,3.7,2.6,1.5,3.4,12.7,14.3,2.0,6.659199999999999,2.059612691293448,0.8500000000000001
8.435439687085788,7.147274757571839,8.0,4.458859921771447,2.64,2.5,3.1,2.9953459418172415,4.669314718055994,5.0600000000000005,1.5,3.0,2.6,1.5,3.4,2.396,2.7800000000000002,2.0,2.0,1.5831776616671935,0.6492745621464335
9.137602403529991,7.763258415119764,8.0,4.4652549574793525,2.6608,2.5,3.1,2.9991820196287433,4.721314718055995,5.1432,6.812,3.7,2.6,1.5,3.4,2.42512,2.8216,2.0,5.7184,2.0331181507788383,0.6561918294056764
7.927003823452177,7.054876640822405,8.0,4.181750955863044,2.16,2.5,3.1,2.8291703937973773,3.4693147180559945,3.14,1.5,3.7,2.6,1.5,3.4,1.724,1.82,2.0,2.0,1.5831776616671935,0.5742242172129077
8.76107712243133,7.349924013000156,8.0,4.539936280197903,2.96,2.5,3.1,3.0439817631200374,5.469314718055995,6.34,1.6280000000000001,3.0,2.6,1.5,3.4,2.844,3.42,2.0,2.0896,1.6663553233343869,0.6713229301646213
7.863704311320154,6.914019016062914,8.0,4.365527909273284,2.40128,2.5,3.1,2.9393645638550994,4.072514718055994,4.105119999999999,1.564,3.0,2.6,1.5,3.4,2.061792,2.30256,2.0,2.0448,1.6318334746401733,0.6241049794123021
6.71219253365228,6.174569495689899,8.0,4.069477841931202,2.0912,2.5,3.1,2.7618966789655754,3.2973147180559947,2.8648,1.82,3.0,2.6,1.5,3.4,1.62768,1.6824,2.0,2.224,1.7335092178866376,0.5461380361327064
7.459064452961854,6.6572764161620395,8.0,4.262777366326692,2.24,2.5,3.1,2.8777463398788896,3.6693147180559946,3.46,1.692,3.0,2.6,1.5,3.4,1.8359999999999999,1.98,2.0,2.1344,1.6931325494920921,0.5967074890026255
6.523886475213134,6.056841089916116,8.0,4.0222934679005355,2.072,2.5,3.1,2.733641861579868,3.2493147180559947,2.788,1.756,3.0,2.6,1.5,3.4,1.6008,1.644,2.0,2.1792,1.7150111363073666,0.5333881467592226
6.3788680815619045,5.855213508687434,8.0,3.9414220529497754,2.048,2.5,3.1,2.685251242084984,3.1893147180559946,2.692,1.564,3.0,2.6,1.5,3.4,1.5672,1.596,2.0,2.0448,1.6318334746401733,0.510027526355754
6.773284880867892,6.109300059845864,8.0,4.043321220216973,2.08,2.5,3.1,2.7462320143630077,3.2693147180559947,2.82,1.5,3.0,2.6,1.5,3.4,1.612,1.6600000000000001,2.0,2.0,1.5831776616671935,0.5367328304754302
9.6,9.305772210141392,8.0,5.322308217393223,10.0,2.5,3.1,3.513385330433934,11.069314718055994,12.1,2.076,3.0,2.6,1.5,3.4,12.7,14.3,2.0,2.4032,1.7877474327358045,0.8500000000000001
5.813823869451939,5.511940260423138,8.0,3.803455967362985,2.024,2.5,3.1,2.602865662501553,3.1293147180559946,2.596,1.5,3.0,2.6,1.5,3.4,1.5336,1.548,2.0,2.0,1.5831776616671935,0.4717693244941417
7.927003823452177,7.054876640822405,8.0,4.181750955863044,2.16,2.5,3.1,2.8291703937973773,3.4693147180559945,3.14,1.5,3.7,2.6,1.5,3.4,1.724,1.82,2.0,2.0,1.5831776616671935,0.5742242172129077
6.736427999417829,6.254133848700603,8.0,3.860660981611815,2.032,2.5,3.1,2.6369921236881444,3.1493147180559946,2.628,1.82,3.7,2.6,1.5,3.4,1.5448,1.564,2.0,2.224,1.7335092178866376,0.4936123124605822
6.776639603026082,6.20012872265441,8.0,4.079718986907041,2.096,2.5,3.1,2.7680308934370585,3.3093147180559948,2.884,2.076,3.0,2.6,1.5,3.4,1.6344,1.692,2.0,2.4032,1.7877474327358045,0.5505016397882243
8.3511734909191,7.094622262867951,8.0,4.437793372729775,2.576,2.5,3.1,2.9827093430883083,4.509314718055994,4.804,1.5,3.0,2.6,1.5,3.4,2.3064,2.652,2.0,2.0,1.5831776616671935,0.6435690384476475
8.31257802188983,7.194907131043204,8.0,4.477917413362218,2.7039999999999997,2.5,3.1,3.006777711450369,4.829314718055994,5.316,1.564,3.0,2.6,1.5,3.4,2.4856,2.9080000000000004,2.0,2.0448,1.6318334746401733,0.654497470232124
5.842643926447261,5.654133848700603,8.0,3.860660981611815,2.032,2.5,3.1,2.6369921236881444,3.1493147180559946,2.628,1.5,3.0,2.6,1.5,3.4,1.5448,1.564,2.0,2.0,1.5831776616671935,0.48726234918653333
9.293230835728142,7.807969402264791,8.0,4.723174428905778,4.4,2.5,3.1,3.15391265654355,9.069314718055994,12.1,1.6280000000000001,3.0,2.6,1.5,3.4,4.859999999999999,6.300000000000001,2.0,2.0896,1.6663553233343869,0.7208958378357595
8.613914537135123,7.258796555718782,8.0,4.5034786342837805,2.8,2.5,3.1,3.0221111733725077,5.0693147180559945,5.699999999999999,1.5,3.0,2.6,1.5,3.4,2.62,3.1,2.0,2.0,1.5831776616671935,0.6613587967851907
10.4,8.831665942890826,8.0,4.892660664094843,7.60096,2.5,3.1,3.2555998262937984,11.069314718055994,12.1,2.7800000000000002,3.7,2.6,1.5,3.4,9.341344,12.701920000000001,2.0,2.896,1.870925094402998,0.7669167735708657
9.6,10.133379705363181,8.0,5.653351754778763,10.0,2.5,3.1,3.7120111292871636,11.069314718055994,12.1,14.3,3.0,2.6,1.5,3.4,12.7,14.3,2.0,13.2,2.189160382537138,0.8500000000000001
7.805360676352294,7.003517006096704,8.0,4.401340169088074,2.48,2.5,3.1,2.960844081463209,4.269314718055995,5.12,1.5,3.0,2.6,1.5,3.4,2.1719999999999997,2.46,2.7,2.0,1.5831776616671935,0.6336962957946866
6.118530161214202,5.588074866286915,8.0,3.8340967990076305,2.028,2.5,3.1,2.6211379679088593,3.1393147180559944,2.612,2.076,3.0,2.6,1.5,3.4,1.5392,1.556,2.0,2.4032,1.7877474327358045,0.49240047966554495
6.489590230685235,3.946573590279973,8.0,2.8,2.0,2.5,3.1,2.0831776616671935,3.0693147180559945,2.5,3.612,3.7,2.6,1.5,3.4,1.5,1.5,2.0,3.4783999999999997,1.9266417673787295,0.47689933853597943
9.8,9.667042573906768,8.0,5.466816705886523,10.0,2.5,3.1,3.600090217737624,11.069314718055994,12.1,1.82,3.0,2.6,1.5,3.4,12.7,14.3,2.0,2.224,1.7335092178866376,0.8500000000000001
9.8,8.154509662544417,8.0,4.861797198684417,6.8,2.5,3.1,3.23708231901066,11.069314718055994,12.1,2.332,3.0,2.6,1.5,3.4,8.219999999999999,11.100000000000001,2.0,2.5824,1.8249660241322652,0.7585206382268381
5.636632436477393,5.402010522366629,8.0,3.7591581091193484,2.0192,2.5,3.1,2.576482525367991,3.1173147180559946,2.5768,1.5,3.0,2.6,1.5,3.4,1.52688,1.5384,2.0,2.0,1.5831776616671935,0.45977198788649015
8.315296955060994,7.174623900283395,8.0,4.4698022396352,2.676,2.5,3.1,3.001909736068015,4.759314718055994,5.204000000000001,3.9960000000000004,3.0,2.6,1.5,3.4,2.4464,2.8520000000000003,2.0,3.7472,1.9456286480045168,0.6546815646655881
7.295708510414109,6.5458710575475765,8.0,4.218181964415996,2.192,2.5,3.1,2.8510090538114183,3.5493147180559945,3.268,1.948,3.0,2.6,1.5,3.4,1.7688,1.884,2.0,2.3136,1.7636669492803463,0.585646930392622
5.936387196030521,3.3465735902799727,8.0,2.8,2.0,2.5,3.1,2.0831776616671935,3.0693147180559945,2.5,3.7399999999999998,3.0,2.6,1.5,3.4,1.5,1.5,2.0,3.568,1.9333101495173068,0.48006788306456655
9.6,8.555372478326639,8.0,5.022146001145937,10.0,2.5,3.1,3.3332893947983937,11.069314718055994,12.1,1.564,3.0,2.6,1.5,3.4,12.7,14.3,2.0,2.0448,1.6318334746401733,0.8018352577310912
4.998796193639487,3.8958797346140273,8.0,3.1218875824868197,2.00064,2.5,3.1,2.215011136307367,3.0709147180559944,2.50256,2.332,3.0,2.6,1.5,3.4,1.500896,1.50128,2.0,2.5824,1.8249660241322652,0.430126825611007
7.8420944507541375,6.870983949910343,8.0,4.3483067178563655,2.36816,2.5,3.1,2.9290361479784823,3.9897147180559944,3.97264,3.356,3.0,2.6,1.5,3.4,2.015424,2.23632,2.0,3.2992,1.9120784645382176,0.6226418117698114
8.562406909971559,7.349924013000156,8.0,4.539936280197903,2.96,2.5,3.1,3.0439817631200374,5.469314718055995,6.34,1.756,3.0,2.6,1.5,3.4,2.844,3.42,2.0,2.1792,1.7150111363073666,0.6714129678626577
9.6,8.501066586991014,8.0,5.0004233015464035,10.0,2.5,3.1,3.3202559808778433,11.069314718055994,12.1,2.076,3.0,2.6,1.5,3.4,12.7,14.3,2.0,2.4032,1.7877474327358045,0.7959885865988243
10.4,10.710488499702441,8.0,5.644195266547777,10.0,2.5,3.1,3.706517239928586,11.069314718055994,12.1,2.14,3.7,2.6,1.5,3.4,12.7,14.3,2.0,2.448,1.7981887979745599,0.8500000000000001
6.918875947628166,6.20012872265441,8.0,4.079718986907041,2.096,2.5,3.1,2.7680308934370585,3.3093147180559948,2.884,1.5,3.0,2.6,1.5,3.4,1.6344,1.692,2.0,2.0,1.5831776616671935,0.5465905589539903
7.2727278576639875,6.5458710575475765,8.0,4.218181964415996,2.192,2.5,3.1,2.8510090538114183,3.5493147180559945,3.268,1.5,3.0,2.6,1.5,3.4,1.7688,1.884,2.0,2.0,1.5831776616671935,0.5840909486959991
6.718875947628167,6.20012872265441,8.0,4.079718986907041,2.096,2.5,3.1,2.7680308934370585,3.3093147180559948,2.884,1.5,3.0,2.6,1.5,3.4,1.6344,1.692,2.0,2.0,1.5831776616671935,0.5465905589539903
8.49392036146661,7.273181784358009,8.0,4.509233859930551,2.82336,2.5,3.1,3.025563628245922,5.127714718055994,5.79344,6.364000000000001,3.0,2.6,1.5,3.4,2.652704,3.14672,2.0,5.4048,2.022805059202751,0.666775857807635
7.495176321755835,6.6572764161620395,8.0,4.262777366326692,2.24,2.5,3.1,2.8777463398788896,3.6693147180559946,3.46,2.588,3.0,2.6,1.5,3.4,1.8359999999999999,1.98,2.0,2.7616,1.8533326774999728,0.5991525634522179
7.681121867666986,6.800950979937583,8.0,4.3202804669167465,2.32,2.5,3.1,2.9122282351850197,3.8693147180559944,3.7800000000000002,1.5,3.0,2.6,1.5,3.4,1.948,2.14,2.0,2.0,1.5831776616671935,0.6117426264566189
3.233407575382444,3.3465735902799727,8.0,2.8,2.0,2.5,3.1,2.0831776616671935,3.0693147180559945,2.5,1.564,3.0,2.6,1.5,3.4,1.5,1.5,2.0,2.0448,1.6318334746401733,0.2970536379165196
8.55974512079161,7.349924013000156,8.0,4.539936280197903,2.96,2.5,3.1,3.0439817631200374,5.469314718055995,6.34,1.5,3.0,2.6,1.5,3.4,2.844,3.42,2.0,2.0,1.5831776616671935,0.6712327425535987
7.8811218676669865,6.800950979937583,8.0,4.3202804669167465,2.32,2.5,3.1,2.9122282351850197,3.8693147180559944,3.7800000000000002,1.5,3.0,2.6,1.5,3.4,1.948,2.14,2.0,2.0,1.5831776616671935,0.6117426264566189
9.6,10.100387159649106,8.0,5.640154727805359,10.0,2.5,3.1,3.7040929183157854,11.069314718055994,12.1,3.356,3.0,2.6,1.5,3.4,12.7,14.3,2.0,3.2992,1.9120784645382176,0.8500000000000001
1.6,3.3465735902799727,8.0,2.8,2.0,2.5,3.1,2.0831776616671935,3.0693147180559945,2.5,1.5,3.0,2.6,1.5,3.4,1.5,1.5,2.0,2.0,1.5831776616671935,0.2
7.389095672162964,6.634212794122055,8.0,4.01322161802075,2.0688,2.5,3.1,2.7282110705892935,3.2413147180559947,2.7752,2.524,3.7,2.6,1.5,3.4,1.59632,1.6376,2.0,2.7168,1.8468446109475396,0.5378033528027006
9.6,9.154864855570223,8.0,5.2619450406916455,10.0,2.5,3.1,3.4771675653368534,11.069314718055994,12.1,2.396,3.0,2.6,1.5,3.4,12.7,14.3,2.0,2.6272,1.8327106466687737,0.8500000000000001
8.790856700972094,7.49372339470859,8.0,4.597464362570025,3.2800000000000002,2.5,3.1,3.0784936147300614,6.269314718055995,7.62,1.6280000000000001,3.0,2.6,1.5,3.4,3.292,4.0600000000000005,2.0,2.0896,1.6663553233343869,0.6868809224616522
6.963531483971286,6.343554303933257,8.0,4.137172189413672,2.128,2.5,3.1,2.8024530329439816,3.3893147180559944,3.012,1.692,3.0,2.6,1.5,3.4,1.6792,1.756,2.0,2.1344,1.6931325494920921,0.5631557775605558
9.8,10.831194820935387,8.0,5.932477896828421,10.0,2.5,3.1,3.8794867570244924,11.069314718055994,12.1,12.06,3.0,2.6,1.5,3.4,12.7,14.3,2.0,9.392,2.1141592574900105,0.8500000000000001
9.6,9.619452376815852,8.0,5.447780594728715,10.0,2.5,3.1,3.5886685704358046,11.069314718055994,12.1,1.5,3.0,2.6,1.5,3.4,12.7,14.3,2.0,2.0,1.5831776616671935,0.8500000000000001
8.895631021754992,7.427046953827759,8.0,4.570790220302922,3.1201600000000003,2.5,3.1,3.062491268918662,5.869714718055994,6.98064,2.9080000000000004,3.0,2.6,1.5,3.4,3.068224,3.74032,2.0,2.9856,1.8813664596417534,0.6804333504313276
9.6,11.40562146575913,8.0,6.162248576303653,10.0,2.5,3.1,4.0173491517821915,11.069314718055994,12.1,1.5,3.0,2.6,1.5,3.4,12.7,14.3,2.0,2.0,1.5831776616671935,0.8500000000000001
9.138294216661762,7.709246052735578,8.0,4.683682178758574,3.96992,2.5,3.1,3.1302190526565385,7.994114718055995,10.37968,2.204,3.0,2.6,1.5,3.4,4.2578879999999995,5.43984,2.0,2.4928,1.8077939228953843,0.7104053375864736
10.4,12.698988916520955,8.0,6.439595564109484,10.0,2.5,3.1,4.183757339965029,11.069314718055994,12.1,14.3,3.7,2.6,1.5,3.4,12.7,14.3,2.0,13.2,2.3014010537585197,0.8500000000000001
9.6,9.907411660935818,8.0,5.562964464236733,10.0,2.5,3.1,3.6577787986245967,11.069314718055994,12.1,12.892000000000001,3.0,2.6,1.5,3.4,12.7,14.3,2.0,9.9744,2.1231548221068253,0.8500000000000001
9.6,10.736869507760058,8.0,5.894747765008796,10.0,2.5,3.1,3.856848681862414,11.069314718055994,12.1,2.524,3.0,2.6,1.5,3.4,12.7,14.3,2.0,2.7168,1.8468446109475396,0.8500000000000001
6.017152898504013,4.416606672028108,8.0,3.354517744447956,2.0024,2.5,3.1,2.339985601286746,3.0753147180559943,3.2096,5.404,3.0,2.6,1.5,3.4,1.50336,1.5048,2.7,4.732799999999999,1.9971761671669839,0.5126197275028759
9.6,8.409909141805151,8.0,4.963959656842057,10.0,2.5,3.1,3.2983781940332366,11.069314718055994,12.1,1.5,3.0,2.6,1.5,3.4,12.7,14.3,2.0,2.0,1.5831776616671935,0.7860724070613905
9.6,8.272697034451237,8.0,4.909073550830349,8.08,2.5,3.1,3.265447288268297,11.069314718055994,12.1,3.868,3.0,2.6,1.5,3.4,10.011999999999999,13.66,2.0,3.6575999999999995,1.9396273975355576,0.7714704794106431
7.346738420584572,6.467198604964279,8.0,4.186684605146143,2.164,2.5,3.1,2.832127665191427,3.4793147180559947,3.1559999999999997,1.5,3.0,2.6,1.5,3.4,1.7296,1.828,2.0,2.0,1.5831776616671935,0.5755604138937471
9.6,8.599210089237285,8.0,5.039681296512971,10.0,2.5,3.1,3.343810421416949,11.069314718055994,12.1,3.2920000000000003,3.0,2.6,1.5,3.4,12.7,14.3,2.0,3.2544,1.9081436857994587,0.8066841130519651
9.146851136072451,7.716821955245879,8.0,4.686712784018113,4.0,2.5,3.1,3.132037269259011,8.069314718055994,10.5,1.5,3.0,2.6,1.5,3.4,4.3,5.5,2.0,2.0,1.5831776616671935,0.7109847123382389
9.6,8.43904246383567,8.0,4.975613212056158,10.0,2.5,3.1,3.30537019132056,11.069314718055994,12.1,1.5,3.0,2.6,1.5,3.4,12.7,14.3,2.0,2.0,1.5831776616671935,0.7892285782652095
9.6,8.61290161788848,8.0,5.045157981963466,10.0,2.5,3.1,3.3470963882932354,11.069314718055994,12.1,2.14,3.0,2.6,1.5,3.4,12.7,14.3,2.0,2.448,1.7981887979745599,0.8080996994777123
9.522830041028936,7.95179377376823,8.0,4.780707510257234,5.2,2.5,3.1,3.188430505704375,11.069314718055994,12.1,1.5,3.0,2.6,1.5,3.4,5.9799999999999995,7.9,2.0,2.0,1.5831776616671935,0.7364416173613344
9.6,8.23158024084805,8.0,4.892626382298393,7.6,2.5,3.1,3.2555792578035323,11.069314718055994,12.1,1.5,3.0,2.6,1.5,3.4,9.34,12.700000000000001,2.0,2.0,1.5831776616671935,0.7667529785391483
9.6,9.103041322740086,8.0,5.241215529103535,10.0,2.5,3.1,3.4647299174576207,11.069314718055994,12.1,2.652,3.0,2.6,1.5,3.4,12.7,14.3,2.0,2.8064,1.8594878728264788,0.8500000000000001
9.6,8.487920710020935,8.0,4.995164861958394,10.0,2.5,3.1,3.3171009704050243,11.069314718055994,12.1,1.5,3.0,2.6,1.5,3.4,12.7,14.3,2.0,2.0,1.5831776616671935,0.7945238167803987
7.932862477042228,6.9203532258747,8.0,4.368062596664033,2.4064,2.5,3.1,2.9408847742099278,4.0853147180559946,4.1256,4.0600000000000005,3.0,2.6,1.5,3.4,2.0689599999999997,2.3128,2.0,3.792,1.9485203541940042,0.6287875635497342
7.781177904931124,6.734256635748169,8.0,4.29358846645717,2.2800000000000002,2.5,3.1,2.8962215925795602,3.7693147180559947,3.62,1.692,3.0,2.6,1.5,3.4,1.892,2.06,2.0,2.1344,1.6931325494920921,0.6049755873130449
9.6,8.449433345364623,8.0,4.979769642278753,10.0,2.5,3.1,3.3078640028875093,11.069314718055994,12.1,3.484,3.0,2.6,1.5,3.4,12.7,14.3,2.0,3.3888,1.9195809073759775,0.7905092071938093
6.804600033402694,6.12883379394132,8.0,4.051150008350674,2.0832,2.5,3.1,2.7509201105459167,3.2773147180559947,2.8327999999999998,1.5,3.0,2.6,1.5,3.4,1.61648,1.6663999999999999,2.0,2.0,1.5831776616671935,0.5388531272616408
5.759007912302534,5.138333059508028,8.0,3.652535975408263,2.0112,2.5,3.1,2.5131999342819267,3.0973147180559946,2.5448,2.396,3.0,2.6,1.5,3.4,1.51568,1.5224,2.0,2.6272,1.8327106466687737,0.4680578273954842
6.968418487561943,6.343554303933257,8.0,4.137172189413672,2.128,2.5,3.1,2.8024530329439816,3.3893147180559944,3.012,1.756,3.0,2.6,1.5,3.4,1.6792,1.756,2.0,2.1792,1.7150111363073666,0.5634866684286732
5.3307512752896535,5.312486406642135,8.0,3.7230241033682523,2.016,2.5,3.1,2.5549967375941125,3.1093147180559946,2.564,1.564,3.0,2.6,1.5,3.4,1.5224,1.532,2.0,2.0448,1.6318334746401733,0.45260295093107034
8.257137269518303,7.147274757571839,8.0,4.458859921771447,2.64,2.5,3.1,2.9953459418172415,4.669314718055994,5.0600000000000005,2.9080000000000004,3.0,2.6,1.5,3.4,2.396,2.7800000000000002,2.0,2.9856,1.8813664596417534,0.6507436692903018
9.922485749305341,8.29641429077473,8.0,4.678549051726288,3.92,2.5,3.1,3.127139429785935,7.869314718055994,10.18,3.1,3.7,2.6,1.5,3.4,4.188,5.34,2.0,3.12,1.8955004239205195,0.7093349726092157
7.748688757654688,6.943554303933257,8.0,4.137172189413672,2.128,2.5,3.1,2.8024530329439816,3.3893147180559944,3.012,1.5,3.7,2.6,1.5,3.4,1.6792,1.756,2.0,2.0,1.5831776616671935,0.5621508012995362
9.8,9.353590605616391,8.0,5.3414356363869855,10.0,2.5,3.1,3.524861745347934,11.069314718055994,12.1,3.228,3.0,2.6,1.5,3.4,12.7,14.3,2.0,3.2096,1.9040754995983769,0.8500000000000001
5.842643926447261,5.654133848700603,8.0,3.860660981611815,2.032,2.5,3.1,2.6369921236881444,3.1493147180559946,2.628,1.5,3.0,2.6,1.5,3.4,1.5448,1.564,2.0,2.0,1.5831776616671935,0.48726234918653333
7.689078173922898,6.800950979937583,8.0,4.3202804669167465,2.32,2.5,3.1,2.9122282351850197,3.8693147180559944,3.7800000000000002,1.756,3.0,2.6,1.5,3.4,1.948,2.14,2.0,2.1792,1.7150111363073666,0.6122813346926961
5.881486506780853,5.678293137336006,8.0,3.8703716266952135,2.0336,2.5,3.1,2.6427903529606414,3.1533147180559946,2.6344,1.5,3.0,2.6,1.5,3.4,1.54704,1.5672,2.0,2.0,1.5831776616671935,0.48989231556328694
1.6,3.3465735902799727,8.0,2.8,2.0,2.5,3.1,2.0831776616671935,3.0693147180559945,2.5,1.5,3.0,2.6,1.5,3.4,1.5,1.5,2.0,2.0,1.5831776616671935,0.2
5.958797625012661,5.602003343538398,8.0,3.839699406253165,2.0288,2.5,3.1,2.6244808024492157,3.1413147180559946,2.6152,1.5,3.0,2.6,1.5,3.4,1.54032,1.5576,2.0,2.0,1.5831776616671935,0.48158525586023226
9.6,8.750132833411719,8.0,5.1000511078738855,10.0,2.5,3.1,3.3800318800188123,11.069314718055994,12.1,1.5,3.0,2.6,1.5,3.4,12.7,14.3,2.0,2.0,1.5831776616671935,0.8229305083825107
10.4,8.877137549339972,8.0,4.910849803319928,8.13424,2.5,3.1,3.2665130118415933,11.069314718055994,12.1,3.484,3.7,2.6,1.5,3.4,10.087936,13.76848,2.0,3.3888,1.9195809073759775,0.7719070305927416
7.142046325022653,6.439163234145663,8.0,4.175459214299486,2.15504,2.5,3.1,2.825399176194959,3.4569147180559945,3.1201600000000003,2.14,3.0,2.6,1.5,3.4,1.717056,1.8100800000000001,2.0,2.448,1.7981887979745599,0.5752427199234088
7.3605286369692315,6.7256208424938375,8.0,4.290132159242308,2.2752,2.5,3.1,2.894149002198521,3.7573147180559943,4.3008,1.5,3.0,2.6,1.5,3.4,1.8852799999999998,2.0504,2.7,2.0,1.5831776616671935,0.6035774597947918
7.4129030236451605,6.633413673760296,8.0,4.2532257559112905,2.2288,2.5,3.1,2.872019281702471,3.6413147180559946,3.4152,1.5,3.0,2.6,1.5,3.4,1.82032,1.9576,2.0,2.0,1.5831776616671935,0.5935819755593078
8.431320287014625,7.258796555718782,8.0,4.5034786342837805,2.8,2.5,3.1,3.0221111733725077,5.0693147180559945,5.699999999999999,2.9080000000000004,3.0,2.6,1.5,3.4,2.62,3.1,2.0,2.9856,1.8813664596417534,0.6625373110999485
5.900222726147332,4.9756218592907135,8.0,3.586365126544865,2.008,2.5,3.1,2.4741492462297714,3.0893147180559946,2.532,3.612,3.0,2.6,1.5,3.4,1.5112,1.516,2.0,3.4783999999999997,1.9266417673787295,0.491160913749559
9.6,11.776590111933345,8.0,6.310636040011434,10.0,2.5,3.1,4.106381626864003,11.069314718055994,12.1,14.3,3.0,2.6,1.5,3.4,12.7,14.3,2.0,13.2,2.2574081770983496,0.8500000000000001
6.3656882117991005,5.654133848700603,8.0,3.860660981611815,2.032,2.5,3.1,2.6369921236881444,3.1493147180559946,2.628,2.7800000000000002,3.0,2.6,1.5,3.4,1.5448,1.564,2.0,2.896,1.870925094402998,0.5091351393405641
8.128643136763731,7.003517006096704,8.0,4.401340169088074,2.48,2.5,3.1,2.960844081463209,4.269314718055995,4.42,7.9,3.0,2.6,1.5,3.4,2.1719999999999997,2.46,2.0,6.4799999999999995,2.0549967375941125,0.6420435457183777
4.82028135258812,3.3465735902799727,8.0,2.8,2.0,2.5,3.1,2.0831776616671935,3.0693147180559945,2.5,2.204,3.0,2.6,1.5,3.4,1.5,1.5,2.0,2.4928,1.8077939228953843,0.418039883248154
9.6,9.561933123764538,8.0,5.424772850106113,10.0,2.5,3.1,3.574863949703489,11.069314718055994,12.1,11.100000000000001,3.0,2.6,1.5,3.4,12.7,14.3,2.0,8.719999999999999,2.102865662501553,0.8500000000000001
5.586885297366669,4.868834809141684,8.0,3.5427144133408612,2.0064,2.5,3.1,2.448520354194004,3.0853147180559946,2.5256,2.8440000000000003,3.0,2.6,1.5,3.4,1.50896,1.5128,2.0,2.9408,1.876259305911498,0.46994535867586823
5.25147855317427,3.3465735902799727,8.0,2.8,2.0,2.5,3.1,2.0831776616671935,3.0693147180559945,2.5,2.716,3.0,2.6,1.5,3.4,1.5,1.5,2.0,2.8512,1.8653426925268106,0.44723552703784114
7.127003823452176,6.454876640822405,8.0,4.181750955863044,2.16,2.5,3.1,2.8291703937973773,3.4693147180559945,3.14,1.5,3.0,2.6,1.5,3.4,1.724,1.82,2.0,2.0,1.5831776616671935,0.5742242172129077
7.706695719743667,6.800950979937583,8.0,4.3202804669167465,2.32,2.5,3.1,2.9122282351850197,3.8693147180559944,3.7800000000000002,2.332,3.0,2.6,1.5,3.4,1.948,2.14,2.0,2.5824,1.8249660241322652,0.6134741893576442
6.9971297028587,6.330927370272656,8.0,4.132115029967937,2.1248,2.5,3.1,2.7994225688654373,3.3813147180559944,2.9992,2.396,3.0,2.6,1.5,3.4,1.67472,1.7496,2.0,2.6272,1.8327106466687737,0.5654306569643911
9.6,8.686843192939119,8.0,5.074734978364707,10.0,2.5,3.1,3.3648423663053886,11.069314718055994,12.1,2.332,3.0,2.6,1.5,3.4,12.7,14.3,2.0,2.5824,1.8249660241322652,0.8161145104139538
8.339360259653658,7.206138510733338,8.0,4.4824109746585865,2.7199999999999998,2.5,3.1,3.0094732425760014,4.869314718055994,5.38,2.204,3.0,2.6,1.5,3.4,2.508,2.9400000000000004,2.0,2.4928,1.8077939228953843,0.6563108509140498
4.82028135258812,3.3465735902799727,8.0,2.8,2.0,2.5,3.1,2.0831776616671935,3.0693147180559945,2.5,2.204,3.0,2.6,1.5,3.4,1.5,1.5,2.0,2.4928,1.8077939228953843,0.418039883248154
9.6,9.103041322740086,8.0,5.241215529103535,10.0,2.5,3.1,3.4647299174576207,11.069314718055994,12.1,3.9960000000000004,3.0,2.6,1.5,3.4,12.7,14.3,2.0,3.7472,1.9456286480045168,0.8500000000000001
6.965688211799101,6.455213508687434,8.0,3.9414220529497754,2.048,2.5,3.1,2.685251242084984,3.1893147180559946,2.692,1.5,3.7,2.6,1.5,3.4,1.5672,1.596,2.0,2.0,1.5831776616671935,0.5091351393405641
4.235617950178739,4.545521226679158,8.0,3.4089044875446843,2.0032,2.5,3.1,2.370925094402998,3.0773147180559945,2.5128,1.5,3.0,2.6,1.5,3.4,1.50448,1.5064,2.0,2.0,1.5831776616671935,0.3649116320433521
2.4000000000000004,3.946573590279973,8.0,2.8,2.0,2.5,3.1,2.0831776616671935,3.0693147180559945,2.5,1.5,3.7,2.6,1.5,3.4,1.5,1.5,2.0,2.0,1.5831776616671935,0.2
8.969151813935586,7.605270175989425,8.0,4.642088073395303,3.6,2.5,3.1,3.105264842237462,7.0693147180559945,8.899999999999999,1.6280000000000001,3.0,2.6,1.5,3.4,3.7399999999999998,4.7,2.0,2.0896,1.6663553233343869,0.6989529874018887
9.6,8.063355550325255,8.0,4.825334220610071,6.0,2.5,3.1,3.215205332078061,11.069314718055994,12.1,2.076,3.0,2.6,1.5,3.4,7.1,9.5,2.0,2.4032,1.7877474327358045,0.7486254265442156
8.013318301646242,7.003517006096704,8.0,4.401340169088074,2.48,2.5,3.1,2.960844081463209,4.269314718055995,4.42,1.884,3.0,2.6,1.5,3.4,2.1719999999999997,2.46,2.0,2.2688,1.7495329850015804,0.634235093340631
9.6,8.959228618761468,8.0,5.183690114255692,10.0,2.5,3.1,3.4302148685027523,11.069314718055994,12.1,4.892,3.0,2.6,1.5,3.4,12.7,14.3,2.0,4.3744,1.9808799822278966,0.845678343560164
9.525625012927595,7.95179377376823,8.0,4.780707510257234,5.2,2.5,3.1,3.188430505704375,11.069314718055994,12.1,2.396,3.0,2.6,1.5,3.4,5.9799999999999995,7.9,2.0,2.6272,1.8327106466687737,0.7366308602503058
8.504757264712367,7.4009509799375826,8.0,4.3202804669167465,2.32,2.5,3.1,2.9122282351850197,3.8693147180559944,3.7800000000000002,2.268,3.7,2.6,1.5,3.4,1.948,2.14,2.0,2.5376,1.816686879553831,0.6133429397982333
9.6,8.959201953161418,8.0,5.183679447944567,10.0,2.5,3.1,3.4302084687587406,11.069314718055994,12.1,1.6280000000000001,3.0,2.6,1.5,3.4,12.7,14.3,2.0,2.0896,1.6663553233343869,0.8455834614516609
9.8,9.207238046661315,8.0,5.282894406783458,10.0,2.5,3.1,3.4897371311987158,11.069314718055994,12.1,2.012,3.0,2.6,1.5,3.4,12.7,14.3,2.0,2.3584,1.7763102111592854,0.8500000000000001
9.6,8.959201953161418,8.0,5.183679447944567,10.0,2.5,3.1,3.4302084687587406,11.069314718055994,12.1,1.564,3.0,2.6,1.5,3.4,12.7,14.3,2.0,2.0448,1.6318334746401733,0.8455816559984142
9.6,8.011101743120555,8.0,4.804431816450726,5.60304,2.5,3.1,3.2026644183489337,11.069314718055994,12.1,1.6280000000000001,3.0,2.6,1.5,3.4,6.544256,8.70608,2.0,2.0896,1.6663553233343869,0.742890997643924
9.8,8.111007004141445,8.0,4.844395529325976,6.4,2.5,3.1,3.226641680993947,11.069314718055994,12.1,3.1,3.0,2.6,1.5,3.4,7.66,10.3,2.0,3.12,1.8955004239205195,0.7539361011849115
9.498326139407876,8.026975550757305,8.0,4.570761654995439,3.12,2.5,3.1,3.0624741321817535,5.869314718055994,6.9799999999999995,3.228,3.7,2.6,1.5,3.4,3.068,3.7399999999999998,2.0,3.2096,1.9040754995983769,0.6806158323557416
4.745460506179461,3.3465735902799727,8.0,2.8,2.0,2.5,3.1,2.0831776616671935,3.0693147180559945,2.5,2.14,3.0,2.6,1.5,3.4,1.5,1.5,2.0,2.448,1.7981887979745599,0.4129738884392343
9.314632749615367,7.80853567260279,8.0,4.723400952131966,4.40272,2.5,3.1,3.15404856142467,9.076114718055994,12.1,6.620000000000001,3.0,2.6,1.5,3.4,4.863808,6.305440000000001,2.0,5.584,2.0288063096717104,0.722344925755207
6.573284880867892,6.109300059845864,8.0,4.043321220216973,2.08,2.5,3.1,2.7462320143630077,3.2693147180559947,2.82,1.5,3.0,2.6,1.5,3.4,1.612,1.6600000000000001,2.0,2.0,1.5831776616671935,0.5367328304754302
9.6,8.409909141805151,8.0,4.963959656842057,10.0,2.5,3.1,3.2983781940332366,11.069314718055994,12.1,2.8440000000000003,3.0,2.6,1.5,3.4,12.7,14.3,2.0,2.9408,1.876259305911498,0.7861860355206529
6.1656882117991,5.855213508687434,8.0,3.9414220529497754,2.048,2.5,3.1,2.685251242084984,3.1893147180559946,2.692,1.5,3.0,2.6,1.5,3.4,1.5672,1.596,2.0,2.0,1.5831776616671935,0.5091351393405641
9.21113631966459,7.756997106968831,8.0,4.702784079916148,4.16736,2.5,3.1,3.1416793056725196,8.487714718055994,11.16944,1.5,3.0,2.6,1.5,3.4,4.534304,5.83472,2.0,2.0,1.5831776616671935,0.7153373549772899
6.04264392644726,5.654133848700603,8.0,3.860660981611815,2.032,2.5,3.1,2.6369921236881444,3.1493147180559946,2.628,1.5,3.0,2.6,1.5,3.4,1.5448,1.564,2.0,2.0,1.5831776616671935,0.48726234918653333
7.527309155136102,6.7048709770404615,8.0,4.281827288784026,2.2640000000000002,2.5,3.1,2.8891690344897105,3.7293147180559947,3.556,1.5,3.0,2.6,1.5,3.4,1.8696,2.028,2.0,2.0,1.5831776616671935,0.6013282240456737
7.330989880527747,6.454876640822405,8.0,4.181750955863044,2.16,2.5,3.1,2.8291703937973773,3.4693147180559945,3.14,1.564,3.0,2.6,1.5,3.4,1.724,1.82,2.0,2.0448,1.6318334746401733,0.5744941064940663
8.036726993816623,7.005179794459892,8.0,4.402005505696347,2.4816,2.5,3.1,2.961243150670374,4.273314718055994,4.4264,2.9080000000000004,3.0,2.6,1.5,3.4,2.17424,2.4632,2.0,2.9856,1.8813664596417534,0.6358200568730006
5.810143901633053,3.946573590279973,8.0,2.8,2.0,2.5,3.1,2.0831776616671935,3.0693147180559945,2.5,2.396,3.7,2.6,1.5,3.4,1.5,1.5,2.0,2.6272,1.8327106466687737,0.4308951600064046
9.29296432008454,7.807969402264791,8.0,4.723174428905778,4.4,2.5,3.1,3.15391265654355,9.069314718055994,12.1,1.564,3.0,2.6,1.5,3.4,4.859999999999999,6.300000000000001,2.0,2.0448,1.6318334746401733,0.7208777925057239
9.081541388830443,7.67513810613685,8.0,4.670037853418516,3.84,2.5,3.1,3.122033145472844,7.669314718055994,9.86,1.756,3.0,2.6,1.5,3.4,4.0760000000000005,5.18,2.0,2.1792,1.7150111363073666,0.7065626982020614
7.940126009779762,6.962759489893463,8.0,4.38503150244494,2.4424,2.5,3.1,2.9510622775744313,4.175314718055994,4.2696,1.5,3.0,2.6,1.5,3.4,2.11936,2.3848000000000003,2.0,2.0,1.5831776616671935,0.6292793652455048
6.332961650085949,5.931815587799049,8.0,3.9721572446931734,2.056,2.5,3.1,2.7036357410717713,3.2093147180559947,2.724,1.756,3.0,2.6,1.5,3.4,1.5784,1.612,2.0,2.1792,1.7150111363073666,0.5204609450579027
8.826882554780903,7.515068285576615,8.0,4.6060033635689805,3.33584,2.5,3.1,3.0836163885383874,6.408914718055994,7.84336,1.884,3.0,2.6,1.5,3.4,3.370176,4.17168,2.0,2.2688,1.7495329850015804,0.689320172979957
7.769597205638135,6.841471584939146,8.0,4.336496489306901,2.34704,2.5,3.1,2.921953180385395,3.9369147180559945,3.88816,2.332,3.0,2.6,1.5,3.4,1.985856,2.19408,2.0,2.5824,1.8249660241322652,0.6177331441317488
9.6,8.730868714100398,8.0,5.092345380587506,10.0,2.5,3.1,3.3754084913840954,11.069314718055994,12.1,2.204,3.0,2.6,1.5,3.4,12.7,14.3,2.0,2.4928,1.8077939228953843,0.820874888181701
9.6,8.409909141805151,8.0,4.963959656842057,10.0,2.5,3.1,3.2983781940332366,11.069314718055994,12.1,3.7399999999999998,3.0,2.6,1.5,3.4,12.7,14.3,2.0,3.568,1.9333101495173068,0.7862616556176294
7.970705389627658,7.088898341638889,8.0,4.435503164769215,2.56944,2.5,3.1,2.9813356019933335,4.492914718055995,5.47776,3.164,3.0,2.6,1.5,3.4,2.2972159999999997,2.6388800000000003,2.7,3.1647999999999996,1.8998645412210244,0.6448915107560393
8.493265322643197,7.426975550757305,8.0,4.570761654995439,3.12,2.5,3.1,3.0624741321817535,5.869314718055994,7.68,2.652,3.0,2.6,1.5,3.4,3.068,3.7399999999999998,2.7,2.8064,1.8594878728264788,0.6802731728872998
6.0423676679372935,5.768667133509268,8.0,3.906677897745504,2.04032,2.5,3.1,2.6644801120422246,3.1701147180559945,2.66128,1.564,3.0,2.6,1.5,3.4,1.556448,1.58064,2.0,2.0448,1.6318334746401733,0.500785310849921
8.257526374584339,7.148148556321254,8.0,4.45920952855294,2.64112,2.5,3.1,2.995555653517101,4.672114718055995,5.06448,2.8440000000000003,3.0,2.6,1.5,3.4,2.3975679999999997,2.78224,2.0,2.9408,1.876259305911498,0.6507700149458147
6.781229335429972,6.109300059845864,8.0,4.043321220216973,2.08,2.5,3.1,2.7462320143630077,3.2693147180559947,2.82,1.564,3.0,2.6,1.5,3.4,1.612,1.6600000000000001,2.0,2.0448,1.6318334746401733,0.5372707362530711
6.981478198069758,6.4568664027546845,8.0,3.942085403474974,2.04816,2.5,3.1,2.685647936661124,3.1897147180559946,2.69264,1.564,3.7,2.6,1.5,3.4,1.567424,1.59632,2.0,2.0448,1.6318334746401733,0.5102042529943065
9.294828067724172,7.807969402264791,8.0,4.723174428905778,4.4,2.5,3.1,3.15391265654355,9.069314718055994,12.1,2.012,3.0,2.6,1.5,3.4,4.859999999999999,6.300000000000001,2.0,2.3584,1.7763102111592854,0.7210039837521574
9.019281601833864,7.734622260591528,8.0,4.453797641901331,2.624,2.5,3.1,2.992309342541967,4.629314718055995,4.996,1.756,3.7,2.6,1.5,3.4,2.3735999999999997,2.748,2.0,2.1792,1.7150111363073666,0.6481805251241679
9.6,8.404884175890484,8.0,4.961949630074585,9.92,2.5,3.1,3.2971722022137158,11.069314718055994,12.1,6.748,3.0,2.6,1.5,3.4,12.588,14.3,2.0,5.6736,2.0316980158611977,0.7859748211594255
8.006692456250336,7.003517006096704,8.0,4.401340169088074,2.48,2.5,3.1,2.960844081463209,4.269314718055995,4.42,1.564,3.0,2.6,1.5,3.4,2.1719999999999997,2.46,2.0,2.0448,1.6318334746401733,0.6337864683919499
10.4,9.954354917695298,8.0,5.341741362143974,10.0,2.5,3.1,3.5250451802468716,11.069314718055994,12.1,8.988,3.7,2.6,1.5,3.4,12.7,14.3,2.0,7.2416,2.0734948191733835,0.8500000000000001
7.45110946530677,6.6572764161620395,8.0,4.262777366326692,2.24,2.5,3.1,2.8777463398788896,3.6693147180559946,3.46,1.5,3.0,2.6,1.5,3.4,1.8359999999999999,1.98,2.0,2.0,1.5831776616671935,0.5961688700468125
9.536511689082955,7.95179377376823,8.0,4.780707510257234,5.2,2.5,3.1,3.188430505704375,11.069314718055994,12.1,5.9159999999999995,3.0,2.6,1.5,3.4,5.9799999999999995,7.9,2.0,5.091200000000001,2.011521585244958,0.7373679789483252
5.25147855317427,3.3465735902799727,8.0,2.8,2.0,2.5,3.1,2.0831776616671935,3.0693147180559945,2.5,2.716,3.0,2.6,1.5,3.4,1.5,1.5,2.0,2.8512,1.8653426925268106,0.44723552703784114
9.6,9.047576128972416,8.0,5.219029334279893,10.0,2.5,3.1,3.4514182709533796,11.069314718055994,12.1,3.2920000000000003,3.0,2.6,1.5,3.4,12.7,14.3,2.0,3.2544,1.9081436857994587,0.8500000000000001
9.017238699804413,7.734622260591528,8.0,4.453797641901331,2.624,2.5,3.1,2.992309342541967,4.629314718055995,4.996,1.6280000000000001,3.7,2.6,1.5,3.4,2.3735999999999997,2.748,2.0,2.0896,1.6663553233343869,0.6480422036325904
1.6,3.3465735902799727,8.0,2.8,2.0,2.5,3.1,2.0831776616671935,3.0693147180559945,2.5,1.5,3.0,2.6,1.5,3.4,1.5,1.5,2.0,2.0,1.5831776616671935,0.2
7.884745759774891,6.912422845513428,8.0,4.364889186175524,2.4,2.5,3.1,2.938981482923223,4.0693147180559945,4.1,2.524,3.0,2.6,1.5,3.4,2.06,2.3,2.0,2.7168,1.8468446109475396,0.6255296608180916
9.6,9.561183688698165,8.0,5.424473075480466,10.0,2.5,3.1,3.574684085287559,11.069314718055994,12.1,1.6280000000000001,3.0,2.6,1.5,3.4,12.7,14.3,2.0,2.0896,1.6663553233343869,0.8500000000000001
9.8,8.756472732385117,8.0,5.102587092984046,10.0,2.5,3.1,3.3815534557724276,11.069314718055994,12.1,1.5,3.0,2.6,1.5,3.4,12.7,14.3,2.0,2.0,1.5831776616671935,0.8236173376831792
6.75784469003297,6.224444697073428,8.0,4.089461172508242,2.1008,2.5,3.1,2.773866727297623,3.3213147180559943,2.9032,1.5,3.0,2.6,1.5,3.4,1.64112,1.7016,2.0,2.0,1.5831776616671935,0.5492290675543157
7.472149468256092,6.6572764161620395,8.0,4.262777366326692,2.24,2.5,3.1,2.8777463398788896,3.6693147180559946,3.46,2.012,3.0,2.6,1.5,3.4,1.8359999999999999,1.98,2.0,2.3584,1.7763102111592854,0.5975934535798396
8.411403722253128,7.32358417980002,8.0,4.289317019831545,2.27408,2.5,3.1,2.8936602031520047,3.7545147180559946,3.59632,3.036,3.7,2.6,1.5,3.4,1.883712,2.04816,2.0,3.0751999999999997,1.8909715845625779,0.6070221270275555
6.610972124834242,6.008078579849177,8.0,4.002743031208561,2.06528,2.5,3.1,2.7219388591638025,3.2325147180559943,2.76112,1.5,3.0,2.6,1.5,3.4,1.591392,1.63056,2.0,2.0,1.5831776616671935,0.5257429042856518
8.251109465306769,7.257276416162039,8.0,4.262777366326692,2.24,2.5,3.1,2.8777463398788896,3.6693147180559946,3.46,1.5,3.7,2.6,1.5,3.4,1.8359999999999999,1.98,2.0,2.0,1.5831776616671935,0.5961688700468125
10.4,11.103111211708377,8.0,5.801244423882387,10.0,2.5,3.1,3.8007466908100107,11.069314718055994,12.1,11.356000000000002,3.7,2.6,1.5,3.4,12.7,14.3,2.0,8.8992,2.105982720869944,0.8500000000000001
8.049441819630678,7.003517006096704,8.0,4.401340169088074,2.48,2.5,3.1,2.960844081463209,4.269314718055995,4.42,3.676,3.0,2.6,1.5,3.4,2.1719999999999997,2.46,2.0,3.5232,1.9300222726147331,0.6366809565374938
6.992415487684978,6.317973277843324,8.0,4.126926671572337,2.1216,2.5,3.1,2.7963135866823974,3.3733147180559944,2.9863999999999997,2.588,3.0,2.6,1.5,3.4,1.67024,1.7432,2.0,2.7616,1.8533326774999728,0.5651114653120037
5.492096413473008,5.312486406642135,8.0,3.7230241033682523,2.016,2.5,3.1,2.5549967375941125,3.1093147180559946,2.564,1.5,3.0,2.6,1.5,3.4,1.5224,1.532,2.0,2.0,1.5831776616671935,0.4499856946622349
6.745064865546784,6.21647004636959,8.0,4.086266216386695,2.0992,2.5,3.1,2.7719528111287017,3.3173147180559948,2.8968,1.5,3.0,2.6,1.5,3.4,1.63888,1.6984,2.0,2.0,1.5831776616671935,0.5483637669380634
6.020362351305426,5.764714543755712,8.0,3.905090587826357,2.04,2.5,3.1,2.663531490501371,3.1693147180559946,2.66,1.5,3.0,2.6,1.5,3.4,1.556,1.58,2.0,2.0,1.5831776616671935,0.49929536753630493
6.062300935031665,5.654133848700603,8.0,3.860660981611815,2.032,2.5,3.1,2.6369921236881444,3.1493147180559946,2.628,1.564,3.0,2.6,1.5,3.4,1.5448,1.564,2.0,2.0448,1.6318334746401733,0.48859329247610234
7.302154959477919,6.5458710575475765,8.0,4.218181964415996,2.192,2.5,3.1,2.8510090538114183,3.5493147180559945,3.268,2.076,3.0,2.6,1.5,3.4,1.7688,1.884,2.0,2.4032,1.7877474327358045,0.5860834087146507
7.69499390213633,6.800950979937583,8.0,4.3202804669167465,2.32,2.5,3.1,2.9122282351850197,3.8693147180559944,3.7800000000000002,1.948,3.0,2.6,1.5,3.4,1.948,2.14,2.0,2.3136,1.7636669492803463,0.6126818787904807
9.6,8.938791233675289,8.0,5.175515104595694,10.0,2.5,3.1,3.4253098960820694,11.069314718055994,12.1,2.14,3.0,2.6,1.5,3.4,12.7,14.3,2.0,2.448,1.7981887979745599,0.8433874786366407
6.897124521411307,6.3113681619749205,8.0,4.124281130352827,2.12,2.5,3.1,2.794728358873981,3.3693147180559944,2.98,1.5,3.0,2.6,1.5,3.4,1.668,1.74,2.0,2.0,1.5831776616671935,0.5586594728038907
7.162182915699894,6.454876640822405,8.0,4.181750955863044,2.16,2.5,3.1,2.8291703937973773,3.4693147180559945,3.14,2.076,3.0,2.6,1.5,3.4,1.724,1.82,2.0,2.4032,1.7877474327358045,0.5766061349171805
8.059556744702096,6.912422845513428,8.0,4.364889186175524,2.4,2.5,3.1,2.938981482923223,4.0693147180559945,4.1,1.5,3.0,2.6,1.5,3.4,2.06,2.3,2.0,2.0,1.5831776616671935,0.6238241545892044
8.005627209754726,7.003683533991665,8.0,4.401406802438681,2.48016,2.5,3.1,2.9608840481579994,4.269714718055995,4.42064,1.5,3.0,2.6,1.5,3.4,2.172224,2.46032,2.0,2.0,1.5831776616671935,0.633714342327143
9.6,8.4609688409761,8.0,4.984383924815342,10.0,2.5,3.1,3.3106325218342643,11.069314718055994,12.1,1.756,3.0,2.6,1.5,3.4,12.7,14.3,2.0,2.1792,1.7150111363073666,0.7916235389807478
9.6,9.291600002803293,8.0,5.316639315291419,10.0,2.5,3.1,3.50998400067279,11.069314718055994,12.1,5.0200000000000005,3.0,2.6,1.5,3.4,12.7,14.3,2.0,4.464,1.985166152140146,0.8500000000000001
7.7008662064579045,6.800950979937583,8.0,4.3202804669167465,2.32,2.5,3.1,2.9122282351850197,3.8693147180559944,3.7800000000000002,2.14,3.0,2.6,1.5,3.4,1.948,2.14,2.0,2.448,1.7981887979745599,0.6130794827289205
9.6,9.972480191155022,8.0,5.588991900746198,10.0,2.5,3.1,3.673395245877205,11.069314718055994,12.1,6.748,3.0,2.6,1.5,3.4,12.7,14.3,2.0,5.6736,2.0316980158611977,0.8500000000000001
4.745460506179461,3.3465735902799727,8.0,2.8,2.0,2.5,3.1,2.0831776616671935,3.0693147180559945,2.5,2.14,3.0,2.6,1.5,3.4,1.5,1.5,2.0,2.448,1.7981887979745599,0.4129738884392343
7.0533379438425925,6.276966702012905,8.0,4.110501577406918,2.112,2.5,3.1,2.786472008483097,3.349314718055995,2.948,1.6280000000000001,3.0,2.6,1.5,3.4,1.6568,1.724,2.0,2.0896,1.6663553233343869,0.5556947566143422
4.95172379362114,3.3465735902799727,8.0,2.8,2.0,2.5,3.1,2.0831776616671935,3.0693147180559945,2.5,2.332,3.0,2.6,1.5,3.4,1.5,1.5,2.0,2.5824,1.8249660241322652,0.4269396318597647
5.559007912302535,3.3465735902799727,8.0,2.8,2.0,2.5,3.1,2.0831776616671935,3.0693147180559945,2.5,3.2920000000000003,3.0,2.6,1.5,3.4,1.5,1.5,2.0,3.2544,1.9081436857994587,0.4680578273954842
5.689590230685235,5.312486406642135,8.0,3.7230241033682523,2.016,2.5,3.1,2.5549967375941125,3.1093147180559946,2.564,2.332,3.0,2.6,1.5,3.4,1.5224,1.532,2.0,2.5824,1.8249660241322652,0.47689933853597943
5.545460506179461,3.946573590279973,8.0,2.8,2.0,2.5,3.1,2.0831776616671935,3.0693147180559945,2.5,2.14,3.7,2.6,1.5,3.4,1.5,1.5,2.0,2.448,1.7981887979745599,0.4129738884392343
7.702814101260044,6.800950979937583,8.0,4.3202804669167465,2.32,2.5,3.1,2.9122282351850197,3.8693147180559944,3.7800000000000002,2.204,3.0,2.6,1.5,3.4,1.948,2.14,2.0,2.4928,1.8077939228953843,0.6132113714394822
7.1951691418452555,6.59822604430951,8.0,3.998792285461314,2.064,2.5,3.1,2.719574250634283,3.2293147180559947,2.7560000000000002,1.5,3.7,2.6,1.5,3.4,1.5896,1.6280000000000001,2.0,2.0,1.5831776616671935,0.5246729106457726
8.038709126977507,7.054876640822405,8.0,4.181750955863044,2.16,2.5,3.1,2.8291703937973773,3.4693147180559945,3.14,3.42,3.7,2.6,1.5,3.4,1.724,1.82,2.0,3.344,1.9158883083359672,0.581787597139102
7.224548208209011,6.364714543755712,8.0,3.905090587826357,2.04,2.5,3.1,2.663531490501371,3.1693147180559946,2.66,3.612,3.7,2.6,1.5,3.4,1.556,1.58,2.0,3.4783999999999997,1.9266417673787295,0.5266621182641518
5.064586672229066,3.3465735902799727,8.0,2.8,2.0,2.5,3.1,2.0831776616671935,3.0693147180559945,2.5,2.46,3.0,2.6,1.5,3.4,1.5,1.5,2.0,2.6719999999999997,1.839985601286746,0.4345813892655096
5.45622525248403,3.8047189562170503,8.0,3.077258872223978,2.00048,2.5,3.1,2.193132549492092,3.0705147180559944,2.50192,3.036,3.0,2.6,1.5,3.4,1.500672,1.50096,2.0,3.0751999999999997,1.8909715845625779,0.46109858480360616
5.469025525561182,4.9756218592907135,8.0,3.586365126544865,2.008,2.5,3.1,2.4741492462297714,3.0893147180559946,2.532,2.46,3.0,2.6,1.5,3.4,1.5112,1.516,2.0,2.6719999999999997,1.839985601286746,0.46196526995987175
4.95172379362114,3.3465735902799727,8.0,2.8,2.0,2.5,3.1,2.0831776616671935,3.0693147180559945,2.5,2.332,3.0,2.6,1.5,3.4,1.5,1.5,2.0,2.5824,1.8249660241322652,0.4269396318597647
4.95172379362114,3.3465735902799727,8.0,2.8,2.0,2.5,3.1,2.0831776616671935,3.0693147180559945,2.5,2.332,3.0,2.6,1.5,3.4,1.5,1.5,2.0,2.5824,1.8249660241322652,0.4269396318597647
5.221088419692929,4.40471895621705,8.0,3.077258872223978,2.00048,2.5,3.1,2.193132549492092,3.0705147180559944,2.50192,1.884,3.7,2.6,1.5,3.4,1.500672,1.50096,2.0,2.2688,1.7495329850015804,0.39101119508337545
6.03614195558365,5.712475008740702,8.0,3.884106999854457,2.036,2.5,3.1,2.650994002097768,3.1593147180559944,2.644,1.884,3.0,2.6,1.5,3.4,1.5504,1.572,2.0,2.2688,1.7495329850015804,0.5003637782426429
6.776639603026082,6.20012872265441,8.0,4.079718986907041,2.096,2.5,3.1,2.7680308934370585,3.3093147180559948,2.884,2.076,3.0,2.6,1.5,3.4,1.6344,1.692,2.0,2.4032,1.7877474327358045,0.5505016397882243
8.010674545109337,7.003517006096704,8.0,4.401340169088074,2.48,2.5,3.1,2.960844081463209,4.269314718055995,4.42,1.756,3.0,2.6,1.5,3.4,2.1719999999999997,2.46,2.0,2.1792,1.7150111363073666,0.6340560889917781
9.6,8.99147079706892,8.0,5.196587068839286,10.0,2.5,3.1,3.437952991296541,11.069314718055994,12.1,2.9720000000000004,3.0,2.6,1.5,3.4,12.7,14.3,2.0,3.0304,1.886265098984184,0.8491145825412312
6.0920964134730085,5.9124864066421345,8.0,3.7230241033682523,2.016,2.5,3.1,2.5549967375941125,3.1093147180559946,2.564,1.5,3.7,2.6,1.5,3.4,1.5224,1.532,2.0,2.0,1.5831776616671935,0.4499856946622349
4.206477230417185,4.545521226679158,8.0,3.4089044875446843,2.0032,2.5,3.1,2.370925094402998,3.0773147180559945,2.5128,1.564,3.0,2.6,1.5,3.4,1.50448,1.5064,2.0,2.0448,1.6318334746401733,0.3764802291428303
6.965688211799101,6.455213508687434,8.0,3.9414220529497754,2.048,2.5,3.1,2.685251242084984,3.1893147180559946,2.692,1.5,3.7,2.6,1.5,3.4,1.5672,1.596,2.0,2.0,1.5831776616671935,0.5091351393405641
5.545460506179461,5.575621859290713,8.0,3.586365126544865,2.008,2.5,3.1,2.4741492462297714,3.0893147180559946,2.532,1.5,3.7,2.6,1.5,3.4,1.5112,1.516,2.0,2.0,1.5831776616671935,0.4129738884392343
9.6,8.17890315743084,8.0,4.871554914068315,7.04,2.5,3.1,3.2429367577834016,11.069314718055994,12.1,1.5,3.0,2.6,1.5,3.4,8.556,11.58,2.0,2.0,1.5831776616671935,0.7610461225601688
9.6,8.409909141805151,8.0,4.963959656842057,10.0,2.5,3.1,3.2983781940332366,11.069314718055994,12.1,13.468000000000002,3.0,2.6,1.5,3.4,12.7,14.3,2.0,10.3776,2.129009641807157,0.78707594950858
10.4,10.161183688698165,8.0,5.424473075480466,10.0,2.5,3.1,3.574684085287559,11.069314718055994,12.1,5.66,3.7,2.6,1.5,3.4,12.7,14.3,2.0,4.912,2.004563114326916,0.8500000000000001
1.6,3.3465735902799727,8.0,2.8,2.0,2.5,3.1,2.0831776616671935,3.0693147180559945,2.5,1.5,3.0,2.6,1.5,3.4,1.5,1.5,2.0,2.0,1.5831776616671935,0.2
8.624384085626637,7.389932550431926,8.0,4.5559422580408935,3.04,2.5,3.1,3.0535838121036623,5.669314718055994,6.66,1.564,3.0,2.6,1.5,3.4,2.956,3.58,2.0,2.0448,1.6318334746401733,0.6756093391309703
9.365721740271525,7.952002326741522,8.0,4.54076774393805,2.964,2.5,3.1,3.0444805584179653,5.479314718055995,6.356,1.756,3.7,2.6,1.5,3.4,2.8495999999999997,3.428,2.0,2.1792,1.7150111363073666,0.6716374094975511
9.6,8.357275546598846,8.0,4.942905774738237,9.20064,2.5,3.1,3.285746131183723,11.069314718055994,12.1,5.9159999999999995,3.0,2.6,1.5,3.4,11.580896,14.3,2.0,5.091200000000001,2.011521585244958,0.7807839621752612
9.6,9.037617382499995,8.0,5.215045813213766,10.0,2.5,3.1,3.449028171799999,11.069314718055994,12.1,11.804000000000002,3.0,2.6,1.5,3.4,12.7,14.3,2.0,9.2128,2.1112500240968117,0.8500000000000001
9.351542095963968,7.840234496705035,8.0,4.736081299853775,4.5600000000000005,2.5,3.1,3.1616562792092084,9.469314718055994,12.1,3.356,3.0,2.6,1.5,3.4,5.084,6.620000000000001,2.0,3.2992,1.9120784645382176,0.7248439960808937
9.02850668480929,7.630183932787915,8.0,4.6520545481448785,3.6817599999999997,2.5,3.1,3.1112441438690994,7.273714718055994,9.227039999999999,4.956,3.0,2.6,1.5,3.4,3.8544639999999997,4.863519999999999,2.0,4.4192,1.983042202888218,0.7029718067839623
7.69499390213633,6.800950979937583,8.0,4.3202804669167465,2.32,2.5,3.1,2.9122282351850197,3.8693147180559944,3.7800000000000002,1.948,3.0,2.6,1.5,3.4,1.948,2.14,2.0,2.3136,1.7636669492803463,0.6126818787904807
7.689078173922898,6.800950979937583,8.0,4.3202804669167465,2.32,2.5,3.1,2.9122282351850197,3.8693147180559944,3.7800000000000002,1.756,3.0,2.6,1.5,3.4,1.948,2.14,2.0,2.1792,1.7150111363073666,0.6122813346926961
9.122155811576409,7.7013886312556155,8.0,4.680538952894103,3.9392,2.5,3.1,3.1283332715013477,7.917314718055994,10.2568,1.5,3.0,2.6,1.5,3.4,4.21488,5.3784,2.0,2.0,1.5831776616671935,0.709312633075486
7.1951691418452555,6.59822604430951,8.0,3.998792285461314,2.064,2.5,3.1,2.719574250634283,3.2293147180559947,2.7560000000000002,1.5,3.7,2.6,1.5,3.4,1.5896,1.6280000000000001,2.0,2.0,1.5831776616671935,0.5246729106457726
6.95861444329233,6.343554303933257,8.0,4.137172189413672,2.128,2.5,3.1,2.8024530329439816,3.3893147180559944,3.012,1.6280000000000001,3.0,2.6,1.5,3.4,1.6792,1.756,2.0,2.0896,1.6663553233343869,0.5628228529312516
7.203179309378143,6.50244099485643,8.0,4.200794827344536,2.176,2.5,3.1,2.840585838765543,3.5093147180559945,3.2039999999999997,1.5,3.0,2.6,1.5,3.4,1.7464,1.852,2.0,2.0,1.5831776616671935,0.5793819324058118
5.758797625012662,5.573747238406726,8.0,3.828332711300532,2.0272,2.5,3.1,2.6176993372176143,3.1373147180559946,2.6088,1.6280000000000001,3.0,2.6,1.5,3.4,1.53808,1.5544,2.0,2.0896,1.6663553233343869,0.48158525586023226
6.787837546792524,6.344468863078343,8.0,3.896959386698131,2.0384,2.5,3.1,2.658672527138802,3.1653147180559946,2.6536,1.5,3.7,2.6,1.5,3.4,1.55376,1.5768,2.0,2.0,1.5831776616671935,0.4970931672307438
9.6,10.645249814237246,8.0,5.8580998799386474,10.0,2.5,3.1,3.834859955416939,11.069314718055994,12.1,3.9320000000000004,3.0,2.6,1.5,3.4,12.7,14.3,2.0,3.7024,1.9426655344936723,0.8500000000000001
9.6,9.998916890711754,8.0,5.5995665896182425,10.0,2.5,3.1,3.6797400537708205,11.069314718055994,12.1,3.42,3.0,2.6,1.5,3.4,12.7,14.3,2.0,3.344,1.9158883083359672,0.8500000000000001
9.6,9.103041322740086,8.0,5.241215529103535,10.0,2.5,3.1,3.4647299174576207,11.069314718055994,12.1,9.372,3.0,2.6,1.5,3.4,12.7,14.3,2.0,7.5104,2.0793976484762764,0.8500000000000001
5.559007912302535,3.3465735902799727,8.0,2.8,2.0,2.5,3.1,2.0831776616671935,3.0693147180559945,2.5,3.2920000000000003,3.0,2.6,1.5,3.4,1.5,1.5,2.0,3.2544,1.9081436857994587,0.4680578273954842
9.6,12.413559362666245,8.0,6.565423743734461,10.0,2.5,3.1,4.259254247039898,11.069314718055994,12.1,14.3,3.0,2.6,1.5,3.4,12.7,14.3,2.0,13.2,2.2282110705892935,0.8500000000000001
8.79633038034665,7.49372339470859,8.0,4.597464362570025,3.2800000000000002,2.5,3.1,3.0784936147300614,6.269314718055995,7.62,2.332,3.0,2.6,1.5,3.4,3.292,4.0600000000000005,2.0,2.5824,1.8249660241322652,0.6872515361693045
8.238433329097251,7.147274757571839,8.0,4.458859921771447,2.64,2.5,3.1,2.9953459418172415,4.669314718055994,5.0600000000000005,1.692,3.0,2.6,1.5,3.4,2.396,2.7800000000000002,2.0,2.1344,1.6931325494920921,0.6494772566576265
5.73638719603052,3.3465735902799727,8.0,2.8,2.0,2.5,3.1,2.0831776616671935,3.0693147180559945,2.5,3.7399999999999998,3.0,2.6,1.5,3.4,1.5,1.5,2.0,3.568,1.9333101495173068,0.48006788306456655
9.6,8.242208714987516,8.0,4.896877892137062,7.72032,2.5,3.1,3.258130091597004,11.069314718055994,12.1,4.188000000000001,3.0,2.6,1.5,3.4,9.508448,12.940640000000002,2.0,3.8815999999999997,1.9541027560701913,0.7682216535197972
7.861154508364811,6.912422845513428,8.0,4.364889186175524,2.4,2.5,3.1,2.938981482923223,4.0693147180559945,4.1,1.564,3.0,2.6,1.5,3.4,2.06,2.3,2.0,2.0448,1.6318334746401733,0.6239323365038674
6.718875947628167,6.20012872265441,8.0,4.079718986907041,2.096,2.5,3.1,2.7680308934370585,3.3093147180559948,2.884,1.5,3.0,2.6,1.5,3.4,1.6344,1.692,2.0,2.0,1.5831776616671935,0.5465905589539903
7.030275985847663,6.39166260030198,8.0,4.156438411201358,2.14096,2.5,3.1,2.813999024072475,3.4217147180559944,3.06384,1.564,3.0,2.6,1.5,3.4,1.697344,1.78192,2.0,2.0448,1.6318334746401733,0.5676749365417689
6.718875947628167,6.20012872265441,8.0,4.079718986907041,2.096,2.5,3.1,2.7680308934370585,3.3093147180559948,2.884,1.5,3.0,2.6,1.5,3.4,1.6344,1.692,2.0,2.0,1.5831776616671935,0.5465905589539903
6.515348507300516,6.067782445540869,8.0,4.02667960859933,2.0736,2.5,3.1,2.7362677869298087,3.2533147180559947,2.7944,1.564,3.0,2.6,1.5,3.4,1.60304,1.6472,2.0,2.0448,1.6318334746401733,0.5328100551818058
9.4,8.541109734498136,8.0,5.01644081708918,10.0,2.5,3.1,3.329866336279552,11.069314718055994,12.799999999999999,2.076,3.0,2.6,1.5,3.4,12.7,14.3,2.7,2.4032,1.7877474327358045,0.8003235393475845
8.780301795085304,7.487751861035464,8.0,4.595075448771326,3.2648,2.5,3.1,3.0770604466485114,6.2313147180559945,7.5592,1.5,3.0,2.6,1.5,3.4,3.27072,4.0296,2.0,2.0,1.5831776616671935,0.6861662673755675
1.6,3.3465735902799727,8.0,2.8,2.0,2.5,3.1,2.0831776616671935,3.0693147180559945,2.5,1.5,3.0,2.6,1.5,3.4,1.5,1.5,2.0,2.0,1.5831776616671935,0.2
9.6,8.804126913213725,8.0,5.121648947128464,10.0,2.5,3.1,3.392990459171294,11.069314718055994,12.1,9.116,3.0,2.6,1.5,3.4,12.7,14.3,2.0,7.331199999999999,2.075494865471609,0.8290721233902665
10.4,8.701833108158596,8.0,4.84072583626753,6.32,2.5,3.1,3.224439945958063,11.069314718055994,12.1,2.076,3.7,2.6,1.5,3.4,7.548,10.14,2.0,2.4032,1.7877474327358045,0.7527867799476373
3.0334075753824443,3.3465735902799727,8.0,2.8,2.0,2.5,3.1,2.0831776616671935,3.0693147180559945,2.5,1.564,3.0,2.6,1.5,3.4,1.5,1.5,2.0,2.0448,1.6318334746401733,0.2970536379165196
1.6,3.3465735902799727,8.0,2.8,2.0,2.5,3.1,2.0831776616671935,3.0693147180559945,2.5,1.5,3.0,2.6,1.5,3.4,1.5,1.5,2.0,2.0,1.5831776616671935,0.2
6.515348507300516,6.056841089916116,8.0,4.0222934679005355,2.072,2.5,3.1,2.733641861579868,3.2493147180559947,2.788,1.692,3.0,2.6,1.5,3.4,1.6008,1.644,2.0,2.1344,1.6931325494920921,0.5328100551818058
1.6,3.3465735902799727,8.0,2.8,2.0,2.5,3.1,2.0831776616671935,3.0693147180559945,2.5,1.5,3.0,2.6,1.5,3.4,1.5,1.5,2.0,2.0,1.5831776616671935,0.2
6.217152898504013,5.887275772772204,8.0,3.954288224626003,2.0512,2.5,3.1,2.692946185465329,3.1973147180559947,2.7048,1.5,3.0,2.6,1.5,3.4,1.57168,1.6024,2.0,2.0,1.5831776616671935,0.5126197275028759
9.926762602852117,8.299322000223842,8.0,4.679712232140226,3.9312,2.5,3.1,3.127837280053722,7.897314718055995,10.224799999999998,3.036,3.7,2.6,1.5,3.4,4.20368,5.362400000000001,2.0,3.0751999999999997,1.8909715845625779,0.7096245512347787
9.6,8.959201953161418,8.0,5.183679447944567,10.0,2.5,3.1,3.4302084687587406,11.069314718055994,12.1,3.9320000000000004,3.0,2.6,1.5,3.4,12.7,14.3,2.0,3.7024,1.9426655344936723,0.8456484177222281
8.014636910812417,7.003517006096704,8.0,4.401340169088074,2.48,2.5,3.1,2.960844081463209,4.269314718055995,4.42,1.948,3.0,2.6,1.5,3.4,2.1719999999999997,2.46,2.0,2.3136,1.7636669492803463,0.6343243741695908
5.636632436477393,5.336414417230953,8.0,3.7326878188224137,2.0168,2.5,3.1,2.5607394601354287,3.1113147180559944,2.5672,1.692,3.0,2.6,1.5,3.4,1.52352,1.5336,2.0,2.1344,1.6931325494920921,0.45977198788649015
9.269156259822289,7.791020924965769,8.0,4.716394578309579,4.32,2.5,3.1,3.1498450219917844,8.869314718055994,11.78,2.332,3.0,2.6,1.5,3.4,4.747999999999999,6.14,2.0,2.5824,1.8249660241322652,0.7192657884254674
5.780597338970562,3.3465735902799727,8.0,2.8,2.0,2.5,3.1,2.0831776616671935,3.0693147180559945,2.5,3.868,3.0,2.6,1.5,3.4,1.5,1.5,2.0,3.6575999999999995,1.9396273975355576,0.4830612781594651
9.6,10.457061756649413,8.0,5.782824635993133,10.0,2.5,3.1,3.7896948215958592,11.069314718055994,12.1,5.788,3.0,2.6,1.5,3.4,12.7,14.3,2.0,5.0016,2.008092780551671,0.8500000000000001
7.728460119871749,5.332867951399863,8.0,3.4867974408970293,2.0048,2.5,3.1,2.4158883083359672,3.0813147180559946,2.5192,11.100000000000001,3.7,2.6,1.5,3.4,1.50672,1.5096,2.0,8.719999999999999,2.102865662501553,0.5607811539496497
6.753934168417435,5.016606672028107,8.0,3.354517744447956,2.0024,2.5,3.1,2.339985601286746,3.0753147180559943,2.5096,4.252000000000001,3.7,2.6,1.5,3.4,1.50336,1.5048,2.0,3.9263999999999997,1.9567994987724384,0.49479762598659716
9.6,10.665319115243738,8.0,5.866127602141465,10.0,2.5,3.1,3.8396765876584973,11.069314718055994,12.1,10.588,3.0,2.6,1.5,3.4,12.7,14.3,2.0,8.3616,2.0963775959491198,0.8500000000000001
8.969551274671904,7.605270175989425,8.0,4.642088073395303,3.6,2.5,3.1,3.105264842237462,7.0693147180559945,8.899999999999999,1.692,3.0,2.6,1.5,3.4,3.7399999999999998,4.7,2.0,2.1344,1.6931325494920921,0.6989800342225767
9.6,8.063355550325255,8.0,4.825334220610071,6.0,2.5,3.1,3.215205332078061,11.069314718055994,12.1,2.012,3.0,2.6,1.5,3.4,7.1,9.5,2.0,2.3584,1.7763102111592854,0.7486146120281041
9.6,9.382847073867492,8.0,5.353138258120874,10.0,2.5,3.1,3.531883297728198,11.069314718055994,12.1,10.972,3.0,2.6,1.5,3.4,12.7,14.3,2.0,8.630399999999998,2.1012762352915506,0.8500000000000001
10.09296432008454,8.407969402264792,8.0,4.723174428905778,4.4,2.5,3.1,3.15391265654355,9.069314718055994,12.1,1.564,3.7,2.6,1.5,3.4,4.859999999999999,6.300000000000001,2.0,2.0448,1.6318334746401733,0.7208777925057239
6.153934168417434,5.7233686858331545,8.0,3.8884835421043586,2.0368,2.5,3.1,2.6536084845999572,3.1613147180559946,2.6471999999999998,1.5,3.0,2.6,1.5,3.4,1.55152,1.5735999999999999,2.0,2.0,1.5831776616671935,0.49479762598659716
8.38382220006551,7.108314246566722,8.0,4.443271666477231,2.592,2.5,3.1,2.985995419176013,4.549314718055995,4.868,2.14,3.0,2.6,1.5,3.4,2.3287999999999998,2.684,2.0,2.448,1.7981887979745599,0.6457796281294355
9.6,8.202161722336374,8.0,4.880858628603959,7.28,2.5,3.1,3.24851881336073,11.069314718055994,12.1,1.692,3.0,2.6,1.5,3.4,8.892,12.06,2.0,2.1344,1.6931325494920921,0.7635904934525892
8.721989949730284,7.25661019354515,8.0,4.2625106996205195,2.23968,2.5,3.1,2.8775864464508363,3.6685147180559943,3.45872,14.3,3.7,2.6,1.5,3.4,1.8355519999999999,1.97936,2.0,12.7968,2.159167373200866,0.6280514028463213
7.378636543649851,6.612012404142915,8.0,4.244659135912463,2.2192,2.5,3.1,2.8668829769942996,3.6173147180559946,3.3768000000000002,1.5,3.0,2.6,1.5,3.4,1.80688,1.9384000000000001,2.0,2.0,1.5831776616671935,0.5912618493096253
7.130989880527748,6.454876640822405,8.0,4.181750955863044,2.16,2.5,3.1,2.8291703937973773,3.4693147180559945,3.14,1.564,3.0,2.6,1.5,3.4,1.724,1.82,2.0,2.0448,1.6318334746401733,0.5744941064940663
7.111102366666305,6.5318155877990485,8.0,3.9721572446931734,2.056,2.5,3.1,2.7036357410717713,3.2093147180559947,2.724,1.6280000000000001,3.7,2.6,1.5,3.4,1.5784,1.612,2.0,2.0896,1.6663553233343869,0.5189808894096977
7.068147668917842,6.352207177482054,8.0,4.140637622648173,2.13024,2.5,3.1,2.8045297225956927,3.3949147180559947,3.02096,2.9720000000000004,3.0,2.6,1.5,3.4,1.682336,1.76048,2.0,3.0304,1.886265098984184,0.5702391650829789
9.6,8.501066586991014,8.0,5.0004233015464035,10.0,2.5,3.1,3.3202559808778433,11.069314718055994,12.1,4.0600000000000005,3.0,2.6,1.5,3.4,12.7,14.3,2.0,3.792,1.9485203541940042,0.7961282297996257
6.1656882117991,5.855213508687434,8.0,3.9414220529497754,2.048,2.5,3.1,2.685251242084984,3.1893147180559946,2.692,1.5,3.0,2.6,1.5,3.4,1.5672,1.596,2.0,2.0,1.5831776616671935,0.5091351393405641
9.392821955870183,7.8705431315886525,8.0,4.748205488967546,4.720000000000001,2.5,3.1,3.1689303515812766,9.869314718055994,12.1,1.5,3.0,2.6,1.5,3.4,5.308,6.94,2.0,2.0,1.5831776616671935,0.727638986595377
9.6,8.029647001837164,8.0,4.811850243303804,5.7392,2.5,3.1,3.2071152804409193,11.069314718055994,12.1,2.524,3.0,2.6,1.5,3.4,6.7348799999999995,8.9784,2.0,2.7168,1.8468446109475396,0.7450612059147905
9.262191820078282,7.912817056665632,8.0,4.76511601273192,4.96,2.5,3.1,3.1790760935997517,10.469314718055994,12.799999999999999,2.012,3.0,2.6,1.5,3.4,5.644,7.420000000000001,2.7,2.3584,1.7763102111592854,0.7323359044844671
7.942830254531732,7.054876640822405,8.0,4.181750955863044,2.16,2.5,3.1,2.8291703937973773,3.4693147180559945,3.14,1.756,3.7,2.6,1.5,3.4,1.724,1.82,2.0,2.1792,1.7150111363073666,0.5752957984839193
8.811997515478641,7.603517006096704,8.0,4.401340169088074,2.48,2.5,3.1,2.960844081463209,4.269314718055995,4.42,1.82,3.7,2.6,1.5,3.4,2.1719999999999997,2.46,2.0,2.224,1.7335092178866376,0.634145665110533
7.681121867666986,6.800950979937583,8.0,4.3202804669167465,2.32,2.5,3.1,2.9122282351850197,3.8693147180559944,3.7800000000000002,1.5,3.0,2.6,1.5,3.4,1.948,2.14,2.0,2.0,1.5831776616671935,0.6117426264566189
9.226866095861212,7.766284394090274,8.0,4.706499266457608,4.208,2.5,3.1,3.1439082545816657,8.589314718055993,11.332,1.692,3.0,2.6,1.5,3.4,4.591200000000001,5.9159999999999995,2.0,2.1344,1.6931325494920921,0.7164023919072695
8.968352293581214,7.605270175989425,8.0,4.642088073395303,3.6,2.5,3.1,3.105264842237462,7.0693147180559945,8.899999999999999,1.5,3.0,2.6,1.5,3.4,3.7399999999999998,4.7,2.0,2.0,1.5831776616671935,0.698898853211228
9.563572637840606,7.97618647513297,8.0,4.790465066923885,5.359999999999999,2.5,3.1,3.1942847540319126,11.069314718055994,12.1,2.076,3.0,2.6,1.5,3.4,6.204,8.22,2.0,2.4032,1.7877474327358045,0.7392002306871244
9.4,8.409909141805151,8.0,4.963959656842057,10.0,2.5,3.1,3.2983781940332366,11.069314718055994,12.799999999999999,1.6280000000000001,3.0,2.6,1.5,3.4,12.7,14.3,2.7,2.0896,1.6663553233343869,0.786083239094916
8.023806816352657,7.011776196202174,8.0,4.404644936943334,2.488,2.5,3.1,2.9628262870885216,4.289314718055994,4.452,1.756,3.0,2.6,1.5,3.4,2.1832,2.476,2.0,2.1792,1.7150111363073666,0.6349452531905446
7.748688757654688,6.943554303933257,8.0,4.137172189413672,2.128,2.5,3.1,2.8024530329439816,3.3893147180559944,3.012,1.5,3.7,2.6,1.5,3.4,1.6792,1.756,2.0,2.0,1.5831776616671935,0.5621508012995362
8.362849497314699,7.304870977040461,8.0,4.281827288784026,2.2640000000000002,2.5,3.1,2.8891690344897105,3.7293147180559947,3.556,2.46,3.7,2.6,1.5,3.4,1.8696,2.028,2.0,2.6719999999999997,1.839985601286746,0.6037346013806828
9.782229828463922,8.205270175989424,8.0,4.642088073395303,3.6,2.5,3.1,3.105264842237462,7.0693147180559945,8.899999999999999,3.7399999999999998,3.7,2.6,1.5,3.4,3.7399999999999998,4.7,2.0,3.568,1.9333101495173068,0.6998384779689115
9.4,8.756487731860135,8.0,5.1025930928340495,10.0,2.5,3.1,3.3815570556464323,11.069314718055994,12.799999999999999,1.756,3.0,2.6,1.5,3.4,12.7,14.3,2.7,2.1792,1.7150111363073666,0.8236297944594704
9.293230835728142,7.807969402264791,8.0,4.723174428905778,4.4,2.5,3.1,3.15391265654355,9.069314718055994,12.1,1.6280000000000001,3.0,2.6,1.5,3.4,4.859999999999999,6.300000000000001,2.0,2.0896,1.6663553233343869,0.7208958378357595
9.6,9.44961241303881,8.0,5.379844465217398,10.0,2.5,3.1,3.5479069791293143,11.069314718055994,12.1,3.548,3.0,2.6,1.5,3.4,12.7,14.3,2.0,3.4336,1.9231632629539392,0.8500000000000001
9.914862540443593,8.29641429077473,8.0,4.678549051726288,3.92,2.5,3.1,3.127139429785935,7.869314718055994,10.18,1.6280000000000001,3.7,2.6,1.5,3.4,4.188,5.34,2.0,2.0896,1.6663553233343869,0.708818817842535
9.6,8.494811159846563,8.0,4.997921088724509,10.0,2.5,3.1,3.318754678363175,11.069314718055994,12.1,14.3,3.0,2.6,1.5,3.4,12.7,14.3,2.0,12.707199999999998,2.1581756320188785,0.7963518088689925
9.6,8.154509662544417,8.0,4.861797198684417,6.8,2.5,3.1,3.23708231901066,11.069314718055994,12.1,1.948,3.0,2.6,1.5,3.4,8.219999999999999,11.100000000000001,2.0,2.3136,1.7636669492803463,0.7584665634827379
9.6,9.12743616673189,8.0,5.2509735143186065,10.0,2.5,3.1,3.4705846800156532,11.069314718055994,12.1,2.524,3.0,2.6,1.5,3.4,12.7,14.3,2.0,2.7168,1.8468446109475396,0.8500000000000001
7.6971245214113075,6.91136816197492,8.0,4.124281130352827,2.12,2.5,3.1,2.794728358873981,3.3693147180559944,2.98,1.5,3.7,2.6,1.5,3.4,1.668,1.74,2.0,2.0,1.5831776616671935,0.5586594728038907
8.237436692616042,7.147274757571839,8.0,4.458859921771447,2.64,2.5,3.1,2.9953459418172415,4.669314718055994,5.0600000000000005,1.6280000000000001,3.0,2.6,1.5,3.4,2.396,2.7800000000000002,2.0,2.0896,1.6663553233343869,0.6494097760625446
1.6,3.3465735902799727,8.0,2.8,2.0,2.5,3.1,2.0831776616671935,3.0693147180559945,2.5,1.5,3.0,2.6,1.5,3.4,1.5,1.5,2.0,2.0,1.5831776616671935,0.2
9.6,10.025775295506751,8.0,5.610309960252827,10.0,2.5,3.1,3.6861860709216203,11.069314718055994,12.1,14.3,3.0,2.6,1.5,3.4,12.7,14.3,2.0,12.304,2.1536084845999572,0.8500000000000001
6.642643926447261,5.145521226679158,8.0,3.4089044875446843,2.0032,2.5,3.1,2.370925094402998,3.0773147180559945,2.5128,3.804,3.7,2.6,1.5,3.4,1.50448,1.5064,2.0,3.6128,1.9365103391671663,0.48726234918653333
7.127003823452176,6.454876640822405,8.0,4.181750955863044,2.16,2.5,3.1,2.8291703937973773,3.4693147180559945,3.14,1.5,3.0,2.6,1.5,3.4,1.724,1.82,2.0,2.0,1.5831776616671935,0.5742242172129077
9.6,8.501166573659791,8.0,5.000463296880414,10.0,2.5,3.1,3.32027997767835,11.069314718055994,12.1,2.652,3.0,2.6,1.5,3.4,12.7,14.3,2.0,2.8064,1.8594878728264788,0.7960399811211529
8.48577335525106,7.3018688964082115,8.0,4.520710871412856,2.872,2.5,3.1,3.032448535137971,5.249314718055994,5.9879999999999995,1.756,3.0,2.6,1.5,3.4,2.7207999999999997,3.244,2.0,2.1792,1.7150111363073666,0.666224237595124
8.928643136763732,7.680544756422898,8.0,4.432160784190933,2.56,2.5,3.1,2.979330741541496,4.469314718055995,4.74,1.5,3.7,2.6,1.5,3.4,2.284,2.62,2.0,2.0,1.5831776616671935,0.6420435457183777
4.4887343301153795,4.818793079863193,8.0,3.522183582528845,2.00576,2.5,3.1,2.436510339167166,3.0837147180559947,2.52304,1.5,3.0,2.6,1.5,3.4,1.508064,1.51152,2.0,2.0,1.5831776616671935,0.3955913869348955
7.831894847243765,6.8930682188915355,8.0,4.357144179306925,2.3848,2.5,3.1,2.9343363725339686,4.031314718055994,4.0392,1.6280000000000001,3.0,2.6,1.5,3.4,2.03872,2.2696,2.0,2.0896,1.6663553233343869,0.6219512136154632
7.538597570826816,6.80012872265441,8.0,4.079718986907041,2.096,2.5,3.1,2.7680308934370585,3.3093147180559948,2.884,1.692,3.7,2.6,1.5,3.4,1.6344,1.692,2.0,2.1344,1.6931325494920921,0.5479258771913991
6.8516163258581555,6.364714543755712,8.0,3.905090587826357,2.04,2.5,3.1,2.663531490501371,3.1693147180559946,2.66,1.6280000000000001,3.7,2.6,1.5,3.4,1.556,1.58,2.0,2.0896,1.6663553233343869,0.5014115220633126
1.6,3.3465735902799727,8.0,2.8,2.0,2.5,3.1,2.0831776616671935,3.0693147180559945,2.5,1.5,3.0,2.6,1.5,3.4,1.5,1.5,2.0,2.0,1.5831776616671935,0.2
6.718875947628167,6.20012872265441,8.0,4.079718986907041,2.096,2.5,3.1,2.7680308934370585,3.3093147180559948,2.884,1.5,3.0,2.6,1.5,3.4,1.6344,1.692,2.0,2.0,1.5831776616671935,0.5465905589539903
8.68487284420183,7.42811677807158,8.0,4.571218211050458,3.12256,2.5,3.1,3.062748026737179,5.8757147180559945,6.99024,1.5,3.0,2.6,1.5,3.4,3.0715839999999996,3.74512,2.0,2.0,1.5831776616671935,0.679704932159499
5.367624161049868,4.9756218592907135,8.0,3.586365126544865,2.008,2.5,3.1,2.4741492462297714,3.0893147180559946,2.532,2.268,3.0,2.6,1.5,3.4,1.5112,1.516,2.0,2.5376,1.816686879553831,0.45509955257108475
9.178225245249735,7.736429235382207,8.0,4.694556311312434,4.08,2.5,3.1,3.13674301649173,8.269314718055993,10.82,1.5,3.0,2.6,1.5,3.4,4.412,5.66,2.0,2.0,1.5831776616671935,0.7131090009804508
8.770528194266985,7.479077067604621,8.0,4.591605088672338,3.2430399999999997,2.5,3.1,3.0749784962251088,6.176914718055994,7.47216,2.012,3.0,2.6,1.5,3.4,3.2402559999999996,3.9860800000000003,2.0,2.3584,1.7763102111592854,0.6855045131534938
1.6,3.3465735902799727,8.0,2.8,2.0,2.5,3.1,2.0831776616671935,3.0693147180559945,2.5,1.5,3.0,2.6,1.5,3.4,1.5,1.5,2.0,2.0,1.5831776616671935,0.2
6.178868081561905,5.855213508687434,8.0,3.9414220529497754,2.048,2.5,3.1,2.685251242084984,3.1893147180559946,2.692,1.564,3.0,2.6,1.5,3.4,1.5672,1.596,2.0,2.0448,1.6318334746401733,0.510027526355754
6.581229335429972,6.109300059845864,8.0,4.043321220216973,2.08,2.5,3.1,2.7462320143630077,3.2693147180559947,2.82,1.564,3.0,2.6,1.5,3.4,1.612,1.6600000000000001,2.0,2.0448,1.6318334746401733,0.5372707362530711
10.4,10.325835001120316,8.0,5.4903337126789635,10.0,2.5,3.1,3.6142004002688757,11.069314718055994,12.1,14.3,3.7,2.6,1.5,3.4,12.7,14.3,2.0,12.527999999999999,2.1561672169362156,0.8500000000000001
9.6,9.345879453463985,8.0,5.3383511661098355,10.0,2.5,3.1,3.523011068831356,11.069314718055994,12.1,2.7800000000000002,3.0,2.6,1.5,3.4,12.7,14.3,2.0,2.896,1.870925094402998,0.8500000000000001
7.590187009149155,6.7356815440935485,8.0,4.294158754839012,2.2808,2.5,3.1,2.8965635705824515,3.7713147180559945,3.6231999999999998,1.884,3.0,2.6,1.5,3.4,1.89312,2.0616,2.0,2.2688,1.7495329850015804,0.6055855787444742
1.6,3.3465735902799727,8.0,2.8,2.0,2.5,3.1,2.0831776616671935,3.0693147180559945,2.5,1.5,3.0,2.6,1.5,3.4,1.5,1.5,2.0,2.0,1.5831776616671935,0.2
8.009349383302277,7.003517006096704,8.0,4.401340169088074,2.48,2.5,3.1,2.960844081463209,4.269314718055995,4.42,1.692,3.0,2.6,1.5,3.4,2.1719999999999997,2.46,2.0,2.1344,1.6931325494920921,0.6339663644944251
10.4,9.379436749436467,8.0,5.111772789582278,10.0,2.5,3.1,3.387064819864752,11.069314718055994,12.1,1.884,3.7,2.6,1.5,3.4,12.7,14.3,2.0,2.2688,1.7495329850015804,0.8261206486753867
6.7385975708268155,6.20012872265441,8.0,4.079718986907041,2.096,2.5,3.1,2.7680308934370585,3.3093147180559948,2.884,1.692,3.0,2.6,1.5,3.4,1.6344,1.692,2.0,2.1344,1.6931325494920921,0.5479258771913991
6.689173871602143,6.056841089916116,8.0,4.0222934679005355,2.072,2.5,3.1,2.733641861579868,3.2493147180559947,2.788,1.5,3.0,2.6,1.5,3.4,1.6008,1.644,2.0,2.0,1.5831776616671935,0.5310378142230618
9.6,8.101833108158596,8.0,4.84072583626753,6.32,2.5,3.1,3.224439945958063,11.069314718055994,12.1,2.012,3.0,2.6,1.5,3.4,7.548,10.14,2.0,2.3584,1.7763102111592854,0.7527767652182531
6.948688757654688,6.276966702012905,8.0,4.110501577406918,2.112,2.5,3.1,2.786472008483097,3.349314718055995,2.948,2.7800000000000002,3.0,2.6,1.5,3.4,1.6568,1.724,2.0,2.896,1.870925094402998,0.5621508012995362
7.464324169475521,6.6572764161620395,8.0,4.262777366326692,2.24,2.5,3.1,2.8777463398788896,3.6693147180559946,3.46,1.82,3.0,2.6,1.5,3.4,1.8359999999999999,1.98,2.0,2.224,1.7335092178866376,0.5970636156415718
6.718875947628167,6.20012872265441,8.0,4.079718986907041,2.096,2.5,3.1,2.7680308934370585,3.3093147180559948,2.884,1.5,3.0,2.6,1.5,3.4,1.6344,1.692,2.0,2.0,1.5831776616671935,0.5465905589539903
7.681121867666986,6.800950979937583,8.0,4.3202804669167465,2.32,2.5,3.1,2.9122282351850197,3.8693147180559944,3.7800000000000002,1.5,3.0,2.6,1.5,3.4,1.948,2.14,2.0,2.0,1.5831776616671935,0.6117426264566189
7.282657650020891,6.5458710575475765,8.0,4.218181964415996,2.192,2.5,3.1,2.8510090538114183,3.5493147180559945,3.268,1.692,3.0,2.6,1.5,3.4,1.7688,1.884,2.0,2.1344,1.6931325494920921,0.5847632783868312
6.00868760521348,3.946573590279973,8.0,2.8,2.0,2.5,3.1,2.0831776616671935,3.0693147180559945,2.5,2.652,3.7,2.6,1.5,3.4,1.5,1.5,2.0,2.8064,1.8594878728264788,0.4443382232696627
1.6,3.3465735902799727,8.0,2.8,2.0,2.5,3.1,2.0831776616671935,3.0693147180559945,2.5,1.5,3.0,2.6,1.5,3.4,1.5,1.5,2.0,2.0,1.5831776616671935,0.2
7.687096503353008,6.800950979937583,8.0,4.3202804669167465,2.32,2.5,3.1,2.9122282351850197,3.8693147180559944,3.7800000000000002,1.692,3.0,2.6,1.5,3.4,1.948,2.14,2.0,2.1344,1.6931325494920921,0.6121471590811933
5.842643926447261,5.654133848700603,8.0,3.860660981611815,2.032,2.5,3.1,2.6369921236881444,3.1493147180559946,2.628,1.5,3.0,2.6,1.5,3.4,1.5448,1.564,2.0,2.0,1.5831776616671935,0.48726234918653333
6.4979942476115085,6.056841089916116,8.0,4.0222934679005355,2.072,2.5,3.1,2.733641861579868,3.2493147180559947,2.788,1.564,3.0,2.6,1.5,3.4,1.6008,1.644,2.0,2.0448,1.6318334746401733,0.5316350271820294
5.842643926447261,5.654133848700603,8.0,3.860660981611815,2.032,2.5,3.1,2.6369921236881444,3.1493147180559946,2.628,1.5,3.0,2.6,1.5,3.4,1.5448,1.564,2.0,2.0,1.5831776616671935,0.48726234918653333
9.4,9.154711571226567,8.0,5.261883726677758,10.0,2.5,3.1,3.4771307770943762,11.069314718055994,12.799999999999999,4.828,3.0,2.6,1.5,3.4,12.7,14.3,2.7,4.329599999999999,1.9786780855877129,0.8500000000000001
9.6,9.087938145047389,8.0,5.235174227359411,10.0,2.5,3.1,3.4611051548113734,11.069314718055994,12.1,5.404,3.0,2.6,1.5,3.4,12.7,14.3,2.0,4.732799999999999,1.9971761671669839,0.8500000000000001
7.184804592577384,6.454876640822405,8.0,4.181750955863044,2.16,2.5,3.1,2.8291703937973773,3.4693147180559945,3.14,2.46,3.0,2.6,1.5,3.4,1.724,1.82,2.0,2.6719999999999997,1.839985601286746,0.5781378109557604
5.064586672229066,3.3465735902799727,8.0,2.8,2.0,2.5,3.1,2.0831776616671935,3.0693147180559945,2.5,2.46,3.0,2.6,1.5,3.4,1.5,1.5,2.0,2.6719999999999997,1.839985601286746,0.4345813892655096
8.968352293581214,7.605270175989425,8.0,4.642088073395303,3.6,2.5,3.1,3.105264842237462,7.0693147180559945,8.899999999999999,1.5,3.0,2.6,1.5,3.4,3.7399999999999998,4.7,2.0,2.0,1.5831776616671935,0.698898853211228
7.142830254531733,6.454876640822405,8.0,4.181750955863044,2.16,2.5,3.1,2.8291703937973773,3.4693147180559945,3.14,1.756,3.0,2.6,1.5,3.4,1.724,1.82,2.0,2.1792,1.7150111363073666,0.5752957984839193
9.438990369069646,7.899119070908515,8.0,4.759636518178141,4.88,2.5,3.1,3.175788577018044,10.269314718055993,12.1,1.6280000000000001,3.0,2.6,1.5,3.4,5.532,7.260000000000001,2.0,2.0896,1.6663553233343869,0.7307649729057573
7.859556744702095,6.912422845513428,8.0,4.364889186175524,2.4,2.5,3.1,2.938981482923223,4.0693147180559945,4.1,1.5,3.0,2.6,1.5,3.4,2.06,2.3,2.0,2.0,1.5831776616671935,0.6238241545892044
7.712483061114908,6.800950979937583,8.0,4.3202804669167465,2.32,2.5,3.1,2.9122282351850197,3.8693147180559944,3.7800000000000002,2.524,3.0,2.6,1.5,3.4,1.948,2.14,2.0,2.7168,1.8468446109475396,0.6138660405963219
7.859556744702095,6.912422845513428,8.0,4.364889186175524,2.4,2.5,3.1,2.938981482923223,4.0693147180559945,4.1,1.5,3.0,2.6,1.5,3.4,2.06,2.3,2.0,2.0,1.5831776616671935,0.6238241545892044
5.602872152885092,4.545521226679158,8.0,3.4089044875446843,2.0032,2.5,3.1,2.370925094402998,3.0773147180559945,2.5128,2.716,3.0,2.6,1.5,3.4,1.50448,1.5064,2.0,2.8512,1.8653426925268106,0.45748613535159477
9.6,8.111824457864918,8.0,4.844722522695455,6.4072,2.5,3.1,3.2268378698875804,11.069314718055994,12.1,1.692,3.0,2.6,1.5,3.4,7.670079999999999,10.314400000000001,2.0,2.1344,1.6931325494920921,0.7538085046508938
1.6,3.3465735902799727,8.0,2.8,2.0,2.5,3.1,2.0831776616671935,3.0693147180559945,2.5,1.5,3.0,2.6,1.5,3.4,1.5,1.5,2.0,2.0,1.5831776616671935,0.2
7.683118374817505,6.800950979937583,8.0,4.3202804669167465,2.32,2.5,3.1,2.9122282351850197,3.8693147180559944,3.7800000000000002,1.564,3.0,2.6,1.5,3.4,1.948,2.14,2.0,2.0448,1.6318334746401733,0.6118778066282686
9.6,9.355996127230867,8.0,5.342397847940597,10.0,2.5,3.1,3.525439070535408,11.069314718055994,12.1,3.228,3.0,2.6,1.5,3.4,12.7,14.3,2.0,3.2096,1.9040754995983769,0.8500000000000001
7.356149856142967,6.58850938295495,8.0,4.2352509064034285,2.20912,2.5,3.1,2.861242251909188,3.5921147180559947,3.33648,1.82,3.0,2.6,1.5,3.4,1.792768,1.91824,2.0,2.224,1.7335092178866376,0.5897393131763468
8.413914537135124,7.258796555718782,8.0,4.5034786342837805,2.8,2.5,3.1,3.0221111733725077,5.0693147180559945,5.699999999999999,1.5,3.0,2.6,1.5,3.4,2.62,3.1,2.0,2.0,1.5831776616671935,0.6613587967851907
3.0334075753824443,3.3465735902799727,8.0,2.8,2.0,2.5,3.1,2.0831776616671935,3.0693147180559945,2.5,1.564,3.0,2.6,1.5,3.4,1.5,1.5,2.0,2.0448,1.6318334746401733,0.2970536379165196
8.105459828005756,7.066059386477903,8.0,4.426364957001439,2.544,2.5,3.1,2.9758542527546967,4.429314718055995,4.676,1.5,3.0,2.6,1.5,3.4,2.2616,2.588,2.0,2.0,1.5831776616671935,0.6404738425212231
5.530123908588842,5.402010522366629,8.0,3.7591581091193484,2.0192,2.5,3.1,2.576482525367991,3.1173147180559946,2.5768,1.692,3.0,2.6,1.5,3.4,1.52688,1.5384,2.0,2.1344,1.6931325494920921,0.4661021396440362
5.292096413473008,5.312486406642135,8.0,3.7230241033682523,2.016,2.5,3.1,2.5549967375941125,3.1093147180559946,2.564,1.5,3.0,2.6,1.5,3.4,1.5224,1.532,2.0,2.0,1.5831776616671935,0.4499856946622349
10.4,9.856230578223668,8.0,5.302491495187533,10.0,2.5,3.1,3.5014953387736805,11.069314718055994,12.1,2.204,3.7,2.6,1.5,3.4,12.7,14.3,2.0,2.4928,1.8077939228953843,0.8500000000000001
9.6,9.65234413376303,8.0,5.460937320172712,10.0,2.5,3.1,3.596562592103127,11.069314718055994,12.1,2.7800000000000002,3.0,2.6,1.5,3.4,12.7,14.3,2.0,2.896,1.870925094402998,0.8500000000000001
9.6,11.69951477598797,8.0,6.279805904839633,10.0,2.5,3.1,4.087883546237112,11.069314718055994,12.1,14.3,3.0,2.6,1.5,3.4,12.7,14.3,2.0,13.2,2.291493661675357,0.8500000000000001
1.6,3.3465735902799727,8.0,2.8,2.0,2.5,3.1,2.0831776616671935,3.0693147180559945,2.5,1.5,3.0,2.6,1.5,3.4,1.5,1.5,2.0,2.0,1.5831776616671935,0.2
9.6,9.262266824674768,8.0,5.304906002601147,10.0,2.5,3.1,3.502944037921944,11.069314718055994,12.1,1.5,3.0,2.6,1.5,3.4,12.7,14.3,2.0,2.0,1.5831776616671935,0.8500000000000001
8.005360676352293,7.003517006096704,8.0,4.401340169088074,2.48,2.5,3.1,2.960844081463209,4.269314718055995,4.42,1.5,3.0,2.6,1.5,3.4,2.1719999999999997,2.46,2.0,2.0,1.5831776616671935,0.6336962957946866
8.407490089840838,7.254782082125873,8.0,4.50187252246021,2.7936,2.5,3.1,3.0211476997102094,5.0533147180559945,5.6744,1.5,3.0,2.6,1.5,3.4,2.61104,3.0872,2.0,2.0,1.5831776616671935,0.6609238081663068
7.824910807876012,6.860674306308974,8.0,4.3441810503873555,2.36064,2.5,3.1,2.926561833514154,3.9709147180559947,3.94256,3.2920000000000003,3.0,2.6,1.5,3.4,2.004896,2.22128,2.0,3.2544,1.9081436857994587,0.6214783359499384
8.814636910812418,7.603517006096704,8.0,4.401340169088074,2.48,2.5,3.1,2.960844081463209,4.269314718055995,4.42,1.948,3.7,2.6,1.5,3.4,2.1719999999999997,2.46,2.0,2.3136,1.7636669492803463,0.6343243741695908
9.768352293581213,8.205270175989424,8.0,4.642088073395303,3.6,2.5,3.1,3.105264842237462,7.0693147180559945,8.899999999999999,1.5,3.7,2.6,1.5,3.4,3.7399999999999998,4.7,2.0,2.0,1.5831776616671935,0.698898853211228
1.6,3.3465735902799727,8.0,2.8,2.0,2.5,3.1,2.0831776616671935,3.0693147180559945,2.5,1.5,3.0,2.6,1.5,3.4,1.5,1.5,2.0,2.0,1.5831776616671935,0.2
7.127003823452176,6.454876640822405,8.0,4.181750955863044,2.16,2.5,3.1,2.8291703937973773,3.4693147180559945,3.14,1.5,3.0,2.6,1.5,3.4,1.724,1.82,2.0,2.0,1.5831776616671935,0.5742242172129077
2.4000000000000004,3.946573590279973,8.0,2.8,2.0,2.5,3.1,2.0831776616671935,3.0693147180559945,2.5,1.5,3.7,2.6,1.5,3.4,1.5,1.5,2.0,2.0,1.5831776616671935,0.2
9.960618873461883,8.324836091743459,8.0,4.689918693004692,4.03232,2.5,3.1,3.13396066201843,8.150114718055994,10.62928,1.692,3.7,2.6,1.5,3.4,4.345248,5.56464,2.0,2.1344,1.6931325494920921,0.7119169028906485
8.88540484457569,7.552601026926439,8.0,4.621018192251417,3.44,2.5,3.1,3.0926242464623455,6.669314718055994,8.26,1.692,3.0,2.6,1.5,3.4,3.516,4.380000000000001,2.0,2.1344,1.6931325494920921,0.6932826196848123
7.702433100943627,6.904674621583689,8.0,4.121600125059217,2.1184,2.5,3.1,2.7931219091800856,3.3653147180559944,2.9736,1.692,3.7,2.6,1.5,3.4,1.66576,1.7368000000000001,2.0,2.1344,1.6931325494920921,0.5590189078763914
9.6,10.963043785455456,8.0,5.9852174899485755,10.0,2.5,3.1,3.9111305085093093,11.069314718055994,12.1,14.3,3.0,2.6,1.5,3.4,12.7,14.3,2.0,11.945599999999999,2.1493975262226046,0.8500000000000001
6.00868760521348,3.946573590279973,8.0,2.8,2.0,2.5,3.1,2.0831776616671935,3.0693147180559945,2.5,2.652,3.7,2.6,1.5,3.4,1.5,1.5,2.0,2.8064,1.8594878728264788,0.4443382232696627
9.6,8.703793585643858,8.0,5.081515212072357,10.0,2.5,3.1,3.3689104605545257,11.069314718055994,12.1,1.82,3.0,2.6,1.5,3.4,12.7,14.3,2.0,2.224,1.7335092178866376,0.8179254139760503
9.6,11.66579193984907,8.0,6.2663167699964495,10.0,2.5,3.1,4.079790065563777,11.069314718055994,12.1,10.012,3.0,2.6,1.5,3.4,12.7,14.3,2.0,7.9584,2.0886329734126114,0.8500000000000001
5.064586672229066,3.3465735902799727,8.0,2.8,2.0,2.5,3.1,2.0831776616671935,3.0693147180559945,2.5,2.46,3.0,2.6,1.5,3.4,1.5,1.5,2.0,2.6719999999999997,1.839985601286746,0.4345813892655096
4.466815150764888,3.3465735902799727,8.0,2.8,2.0,2.5,3.1,2.0831776616671935,3.0693147180559945,2.5,1.948,3.0,2.6,1.5,3.4,1.5,1.5,2.0,2.3136,1.7636669492803463,0.3941072758330393
9.6,9.017351449070157,8.0,5.206939392695008,10.0,2.5,3.1,3.4441643477768373,11.069314718055994,12.1,4.508,3.0,2.6,1.5,3.4,12.7,14.3,2.0,4.1056,1.9670184357732752,0.8500000000000001
9.6,9.614329228110964,8.0,5.445731331580348,10.0,2.5,3.1,3.5874390147466317,11.069314718055994,12.1,1.5,3.0,2.6,1.5,3.4,12.7,14.3,2.0,2.0,1.5831776616671935,0.8500000000000001
9.6,9.067014347831165,8.0,5.226804664427003,10.0,2.5,3.1,3.4560834434794794,11.069314718055994,12.1,6.556000000000001,3.0,2.6,1.5,3.4,12.7,14.3,2.0,5.539199999999999,2.0273338985606926,0.8500000000000001
9.6,9.376211850881726,8.0,5.350484161292939,10.0,2.5,3.1,3.5302908442116143,11.069314718055994,12.1,3.804,3.0,2.6,1.5,3.4,12.7,14.3,2.0,3.6128,1.9365103391671663,0.8500000000000001
7.127003823452176,6.454876640822405,8.0,4.181750955863044,2.16,2.5,3.1,2.8291703937973773,3.4693147180559945,3.14,1.5,3.0,2.6,1.5,3.4,1.724,1.82,2.0,2.0,1.5831776616671935,0.5742242172129077
7.707082847745415,6.814744958196997,8.0,4.325800777930591,2.32896,2.5,3.1,2.9155387899672793,3.8917147180559946,3.8158399999999997,1.6280000000000001,3.0,2.6,1.5,3.4,1.960544,2.15792,2.0,2.0896,1.6663553233343869,0.6135004011494292
6.4891738716021425,6.056841089916116,8.0,4.0222934679005355,2.072,2.5,3.1,2.733641861579868,3.2493147180559947,2.788,1.5,3.0,2.6,1.5,3.4,1.6008,1.644,2.0,2.0,1.5831776616671935,0.5310378142230618
9.6,9.101175363889698,8.0,5.240469141824508,10.0,2.5,3.1,3.4642820873335274,11.069314718055994,12.1,3.036,3.0,2.6,1.5,3.4,12.7,14.3,2.0,3.0751999999999997,1.8909715845625779,0.8500000000000001
10.4,9.356472732385116,8.0,5.102587092984046,10.0,2.5,3.1,3.3815534557724276,11.069314718055994,12.1,4.764,3.7,2.6,1.5,3.4,12.7,14.3,2.0,4.2848,1.9764350296262547,0.8237552854948955
9.204971042763402,7.605370145998755,8.0,4.642128065397036,3.60032,2.5,3.1,3.105288835039701,7.0701147180559945,8.90128,14.3,3.0,2.6,1.5,3.4,3.7404479999999998,4.70064,2.0,13.2,2.2844029917109565,0.7149199143537721
8.6845307445601,7.427902996268281,8.0,4.571132686140025,3.12208,2.5,3.1,3.0626967191043875,5.874514718055995,6.98832,1.5,3.0,2.6,1.5,3.4,3.070912,3.7441600000000004,2.0,2.0,1.5831776616671935,0.6796817691629234
7.518875947628167,6.80012872265441,8.0,4.079718986907041,2.096,2.5,3.1,2.7680308934370585,3.3093147180559948,2.884,1.5,3.7,2.6,1.5,3.4,1.6344,1.692,2.0,2.0,1.5831776616671935,0.5465905589539903
5.25147855317427,5.26089428852452,8.0,3.7021719013033696,2.0144,2.5,3.1,2.542614629245885,3.1053147180559946,2.5576,1.564,3.0,2.6,1.5,3.4,1.52016,1.5288,2.0,2.0448,1.6318334746401733,0.44723552703784114
1.6,3.3465735902799727,8.0,2.8,2.0,2.5,3.1,2.0831776616671935,3.0693147180559945,2.5,1.5,3.0,2.6,1.5,3.4,1.5,1.5,2.0,2.0,1.5831776616671935,0.2
7.1389029025107416,6.454876640822405,8.0,4.181750955863044,2.16,2.5,3.1,2.8291703937973773,3.4693147180559945,3.14,1.692,3.0,2.6,1.5,3.4,1.724,1.82,2.0,2.1344,1.6931325494920921,0.5750298840241648
9.6,8.175447014216232,8.0,4.8701724127443,7.00528,2.5,3.1,3.2421072834118956,11.069314718055994,12.1,14.3,3.0,2.6,1.5,3.4,8.507392,11.51056,2.0,13.2,2.4466451429018417,0.7798915910326778
6.381080727438347,5.989442882450561,8.0,3.9952701818595866,2.06288,2.5,3.1,2.717466291788135,3.2265147180559945,2.75152,1.5,3.0,2.6,1.5,3.4,1.588032,1.62576,2.0,2.0,1.5831776616671935,0.5237190075869714
7.289209693196925,6.454876640822405,8.0,4.181750955863044,2.16,2.5,3.1,2.8291703937973773,3.4693147180559945,3.14,4.380000000000001,3.0,2.6,1.5,3.4,1.724,1.82,2.0,4.016,1.962017712205207,0.5852069063102086
6.489590230685235,3.946573590279973,8.0,2.8,2.0,2.5,3.1,2.0831776616671935,3.0693147180559945,2.5,3.612,3.7,2.6,1.5,3.4,1.5,1.5,2.0,3.4783999999999997,1.9266417673787295,0.47689933853597943
9.6,11.656009090018406,8.0,6.262403629946757,10.0,2.5,3.1,4.077442181604417,11.069314718055994,12.1,14.3,3.0,2.6,1.5,3.4,12.7,14.3,2.0,13.2,2.316553742407515,0.8500000000000001
10.4,9.356472732385116,8.0,5.102587092984046,10.0,2.5,3.1,3.3815534557724276,11.069314718055994,12.1,11.740000000000002,3.7,2.6,1.5,3.4,12.7,14.3,2.0,9.168,2.110511560227886,0.8240489425736104
9.6,8.756472732385117,8.0,5.102587092984046,10.0,2.5,3.1,3.3815534557724276,11.069314718055994,12.1,14.3,3.0,2.6,1.5,3.4,12.7,14.3,2.0,11.408,2.1427903529606414,0.8241831168556666
8.413914537135124,7.258796555718782,8.0,4.5034786342837805,2.8,2.5,3.1,3.0221111733725077,5.0693147180559945,5.699999999999999,1.5,3.0,2.6,1.5,3.4,2.62,3.1,2.0,2.0,1.5831776616671935,0.6613587967851907
9.179762111285077,7.736429235382207,8.0,4.694556311312434,4.08,2.5,3.1,3.13674301649173,8.269314718055993,10.82,1.82,3.0,2.6,1.5,3.4,4.412,5.66,2.0,2.224,1.7335092178866376,0.7132130596182604
9.076934075491309,7.752618414746296,8.0,4.460997916028072,2.64688,2.5,3.1,2.9966284195391113,4.686514718055995,5.08752,3.676,3.7,2.6,1.5,3.4,2.4056319999999998,2.79376,2.0,3.5232,1.9300222726147331,0.6520840780280573
10.4,8.679239273644727,8.0,4.8316879600729985,6.12912,2.5,3.1,3.2190174256747346,11.069314718055994,12.1,2.8440000000000003,3.7,2.6,1.5,3.4,7.280768,9.75824,2.0,2.9408,1.876259305911498,0.7504687528309981
7.791139005951566,6.868590038917315,8.0,4.347348736490699,2.3664,2.5,3.1,2.9284616093401556,3.9853147180559945,3.9656000000000002,1.564,3.0,2.6,1.5,3.4,2.01296,2.2328,2.0,2.0448,1.6318334746401733,0.6191917035279706
8.489078173922898,7.4009509799375826,8.0,4.3202804669167465,2.32,2.5,3.1,2.9122282351850197,3.8693147180559944,3.7800000000000002,1.756,3.7,2.6,1.5,3.4,1.948,2.14,2.0,2.1792,1.7150111363073666,0.6122813346926961
8.988104432626722,7.605270175989425,8.0,4.642088073395303,3.6,2.5,3.1,3.105264842237462,7.0693147180559945,8.899999999999999,4.7,3.0,2.6,1.5,3.4,3.7399999999999998,4.7,2.0,4.24,1.9741492462297714,0.7002362376257676
8.896244999417762,7.560207832224098,8.0,4.6240612498544404,3.4620800000000003,2.5,3.1,3.0944498797337836,6.724514718055994,8.34832,1.5,3.0,2.6,1.5,3.4,3.546912,4.4241600000000005,2.0,2.0,1.5831776616671935,0.6940165885022442
8.673274277442545,7.419783251828974,8.0,4.5678843215241205,3.104,2.5,3.1,3.0607479804389537,5.829314718055994,6.916,1.692,3.0,2.6,1.5,3.4,3.0456000000000003,3.7079999999999997,2.0,2.1344,1.6931325494920921,0.6789196125351724
9.296156662708512,7.807969402264791,8.0,4.723174428905778,4.4,2.5,3.1,3.15391265654355,9.069314718055994,12.1,2.332,3.0,2.6,1.5,3.4,4.859999999999999,6.300000000000001,2.0,2.5824,1.8249660241322652,0.7210939407042223
6.299944584681624,5.931815587799049,8.0,3.9721572446931734,2.056,2.5,3.1,2.7036357410717713,3.2093147180559947,2.724,1.564,3.0,2.6,1.5,3.4,1.5784,1.612,2.0,2.0448,1.6318334746401733,0.5182254145878183
9.020301099869126,7.713687753417017,8.0,4.4454216468696295,2.5984,2.5,3.1,2.987285060820084,4.565314718055995,4.893599999999999,3.868,3.7,2.6,1.5,3.4,2.3377600000000003,2.6968,2.0,3.6575999999999995,1.9396273975355576,0.6482495536369721
8.413914537135124,7.258796555718782,8.0,4.5034786342837805,2.8,2.5,3.1,3.0221111733725077,5.0693147180559945,5.699999999999999,1.5,3.0,2.6,1.5,3.4,2.62,3.1,2.0,2.0,1.5831776616671935,0.6613587967851907
9.522830041028936,7.95179377376823,8.0,4.780707510257234,5.2,2.5,3.1,3.188430505704375,11.069314718055994,12.1,1.5,3.0,2.6,1.5,3.4,5.9799999999999995,7.9,2.0,2.0,1.5831776616671935,0.7364416173613344
9.6,9.796194128212143,8.0,5.5184774012900135,10.0,2.5,3.1,3.6310865907709142,11.069314718055994,12.1,13.340000000000002,3.0,2.6,1.5,3.4,12.7,14.3,2.0,10.288,2.12773303402255,0.8500000000000001
8.66274908732607,7.512422845513427,8.0,4.364889186175524,2.4,2.5,3.1,2.938981482923223,4.0693147180559945,4.1,1.6280000000000001,3.7,2.6,1.5,3.4,2.06,2.3,2.0,2.0896,1.6663553233343869,0.6240403027877026
8.76714119444009,7.577887890767093,8.0,4.391085017782534,2.456,2.5,3.1,2.9546930937841025,4.209314718055994,4.324,1.6280000000000001,3.7,2.6,1.5,3.4,2.1384,2.412,2.0,2.0896,1.6663553233343869,0.6311085183735476
6.217152898504013,5.855213508687434,8.0,3.9414220529497754,2.048,2.5,3.1,2.685251242084984,3.1893147180559946,2.692,1.756,3.0,2.6,1.5,3.4,1.5672,1.596,2.0,2.1792,1.7150111363073666,0.5126197275028759
7.127003823452176,6.454876640822405,8.0,4.181750955863044,2.16,2.5,3.1,2.8291703937973773,3.4693147180559945,3.14,1.5,3.0,2.6,1.5,3.4,1.724,1.82,2.0,2.0,1.5831776616671935,0.5742242172129077
8.838007608785137,7.603517006096704,8.0,4.401340169088074,2.48,2.5,3.1,2.960844081463209,4.269314718055995,4.42,3.1,3.7,2.6,1.5,3.4,2.1719999999999997,2.46,2.0,3.12,1.8955004239205195,0.6359067651781605
9.839120439164532,8.234398970773876,8.0,4.65374072305462,3.6959999999999997,2.5,3.1,3.11225575298573,7.309314718055995,9.283999999999999,5.66,3.7,2.6,1.5,3.4,3.8743999999999996,4.892,2.0,4.912,2.004563114326916,0.703690446401765
9.292697715623111,7.807969402264791,8.0,4.723174428905778,4.4,2.5,3.1,3.15391265654355,9.069314718055994,12.1,1.5,3.0,2.6,1.5,3.4,4.859999999999999,6.300000000000001,2.0,2.0,1.5831776616671935,0.7208597411619815
9.6,8.756472732385117,8.0,5.102587092984046,10.0,2.5,3.1,3.3815534557724276,11.069314718055994,12.1,1.5,3.0,2.6,1.5,3.4,12.7,14.3,2.0,2.0,1.5831776616671935,0.8236173376831792
1.6,3.3465735902799727,8.0,2.8,2.0,2.5,3.1,2.0831776616671935,3.0693147180559945,2.5,1.5,3.0,2.6,1.5,3.4,1.5,1.5,2.0,2.0,1.5831776616671935,0.2
4.206477230417185,3.3465735902799727,8.0,2.8,2.0,2.5,3.1,2.0831776616671935,3.0693147180559945,2.5,1.82,3.0,2.6,1.5,3.4,1.5,1.5,2.0,2.224,1.7335092178866376,0.3764802291428303
8.105459828005756,7.066059386477903,8.0,4.426364957001439,2.544,2.5,3.1,2.9758542527546967,4.429314718055995,4.676,1.5,3.0,2.6,1.5,3.4,2.2616,2.588,2.0,2.0,1.5831776616671935,0.6404738425212231
8.75907658342244,7.474487803920888,8.0,4.58976914585561,3.23168,2.5,3.1,3.073877072941013,6.148514718055995,7.4267199999999995,1.5,3.0,2.6,1.5,3.4,3.224352,3.96336,2.0,2.0,1.5831776616671935,0.6847291436692278
9.895992151604577,8.281616559039662,8.0,4.672629458443988,3.864,2.5,3.1,3.123587974169519,7.729314718055995,9.956,2.524,3.7,2.6,1.5,3.4,4.1096,5.228,2.0,2.7168,1.8468446109475396,0.7075411352648933
8.968352293581214,7.605270175989425,8.0,4.642088073395303,3.6,2.5,3.1,3.105264842237462,7.0693147180559945,8.899999999999999,1.5,3.0,2.6,1.5,3.4,3.7399999999999998,4.7,2.0,2.0,1.5831776616671935,0.698898853211228
8.73823329917571,7.461462465320916,8.0,4.584558324793927,3.2,2.5,3.1,3.07075099167702,6.0693147180559945,7.3,1.5,3.0,2.6,1.5,3.4,3.1799999999999997,3.9000000000000004,2.0,2.0,1.5831776616671935,0.6833178796316887
8.29011621633426,7.257276416162039,8.0,4.262777366326692,2.24,2.5,3.1,2.8777463398788896,3.6693147180559946,3.46,2.46,3.7,2.6,1.5,3.4,1.8359999999999999,1.98,2.0,2.6719999999999997,1.839985601286746,0.5988099521476322
6.239274123568421,5.639057329615259,8.0,3.854599911712749,2.03104,2.5,3.1,2.633373759107662,3.1469147180559944,2.62416,3.228,3.0,2.6,1.5,3.4,1.543456,1.56208,2.0,3.2096,1.9040754995983769,0.5141175187832785
9.524228747582006,7.95179377376823,8.0,4.780707510257234,5.2,2.5,3.1,3.188430505704375,11.069314718055994,12.1,1.948,3.0,2.6,1.5,3.4,5.9799999999999995,7.9,2.0,2.3136,1.7636669492803463,0.7365363214508651
6.725503988855451,6.20012872265441,8.0,4.079718986907041,2.096,2.5,3.1,2.7680308934370585,3.3093147180559948,2.884,1.564,3.0,2.6,1.5,3.4,1.6344,1.692,2.0,2.0448,1.6318334746401733,0.5470393325787546
1.6,3.3465735902799727,8.0,2.8,2.0,2.5,3.1,2.0831776616671935,3.0693147180559945,2.5,1.5,3.0,2.6,1.5,3.4,1.5,1.5,2.0,2.0,1.5831776616671935,0.2
8.054471701022596,7.0342014792848495,8.0,4.4136179252556484,2.5103999999999997,2.5,3.1,2.9682083550283638,4.345314718055994,4.5416,1.5,3.0,2.6,1.5,3.4,2.2145599999999996,2.5208000000000004,2.0,2.0,1.5831776616671935,0.637021521423405
7.477839760594531,6.657609194876487,8.0,4.262910566464816,2.24016,2.5,3.1,2.877826206770357,3.6697147180559946,3.4606399999999997,2.14,3.0,2.6,1.5,3.4,1.836224,1.98032,2.0,2.448,1.7981887979745599,0.5979787337902548
10.039219557115198,8.373477727768572,8.0,4.709376806923585,4.24,2.5,3.1,3.145634654664457,8.669314718055993,11.459999999999999,1.884,3.7,2.6,1.5,3.4,4.636,5.9799999999999995,2.0,2.2688,1.7495329850015804,0.7172388241796748
9.245919383356762,7.778027737839286,8.0,4.711196940353162,4.260479999999999,2.5,3.1,3.1467266570814285,8.720514718055993,11.54192,1.756,3.0,2.6,1.5,3.4,4.6646719999999995,6.0209600000000005,2.0,2.1792,1.7150111363073666,0.7176924582481141
7.285940379288563,6.5541220698657705,8.0,4.221485094822141,2.1952,2.5,3.1,2.852989296767785,3.5573147180559945,3.2808,1.5,3.0,2.6,1.5,3.4,1.77328,1.8904,2.0,2.0,1.5831776616671935,0.5849855465143299
8.396121648431485,7.2383938883906,8.0,4.4953159017061886,2.768,2.5,3.1,3.017214533213744,4.9893147180559945,5.572,2.652,3.0,2.6,1.5,3.4,2.5751999999999997,3.036,2.0,2.8064,1.8594878728264788,0.6601540699458819
6.573284880867892,6.109300059845864,8.0,4.043321220216973,2.08,2.5,3.1,2.7462320143630077,3.2693147180559947,2.82,1.5,3.0,2.6,1.5,3.4,1.612,1.6600000000000001,2.0,2.0,1.5831776616671935,0.5367328304754302
6.4979942476115085,6.034212794122055,8.0,4.01322161802075,2.0688,2.5,3.1,2.7282110705892935,3.2413147180559947,2.7752,1.82,3.0,2.6,1.5,3.4,1.59632,1.6376,2.0,2.224,1.7335092178866376,0.5316350271820294
4.745460506179461,3.3465735902799727,8.0,2.8,2.0,2.5,3.1,2.0831776616671935,3.0693147180559945,2.5,2.14,3.0,2.6,1.5,3.4,1.5,1.5,2.0,2.448,1.7981887979745599,0.4129738884392343
5.971065444020489,5.7233686858331545,8.0,3.8884835421043586,2.0368,2.5,3.1,2.6536084845999572,3.1613147180559946,2.6471999999999998,1.564,3.0,2.6,1.5,3.4,1.55152,1.5735999999999999,2.0,2.0448,1.6318334746401733,0.4959575561055539
7.45110946530677,6.6572764161620395,8.0,4.262777366326692,2.24,2.5,3.1,2.8777463398788896,3.6693147180559946,3.46,1.5,3.0,2.6,1.5,3.4,1.8359999999999999,1.98,2.0,2.0,1.5831776616671935,0.5961688700468125
9.292697715623111,7.807969402264791,8.0,4.723174428905778,4.4,2.5,3.1,3.15391265654355,9.069314718055994,12.1,1.5,3.0,2.6,1.5,3.4,4.859999999999999,6.300000000000001,2.0,2.0,1.5831776616671935,0.7208597411619815
7.518875947628167,6.80012872265441,8.0,4.079718986907041,2.096,2.5,3.1,2.7680308934370585,3.3093147180559948,2.884,1.5,3.7,2.6,1.5,3.4,1.6344,1.692,2.0,2.0,1.5831776616671935,0.5465905589539903
9.6,9.103041322740086,8.0,5.241215529103535,10.0,2.5,3.1,3.4647299174576207,11.069314718055994,12.1,1.884,3.0,2.6,1.5,3.4,12.7,14.3,2.0,2.2688,1.7495329850015804,0.8500000000000001
9.6,9.44961241303881,8.0,5.379844465217398,10.0,2.5,3.1,3.5479069791293143,11.069314718055994,12.1,1.5,3.0,2.6,1.5,3.4,12.7,14.3,2.0,2.0,1.5831776616671935,0.8500000000000001
8.41551261996778,7.258796555718782,8.0,4.5034786342837805,2.8,2.5,3.1,3.0221111733725077,5.0693147180559945,5.699999999999999,1.6280000000000001,3.0,2.6,1.5,3.4,2.62,3.1,2.0,2.0896,1.6663553233343869,0.6614670003103185
9.6,9.561183688698165,8.0,5.424473075480466,10.0,2.5,3.1,3.574684085287559,11.069314718055994,12.1,2.076,3.0,2.6,1.5,3.4,12.7,14.3,2.0,2.4032,1.7877474327358045,0.8500000000000001
8.485109911818121,7.4009509799375826,8.0,4.3202804669167465,2.32,2.5,3.1,2.9122282351850197,3.8693147180559944,3.7800000000000002,1.6280000000000001,3.7,2.6,1.5,3.4,1.948,2.14,2.0,2.0896,1.6663553233343869,0.612012650279352
6.167624161049868,5.9124864066421345,8.0,3.7230241033682523,2.016,2.5,3.1,2.5549967375941125,3.1093147180559946,2.564,1.6280000000000001,3.7,2.6,1.5,3.4,1.5224,1.532,2.0,2.0896,1.6663553233343869,0.45509955257108475
9.6,8.409909141805151,8.0,4.963959656842057,10.0,2.5,3.1,3.2983781940332366,11.069314718055994,12.1,2.46,3.0,2.6,1.5,3.4,12.7,14.3,2.0,2.6719999999999997,1.839985601286746,0.7861535945622258
8.968352293581214,7.605270175989425,8.0,4.642088073395303,3.6,2.5,3.1,3.105264842237462,7.0693147180559945,8.899999999999999,1.5,3.0,2.6,1.5,3.4,3.7399999999999998,4.7,2.0,2.0,1.5831776616671935,0.698898853211228
9.722830041028937,7.95179377376823,8.0,4.780707510257234,5.2,2.5,3.1,3.188430505704375,11.069314718055994,12.1,1.5,3.0,2.6,1.5,3.4,5.9799999999999995,7.9,2.0,2.0,1.5831776616671935,0.7364416173613344
7.933372016282887,7.058852804917652,8.0,4.183343004070721,2.16128,2.5,3.1,2.8301246731802365,3.4725147180559945,3.14512,1.5,3.7,2.6,1.5,3.4,1.725792,1.82256,2.0,2.0,1.5831776616671935,0.5746553969358205
5.3307512752896535,5.336414417230953,8.0,3.7326878188224137,2.0168,2.5,3.1,2.5607394601354287,3.1113147180559944,2.5672,1.5,3.0,2.6,1.5,3.4,1.52352,1.5336,2.0,2.0,1.5831776616671935,0.45260295093107034
3.0334075753824443,3.3465735902799727,8.0,2.8,2.0,2.5,3.1,2.0831776616671935,3.0693147180559945,2.5,1.564,3.0,2.6,1.5,3.4,1.5,1.5,2.0,2.0448,1.6318334746401733,0.2970536379165196
8.40247541362939,7.251648543112063,8.0,4.500618853407348,2.78864,2.5,3.1,3.020395650346895,5.040914718055995,5.65456,1.5,3.0,2.6,1.5,3.4,2.604096,3.07728,2.0,2.0,1.5831776616671935,0.6605842727978233
6.181478198069758,5.8650498914867875,8.0,3.945369549517439,2.04896,2.5,3.1,2.687611973956829,3.1917147180559944,2.69584,1.5,3.0,2.6,1.5,3.4,1.568544,1.59792,2.0,2.0,1.5831776616671935,0.5102042529943065
8.26968730364998,7.147274757571839,8.0,4.458859921771447,2.64,2.5,3.1,2.9953459418172415,4.669314718055994,5.0600000000000005,3.7399999999999998,3.0,2.6,1.5,3.4,2.396,2.7800000000000002,2.0,3.568,1.9333101495173068,0.651593411184634
8.421080903360803,7.258796555718782,8.0,4.5034786342837805,2.8,2.5,3.1,3.0221111733725077,5.0693147180559945,5.699999999999999,2.076,3.0,2.6,1.5,3.4,2.62,3.1,2.0,2.4032,1.7877474327358045,0.6618440194983877
9.6,8.154509662544417,8.0,4.861797198684417,6.8,2.5,3.1,3.23708231901066,11.069314718055994,12.1,3.676,3.0,2.6,1.5,3.4,8.219999999999999,11.100000000000001,2.0,3.5232,1.9300222726147331,0.7587094758435986
6.919179390528965,5.097866136776995,8.0,3.3888877958332877,2.00288,2.5,3.1,2.3594878728264788,3.0765147180559946,2.51152,4.892,3.7,2.6,1.5,3.4,1.504032,1.50576,2.0,4.3744,1.9808799822278966,0.5059861045670654
9.6,9.093954337451251,8.0,5.23758071664797,10.0,2.5,3.1,3.4625490409883,11.069314718055994,12.1,1.6280000000000001,3.0,2.6,1.5,3.4,12.7,14.3,2.0,2.0896,1.6663553233343869,0.8500000000000001
7.459064452961854,6.6572764161620395,8.0,4.262777366326692,2.24,2.5,3.1,2.8777463398788896,3.6693147180559946,3.46,1.692,3.0,2.6,1.5,3.4,1.8359999999999999,1.98,2.0,2.1344,1.6931325494920921,0.5967074890026255
8.457496602165547,7.262779053873933,8.0,4.505071950816526,2.8064,2.5,3.1,3.023066972929744,5.0853147180559946,5.7256,4.572,3.0,2.6,1.5,3.4,2.62896,3.1128,2.0,4.150399999999999,1.9694427606513776,0.6643096657716256
5.469025525561182,5.422093543229296,8.0,3.767256381390296,2.02,2.5,3.1,2.581302450375031,3.1193147180559944,2.58,1.5,3.0,2.6,1.5,3.4,1.528,1.54,2.0,2.0,1.5831776616671935,0.46196526995987175
1.6,3.3465735902799727,8.0,2.8,2.0,2.5,3.1,2.0831776616671935,3.0693147180559945,2.5,1.5,3.0,2.6,1.5,3.4,1.5,1.5,2.0,2.0,1.5831776616671935,0.2
6.718875947628167,6.109300059845864,8.0,4.043321220216973,2.08,2.5,3.1,2.7462320143630077,3.2693147180559947,2.82,2.7800000000000002,3.0,2.6,1.5,3.4,1.612,1.6600000000000001,2.0,2.896,1.870925094402998,0.5465905589539903
5.61382386945194,5.511940260423138,8.0,3.803455967362985,2.024,2.5,3.1,2.602865662501553,3.1293147180559946,2.596,1.5,3.0,2.6,1.5,3.4,1.5336,1.548,2.0,2.0,1.5831776616671935,0.4717693244941417
9.114396165248206,7.653052496980281,8.0,4.6612028244088926,3.7604800000000003,2.5,3.1,3.1167325992752675,7.470514718055995,9.541920000000001,14.3,3.0,2.6,1.5,3.4,3.9646719999999998,5.0209600000000005,2.0,10.959999999999999,2.1369921236881444,0.7087872403553475
4.888699091338649,3.3465735902799727,8.0,2.8,2.0,2.5,3.1,2.0831776616671935,3.0693147180559945,2.5,2.268,3.0,2.6,1.5,3.4,1.5,1.5,2.0,2.5376,1.816686879553831,0.4226723343093877
6.59688541238525,6.109300059845864,8.0,4.043321220216973,2.08,2.5,3.1,2.7462320143630077,3.2693147180559947,2.82,1.692,3.0,2.6,1.5,3.4,1.612,1.6600000000000001,2.0,2.1344,1.6931325494920921,0.5383307831302513
7.77663501935605,6.734256635748169,8.0,4.29358846645717,2.2800000000000002,2.5,3.1,2.8962215925795602,3.7693147180559947,3.62,1.564,3.0,2.6,1.5,3.4,1.892,2.06,2.0,2.0448,1.6318334746401733,0.6046679961022325
5.469025525561182,5.138333059508028,8.0,3.652535975408263,2.0112,2.5,3.1,2.5131999342819267,3.0973147180559946,2.5448,2.204,3.0,2.6,1.5,3.4,1.51568,1.5224,2.0,2.4928,1.8077939228953843,0.46196526995987175
8.968352293581214,7.605270175989425,8.0,4.642088073395303,3.6,2.5,3.1,3.105264842237462,7.0693147180559945,8.899999999999999,1.5,3.0,2.6,1.5,3.4,3.7399999999999998,4.7,2.0,2.0,1.5831776616671935,0.698898853211228
8.009349383302277,7.003517006096704,8.0,4.401340169088074,2.48,2.5,3.1,2.960844081463209,4.269314718055995,4.42,1.692,3.0,2.6,1.5,3.4,2.1719999999999997,2.46,2.0,2.1344,1.6931325494920921,0.6339663644944251
7.04280420608667,6.4023072600313125,8.0,4.160701051521667,2.144,2.5,3.1,2.816553742407515,3.4293147180559944,3.076,1.5,3.0,2.6,1.5,3.4,1.7016,1.788,2.0,2.0,1.5831776616671935,0.568523201453785
4.035617950178739,3.3465735902799727,8.0,2.8,2.0,2.5,3.1,2.0831776616671935,3.0693147180559945,2.5,1.756,3.0,2.6,1.5,3.4,1.5,1.5,2.0,2.1792,1.7150111363073666,0.3649116320433521
10.4,9.009909141805151,8.0,4.963959656842057,10.0,2.5,3.1,3.2983781940332366,11.069314718055994,12.1,2.332,3.7,2.6,1.5,3.4,12.7,14.3,2.0,2.5824,1.8249660241322652,0.7861427765903766
10.4,9.356472732385116,8.0,5.102587092984046,10.0,2.5,3.1,3.3815534557724276,11.069314718055994,12.1,2.716,3.7,2.6,1.5,3.4,12.7,14.3,2.0,2.8512,1.8653426925268106,0.8236687710751838
9.6,9.907756278981136,8.0,5.563102311592755,10.0,2.5,3.1,3.6578615069554727,11.069314718055994,12.1,2.9720000000000004,3.0,2.6,1.5,3.4,12.7,14.3,2.0,3.0304,1.886265098984184,0.8500000000000001
6.681486506780853,6.278293137336005,8.0,3.8703716266952135,2.0336,2.5,3.1,2.6427903529606414,3.1533147180559946,2.6344,1.5,3.7,2.6,1.5,3.4,1.54704,1.5672,2.0,2.0,1.5831776616671935,0.48989231556328694
8.03158393528036,7.019901171868242,8.0,4.40789598382009,2.496,2.5,3.1,2.964776281248378,4.309314718055995,4.484,1.5,3.0,2.6,1.5,3.4,2.1944,2.492,2.0,2.0,1.5831776616671935,0.6354718289512744
8.975915667824797,7.605270175989425,8.0,4.642088073395303,3.6,2.5,3.1,3.105264842237462,7.0693147180559945,8.899999999999999,2.716,3.0,2.6,1.5,3.4,3.7399999999999998,4.7,2.0,2.8512,1.8653426925268106,0.6994109566756372
9.6,8.170903498757621,8.0,4.868354948202303,6.96,2.5,3.1,3.2410168397018286,11.069314718055994,12.1,3.2920000000000003,3.0,2.6,1.5,3.4,8.443999999999999,11.420000000000002,2.0,3.2544,1.9081436857994587,0.7604235302201396
4.347189763588117,3.3465735902799727,8.0,2.8,2.0,2.5,3.1,2.0831776616671935,3.0693147180559945,2.5,1.884,3.0,2.6,1.5,3.4,1.5,1.5,2.0,2.2688,1.7495329850015804,0.3860076402429454
6.124793448655883,5.654133848700603,8.0,3.860660981611815,2.032,2.5,3.1,2.6369921236881444,3.1493147180559946,2.628,2.588,3.0,2.6,1.5,3.4,1.5448,1.564,2.0,2.7616,1.8533326774999728,0.5063662230860754
7.165997896701562,6.474448611156657,8.0,4.189587413722994,2.1664,2.5,3.1,2.8338676666775973,3.4853147180559945,3.1656,1.6280000000000001,3.0,2.6,1.5,3.4,1.73296,1.8328,2.0,2.0896,1.6663553233343869,0.5768644409225017
9.116525950199948,7.6964142907747295,8.0,4.678549051726288,3.92,2.5,3.1,3.127139429785935,7.869314718055994,10.18,1.948,3.0,2.6,1.5,3.4,4.188,5.34,2.0,2.3136,1.7636669492803463,0.7089314445447883
4.466815150764888,3.3465735902799727,8.0,2.8,2.0,2.5,3.1,2.0831776616671935,3.0693147180559945,2.5,1.948,3.0,2.6,1.5,3.4,1.5,1.5,2.0,2.3136,1.7636669492803463,0.3941072758330393
9.213914537135125,7.858796555718782,8.0,4.5034786342837805,2.8,2.5,3.1,3.0221111733725077,5.0693147180559945,5.699999999999999,1.5,3.7,2.6,1.5,3.4,2.62,3.1,2.0,2.0,1.5831776616671935,0.6613587967851907
5.115559323737951,3.3465735902799727,8.0,2.8,2.0,2.5,3.1,2.0831776616671935,3.0693147180559945,2.5,2.524,3.0,2.6,1.5,3.4,1.5,1.5,2.0,2.7168,1.8468446109475396,0.43803266254475715
3.518316218238697,3.3465735902799727,8.0,2.8,2.0,2.5,3.1,2.0831776616671935,3.0693147180559945,2.5,1.6280000000000001,3.0,2.6,1.5,3.4,1.5,1.5,2.0,2.0896,1.6663553233343869,0.3298859939432451
6.718875947628167,6.20012872265441,8.0,4.079718986907041,2.096,2.5,3.1,2.7680308934370585,3.3093147180559948,2.884,1.5,3.0,2.6,1.5,3.4,1.6344,1.692,2.0,2.0,1.5831776616671935,0.5465905589539903
8.417107516827764,7.258796555718782,8.0,4.5034786342837805,2.8,2.5,3.1,3.0221111733725077,5.0693147180559945,5.699999999999999,1.756,3.0,2.6,1.5,3.4,2.62,3.1,2.0,2.1792,1.7150111363073666,0.6615749881185465
9.6,8.038867467031254,8.0,4.815538585745565,5.8088,2.5,3.1,3.2093281920875008,11.069314718055994,12.1,1.564,3.0,2.6,1.5,3.4,6.83232,9.1176,2.0,2.0448,1.6318334746401733,0.7458864091286117
6.646478753207624,6.154959139113258,8.0,4.0616196883019065,2.08768,2.5,3.1,2.757190193387182,3.2885147180559944,2.85072,1.5,3.0,2.6,1.5,3.4,1.622752,1.67536,2.0,2.0,1.5831776616671935,0.5416886655817663
6.9732758188167825,6.343554303933257,8.0,4.137172189413672,2.128,2.5,3.1,2.8024530329439816,3.3893147180559944,3.012,1.82,3.0,2.6,1.5,3.4,1.6792,1.756,2.0,2.224,1.7335092178866376,0.5638155502323863
9.67351569341576,8.14374727098867,8.0,4.617476292915147,3.41472,2.5,3.1,3.0904993450372804,6.606114718055994,8.15888,2.012,3.7,2.6,1.5,3.4,3.480608,4.32944,2.0,2.3584,1.7763102111592854,0.6924776250750254
7.934956175216378,6.6283920066143125,8.0,4.0108878692538745,2.068,2.5,3.1,2.7268140815874347,3.2393147180559945,2.772,8.988,3.7,2.6,1.5,3.4,1.5952,1.6360000000000001,2.0,7.2416,2.0734948191733835,0.5747626576969422
9.273264872954787,7.791020924965769,8.0,4.716394578309579,4.32,2.5,3.1,3.1498450219917844,8.869314718055994,11.78,3.2920000000000003,3.0,2.6,1.5,3.4,4.747999999999999,6.14,2.0,3.2544,1.9081436857994587,0.7195439757729802
9.6,9.072226264186318,8.0,5.228889442113458,10.0,2.5,3.1,3.4573343034047164,11.069314718055994,12.1,4.828,3.0,2.6,1.5,3.4,12.7,14.3,2.0,4.329599999999999,1.9786780855877129,0.8500000000000001
5.315512719313098,4.6094379124341005,8.0,3.4356107660695896,2.00368,2.5,3.1,2.3862650989841843,3.0785147180559944,2.51472,2.524,3.0,2.6,1.5,3.4,1.505152,1.50736,2.0,2.7168,1.8468446109475396,0.45157117370349104
9.6,10.671869424406108,8.0,5.868747726378509,10.0,2.5,3.1,3.841248661857466,11.069314718055994,12.1,2.7800000000000002,3.0,2.6,1.5,3.4,12.7,14.3,2.0,2.896,1.870925094402998,0.8500000000000001
9.6,8.644903456671763,8.0,5.057958882715579,10.0,2.5,3.1,3.3547768296012226,11.069314718055994,12.1,2.7800000000000002,3.0,2.6,1.5,3.4,12.7,14.3,2.0,2.896,1.870925094402998,0.811598195941039
9.6,9.692365359395081,8.0,5.476945836066435,10.0,2.5,3.1,3.6061676862548193,11.069314718055994,12.1,2.716,3.0,2.6,1.5,3.4,12.7,14.3,2.0,2.8512,1.8653426925268106,0.8500000000000001
9.6,10.027264516618342,8.0,5.610905649167208,10.0,2.5,3.1,3.686543483988402,11.069314718055994,12.1,1.82,3.0,2.6,1.5,3.4,12.7,14.3,2.0,2.224,1.7335092178866376,0.8500000000000001
9.6,11.117059992725238,8.0,6.046823979281023,10.0,2.5,3.1,3.948094398254057,11.069314718055994,12.1,5.212,3.0,2.6,1.5,3.4,12.7,14.3,2.0,4.5984,1.991321347466652,0.8500000000000001
9.6,11.315459698573727,8.0,6.126183867453444,10.0,2.5,3.1,3.9957103276576946,11.069314718055994,12.1,14.3,3.0,2.6,1.5,3.4,12.7,14.3,2.0,12.527999999999999,2.1561672169362156,0.8500000000000001
9.6,8.679484883066472,8.0,5.071791620334561,10.0,2.5,3.1,3.363076371935953,11.069314718055994,12.1,5.0840000000000005,3.0,2.6,1.5,3.4,12.7,14.3,2.0,4.5088,1.9872531612655702,0.8154535209087159
9.6,8.317109746711672,8.0,4.926839083062791,8.6448,2.5,3.1,3.276106339210801,11.069314718055994,12.1,2.9720000000000004,3.0,2.6,1.5,3.4,10.802719999999999,14.3,2.0,3.0304,1.886265098984184,0.7761686994140804
9.6,9.535123293070772,8.0,5.414048895828356,10.0,2.5,3.1,3.5684295903369856,11.069314718055994,12.1,7.964,3.0,2.6,1.5,3.4,12.7,14.3,2.0,6.5248,2.0561674785875566,0.8500000000000001
7.683118374817505,6.800950979937583,8.0,4.3202804669167465,2.32,2.5,3.1,2.9122282351850197,3.8693147180559944,3.7800000000000002,1.564,3.0,2.6,1.5,3.4,1.948,2.14,2.0,2.0448,1.6318334746401733,0.6118778066282686
7.7437709119730975,6.835447415681059,8.0,4.334085704438139,2.34288,2.5,3.1,2.920507379763454,3.9265147180559943,3.8715200000000003,1.756,3.0,2.6,1.5,3.4,1.980032,2.18576,2.0,2.1792,1.7150111363073666,0.6159844888315118
7.006475603542185,6.3767189592988895,8.0,4.150454075228349,2.1368,2.5,3.1,2.8104125502317334,3.4113147180559946,3.0472,1.564,3.0,2.6,1.5,3.4,1.69152,1.7736,2.0,2.0448,1.6318334746401733,0.5660634523231687
6.020362351305426,5.764714543755712,8.0,3.905090587826357,2.04,2.5,3.1,2.663531490501371,3.1693147180559946,2.66,1.5,3.0,2.6,1.5,3.4,1.556,1.58,2.0,2.0,1.5831776616671935,0.49929536753630493
3.0334075753824443,3.3465735902799727,8.0,2.8,2.0,2.5,3.1,2.0831776616671935,3.0693147180559945,2.5,1.564,3.0,2.6,1.5,3.4,1.5,1.5,2.0,2.0448,1.6318334746401733,0.2970536379165196
10.205102949998334,8.449460193397426,8.0,4.739771807043926,4.60768,2.5,3.1,3.163870446415382,9.588514718055993,12.1,13.852,3.7,2.6,1.5,3.4,5.150752000000001,6.71536,2.0,10.6464,2.1327599470276497,0.7284705122394706
7.632234305957277,6.640348597692371,8.0,4.256001650576837,2.232,2.5,3.1,2.873683663446169,3.6493147180559946,3.428,1.692,3.0,2.6,1.5,3.4,1.8248,1.964,2.0,2.1344,1.6931325494920921,0.5948908644658574
5.064586672229066,3.3465735902799727,8.0,2.8,2.0,2.5,3.1,2.0831776616671935,3.0693147180559945,2.5,2.46,3.0,2.6,1.5,3.4,1.5,1.5,2.0,2.6719999999999997,1.839985601286746,0.4345813892655096
7.858596552548418,6.877669406423251,8.0,4.350982054404286,2.37312,2.5,3.1,2.93064065754158,4.002114718055994,3.99248,3.612,3.0,2.6,1.5,3.4,2.022368,2.2462400000000002,2.0,3.4783999999999997,1.9266417673787295,0.6237591415787992
6.681486506780853,3.946573590279973,8.0,2.8,2.0,2.5,3.1,2.0831776616671935,3.0693147180559945,2.5,4.188000000000001,3.7,2.6,1.5,3.4,1.5,1.5,2.0,3.8815999999999997,1.9541027560701913,0.48989231556328694
4.95172379362114,3.3465735902799727,8.0,2.8,2.0,2.5,3.1,2.0831776616671935,3.0693147180559945,2.5,2.332,3.0,2.6,1.5,3.4,1.5,1.5,2.0,2.5824,1.8249660241322652,0.4269396318597647
10.4,9.784563215983235,8.0,5.273824436845997,10.0,2.5,3.1,3.4842951718359765,11.069314718055994,12.1,11.484000000000002,3.7,2.6,1.5,3.4,12.7,14.3,2.0,8.9888,2.107511403963236,0.8500000000000001
8.683046619981758,7.426975550757305,8.0,4.570761654995439,3.12,2.5,3.1,3.0624741321817535,5.869314718055994,6.9799999999999995,1.5,3.0,2.6,1.5,3.4,3.068,3.7399999999999998,2.0,2.0,1.5831776616671935,0.6795812815612648
6.395169141845255,5.998226044309511,8.0,3.998792285461314,2.064,2.5,3.1,2.719574250634283,3.2293147180559947,2.7560000000000002,1.5,3.0,2.6,1.5,3.4,1.5896,1.6280000000000001,2.0,2.0,1.5831776616671935,0.5246729106457726
8.806692456250335,7.603517006096704,8.0,4.401340169088074,2.48,2.5,3.1,2.960844081463209,4.269314718055995,4.42,1.564,3.7,2.6,1.5,3.4,2.1719999999999997,2.46,2.0,2.0448,1.6318334746401733,0.6337864683919499
7.934956175216378,7.054876640822405,8.0,4.181750955863044,2.16,2.5,3.1,2.8291703937973773,3.4693147180559945,3.14,1.6280000000000001,3.7,2.6,1.5,3.4,1.724,1.82,2.0,2.0896,1.6663553233343869,0.5747626576969422
7.859556744702095,6.912422845513428,8.0,4.364889186175524,2.4,2.5,3.1,2.938981482923223,4.0693147180559945,4.1,1.5,3.0,2.6,1.5,3.4,2.06,2.3,2.0,2.0,1.5831776616671935,0.6238241545892044
6.4979942476115085,6.056841089916116,8.0,4.0222934679005355,2.072,2.5,3.1,2.733641861579868,3.2493147180559947,2.788,1.564,3.0,2.6,1.5,3.4,1.6008,1.644,2.0,2.0448,1.6318334746401733,0.5316350271820294
3.0334075753824443,3.3465735902799727,8.0,2.8,2.0,2.5,3.1,2.0831776616671935,3.0693147180559945,2.5,1.564,3.0,2.6,1.5,3.4,1.5,1.5,2.0,2.0448,1.6318334746401733,0.2970536379165196
1.6,3.3465735902799727,8.0,2.8,2.0,2.5,3.1,2.0831776616671935,3.0693147180559945,2.5,1.5,3.0,2.6,1.5,3.4,1.5,1.5,2.0,2.0,1.5831776616671935,0.2
9.6,9.26185574963588,8.0,5.30474157198742,10.0,2.5,3.1,3.502845379912611,11.069314718055994,12.1,3.676,3.0,2.6,1.5,3.4,12.7,14.3,2.0,3.5232,1.9300222726147331,0.8500000000000001
5.3446534390746505,5.221325628245158,8.0,3.6861633597686625,2.01328,2.5,3.1,2.5331181507788383,3.1025147180559944,2.55312,1.5,3.0,2.6,1.5,3.4,1.518592,1.52656,2.0,2.0,1.5831776616671935,0.4400025766040128
8.0690958084361,6.912422845513428,8.0,4.364889186175524,2.4,2.5,3.1,2.938981482923223,4.0693147180559945,4.1,1.884,3.0,2.6,1.5,3.4,2.06,2.3,2.0,2.2688,1.7495329850015804,0.6244700286961942
9.0839680492689,7.67513810613685,8.0,4.670037853418516,3.84,2.5,3.1,3.122033145472844,7.669314718055994,9.86,2.204,3.0,2.6,1.5,3.4,4.0760000000000005,5.18,2.0,2.4928,1.8077939228953843,0.7067270033359152
6.987673327978358,6.343554303933257,8.0,4.137172189413672,2.128,2.5,3.1,2.8024530329439816,3.3893147180559944,3.012,2.012,3.0,2.6,1.5,3.4,1.6792,1.756,2.0,2.3584,1.7763102111592854,0.564790381581868
1.6,3.3465735902799727,8.0,2.8,2.0,2.5,3.1,2.0831776616671935,3.0693147180559945,2.5,1.5,3.0,2.6,1.5,3.4,1.5,1.5,2.0,2.0,1.5831776616671935,0.2
1.6,3.3465735902799727,8.0,2.8,2.0,2.5,3.1,2.0831776616671935,3.0693147180559945,2.5,1.5,3.0,2.6,1.5,3.4,1.5,1.5,2.0,2.0,1.5831776616671935,0.2
5.469025525561182,3.3465735902799727,8.0,2.8,2.0,2.5,3.1,2.0831776616671935,3.0693147180559945,2.5,3.1,3.0,2.6,1.5,3.4,1.5,1.5,2.0,3.12,1.8955004239205195,0.46196526995987175
9.6,10.230783589603924,8.0,5.692313331019849,10.0,2.5,3.1,3.735388061504942,11.069314718055994,12.1,5.9799999999999995,3.0,2.6,1.5,3.4,12.7,14.3,2.0,5.136,2.0131999342819267,0.8500000000000001
9.6,8.756472732385117,8.0,5.102587092984046,10.0,2.5,3.1,3.3815534557724276,11.069314718055994,12.1,9.564,3.0,2.6,1.5,3.4,12.7,14.3,2.0,7.6448,2.0822436316703543,0.8239575138480895
9.6,10.313220831534547,8.0,5.72528824372499,10.0,2.5,3.1,3.7551729995682916,11.069314718055994,12.1,2.716,3.0,2.6,1.5,3.4,12.7,14.3,2.0,2.8512,1.8653426925268106,0.8500000000000001
5.135072486237279,4.319528664807629,8.0,3.3129898714923076,2.00192,2.5,3.1,2.316686879553831,3.0741147180559945,2.50768,2.396,3.0,2.6,1.5,3.4,1.502688,1.50384,2.0,2.6272,1.8327106466687737,0.4393538662556491
9.6,11.405622840757102,8.0,6.162249126302869,10.0,2.5,3.1,4.017349481781705,11.069314718055994,12.1,14.3,3.0,2.6,1.5,3.4,12.7,14.3,2.0,13.2,2.3510090538114183,0.8500000000000001
10.4,10.39618475332347,8.0,5.518473651329857,10.0,2.5,3.1,3.6310843407976323,11.069314718055994,12.1,3.228,3.7,2.6,1.5,3.4,12.7,14.3,2.0,3.2096,1.9040754995983769,0.8500000000000001
9.6,9.608838596782839,8.0,5.443535075077764,10.0,2.5,3.1,3.5861212632278816,11.069314718055994,12.1,7.196000000000001,3.0,2.6,1.5,3.4,12.7,14.3,2.0,5.9872,2.0413031407820217,0.8500000000000001
9.6,10.25432936926186,8.0,5.701731647704819,10.0,2.5,3.1,3.741039048622846,11.069314718055994,12.1,11.868000000000002,3.0,2.6,1.5,3.4,12.7,14.3,2.0,9.2576,2.111983971338904,0.8500000000000001
9.6,9.455823642174044,8.0,5.382328963044286,10.0,2.5,3.1,3.5493976741217708,11.069314718055994,12.1,14.3,3.0,2.6,1.5,3.4,12.7,14.3,2.0,12.707199999999998,2.1581756320188785,0.8500000000000001
8.418699240393055,7.258796555718782,8.0,4.5034786342837805,2.8,2.5,3.1,3.0221111733725077,5.0693147180559945,5.699999999999999,1.884,3.0,2.6,1.5,3.4,2.62,3.1,2.0,2.2688,1.7495329850015804,0.6616827610682798
9.6,8.399808196293165,8.0,4.959919197009557,9.84,2.5,3.1,3.2959539671103597,11.069314718055994,12.1,5.468,3.0,2.6,1.5,3.4,12.475999999999999,14.3,2.0,4.7776,1.9990659700031606,0.7853197165223762
8.97313747383364,7.605270175989425,8.0,4.642088073395303,3.6,2.5,3.1,3.105264842237462,7.0693147180559945,8.899999999999999,2.268,3.0,2.6,1.5,3.4,3.7399999999999998,4.7,2.0,2.5376,1.816686879553831,0.6992228497908194
7.896743677404114,6.913221567728007,8.0,4.365208802703793,2.40064,2.5,3.1,2.9391731762547217,4.070914718055994,4.1025599999999995,2.9720000000000004,3.0,2.6,1.5,3.4,2.060896,2.30128,2.0,3.0304,1.886265098984184,0.6263420198242369
5.064586672229066,3.3465735902799727,8.0,2.8,2.0,2.5,3.1,2.0831776616671935,3.0693147180559945,2.5,2.46,3.0,2.6,1.5,3.4,1.5,1.5,2.0,2.6719999999999997,1.839985601286746,0.4345813892655096
9.6,9.103041322740086,8.0,5.241215529103535,10.0,2.5,3.1,3.4647299174576207,11.069314718055994,12.1,3.42,3.0,2.6,1.5,3.4,12.7,14.3,2.0,3.344,1.9158883083359672,0.8500000000000001
7.7008662064579045,6.800950979937583,8.0,4.3202804669167465,2.32,2.5,3.1,2.9122282351850197,3.8693147180559944,3.7800000000000002,2.14,3.0,2.6,1.5,3.4,1.948,2.14,2.0,2.448,1.7981887979745599,0.6130794827289205
9.937258617811647,8.305128118585545,8.0,4.682034870770954,3.95376,2.5,3.1,3.1292307484605306,7.953714718055995,10.31504,3.2920000000000003,3.7,2.6,1.5,3.4,4.235264,5.40752,2.0,3.2544,1.9081436857994587,0.7103352189143302
9.61019418210377,8.081772145998372,8.0,4.592683258399314,3.24976,2.5,3.1,3.075625315039609,6.193714718055994,7.49904,6.556000000000001,3.7,2.6,1.5,3.4,3.249664,3.9995200000000004,2.0,5.539199999999999,2.0273338985606926,0.6881902310799428
7.929397840201339,6.923195257423864,8.0,4.129018193901129,2.12288,2.5,3.1,2.7975668617817275,3.3765147180559945,2.99152,4.508,3.7,2.6,1.5,3.4,1.672032,1.74576,2.0,4.1056,1.9670184357732752,0.5743863120969657
8.009349383302277,7.003517006096704,8.0,4.401340169088074,2.48,2.5,3.1,2.960844081463209,4.269314718055995,4.42,1.692,3.0,2.6,1.5,3.4,2.1719999999999997,2.46,2.0,2.1344,1.6931325494920921,0.6339663644944251
5.020281352588119,3.3465735902799727,8.0,2.8,2.0,2.5,3.1,2.0831776616671935,3.0693147180559945,2.5,2.204,3.0,2.6,1.5,3.4,1.5,1.5,2.0,2.4928,1.8077939228953843,0.418039883248154
7.667005040565689,6.734256635748169,8.0,4.29358846645717,2.2800000000000002,2.5,3.1,2.8962215925795602,3.7693147180559947,3.62,4.252000000000001,3.0,2.6,1.5,3.4,1.892,2.06,2.0,3.9263999999999997,1.9567994987724384,0.6107867996216352
6.051616325858156,3.3465735902799727,8.0,2.8,2.0,2.5,3.1,2.0831776616671935,3.0693147180559945,2.5,4.828,3.0,2.6,1.5,3.4,1.5,1.5,2.0,4.329599999999999,1.9786780855877129,0.5014115220633126
7.04280420608667,6.4023072600313125,8.0,4.160701051521667,2.144,2.5,3.1,2.816553742407515,3.4293147180559944,3.076,1.5,3.0,2.6,1.5,3.4,1.7016,1.788,2.0,2.0,1.5831776616671935,0.568523201453785
10.4,8.663355550325255,8.0,4.825334220610071,6.0,2.5,3.1,3.215205332078061,11.069314718055994,12.1,1.5,3.7,2.6,1.5,3.4,7.1,9.5,2.0,2.0,1.5831776616671935,0.7485280180818945
7.3367107828100036,6.5458710575475765,8.0,4.218181964415996,2.192,2.5,3.1,2.8510090538114183,3.5493147180559945,3.268,2.7800000000000002,3.0,2.6,1.5,3.4,1.7688,1.884,2.0,2.896,1.870925094402998,0.5884231259194274
10.4,8.663355550325255,8.0,4.825334220610071,6.0,2.5,3.1,3.215205332078061,11.069314718055994,12.1,1.564,3.7,2.6,1.5,3.4,7.1,9.5,2.0,2.0448,1.6318334746401733,0.7485388498988095
9.770349598258758,8.205270175989424,8.0,4.642088073395303,3.6,2.5,3.1,3.105264842237462,7.0693147180559945,8.899999999999999,1.82,3.7,2.6,1.5,3.4,3.7399999999999998,4.7,2.0,2.224,1.7335092178866376,0.6990340873821035
7.706695719743667,6.81328510314533,8.0,4.325216551614476,2.328,2.5,3.1,2.915188424754879,3.8893147180559944,3.812,1.692,3.0,2.6,1.5,3.4,1.9592,2.156,2.0,2.1344,1.6931325494920921,0.6134741893576442
1.6,3.3465735902799727,8.0,2.8,2.0,2.5,3.1,2.0831776616671935,3.0693147180559945,2.5,1.5,3.0,2.6,1.5,3.4,1.5,1.5,2.0,2.0,1.5831776616671935,0.2
9.6,8.490259316585316,8.0,4.996100320552569,10.0,2.5,3.1,3.317662235980476,11.069314718055994,12.1,3.1,3.0,2.6,1.5,3.4,12.7,14.3,2.0,3.12,1.8955004239205195,0.794892358620064
7.060368029004245,6.4023072600313125,8.0,4.160701051521667,2.144,2.5,3.1,2.816553742407515,3.4293147180559944,3.076,1.756,3.0,2.6,1.5,3.4,1.7016,1.788,2.0,2.1792,1.7150111363073666,0.5697124186304958
9.6,8.351644705482308,8.0,4.940653387962391,9.120000000000001,2.5,3.1,3.2843947293157534,11.069314718055994,12.1,1.564,3.0,2.6,1.5,3.4,11.468,14.3,2.0,2.0448,1.6318334746401733,0.7797663782368285
7.545064865546784,6.80012872265441,8.0,4.079718986907041,2.096,2.5,3.1,2.7680308934370585,3.3093147180559948,2.884,1.756,3.7,2.6,1.5,3.4,1.6344,1.692,2.0,2.1792,1.7150111363073666,0.5483637669380634
10.4,8.754509662544416,8.0,4.861797198684417,6.8,2.5,3.1,3.23708231901066,11.069314718055994,12.1,2.076,3.7,2.6,1.5,3.4,8.219999999999999,11.100000000000001,2.0,2.4032,1.7877474327358045,0.7584845943962117
7.767471116176236,6.729957383120553,8.0,4.291867779044059,2.2776,2.5,3.1,2.8951897719489326,3.7633147180559945,3.6104000000000003,1.5,3.0,2.6,1.5,3.4,1.88864,2.0552,2.0,2.0,1.5831776616671935,0.6040475234910994
5.469025525561182,5.422093543229296,8.0,3.767256381390296,2.02,2.5,3.1,2.581302450375031,3.1193147180559944,2.58,1.5,3.0,2.6,1.5,3.4,1.528,1.54,2.0,2.0,1.5831776616671935,0.46196526995987175
8.73823329917571,7.461462465320916,8.0,4.584558324793927,3.2,2.5,3.1,3.07075099167702,6.0693147180559945,7.3,1.5,3.0,2.6,1.5,3.4,3.1799999999999997,3.9000000000000004,2.0,2.0,1.5831776616671935,0.6833178796316887
7.358349654891975,6.454876640822405,8.0,4.181750955863044,2.16,2.5,3.1,2.8291703937973773,3.4693147180559945,3.14,2.012,3.0,2.6,1.5,3.4,1.724,1.82,2.0,2.3584,1.7763102111592854,0.5763465912166442
8.009349383302277,7.003517006096704,8.0,4.401340169088074,2.48,2.5,3.1,2.960844081463209,4.269314718055995,4.42,1.692,3.0,2.6,1.5,3.4,2.1719999999999997,2.46,2.0,2.1344,1.6931325494920921,0.6339663644944251
8.980262001427544,7.605270175989425,8.0,4.642088073395303,3.6,2.5,3.1,3.105264842237462,7.0693147180559945,8.899999999999999,3.42,3.0,2.6,1.5,3.4,3.7399999999999998,4.7,2.0,3.344,1.9158883083359672,0.6997052396799901
9.6,8.137766875549424,8.0,4.855099856877015,6.64192,2.5,3.1,3.233064050131862,11.069314718055994,12.1,2.524,3.0,2.6,1.5,3.4,7.998688,10.78384,2.0,2.7168,1.8468446109475396,0.7567386973630439
9.474395337685731,7.921523644362356,8.0,4.768598834421433,5.0120000000000005,2.5,3.1,3.1811656746469654,10.599314718055995,12.1,1.5,3.0,2.6,1.5,3.4,5.7168,7.524000000000001,2.0,2.0,1.5831776616671935,0.7331621843224716
7.620943130676917,6.689504063814152,8.0,4.275676742599343,2.2560000000000002,2.5,3.1,2.8854809753153967,3.7093147180559947,3.524,4.764,3.0,2.6,1.5,3.4,1.8584,2.012,2.0,4.2848,1.9764350296262547,0.6076680244729162
9.6,8.154509662544417,8.0,4.861797198684417,6.8,2.5,3.1,3.23708231901066,11.069314718055994,12.1,1.5,3.0,2.6,1.5,3.4,8.219999999999999,11.100000000000001,2.0,2.0,1.5831776616671935,0.7584034079770294
7.1951691418452555,6.59822604430951,8.0,3.998792285461314,2.064,2.5,3.1,2.719574250634283,3.2293147180559947,2.7560000000000002,1.5,3.7,2.6,1.5,3.4,1.5896,1.6280000000000001,2.0,2.0,1.5831776616671935,0.5246729106457726
7.127003823452176,6.454876640822405,8.0,4.181750955863044,2.16,2.5,3.1,2.8291703937973773,3.4693147180559945,3.14,1.5,3.0,2.6,1.5,3.4,1.724,1.82,2.0,2.0,1.5831776616671935,0.5742242172129077
8.08255340182863,7.00418278515646,8.0,4.401606569393861,2.48064,2.5,3.1,2.96100386843755,4.2709147180559945,4.42256,5.34,3.0,2.6,1.5,3.4,2.1728959999999997,2.46128,2.0,4.688,1.995256126205411,0.6389228865821468
7.681121867666986,6.800950979937583,8.0,4.3202804669167465,2.32,2.5,3.1,2.9122282351850197,3.8693147180559944,3.7800000000000002,1.5,3.0,2.6,1.5,3.4,1.948,2.14,2.0,2.0,1.5831776616671935,0.6117426264566189
9.6,8.4842887639767,8.0,4.9937120585925845,10.0,2.5,3.1,3.316229303354408,11.069314718055994,12.1,4.188000000000001,3.0,2.6,1.5,3.4,12.7,14.3,2.0,3.8815999999999997,1.9541027560701913,0.7943260449729463
9.6,10.880742638181758,8.0,5.952297026703117,10.0,2.5,3.1,3.8913782331636217,11.069314718055994,12.1,14.3,3.0,2.6,1.5,3.4,12.7,14.3,2.0,13.2,2.2509201105459167,0.8500000000000001
8.9511734909191,7.680544756422898,8.0,4.432160784190933,2.56,2.5,3.1,2.979330741541496,4.469314718055995,4.74,2.7800000000000002,3.7,2.6,1.5,3.4,2.284,2.62,2.0,2.896,1.870925094402998,0.6435690384476475
8.425823063067423,7.258796555718782,8.0,4.5034786342837805,2.8,2.5,3.1,3.0221111733725077,5.0693147180559945,5.699999999999999,2.46,3.0,2.6,1.5,3.4,2.62,3.1,2.0,2.6719999999999997,1.839985601286746,0.6621651032285234
9.6,9.519572399326698,8.0,5.407828525018474,10.0,2.5,3.1,3.5646973758384073,11.069314718055994,12.1,3.9960000000000004,3.0,2.6,1.5,3.4,12.7,14.3,2.0,3.7472,1.9456286480045168,0.8500000000000001
8.684758827241614,7.426975550757305,8.0,4.570761654995439,3.12,2.5,3.1,3.0624741321817535,5.869314718055994,6.9799999999999995,1.692,3.0,2.6,1.5,3.4,3.068,3.7399999999999998,2.0,2.1344,1.6931325494920921,0.679697212261151
7.858916744667962,6.91102200409281,8.0,4.364328625247996,2.39888,2.5,3.1,2.938645280982274,4.066514718055994,4.09552,1.564,3.0,2.6,1.5,3.4,2.058432,2.2977600000000002,2.0,2.0448,1.6318334746401733,0.6237808212535599
5.530751275289654,5.312486406642135,8.0,3.7230241033682523,2.016,2.5,3.1,2.5549967375941125,3.1093147180559946,2.564,1.564,3.0,2.6,1.5,3.4,1.5224,1.532,2.0,2.0448,1.6318334746401733,0.45260295093107034
9.6,9.085088000766206,8.0,5.234034163755089,10.0,2.5,3.1,3.4604211201838893,11.069314718055994,12.1,1.756,3.0,2.6,1.5,3.4,12.7,14.3,2.0,2.1792,1.7150111363073666,0.8500000000000001
8.153392017021966,7.094622262867951,8.0,4.437793372729775,2.576,2.5,3.1,2.9827093430883083,4.509314718055994,4.804,1.6280000000000001,3.0,2.6,1.5,3.4,2.3064,2.652,2.0,2.0896,1.6663553233343869,0.6437192511525289
10.07107623880125,8.391365586177459,8.0,4.716532452298218,4.3216,2.5,3.1,3.1499277406825903,8.873314718055994,11.7864,2.652,3.7,2.6,1.5,3.4,4.75024,6.1432,2.0,2.8064,1.8594878728264788,0.7193957870021681
8.623769032163576,7.389932550431926,8.0,4.5559422580408935,3.04,2.5,3.1,3.0535838121036623,5.669314718055994,6.66,1.5,3.0,2.6,1.5,3.4,2.956,3.58,2.0,2.0,1.5831776616671935,0.6755676948860755
6.732077567337276,6.20012872265441,8.0,4.079718986907041,2.096,2.5,3.1,2.7680308934370585,3.3093147180559948,2.884,1.6280000000000001,3.0,2.6,1.5,3.4,1.6344,1.692,2.0,2.0896,1.6663553233343869,0.5474844186217948
7.744509942048749,6.800950979937583,8.0,4.3202804669167465,2.32,2.5,3.1,2.9122282351850197,3.8693147180559944,3.7800000000000002,3.612,3.0,2.6,1.5,3.4,1.948,2.14,2.0,3.4783999999999997,1.9266417673787295,0.6160345273262173
9.6,8.167667450959206,8.0,4.867060487193415,6.928,2.5,3.1,3.240240188230209,11.069314718055994,12.1,2.14,3.0,2.6,1.5,3.4,8.3992,11.356000000000002,2.0,2.448,1.7981887979745599,0.7599167407014482
8.107808625934917,7.066059386477903,8.0,4.426364957001439,2.544,2.5,3.1,2.9758542527546967,4.429314718055995,4.676,1.6280000000000001,3.0,2.6,1.5,3.4,2.2616,2.588,2.0,2.0896,1.6663553233343869,0.6406328757143434
9.281365244563876,7.796814017569822,8.0,4.718711974227405,4.34704,2.5,3.1,3.1512353642167574,8.936914718055993,11.88816,3.036,3.0,2.6,1.5,3.4,4.785855999999999,6.1940800000000005,2.0,3.0751999999999997,1.8909715845625779,0.7200924384340124
9.6,8.294603608633638,8.0,4.917836406114177,8.352319999999999,2.5,3.1,3.270704866072073,11.069314718055994,12.1,1.884,3.0,2.6,1.5,3.4,10.393248,14.204640000000001,2.0,2.2688,1.7495329850015804,0.7736216067642852
8.369837710583814,7.106284199117073,8.0,4.442459427645954,2.5896,2.5,3.1,2.9855082077880972,4.543314718055995,4.8584,1.5,3.0,2.6,1.5,3.4,2.32544,2.6792,2.0,2.0,1.5831776616671935,0.6448327616541125
8.413914537135124,7.258796555718782,8.0,4.5034786342837805,2.8,2.5,3.1,3.0221111733725077,5.0693147180559945,5.699999999999999,1.5,3.0,2.6,1.5,3.4,2.62,3.1,2.0,2.0,1.5831776616671935,0.6613587967851907
5.97781653893718,5.70582302592752,8.0,3.8814343542920238,2.03552,2.5,3.1,2.6493975262226046,3.1581147180559945,2.64208,1.692,3.0,2.6,1.5,3.4,1.549728,1.57104,2.0,2.1344,1.6931325494920921,0.49641466149053826
5.547579146504553,5.470821211304652,8.0,3.7868947866261387,2.02208,2.5,3.1,2.5929970907131166,3.1245147180559947,2.58832,1.5,3.0,2.6,1.5,3.4,1.530912,1.54416,2.0,2.0,1.5831776616671935,0.4672840047112458
5.25147855317427,3.3465735902799727,8.0,2.8,2.0,2.5,3.1,2.0831776616671935,3.0693147180559945,2.5,2.716,3.0,2.6,1.5,3.4,1.5,1.5,2.0,2.8512,1.8653426925268106,0.44723552703784114
6.513330845202129,3.946573590279973,8.0,2.8,2.0,2.5,3.1,2.0831776616671935,3.0693147180559945,2.5,3.676,3.7,2.6,1.5,3.4,1.5,1.5,2.0,3.5232,1.9300222726147331,0.47850677597722746
6.689033732567541,5.71705325229863,8.0,3.6439015410352216,2.01072,2.5,3.1,2.508092780551671,3.0961147180559947,2.54288,3.356,3.7,2.6,1.5,3.4,1.515008,1.52144,2.0,3.2992,1.9120784645382176,0.4904033256425939
9.6,8.409909141805151,8.0,4.963959656842057,10.0,2.5,3.1,3.2983781940332366,11.069314718055994,12.1,1.5,3.0,2.6,1.5,3.4,12.7,14.3,2.0,2.0,1.5831776616671935,0.7860724070613905
8.1944155751914,7.1203244316874565,8.0,4.4480770231032665,2.6064,2.5,3.1,2.9888778636049897,4.5853147180559946,4.925599999999999,1.6280000000000001,3.0,2.6,1.5,3.4,2.34896,2.7128,2.0,2.0896,1.6663553233343869,0.6464968879035844
10.098012996620632,8.407969402264792,8.0,4.723174428905778,4.4,2.5,3.1,3.15391265654355,9.069314718055994,12.1,2.7800000000000002,3.7,2.6,1.5,3.4,4.859999999999999,6.300000000000001,2.0,2.896,1.870925094402998,0.7212196299795219
3.0334075753824443,3.3465735902799727,8.0,2.8,2.0,2.5,3.1,2.0831776616671935,3.0693147180559945,2.5,1.564,3.0,2.6,1.5,3.4,1.5,1.5,2.0,2.0448,1.6318334746401733,0.2970536379165196
1.6,3.3465735902799727,8.0,2.8,2.0,2.5,3.1,2.0831776616671935,3.0693147180559945,2.5,1.5,3.0,2.6,1.5,3.4,1.5,1.5,2.0,2.0,1.5831776616671935,0.2
9.221080903360804,7.860791769858765,8.0,4.504276879206941,2.8032,2.5,3.1,3.0225900247661035,5.0773147180559945,5.7128,1.82,3.7,2.6,1.5,3.4,2.62448,3.1064,2.0,2.224,1.7335092178866376,0.6618440194983877
8.670674652445694,7.512422845513427,8.0,4.364889186175524,2.4,2.5,3.1,2.938981482923223,4.0693147180559945,4.1,1.948,3.7,2.6,1.5,3.4,2.06,2.3,2.0,2.3136,1.7636669492803463,0.6245769295926772
9.6,8.942251407205518,8.0,5.176899183586131,10.0,2.5,3.1,3.4261403377293242,11.069314718055994,12.1,1.884,3.0,2.6,1.5,3.4,12.7,14.3,2.0,2.2688,1.7495329850015804,0.8437547345480156
8.377924006900882,7.236307074009135,8.0,4.49448100172522,2.7648,2.5,3.1,3.0167136977621922,4.9813147180559945,5.5592,1.5,3.0,2.6,1.5,3.4,2.5707199999999997,3.0296000000000003,2.0,2.0,1.5831776616671935,0.6589219379672473
9.6,8.978812053331156,8.0,5.191523539293508,10.0,2.5,3.1,3.4349148927994775,11.069314718055994,12.1,1.82,3.0,2.6,1.5,3.4,12.7,14.3,2.0,2.224,1.7335092178866376,0.8477129716964289
7.8690958084361,6.912422845513428,8.0,4.364889186175524,2.4,2.5,3.1,2.938981482923223,4.0693147180559945,4.1,1.884,3.0,2.6,1.5,3.4,2.06,2.3,2.0,2.2688,1.7495329850015804,0.6244700286961942
8.744452683387173,7.550873759260072,8.0,4.380275470758523,2.432,2.5,3.1,2.9482097022224174,4.149314718055995,4.228,2.524,3.7,2.6,1.5,3.4,2.1048,2.364,2.0,2.7168,1.8468446109475396,0.6295723171043397
8.435888854926766,7.372694874805911,8.0,4.308972213731692,2.3024,2.5,3.1,2.9054467699534188,3.8253147180559948,3.7096,1.5,3.7,2.6,1.5,3.4,1.92336,2.1048,2.0,2.0,1.5831776616671935,0.6086799745523331
8.072321837274655,7.03918905181326,8.0,4.4156135763630875,2.51552,2.5,3.1,2.9694053724351823,4.358114718055995,4.56208,2.012,3.0,2.6,1.5,3.4,2.2217279999999997,2.53104,2.0,2.3584,1.7763102111592854,0.6382301243988049
9.6,8.844748594891788,8.0,5.137897761672368,10.0,2.5,3.1,3.402739662774029,11.069314718055994,12.1,2.8440000000000003,3.0,2.6,1.5,3.4,12.7,14.3,2.0,2.9408,1.876259305911498,0.833228292358625
10.4,10.329419235582158,8.0,5.49176740851919,10.0,2.5,3.1,3.6150606165397177,11.069314718055994,12.1,5.0200000000000005,3.7,2.6,1.5,3.4,12.7,14.3,2.0,4.464,1.985166152140146,0.8500000000000001
8.205360676352294,7.003517006096704,8.0,4.401340169088074,2.48,2.5,3.1,2.960844081463209,4.269314718055995,4.42,1.5,3.0,2.6,1.5,3.4,2.1719999999999997,2.46,2.0,2.0,1.5831776616671935,0.6336962957946866
5.266815150764888,3.946573590279973,8.0,2.8,2.0,2.5,3.1,2.0831776616671935,3.0693147180559945,2.5,1.948,3.7,2.6,1.5,3.4,1.5,1.5,2.0,2.3136,1.7636669492803463,0.3941072758330393
9.02315071379329,7.514529137378445,8.0,4.605787678448323,3.3344,2.5,3.1,3.0834869929708266,6.405314718055995,7.8376,1.5,3.0,2.6,1.5,3.4,3.3681599999999996,4.1688,2.0,2.0,1.5831776616671935,0.6890674962464207
7.7586144432923305,6.943554303933257,8.0,4.137172189413672,2.128,2.5,3.1,2.8024530329439816,3.3893147180559944,3.012,1.6280000000000001,3.7,2.6,1.5,3.4,1.6792,1.756,2.0,2.0896,1.6663553233343869,0.5628228529312516
9.01140817117249,7.631940569452106,8.0,4.6527572695363615,3.6876800000000003,2.5,3.1,3.111665736668505,7.288514718055994,9.250720000000001,1.564,3.0,2.6,1.5,3.4,3.862752,4.875360000000001,2.0,2.0448,1.6318334746401733,0.7018140949231375
2.4000000000000004,3.946573590279973,8.0,2.8,2.0,2.5,3.1,2.0831776616671935,3.0693147180559945,2.5,1.5,3.7,2.6,1.5,3.4,1.5,1.5,2.0,2.0,1.5831776616671935,0.2
8.019889720229129,7.003517006096704,8.0,4.401340169088074,2.48,2.5,3.1,2.960844081463209,4.269314718055995,4.42,2.204,3.0,2.6,1.5,3.4,2.1719999999999997,2.46,2.0,2.4928,1.8077939228953843,0.634680033140514
8.154498977209654,7.094622262867951,8.0,4.437793372729775,2.576,2.5,3.1,2.9827093430883083,4.509314718055994,4.804,1.692,3.0,2.6,1.5,3.4,2.3064,2.652,2.0,2.1344,1.6931325494920921,0.6437942015819037
9.045320041690873,7.652916176717702,8.0,4.661148291347887,3.76,2.5,3.1,3.1166998824122487,7.469314718055995,9.54,1.6280000000000001,3.0,2.6,1.5,3.4,3.964,5.0200000000000005,2.0,2.0896,1.6663553233343869,0.7041102111561528
5.8224917273844135,5.511940260423138,8.0,3.803455967362985,2.024,2.5,3.1,2.602865662501553,3.1293147180559946,2.596,2.076,3.0,2.6,1.5,3.4,1.5336,1.548,2.0,2.4032,1.7877474327358045,0.48589787737498635
6.780346173363272,6.117205362859186,8.0,4.046489603310104,2.08128,2.5,3.1,2.7481292870862046,3.2725147180559944,2.82512,3.2920000000000003,3.0,2.6,1.5,3.4,1.6137920000000001,1.66256,2.0,3.2544,1.9081436857994587,0.5507526054881382
8.251109465306769,7.257276416162039,8.0,4.262777366326692,2.24,2.5,3.1,2.8777463398788896,3.6693147180559946,3.46,1.5,3.7,2.6,1.5,3.4,1.8359999999999999,1.98,2.0,2.0,1.5831776616671935,0.5961688700468125
3.818070977791825,3.3465735902799727,8.0,2.8,2.0,2.5,3.1,2.0831776616671935,3.0693147180559945,2.5,1.692,3.0,2.6,1.5,3.4,1.5,1.5,2.0,2.1344,1.6931325494920921,0.3501818891213215
9.6,8.0641947784326,8.0,4.825669925268861,6.00672,2.5,3.1,3.215406746823824,11.069314718055994,12.1,6.364000000000001,3.0,2.6,1.5,3.4,7.109407999999999,9.513440000000001,2.0,5.4048,2.022805059202751,0.7494346842339958
9.488923199616039,7.928905019519738,8.0,4.771551540165991,5.0568,2.5,3.1,3.182937204684737,10.711314718055993,12.1,2.332,3.0,2.6,1.5,3.4,5.77952,7.613600000000001,2.0,2.5824,1.8249660241322652,0.7341458416406694
7.539332224833622,6.7048709770404615,8.0,4.281827288784026,2.2640000000000002,2.5,3.1,2.8891690344897105,3.7293147180559947,3.556,1.82,3.0,2.6,1.5,3.4,1.8696,2.028,2.0,2.224,1.7335092178866376,0.6021422860564432
8.975122882109336,7.605270175989425,8.0,4.642088073395303,3.6,2.5,3.1,3.105264842237462,7.0693147180559945,8.899999999999999,2.588,3.0,2.6,1.5,3.4,3.7399999999999998,4.7,2.0,2.7616,1.8533326774999728,0.699357278476153
10.4,8.814137625659086,8.0,4.885649133366456,7.408,2.5,3.1,3.2513930301581806,11.069314718055994,12.1,5.788,3.7,2.6,1.5,3.4,9.071200000000001,12.316,2.0,5.0016,2.008092780551671,0.7653975071803412
9.45373347685568,7.899119070908515,8.0,4.759636518178141,4.88,2.5,3.1,3.175788577018044,10.269314718055993,12.1,5.9159999999999995,3.0,2.6,1.5,3.4,5.532,7.260000000000001,2.0,5.091200000000001,2.011521585244958,0.7317632041621034
9.6,8.154509662544417,8.0,4.861797198684417,6.8,2.5,3.1,3.23708231901066,11.069314718055994,12.1,3.9960000000000004,3.0,2.6,1.5,3.4,8.219999999999999,11.100000000000001,2.0,3.7472,1.9456286480045168,0.7587543403140571
6.7095034554901165,6.194280702772815,8.0,4.077375863872529,2.09488,2.5,3.1,2.7666273686654757,3.3065147180559946,2.87952,1.5,3.0,2.6,1.5,3.4,1.632832,1.68976,2.0,2.0,1.5831776616671935,0.5459559631321433
6.912945735792473,6.28753792029981,8.0,4.114736033392129,2.1144,2.5,3.1,2.7890091008719544,3.3553147180559946,2.9576000000000002,2.14,3.0,2.6,1.5,3.4,1.66016,1.7288000000000001,2.0,2.448,1.7981887979745599,0.5597307008609487
5.763754095512773,4.639720770839918,8.0,3.1891820298110627,2.00096,2.5,3.1,2.24953298500158,3.0717147180559947,2.50384,2.268,3.7,2.6,1.5,3.4,1.501344,1.50192,2.0,2.5376,1.816686879553831,0.427754183550344
8.235439687085789,7.147274757571839,8.0,4.458859921771447,2.64,2.5,3.1,2.9953459418172415,4.669314718055994,5.0600000000000005,1.5,3.0,2.6,1.5,3.4,2.396,2.7800000000000002,2.0,2.0,1.5831776616671935,0.6492745621464335
9.23288400917004,7.8612893318462875,8.0,4.504475943620708,2.8040000000000003,2.5,3.1,3.022709439643109,5.079314718055994,5.716,2.716,3.7,2.0,1.5,3.4,2.6256,3.558244872760404,2.0,2.8512,1.8653426925268106,0.6626431881208881
7.567471116176236,6.729957383120553,8.0,4.291867779044059,2.2776,2.5,3.1,2.8951897719489326,3.7633147180559945,3.6104000000000003,1.5,3.0,2.6,1.5,3.4,1.88864,2.0552,2.0,2.0,1.5831776616671935,0.6040475234910994
6.864511309827959,6.212434511952694,8.0,4.084649392706704,2.0984,2.5,3.1,2.7709842828686466,3.3153147180559945,2.8936,2.8440000000000003,3.0,2.0,1.5,3.4,1.63776,2.143061989765496,2.0,2.9408,1.876259305911498,0.5564512866029347
4.745460506179461,3.3465735902799727,8.0,2.8,2.0,2.5,3.1,2.0831776616671935,3.0693147180559945,2.5,2.14,3.0,2.0,1.5,3.4,1.5,1.9410154594043179,2.0,2.448,1.7981887979745599,0.4129738884392343
8.816408559753524,7.49372339470859,8.0,4.597464362570025,3.2800000000000002,2.5,3.1,3.0784936147300614,6.269314718055995,7.62,4.956,3.0,2.0,1.5,3.4,3.292,4.504703895937999,2.0,4.4192,1.983042202888218,0.6886109962333116
5.915559323737952,5.145521226679158,8.0,3.4089044875446843,2.0032,2.5,3.1,2.370925094402998,3.0773147180559945,2.5128,2.268,3.7,2.6,1.5,3.4,1.50448,1.5064,2.0,2.5376,1.816686879553831,0.43803266254475715
10.256562872845766,8.487315465205562,8.0,4.7549148104885575,4.8128,2.5,3.1,3.172955711649335,10.101314718055994,12.1,12.124,3.7,2.0,1.5,3.4,5.43792,7.575674317405796,2.0,9.4368,2.1148756775283912,0.7319547778489321
9.6,8.501066586991014,8.0,5.0004233015464035,10.0,2.5,3.1,3.3202559808778433,11.069314718055994,12.1,1.564,3.0,2.0,1.5,3.4,12.7,14.71948140998691,2.0,2.0448,1.6318334746401733,0.7959524911277476
5.936427999417829,5.712475008740702,8.0,3.884106999854457,2.036,2.5,3.1,2.650994002097768,3.1593147180559944,2.644,1.5,3.0,2.6,1.5,3.4,1.5504,1.572,2.0,2.0,1.5831776616671935,0.4936123124605822
8.529643898634346,7.206138510733338,8.0,4.4824109746585865,2.7199999999999998,2.5,3.1,3.0094732425760014,4.869314718055994,5.38,1.5,3.0,2.6,1.5,3.4,2.508,2.9400000000000004,2.0,2.0,1.5831776616671935,0.6556529723033673
7.203179309378143,6.50244099485643,8.0,4.200794827344536,2.176,2.5,3.1,2.840585838765543,3.5093147180559945,3.2039999999999997,1.5,3.0,2.6,1.5,3.4,1.7464,2.1919973464959357,2.0,2.0,1.5831776616671935,0.5793819324058118
6.598434299606744,6.124987621129741,8.0,4.0496085749016855,2.08256,2.5,3.1,2.749997029071138,3.2757147180559945,2.83024,1.5,3.0,2.0,1.5,3.4,1.615584,2.156254594999247,2.0,2.0,1.5831776616671935,0.53843565570254
9.6,8.909384556523406,8.0,5.1637523496004105,10.0,2.5,3.1,3.4182522935656174,11.069314718055994,12.1,1.5,3.0,2.6,1.5,3.4,12.7,14.698448941853554,2.0,2.0,1.5831776616671935,0.8401829280167779
9.6,8.619257467355844,8.0,5.047700355415328,10.0,2.5,3.1,3.3486217921654027,11.069314718055994,12.1,1.5,3.0,2.6,1.5,3.4,12.7,14.3,2.0,2.0,1.5831776616671935,0.8087521795916515
6.579646743420287,6.113268334643733,8.0,4.044911685855072,2.08064,2.5,3.1,2.747184400314496,3.2709147180559945,2.82256,1.5,3.0,2.6,1.5,3.4,1.612896,1.66128,2.0,2.0,1.5831776616671935,0.5371635815857487
9.6,8.8724073306995,8.0,5.148961346205533,10.0,2.5,3.1,3.4093777593678802,11.069314718055994,12.1,3.1,3.0,2.6,1.5,3.4,12.7,14.654372061834325,2.0,3.12,1.8955004239205195,0.8362307001029463
5.688699091338649,3.946573590279973,8.0,2.8,2.0,2.5,3.1,2.0831776616671935,3.0693147180559945,2.5,2.268,3.7,2.6,1.5,3.4,1.5,1.8949437948479233,2.0,2.5376,1.816686879553831,0.4226723343093877
9.6,8.830681355659591,8.0,5.1322708181482,10.0,2.5,3.1,3.399363525358302,11.069314718055994,12.1,2.012,3.0,2.6,1.5,3.4,12.7,14.467203648642327,2.0,2.3584,1.7763102111592854,0.8316753546954629
1.6,3.3465735902799727,8.0,2.8,2.0,2.5,3.1,2.0831776616671935,3.0693147180559945,2.5,1.5,3.0,2.6,1.5,3.4,1.5,1.5,2.0,2.0,1.5831776616671935,0.2
1.6,3.3465735902799727,8.0,2.8,2.0,2.5,3.1,2.0831776616671935,3.0693147180559945,2.5,1.5,3.0,2.6,1.5,3.4,1.5,1.5,2.0,2.0,1.5831776616671935,0.2
8.968352293581214,7.605270175989425,8.0,4.642088073395303,3.6,2.5,3.1,3.105264842237462,7.0693147180559945,8.899999999999999,1.5,3.0,2.6,1.5,3.4,3.7399999999999998,4.7,2.0,2.0,1.5831776616671935,0.698898853211228
10.124584858365333,8.427897564150253,8.0,4.731146214591333,4.4976,2.5,3.1,3.1586954153960605,9.313314718055993,12.1,1.5,3.7,2.6,1.5,3.4,4.996639999999999,6.837158171016898,2.0,2.0,1.5831776616671935,0.7230187664518195
8.076051501829706,7.145871057547576,8.0,4.218181964415996,2.192,2.5,3.1,2.8510090538114183,3.5493147180559945,3.268,1.564,3.7,2.6,1.5,3.4,1.7688,1.884,2.0,2.0448,1.6318334746401733,0.584315987103053
8.498913557209256,7.4009509799375826,8.0,4.3202804669167465,2.32,2.5,3.1,2.9122282351850197,3.8693147180559944,3.7800000000000002,2.076,3.7,2.6,1.5,3.4,1.948,2.14,2.0,2.4032,1.7877474327358045,0.6129472721027102
8.414713977593376,7.258796555718782,8.0,4.5034786342837805,2.8,2.5,3.1,3.0221111733725077,5.0693147180559945,5.699999999999999,1.564,3.0,2.6,1.5,3.4,2.62,3.29762980473905,2.0,2.0448,1.6318334746401733,0.6614129255662181
7.45110946530677,6.6572764161620395,8.0,4.262777366326692,2.24,2.5,3.1,2.8777463398788896,3.6693147180559946,3.46,1.5,3.0,2.6,1.5,3.4,1.8359999999999999,1.98,2.0,2.0,1.5831776616671935,0.5961688700468125
7.369794771412965,6.454876640822405,8.0,4.181750955863044,2.16,2.5,3.1,2.8291703937973773,3.4693147180559945,3.14,2.204,3.0,2.6,1.5,3.4,1.724,1.82,2.0,2.4928,1.8077939228953843,0.5771215209810863
8.256163678063103,7.160224056978279,8.0,4.464040919515776,2.6568,2.5,3.1,2.998453773674787,4.711314718055994,5.1272,1.5,3.0,2.6,1.5,3.4,2.41952,2.991186973479653,2.0,2.0,1.5831776616671935,0.6506777490355227
8.413914537135124,7.258796555718782,8.0,4.5034786342837805,2.8,2.5,3.1,3.0221111733725077,5.0693147180559945,5.699999999999999,1.5,3.0,2.6,1.5,3.4,2.62,3.4150141131903275,2.0,2.0,1.5831776616671935,0.6613587967851907
9.6,8.202161722336374,8.0,4.880858628603959,7.28,2.5,3.1,3.24851881336073,11.069314718055994,12.1,1.82,3.0,2.6,1.5,3.4,8.892,12.371236773912381,2.0,2.224,1.7335092178866376,0.7636068971554091
6.1656882117991,5.855213508687434,8.0,3.9414220529497754,2.048,2.5,3.1,2.685251242084984,3.1893147180559946,2.692,1.5,3.0,2.0,1.5,3.4,1.5672,2.1251364371121952,2.0,2.0,1.5831776616671935,0.5091351393405641
6.405082527681387,5.998226044309511,8.0,3.998792285461314,2.064,2.5,3.1,2.719574250634283,3.2293147180559947,2.7560000000000002,1.564,3.0,2.0,1.5,3.4,1.5896,2.1197964261364888,2.0,2.0448,1.6318334746401733,0.5253441294784271
5.842643926447261,5.654133848700603,8.0,3.860660981611815,2.032,2.5,3.1,2.6369921236881444,3.1493147180559946,2.628,1.5,3.0,2.0,1.5,3.4,1.5448,2.0547900387661215,2.0,2.0,1.5831776616671935,0.48726234918653333
7.127003823452176,6.454876640822405,8.0,4.181750955863044,2.16,2.5,3.1,2.8291703937973773,3.4693147180559945,3.14,1.5,3.0,2.0,1.5,3.4,1.724,2.3198667971771805,2.0,2.0,1.5831776616671935,0.5742242172129077
7.681121867666986,6.800950979937583,8.0,4.3202804669167465,2.32,2.5,3.1,2.9122282351850197,3.8693147180559944,3.7800000000000002,1.5,3.0,2.0,1.5,3.4,1.948,2.6375302805506613,2.0,2.0,1.5831776616671935,0.6117426264566189
6.051616325858156,3.3465735902799727,8.0,2.8,2.0,2.5,3.1,2.0831776616671935,3.0693147180559945,2.5,4.828,3.0,2.6,1.5,3.4,1.5,1.8034317593799893,2.0,4.329599999999999,1.9786780855877129,0.5014115220633126
9.6,8.735342899681175,8.0,5.094135073572679,10.0,2.5,3.1,3.3764822959234824,11.069314718055994,12.1,2.652,3.0,2.0,1.5,3.4,12.7,14.83739854454561,2.0,2.8064,1.8594878728264788,0.8213790790583779
9.012392973152824,7.627800251690523,8.0,4.651100984786112,3.6737599999999997,2.5,3.1,3.1106720604057254,7.253714718055995,9.195039999999999,2.8440000000000003,3.0,2.6,1.5,3.4,3.8432639999999996,4.84752,2.0,2.9408,1.876259305911498,0.7018807742238893
8.985681491006156,7.6057198837097415,8.0,4.642267974461853,3.60144,2.5,3.1,3.105372772090338,7.072914718055994,8.90576,4.188000000000001,3.0,2.6,1.5,3.4,3.742016,4.70288,2.0,3.8815999999999997,1.9541027560701913,0.7000721842868751
8.692136335721418,7.426975550757305,8.0,4.570761654995439,3.12,2.5,3.1,3.0624741321817535,5.869314718055994,6.9799999999999995,2.524,3.0,2.6,1.5,3.4,3.068,3.7399999999999998,2.0,2.7168,1.8468446109475396,0.6801967310644711
9.6,8.258010514550914,8.0,4.903198785986484,7.904,2.5,3.1,3.261922523492219,11.069314718055994,12.1,2.9080000000000004,3.0,2.0,1.5,3.4,9.7656,13.72416790973677,2.0,2.9856,1.8813664596417534,0.769777565756727
9.930690276235335,8.29641429077473,8.0,4.678549051726288,3.92,2.5,3.1,3.127139429785935,7.869314718055994,10.18,4.7,3.7,2.0,1.5,3.4,4.188,5.749690252537617,2.0,4.24,1.9741492462297714,0.7098904874534342
9.6,9.253092322680242,8.0,5.301236188335472,10.0,2.5,3.1,3.5007421574432582,11.069314718055994,12.1,1.884,3.0,2.0,1.5,3.4,12.7,14.712025895975566,2.0,2.2688,1.7495329850015804,0.8500000000000001
7.864658396108252,6.895348015587369,8.0,4.358056476140697,2.3865600000000002,2.5,3.1,2.9348835237409685,4.035714718055995,4.04624,2.7800000000000002,3.0,2.0,1.5,3.4,2.041184,2.7470495053048785,2.0,2.896,1.870925094402998,0.6241695789031629
8.235439687085789,7.147274757571839,8.0,4.458859921771447,2.64,2.5,3.1,2.9953459418172415,4.669314718055994,5.0600000000000005,1.5,3.0,2.0,1.5,3.4,2.396,3.265786857106927,2.0,2.0,1.5831776616671935,0.6492745621464335
6.536387196030521,3.946573590279973,8.0,2.8,2.0,2.5,3.1,2.0831776616671935,3.0693147180559945,2.5,3.7399999999999998,3.7,2.6,1.5,3.4,1.5,1.9056166698984363,2.0,3.568,1.9333101495173068,0.48006788306456655
9.6,9.391345813897956,8.0,5.356537763763797,10.0,2.5,3.1,3.5339229953355096,11.069314718055994,12.1,5.148,3.0,2.0,1.5,3.4,12.7,14.715404480024056,2.0,4.553599999999999,1.9893044932686863,0.8500000000000001
9.6,10.07955084039653,8.0,5.631820194314792,10.0,2.5,3.1,3.699092201695167,11.069314718055994,12.1,1.6280000000000001,3.0,2.0,1.5,3.4,12.7,14.712902121662745,2.0,2.0896,1.6663553233343869,0.8500000000000001
9.6,10.670786256808633,8.0,5.868314459245433,10.0,2.5,3.1,3.8409887016340716,11.069314718055994,12.1,2.8440000000000003,3.0,2.6,1.5,3.4,12.7,14.69942530858532,2.0,2.9408,1.876259305911498,0.8500000000000001
8.432102530158987,7.258796555718782,8.0,4.5034786342837805,2.8,2.5,3.1,3.0221111733725077,5.0693147180559945,5.699999999999999,2.9720000000000004,3.0,2.6,1.5,3.4,2.62,3.5059572032867066,2.0,3.0304,1.886265098984184,0.6625902754795148
9.6,10.615682103381243,8.0,5.846272792808825,10.0,2.5,3.1,3.827763704811498,11.069314718055994,12.1,3.42,3.0,2.0,1.5,3.4,12.7,14.744561283258525,2.0,3.344,1.9158883083359672,0.8500000000000001
9.6,10.340257787184765,8.0,5.736103030664,10.0,2.5,3.1,3.7616618689243433,11.069314718055994,12.1,3.356,3.0,2.0,1.5,3.4,12.7,14.71679313433429,2.0,3.2992,1.9120784645382176,0.8500000000000001
7.276051501829706,6.5458710575475765,8.0,4.218181964415996,2.192,2.5,3.1,2.8510090538114183,3.5493147180559945,3.268,1.564,3.0,2.0,1.5,3.4,1.7688,2.3452348693058775,2.0,2.0448,1.6318334746401733,0.584315987103053
5.864586672229065,3.946573590279973,8.0,2.8,2.0,2.5,3.1,2.0831776616671935,3.0693147180559945,2.5,2.46,3.7,2.0,1.5,3.4,1.5,1.946893836098199,2.0,2.6719999999999997,1.839985601286746,0.4345813892655096
9.6,9.382897071081974,8.0,5.3531582570638045,10.0,2.5,3.1,3.5318952970596738,11.069314718055994,12.1,1.692,3.0,2.0,1.5,3.4,12.7,14.732904096572701,2.0,2.1344,1.6931325494920921,0.8500000000000001
9.6,10.075992111577946,8.0,5.630396701774189,10.0,2.5,3.1,3.6982381067787076,11.069314718055994,12.1,2.14,3.0,2.6,1.5,3.4,12.7,14.693824623014365,2.0,2.448,1.7981887979745599,0.8500000000000001
9.528370533018043,7.951893753772563,8.0,4.780747504258267,5.20064,2.5,3.1,3.188454500905415,11.069314718055994,12.1,3.228,3.0,2.6,1.5,3.4,5.9808959999999995,8.300295135944923,2.0,3.2096,1.9040754995983769,0.7368167548397633
9.6,9.154014436584717,8.0,5.261604871562768,10.0,2.5,3.1,3.476963464780332,11.069314718055994,12.1,11.100000000000001,3.0,2.6,1.5,3.4,12.7,14.532621817281191,2.0,8.719999999999999,2.102865662501553,0.8500000000000001
8.418699240393055,7.258796555718782,8.0,4.5034786342837805,2.8,2.5,3.1,3.0221111733725077,5.0693147180559945,5.699999999999999,1.884,3.0,2.6,1.5,3.4,2.62,3.307040187291619,2.0,2.2688,1.7495329850015804,0.6616827610682798
1.6,3.3465735902799727,8.0,2.8,2.0,2.5,3.1,2.0831776616671935,3.0693147180559945,2.5,1.5,3.0,2.6,1.5,3.4,1.5,1.5,2.0,2.0,1.5831776616671935,0.2
7.4564215698181915,6.6572764161620395,8.0,4.262777366326692,2.24,2.5,3.1,2.8777463398788896,3.6693147180559946,3.46,1.6280000000000001,3.0,2.6,1.5,3.4,1.8359999999999999,1.98,2.0,2.0896,1.6663553233343869,0.5965285437897734
8.280154920576054,7.171657940702473,8.0,4.468615574233876,2.672,2.5,3.1,3.0011979057685934,4.749314718055994,5.188000000000001,1.884,3.0,2.0,1.5,3.4,2.4408,3.3351345949992472,2.0,2.2688,1.7495329850015804,0.6523021560806703
5.602872152885092,5.381086967398878,8.0,3.7507180382212733,2.0184,2.5,3.1,2.571460872175731,3.1153147180559944,2.5736,1.5,3.0,2.6,1.5,3.4,1.52576,1.5368,2.0,2.0,1.5831776616671935,0.45748613535159477
8.519238747108215,7.44959247166938,8.0,4.579809686777054,3.17184,2.5,3.1,3.067902193200651,5.998914718055995,7.88736,1.5,3.0,2.6,1.5,3.4,3.140576,3.8436800000000004,2.7,2.0,1.5831776616671935,0.6820317901687853
10.4,9.272265240852109,8.0,5.068903729518953,10.0,2.5,3.1,3.3613436578045066,11.069314718055994,12.1,14.3,3.7,2.0,1.5,3.4,12.7,14.756526933717794,2.0,13.2,2.1761747523803097,0.8153785261807853
8.209014520462118,7.130763224198234,8.0,4.452253630115529,2.6192,2.5,3.1,2.9913831738075762,4.617314718055995,4.9768,1.5,3.0,2.6,1.5,3.4,2.36688,2.7384000000000004,2.0,2.0,1.5831776616671935,0.6474853581562893
8.490874948562041,7.30643347074226,8.0,4.522537034575092,2.88,2.5,3.1,3.033544032978142,5.269314718055995,6.02,1.564,3.0,2.6,1.5,3.4,2.732,3.469870496885339,2.0,2.0448,1.6318334746401733,0.6665696579755549
8.151173490919101,7.094622262867951,8.0,4.437793372729775,2.576,2.5,3.1,2.9827093430883083,4.509314718055994,4.804,1.5,3.0,2.6,1.5,3.4,2.3064,2.652,2.0,2.0,1.5831776616671935,0.6435690384476475
9.6,8.481263533042206,8.0,4.992501945299455,10.0,2.5,3.1,3.3155032479301294,11.069314718055994,12.1,2.524,3.0,2.6,1.5,3.4,12.7,14.446560267154322,2.0,2.7168,1.8468446109475396,0.7938776969802861
9.952335851433205,8.21004633170943,8.0,4.643998725800865,3.61536,2.5,3.1,3.106411119610263,7.107714718055995,8.96144,14.3,3.7,2.6,1.5,3.4,3.7615039999999995,5.0266495081642075,2.0,13.2,2.245752971810663,0.7113560732741233
8.953822583326218,7.49372339470859,8.0,4.597464362570025,3.2800000000000002,2.5,3.1,3.0784936147300614,6.269314718055995,7.62,14.3,3.0,2.6,1.5,3.4,3.292,4.288872522797668,2.0,13.2,2.208316000008164,0.6979150707460461
6.532334283385136,6.056841089916116,8.0,4.0222934679005355,2.072,2.5,3.1,2.733641861579868,3.2493147180559947,2.788,1.82,3.0,2.6,1.5,3.4,1.6008,1.644,2.0,2.224,1.7335092178866376,0.5339601337708686
8.56107712243133,7.349924013000156,8.0,4.539936280197903,2.96,2.5,3.1,3.0439817631200374,5.469314718055995,6.34,1.6280000000000001,3.0,2.6,1.5,3.4,2.844,3.42,2.0,2.0896,1.6663553233343869,0.6713229301646213
8.968352293581214,7.605270175989425,8.0,4.642088073395303,3.6,2.5,3.1,3.105264842237462,7.0693147180559945,8.899999999999999,1.5,3.0,2.6,1.5,3.4,3.7399999999999998,5.010509121129928,2.0,2.0,1.5831776616671935,0.698898853211228
9.6,8.272697034451237,8.0,4.909073550830349,8.08,2.5,3.1,3.265447288268297,11.069314718055994,12.1,1.6280000000000001,3.0,2.6,1.5,3.4,10.011999999999999,13.991743242763626,2.0,2.0896,1.6663553233343869,0.7712216721522627
9.6,9.399149719229158,8.0,5.3596593345966115,10.0,2.5,3.1,3.5357959326149975,11.069314718055994,12.1,6.620000000000001,3.0,2.6,1.5,3.4,12.7,14.5157914579882,2.0,5.584,2.0288063096717104,0.8500000000000001
6.001006568435782,5.710267499636143,8.0,3.883220080440884,2.03584,2.5,3.1,2.6504641999126743,3.1589147180559944,2.64336,1.756,3.0,2.6,1.5,3.4,1.550176,1.9290974560810545,2.0,2.1792,1.7150111363073666,0.4979848197378394
6.718875947628167,6.20012872265441,8.0,4.079718986907041,2.096,2.5,3.1,2.7680308934370585,3.3093147180559948,2.884,1.5,3.0,2.0,1.5,3.4,1.6344,2.162932444279599,2.0,2.0,1.5831776616671935,0.5465905589539903
7.1389029025107416,6.454876640822405,8.0,4.181750955863044,2.16,2.5,3.1,2.8291703937973773,3.4693147180559945,3.14,1.692,3.0,2.0,1.5,3.4,1.724,2.311134594999247,2.0,2.1344,1.6931325494920921,0.5750298840241648
5.2086876052134805,5.26089428852452,8.0,3.7021719013033696,2.0144,2.5,3.1,2.542614629245885,3.1053147180559946,2.5576,1.5,3.0,2.6,1.5,3.4,1.52016,1.5288,2.0,2.0,1.5831776616671935,0.4443382232696627
8.806692456250335,7.603517006096704,8.0,4.401340169088074,2.48,2.5,3.1,2.960844081463209,4.269314718055995,4.42,1.564,3.7,2.0,1.5,3.4,2.1719999999999997,2.926492367946798,2.0,2.0448,1.6318334746401733,0.6337864683919499
7.2727278576639875,6.5458710575475765,8.0,4.218181964415996,2.192,2.5,3.1,2.8510090538114183,3.5493147180559945,3.268,1.5,3.0,2.6,1.5,3.4,1.7688,1.884,2.0,2.0,1.5831776616671935,0.5840909486959991
9.6,8.23158024084805,8.0,4.892626382298393,7.6,2.5,3.1,3.2555792578035323,11.069314718055994,12.1,1.5,3.0,2.6,1.5,3.4,9.34,12.958199516857224,2.0,2.0,1.5831776616671935,0.7667529785391483
8.162720846662767,7.226807104886683,8.0,4.490680211665691,2.7504,2.5,3.1,3.014433705172804,4.945314718055994,6.2016,1.5,3.0,2.6,1.5,3.4,2.55056,3.0008,2.7,2.0,1.5831776616671935,0.6578925573261248
10.325425695588446,8.552043686304048,8.0,4.7808074802683125,5.2016,2.5,3.1,3.1884904847129714,11.069314718055994,12.1,2.204,3.7,2.6,1.5,3.4,5.98224,8.274501808196213,2.0,2.4928,1.8077939228953843,0.7366173648054677
7.461698633807433,6.6572764161620395,8.0,4.262777366326692,2.24,2.5,3.1,2.8777463398788896,3.6693147180559946,3.46,1.756,3.0,2.6,1.5,3.4,1.8359999999999999,1.98,2.0,2.1792,1.7150111363073666,0.5968858449973784
9.6,8.18677683991441,8.0,4.874704486258719,7.12,2.5,3.1,3.2448264415794585,11.069314718055994,12.1,1.5,3.0,2.6,1.5,3.4,8.668,11.740000000000002,2.0,2.0,1.5831776616671935,0.7618991316950696
6.0920964134730085,3.946573590279973,8.0,2.8,2.0,2.5,3.1,2.0831776616671935,3.0693147180559945,2.5,2.7800000000000002,3.7,2.6,1.5,3.4,1.5,1.8642474714602164,2.0,2.896,1.870925094402998,0.4499856946622349
9.6,9.5651677576498,8.0,5.426066706235704,10.0,2.5,3.1,3.575640261835952,11.069314718055994,12.1,2.8440000000000003,3.0,2.0,1.5,3.4,12.7,14.71472697159039,2.0,2.9408,1.876259305911498,0.8500000000000001
10.097748069638708,8.407969402264792,8.0,4.723174428905778,4.4,2.5,3.1,3.15391265654355,9.069314718055994,12.1,2.716,3.7,2.0,1.5,3.4,4.859999999999999,6.740389998202371,2.0,2.8512,1.8653426925268106,0.721201692215121
9.6,8.756472732385117,8.0,5.102587092984046,10.0,2.5,3.1,3.3815534557724276,11.069314718055994,12.1,4.188000000000001,3.0,2.0,1.5,3.4,12.7,14.719132125791779,2.0,3.8815999999999997,1.9541027560701913,0.8237309672775237
5.689590230685235,3.3465735902799727,8.0,2.8,2.0,2.5,3.1,2.0831776616671935,3.0693147180559945,2.5,3.612,3.0,2.6,1.5,3.4,1.5,1.875524543995765,2.0,3.4783999999999997,1.9266417673787295,0.47689933853597943
9.6,8.409909141805151,8.0,4.963959656842057,10.0,2.5,3.1,3.2983781940332366,11.069314718055994,12.1,1.5,3.0,2.6,1.5,3.4,12.7,14.3,2.0,2.0,1.5831776616671935,0.7860724070613905
9.6,10.600910834471943,8.0,5.840364283789609,10.0,2.5,3.1,3.8242186002732663,11.069314718055994,12.1,14.3,3.0,2.6,1.5,3.4,12.7,14.681691171535027,2.0,13.2,2.2036357410717713,0.8500000000000001
9.549383109052744,7.95179377376823,8.0,4.780707510257234,5.2,2.5,3.1,3.188430505704375,11.069314718055994,12.1,10.14,3.0,2.6,1.5,3.4,5.9799999999999995,7.9,2.0,8.048,2.090397711099375,0.7382394813421129
9.6,9.305772210141392,8.0,5.322308217393223,10.0,2.5,3.1,3.513385330433934,11.069314718055994,12.1,9.82,3.0,2.0,1.5,3.4,12.7,14.710207851620872,2.0,7.824,2.0859362307103644,0.8500000000000001
8.840231187062365,7.518112525864663,8.0,4.607221205072969,3.3440000000000003,2.5,3.1,3.084347006207519,6.429314718055994,7.876,3.036,3.0,2.6,1.5,3.4,3.3815999999999997,4.582145410187853,2.0,3.0751999999999997,1.8909715845625779,0.6902239866240143
7.020292872749113,6.343554303933257,8.0,4.137172189413672,2.128,2.5,3.1,2.8024530329439816,3.3893147180559944,3.012,2.46,3.0,2.0,1.5,3.4,1.6792,2.2025783121612106,2.0,2.6719999999999997,1.839985601286746,0.566998996592388
9.6,10.25432936926186,8.0,5.701731647704819,10.0,2.5,3.1,3.741039048622846,11.069314718055994,12.1,13.340000000000002,3.0,2.6,1.5,3.4,12.7,14.668711041881574,2.0,10.288,2.12773303402255,0.8500000000000001
6.430296735937709,5.372466064181625,8.0,3.7472396896788993,2.01808,2.5,3.1,2.56939185540359,3.1145147180559944,2.57232,5.404,3.0,2.6,1.5,3.4,1.525312,1.53616,2.0,4.732799999999999,1.9971761671669839,0.5270513414957825
6.622491727384414,3.946573590279973,8.0,2.8,2.0,2.5,3.1,2.0831776616671935,3.0693147180559945,2.5,3.9960000000000004,3.7,2.6,1.5,3.4,1.5,1.5,2.0,3.7472,1.9456286480045168,0.48589787737498635
9.041679037772578,7.643743290576419,8.0,4.657478800283695,3.7279999999999998,2.5,3.1,3.1144983897383405,7.389314718055995,9.411999999999999,3.548,3.0,2.6,1.5,3.4,3.9192,5.261727407634995,2.0,3.4336,1.9231632629539392,0.703863684849185
5.862300935031666,3.3465735902799727,8.0,2.8,2.0,2.5,3.1,2.0831776616671935,3.0693147180559945,2.5,4.1240000000000006,3.0,2.6,1.5,3.4,1.5,1.8727675400043156,2.0,3.8368,1.9513440138832274,0.48859329247610234
9.6,9.16193228501797,8.0,5.264772025124225,10.0,2.5,3.1,3.478863748404313,11.069314718055994,12.1,4.508,3.0,2.6,1.5,3.4,12.7,14.639584940975034,2.0,4.1056,1.9670184357732752,0.8500000000000001
10.4,10.267516534423983,8.0,5.467006290400083,10.0,2.5,3.1,3.600203968261756,11.069314718055994,12.1,14.3,3.7,2.6,1.5,3.4,12.7,14.3,2.0,12.572799999999999,2.156672480840577,0.8500000000000001
8.413914537135124,7.258796555718782,8.0,4.5034786342837805,2.8,2.5,3.1,3.0221111733725077,5.0693147180559945,5.699999999999999,1.5,3.0,2.6,1.5,3.4,2.62,3.1547818663663945,2.0,2.0,1.5831776616671935,0.6613587967851907
10.226636293766179,8.48614813842189,8.0,4.754447853185235,4.80624,2.5,3.1,3.1726755532212536,10.084914718055993,12.1,3.9960000000000004,3.7,2.6,1.5,3.4,5.428735999999999,7.20342357590966,2.0,3.7472,1.9456286480045168,0.7299284990570851
6.062300935031665,3.3465735902799727,8.0,2.8,2.0,2.5,3.1,2.0831776616671935,3.0693147180559945,2.5,4.1240000000000006,3.0,2.6,1.5,3.4,1.5,1.5,2.0,3.8368,1.9513440138832274,0.48859329247610234
8.975915667824797,7.605270175989425,8.0,4.642088073395303,3.6,2.5,3.1,3.105264842237462,7.0693147180559945,8.899999999999999,2.716,3.0,2.6,1.5,3.4,3.7399999999999998,4.957564191474289,2.0,2.8512,1.8653426925268106,0.6994109566756372
10.4,8.741526743559302,8.0,4.856603855723558,6.67696,2.5,3.1,3.2339664184542323,11.069314718055994,12.1,14.3,3.7,2.6,1.5,3.4,8.047744,11.081382354739663,2.0,12.572799999999999,2.156672480840577,0.7591404295938677
10.260896343167747,8.506014971023646,8.0,4.7623950304060045,4.92,2.5,3.1,3.177443593045675,10.369314718055994,12.1,4.828,3.7,2.6,1.5,3.4,5.588,7.52203584161749,2.0,4.329599999999999,1.9786780855877129,0.732248189901983
6.592220676136616,6.000707438980575,8.0,3.999787312389336,2.06432,2.5,3.1,2.720169785355338,3.2301147180559946,2.75728,2.9080000000000004,3.0,2.6,1.5,3.4,1.590048,1.9010508595811941,2.0,2.9856,1.8813664596417534,0.5380149416134167
7.969932544096851,6.969044363448476,8.0,4.387546355052022,2.448,2.5,3.1,2.9525706472276343,4.189314718055995,4.292,2.396,3.0,2.0,1.5,3.4,2.1272,2.8561374083493716,2.0,2.6272,1.8327106466687737,0.6312975160065577
10.243861412569725,8.49967425639749,8.0,4.759858604703654,4.8832,2.5,3.1,3.1759218215353977,10.277314718055994,12.1,2.7800000000000002,3.7,2.0,1.5,3.4,5.53648,7.718539360985579,2.0,2.896,1.870925094402998,0.7310947831427419
9.6,8.321425078446518,8.0,4.928565257140396,8.7024,2.5,3.1,3.2771420188271643,11.069314718055994,12.1,1.5,3.0,2.0,1.5,3.4,10.88336,14.745166266645871,2.0,2.0,1.5831776616671935,0.7764864238088574
8.414713977593376,7.258796555718782,8.0,4.5034786342837805,2.8,2.5,3.1,3.0221111733725077,5.0693147180559945,5.699999999999999,1.564,3.0,2.6,1.5,3.4,2.62,3.1,2.0,2.0448,1.6318334746401733,0.6614129255662181
8.611617527615042,7.368886730163641,8.0,4.5475226073617705,2.99712,2.5,3.1,3.048532815239274,5.5621147180559944,6.488479999999999,3.676,3.0,2.0,1.5,3.4,2.895968,3.943354882871003,2.0,3.5232,1.9300222726147331,0.6747449367656018
8.300688012239675,7.183417654913837,8.0,4.4733205665567475,2.6879999999999997,2.5,3.1,3.0040202371793208,4.789314718055994,5.252000000000001,2.012,3.0,2.0,1.5,3.4,2.4631999999999996,3.3113087627238618,2.0,2.3584,1.7763102111592854,0.6536924174953946
9.6,8.154509662544417,8.0,4.861797198684417,6.8,2.5,3.1,3.23708231901066,11.069314718055994,12.1,3.42,3.0,2.6,1.5,3.4,8.219999999999999,11.280570408655485,2.0,3.344,1.9158883083359672,0.7586735574929793
9.180682815725522,7.736429235382207,8.0,4.694556311312434,4.08,2.5,3.1,3.13674301649173,8.269314718055993,10.82,2.012,3.0,2.6,1.5,3.4,4.412,5.66,2.0,2.3584,1.7763102111592854,0.7132753989814156
9.420568798075177,7.87928869037016,8.0,4.751703916456704,4.768,2.5,3.1,3.1710292856888382,9.989314718055994,12.1,5.34,3.0,2.6,1.5,3.4,5.3751999999999995,7.183331874542707,2.0,4.688,1.995256126205411,0.72951767903634
9.6,9.745583633694402,8.0,5.498233176853161,10.0,2.5,3.1,3.6189400720866565,11.069314718055994,12.1,8.796,3.0,2.6,1.5,3.4,12.7,14.3,2.0,7.1072,2.0704308229327637,0.8500000000000001
8.791355858659717,7.49372339470859,8.0,4.597464362570025,3.2800000000000002,2.5,3.1,3.0784936147300614,6.269314718055995,7.62,1.692,3.0,2.6,1.5,3.4,3.292,4.403328710383711,2.0,2.1344,1.6931325494920921,0.6869147195967515
9.59235324066149,8.09372339470859,8.0,4.597464362570025,3.2800000000000002,2.5,3.1,3.0784936147300614,6.269314718055995,7.62,1.82,3.7,2.6,1.5,3.4,3.292,4.41385720379547,2.0,2.224,1.7335092178866376,0.6869822506697884
8.398734428871922,7.249310902915401,8.0,4.499683607217981,2.78496,2.5,3.1,3.019834616699696,5.031714718055994,5.6398399999999995,1.5,3.0,2.6,1.5,3.4,2.598944,3.2790889047722187,2.0,2.0,1.5831776616671935,0.6603309769548698
6.573284880867892,6.109300059845864,8.0,4.043321220216973,2.08,2.5,3.1,2.7462320143630077,3.2693147180559947,2.82,1.5,3.0,2.6,1.5,3.4,1.612,1.889472044330604,2.0,2.0,1.5831776616671935,0.5367328304754302
7.211851481020435,6.507856210243615,8.0,4.202962870255109,2.17792,2.5,3.1,2.8418854904584676,3.5141147180559944,3.21168,1.5,3.0,2.6,1.5,3.4,1.749088,1.85584,2.0,2.0,1.5831776616671935,0.5799691106940921
10.4,9.356472732385116,8.0,5.102587092984046,10.0,2.5,3.1,3.3815534557724276,11.069314718055994,12.1,1.884,3.7,2.6,1.5,3.4,12.7,14.431789003721441,2.0,2.2688,1.7495329850015804,0.8236335850837169
7.930989880527748,7.054876640822405,8.0,4.181750955863044,2.16,2.5,3.1,2.8291703937973773,3.4693147180559945,3.14,1.564,3.7,2.6,1.5,3.4,1.724,2.161958171016898,2.0,2.0448,1.6318334746401733,0.5744941064940663
9.684072769005668,8.152601026926439,8.0,4.621018192251417,3.44,2.5,3.1,3.0926242464623455,6.669314718055994,8.26,1.5,3.7,2.6,1.5,3.4,3.516,4.721958171016898,2.0,2.0,1.5831776616671935,0.6931924270680921
7.52924503024893,6.695399260867838,8.0,4.278036285645286,2.25904,2.5,3.1,2.886895822608281,3.7169147180559943,3.5361599999999997,1.948,3.0,2.6,1.5,3.4,1.8626559999999999,2.3844792190520523,2.0,2.3136,1.7636669492803463,0.6014592989231047
1.6,3.3465735902799727,8.0,2.8,2.0,2.5,3.1,2.0831776616671935,3.0693147180559945,2.5,1.5,3.0,2.0,1.5,3.4,1.5,1.9361510323731086,2.0,2.0,1.5831776616671935,0.2
7.224685980892897,6.50244099485643,8.0,4.200794827344536,2.176,2.5,3.1,2.840585838765543,3.5093147180559945,3.2039999999999997,1.884,3.0,2.0,1.5,3.4,1.7464,2.289630339578984,2.0,2.2688,1.7495329850015804,0.5808381132896232
7.127003823452176,6.454876640822405,8.0,4.181750955863044,2.16,2.5,3.1,2.8291703937973773,3.4693147180559945,3.14,1.5,3.0,2.6,1.5,3.4,1.724,1.82,2.0,2.0,1.5831776616671935,0.5742242172129077
4.82028135258812,3.3465735902799727,8.0,2.8,2.0,2.5,3.1,2.0831776616671935,3.0693147180559945,2.5,2.204,3.0,2.6,1.5,3.4,1.5,1.5,2.0,2.4928,1.8077939228953843,0.418039883248154
8.978289322023883,7.605270175989425,8.0,4.642088073395303,3.6,2.5,3.1,3.105264842237462,7.0693147180559945,8.899999999999999,3.1,3.0,2.6,1.5,3.4,3.7399999999999998,5.080028439180068,2.0,3.12,1.8955004239205195,0.6995716728453671
7.729598047121515,6.825322275718449,8.0,4.330033740169,2.336,2.5,3.1,2.9180773461724274,3.9093147180559944,3.8440000000000003,1.82,3.0,2.6,1.5,3.4,1.9704,2.5769817789066742,2.0,2.224,1.7335092178866376,0.6150248677738526
5.842643926447261,5.654133848700603,8.0,3.860660981611815,2.032,2.5,3.1,2.6369921236881444,3.1493147180559946,2.628,1.5,3.0,2.6,1.5,3.4,1.5448,1.564,2.0,2.0,1.5831776616671935,0.48726234918653333
1.6,3.3465735902799727,8.0,2.8,2.0,2.5,3.1,2.0831776616671935,3.0693147180559945,2.5,1.5,3.0,2.0,1.5,3.4,1.5,1.9102078516208707,2.0,2.0,1.5831776616671935,0.2
8.072727857663988,7.145871057547576,8.0,4.218181964415996,2.192,2.5,3.1,2.8510090538114183,3.5493147180559945,3.268,1.5,3.7,2.0,1.5,3.4,1.7688,2.3644412511228556,2.0,2.0,1.5831776616671935,0.5840909486959991
10.4,8.973324147706778,8.0,4.949325355554895,9.43552,2.5,3.1,3.289597795449627,11.069314718055994,12.1,1.756,3.7,2.6,1.5,3.4,11.909728,14.3,2.0,2.1792,1.7150111363073666,0.7821322564746602
7.681121867666986,6.800950979937583,8.0,4.3202804669167465,2.32,2.5,3.1,2.9122282351850197,3.8693147180559944,3.7800000000000002,1.5,3.0,2.6,1.5,3.4,1.948,2.398989159407381,2.0,2.0,1.5831776616671935,0.6117426264566189
8.072727857663988,7.054876640822405,8.0,4.181750955863044,2.16,2.5,3.1,2.8291703937973773,3.4693147180559945,3.14,4.0600000000000005,3.7,2.6,1.5,3.4,1.724,1.82,2.0,3.792,1.9485203541940042,0.5840909486959991
9.768352293581213,8.205270175989424,8.0,4.642088073395303,3.6,2.5,3.1,3.105264842237462,7.0693147180559945,8.899999999999999,1.5,3.7,2.6,1.5,3.4,3.7399999999999998,5.041958171016898,2.0,2.0,1.5831776616671935,0.698898853211228
7.45110946530677,6.6572764161620395,8.0,4.262777366326692,2.24,2.5,3.1,2.8777463398788896,3.6693147180559946,3.46,1.5,3.0,2.6,1.5,3.4,1.8359999999999999,1.98,2.0,2.0,1.5831776616671935,0.5961688700468125
6.062300935031665,5.654133848700603,8.0,3.860660981611815,2.032,2.5,3.1,2.6369921236881444,3.1493147180559946,2.628,1.564,3.0,2.0,1.5,3.4,1.5448,2.0860865379463567,2.0,2.0448,1.6318334746401733,0.48859329247610234
6.322106666721092,5.855213508687434,8.0,3.9414220529497754,2.048,2.5,3.1,2.685251242084984,3.1893147180559946,2.692,2.332,3.0,2.0,1.5,3.4,1.5672,2.037015459404318,2.0,2.5824,1.8249660241322652,0.5197259722259073
1.6,3.3465735902799727,8.0,2.8,2.0,2.5,3.1,2.0831776616671935,3.0693147180559945,2.5,1.5,3.0,2.6,1.5,3.4,1.5,1.881691171535026,2.0,2.0,1.5831776616671935,0.2
7.656766866535207,6.327720175183824,8.0,4.130830504036644,2.124,2.5,3.1,2.7986528420441177,3.3793147180559946,2.996,14.3,3.0,2.6,1.5,3.4,1.6736,1.748,2.0,12.4384,2.1551502616972993,0.6100935899216547
8.478428463408271,7.2637697417351905,8.0,4.50546830449361,2.808,2.5,3.1,3.0233047380164457,5.089314718055994,5.731999999999999,6.236,3.0,2.0,1.5,3.4,2.6311999999999998,3.523406214875809,2.0,5.315199999999999,2.0196880008343596,0.6657269272099351
6.0920964134730085,3.946573590279973,8.0,2.8,2.0,2.5,3.1,2.0831776616671935,3.0693147180559945,2.5,2.7800000000000002,3.7,2.0,1.5,3.4,1.5,1.94038999820237,2.0,2.896,1.870925094402998,0.4499856946622349
7.75733366522117,6.800950979937583,8.0,4.3202804669167465,2.32,2.5,3.1,2.9122282351850197,3.8693147180559944,3.7800000000000002,4.0600000000000005,3.0,2.0,1.5,3.4,1.948,2.586578312161211,2.0,3.792,1.9485203541940042,0.61690280024935
5.492096413473008,3.3465735902799727,8.0,2.8,2.0,2.5,3.1,2.0831776616671935,3.0693147180559945,2.5,2.7800000000000002,3.0,2.6,1.5,3.4,1.5,1.5,2.0,2.896,1.870925094402998,0.4499856946622349
7.640108273990743,6.775330621552667,8.0,4.310027068497686,2.304,2.5,3.1,2.90607934917264,3.8293147180559943,3.716,1.5,3.0,2.6,1.5,3.4,1.9256,2.108,2.0,2.0,1.5831776616671935,0.6089656643847898
8.344610770734281,7.209459311073949,8.0,4.483739588933428,2.7248,2.5,3.1,3.0102702346577477,4.881314718055995,5.3992,2.204,3.0,2.6,1.5,3.4,2.5147199999999996,3.236166844642568,2.0,2.4928,1.8077939228953843,0.656666354268467
9.114529443049431,7.6964142907747295,8.0,4.678549051726288,3.92,2.5,3.1,3.127139429785935,7.869314718055994,10.18,1.564,3.0,2.6,1.5,3.4,4.188,5.628695088341309,2.0,2.0448,1.6318334746401733,0.7087962643731385
6.395169141845255,5.998226044309511,8.0,3.998792285461314,2.064,2.5,3.1,2.719574250634283,3.2293147180559947,2.7560000000000002,1.5,3.0,2.6,1.5,3.4,1.5896,1.8355163783437025,2.0,2.0,1.5831776616671935,0.5246729106457726
9.309844809224279,7.818685628999454,8.0,4.72746120230607,4.452,2.5,3.1,3.1564845509598687,9.199314718055993,12.1,1.5,3.0,2.6,1.5,3.4,4.9328,6.404,2.0,2.0,1.5831776616671935,0.7220207422912273
9.499600718761256,7.807969402264791,8.0,4.723174428905778,4.4,2.5,3.1,3.15391265654355,9.069314718055994,12.1,3.164,3.0,2.6,1.5,3.4,4.859999999999999,6.300000000000001,2.0,3.1647999999999996,1.8998645412210244,0.7213271319994601
8.286745519225036,7.177572369730919,8.0,4.470981905671758,2.68,2.5,3.1,3.0026173687354207,4.769314718055995,5.22,1.692,3.0,2.6,1.5,3.4,2.452,2.8600000000000003,2.0,2.1344,1.6931325494920921,0.6527483945308619
9.6,8.298342365923057,8.0,4.919331946556716,8.4,2.5,3.1,3.2716021678215337,11.069314718055994,12.1,1.6280000000000001,3.0,2.6,1.5,3.4,10.459999999999999,14.569115539804956,2.0,2.0896,1.6663553233343869,0.773999275161569
9.6,9.468763330122353,8.0,5.387504850839566,10.0,2.5,3.1,3.5525031992293643,11.069314718055994,12.1,1.5,3.0,2.6,1.5,3.4,12.7,14.624779416886875,2.0,2.0,1.5831776616671935,0.8500000000000001
10.4,9.827720646559074,8.0,5.291087479329476,10.0,2.5,3.1,3.494652955174178,11.069314718055994,12.1,1.756,3.7,2.6,1.5,3.4,12.7,14.661435281522525,2.0,2.1792,1.7150111363073666,0.8500000000000001
7.930989880527748,7.054876640822405,8.0,4.181750955863044,2.16,2.5,3.1,2.8291703937973773,3.4693147180559945,3.14,1.564,3.7,2.6,1.5,3.4,1.724,2.082558613608989,2.0,2.0448,1.6318334746401733,0.5744941064940663
6.573284880867892,6.109300059845864,8.0,4.043321220216973,2.08,2.5,3.1,2.7462320143630077,3.2693147180559947,2.82,1.5,3.0,2.0,1.5,3.4,1.612,2.1502466670351645,2.0,2.0,1.5831776616671935,0.5367328304754302
6.3584279913445165,5.9553983220202635,8.0,3.981616587633786,2.05872,2.5,3.1,2.7092955972848634,3.2161147180559944,2.73488,1.692,3.0,2.0,1.5,3.4,1.582208,2.086568409242211,2.0,2.1344,1.6931325494920921,0.5221852285806183
9.191199565636364,7.820372009626415,8.0,4.4881056212961505,2.7408,2.5,3.1,3.01288928231034,4.921314718055995,5.4632,4.444000000000001,3.7,2.0,1.5,3.4,2.53712,3.4381269337177933,2.0,4.0608,1.964544121308947,0.6598208039232956
9.39756055577272,7.872626773635616,8.0,4.749038994708307,4.7313600000000005,2.5,3.1,3.169430425672548,9.897714718055994,12.1,1.884,3.0,2.6,1.5,3.4,5.323904,6.962720000000001,2.0,2.2688,1.7495329850015804,0.7279598292971112
6.718875947628167,6.20012872265441,8.0,4.079718986907041,2.096,2.5,3.1,2.7680308934370585,3.3093147180559948,2.884,1.5,3.0,2.6,1.5,3.4,1.6344,1.692,2.0,2.0,1.5831776616671935,0.5465905589539903
1.6,3.3465735902799727,8.0,2.8,2.0,2.5,3.1,2.0831776616671935,3.0693147180559945,2.5,1.5,3.0,2.0,1.5,3.4,1.5,1.977214040744613,2.0,2.0,1.5831776616671935,0.2
6.725503988855451,6.20012872265441,8.0,4.079718986907041,2.096,2.5,3.1,2.7680308934370585,3.3093147180559948,2.884,1.564,3.0,2.6,1.5,3.4,1.6344,1.692,2.0,2.0448,1.6318334746401733,0.5470393325787546
8.60320234679541,7.371127450943176,8.0,4.548419039149062,3.0016,2.5,3.1,3.0490705882263622,5.573314718055994,6.5064,2.46,3.0,2.0,1.5,3.4,2.90224,3.987490142280517,2.0,2.6719999999999997,1.839985601286746,0.6741751588976058
9.03434693622403,7.643743290576419,8.0,4.657478800283695,3.7279999999999998,2.5,3.1,3.1144983897383405,7.389314718055995,9.411999999999999,2.268,3.0,2.0,1.5,3.4,3.9192,5.441966289107388,2.0,2.5376,1.816686879553831,0.7033672404735019
6.434106266945905,6.022502657018006,8.0,4.008526566736476,2.0672,2.5,3.1,2.7254006376843214,3.2373147180559947,2.7688,1.5,3.0,2.0,1.5,3.4,1.59408,2.127775496790424,2.0,2.0,1.5831776616671935,0.5273092784911291
8.55974512079161,7.349924013000156,8.0,4.539936280197903,2.96,2.5,3.1,3.0439817631200374,5.469314718055995,6.34,1.5,3.0,2.0,1.5,3.4,2.844,3.913399635054475,2.0,2.0,1.5831776616671935,0.6712327425535987
7.3367107828100036,6.585828411384258,8.0,4.234177695702501,2.208,2.5,3.1,2.8605988187322215,3.5893147180559946,3.332,1.5,3.0,2.0,1.5,3.4,1.7912,2.426389385033819,2.0,2.0,1.5831776616671935,0.5884231259194274
7.2727278576639875,6.5458710575475765,8.0,4.218181964415996,2.192,2.5,3.1,2.8510090538114183,3.5493147180559945,3.268,1.5,3.0,2.0,1.5,3.4,1.7688,2.3558821437943736,2.0,2.0,1.5831776616671935,0.5840909486959991
9.6,8.23158024084805,8.0,4.892626382298393,7.6,2.5,3.1,3.2555792578035323,11.069314718055994,12.1,1.5,3.0,2.0,1.5,3.4,9.34,13.179284707100413,2.0,2.0,1.5831776616671935,0.7667529785391483
3.0334075753824443,3.3465735902799727,8.0,2.8,2.0,2.5,3.1,2.0831776616671935,3.0693147180559945,2.5,1.564,3.0,2.0,1.5,3.4,1.5,1.9881751411399073,2.0,2.0448,1.6318334746401733,0.2970536379165196
5.292096413473008,5.312486406642135,8.0,3.7230241033682523,2.016,2.5,3.1,2.5549967375941125,3.1093147180559946,2.564,1.5,3.0,2.0,1.5,3.4,1.5224,2.0222466670351644,2.0,2.0,1.5831776616671935,0.4499856946622349
9.6,8.154509662544417,8.0,4.861797198684417,6.8,2.5,3.1,3.23708231901066,11.069314718055994,12.1,1.82,3.0,2.6,1.5,3.4,8.219999999999999,11.276373371713785,2.0,2.224,1.7335092178866376,0.7584485265651635
9.6,9.304102770656833,8.0,5.321640439369767,10.0,2.5,3.1,3.5129846649576395,11.069314718055994,12.1,4.828,3.0,2.6,1.5,3.4,12.7,14.516235508188746,2.0,4.329599999999999,1.9786780855877129,0.8500000000000001
8.491054947846903,7.4009509799375826,8.0,4.3202804669167465,2.32,2.5,3.1,2.9122282351850197,3.8693147180559944,3.7800000000000002,1.82,3.7,2.6,1.5,3.4,1.948,2.302353541917327,2.0,2.224,1.7335092178866376,0.6124151787604675
9.6,8.977206936127525,8.0,5.190881488289783,10.0,2.5,3.1,3.434529664670606,11.069314718055994,12.1,3.7399999999999998,3.0,2.6,1.5,3.4,12.7,14.372076670538,2.0,3.568,1.9333101495173068,0.8475913276819467
8.013318301646242,7.003517006096704,8.0,4.401340169088074,2.48,2.5,3.1,2.960844081463209,4.269314718055995,4.42,1.884,3.0,2.0,1.5,3.4,2.1719999999999997,2.90275752089531,2.0,2.2688,1.7495329850015804,0.634235093340631
8.272555718340056,7.16687550347679,8.0,4.466702141796588,2.6656,2.5,3.1,3.0000501208344295,4.733314718055994,5.1624,1.884,3.0,2.0,1.5,3.4,2.43184,3.24967457561688,2.0,2.2688,1.7495329850015804,0.651787626762608
6.16302597972496,5.836661633585747,8.0,3.933976184596104,2.04624,2.5,3.1,2.680798792060579,3.1849147180559947,2.6849600000000002,1.6280000000000001,3.0,2.0,1.5,3.4,1.564736,2.0616084092422113,2.0,2.0896,1.6663553233343869,0.5089548840438776
9.6,9.357954890451225,8.0,5.343181355586202,10.0,2.5,3.1,3.5259091737082935,11.069314718055994,12.1,3.1,3.0,2.6,1.5,3.4,12.7,14.56483278185414,2.0,3.12,1.8955004239205195,0.8500000000000001
10.4,9.559201953161418,8.0,5.183679447944567,10.0,2.5,3.1,3.4302084687587406,11.069314718055994,12.1,1.5,3.7,2.6,1.5,3.4,12.7,14.3,2.0,2.0,1.5831776616671935,0.8455798504849872
8.577542674437673,7.349924013000156,8.0,4.539936280197903,2.96,2.5,3.1,3.0439817631200374,5.469314718055995,6.34,3.228,3.0,2.6,1.5,3.4,2.844,3.751743242763626,2.0,3.2096,1.9040754995983769,0.6724377852483842
9.044593165391548,7.652916176717702,8.0,4.661148291347887,3.76,2.5,3.1,3.1166998824122487,7.469314718055995,9.54,1.5,3.0,2.6,1.5,3.4,3.964,5.0200000000000005,2.0,2.0,1.5831776616671935,0.7040609955733861
9.6,8.063355550325255,8.0,4.825334220610071,6.0,2.5,3.1,3.215205332078061,11.069314718055994,12.1,1.692,3.0,2.6,1.5,3.4,7.1,9.685767462011201,2.0,2.1344,1.6931325494920921,0.7485605070366244
8.005360676352293,7.003517006096704,8.0,4.401340169088074,2.48,2.5,3.1,2.960844081463209,4.269314718055995,4.42,1.5,3.0,2.0,1.5,3.4,2.1719999999999997,2.9413747879487966,2.0,2.0,1.5831776616671935,0.6336962957946866
4.347189763588117,3.3465735902799727,8.0,2.8,2.0,2.5,3.1,2.0831776616671935,3.0693147180559945,2.5,1.884,3.0,2.6,1.5,3.4,1.5,1.5,2.0,2.2688,1.7495329850015804,0.3860076402429454
6.204593770869529,5.855213508687434,8.0,3.9414220529497754,2.048,2.5,3.1,2.685251242084984,3.1893147180559946,2.692,1.692,3.0,2.6,1.5,3.4,1.5672,1.9987089890212753,2.0,2.1344,1.6931325494920921,0.5117693699026244
9.6,10.304797618523565,8.0,5.721918957010453,10.0,2.5,3.1,3.7531514284456557,11.069314718055994,12.1,11.996,3.0,2.6,1.5,3.4,12.7,14.672957461539966,2.0,9.3472,2.1134385346027855,0.8500000000000001
10.4,9.972592694753176,8.0,5.349036494634892,10.0,2.5,3.1,3.5294222467407623,11.069314718055994,12.1,8.924,3.7,2.6,1.5,3.4,12.7,14.669233508681913,2.0,7.1968,2.07248215493588,0.8500000000000001
7.681121867666986,6.800950979937583,8.0,4.3202804669167465,2.32,2.5,3.1,2.9122282351850197,3.8693147180559944,3.7800000000000002,1.5,3.0,2.6,1.5,3.4,1.948,2.349168904772219,2.0,2.0,1.5831776616671935,0.6117426264566189
7.8811218676669865,6.800950979937583,8.0,4.3202804669167465,2.32,2.5,3.1,2.9122282351850197,3.8693147180559944,3.7800000000000002,1.5,3.0,2.6,1.5,3.4,1.948,2.14,2.0,2.0,1.5831776616671935,0.6117426264566189
4.888699091338649,3.3465735902799727,8.0,2.8,2.0,2.5,3.1,2.0831776616671935,3.0693147180559945,2.5,2.268,3.0,2.0,1.5,3.4,1.5,1.9634013013498324,2.0,2.5376,1.816686879553831,0.4226723343093877
10.4,9.125579905121452,8.0,5.010228788276632,10.0,2.5,3.1,3.326139177229148,11.069314718055994,12.1,4.508,3.7,2.0,1.5,3.4,12.7,14.75678600116804,2.0,4.1056,1.9670184357732752,0.7988052534068295
7.548822253081479,6.713869420266446,8.0,4.2854288266817235,2.2688,2.5,3.1,2.8913286608639472,3.7413147180559947,3.5751999999999997,1.692,3.0,2.6,1.5,3.4,1.87632,2.1459875609604233,2.0,2.1344,1.6931325494920921,0.6027848400523919
8.235439687085789,7.147274757571839,8.0,4.458859921771447,2.64,2.5,3.1,2.9953459418172415,4.669314718055994,5.0600000000000005,1.5,3.0,2.6,1.5,3.4,2.396,2.8520766705379996,2.0,2.0,1.5831776616671935,0.6492745621464335
8.41551261996778,7.258796555718782,8.0,4.5034786342837805,2.8,2.5,3.1,3.0221111733725077,5.0693147180559945,5.699999999999999,1.6280000000000001,3.0,2.0,1.5,3.4,2.62,3.5788245008415522,2.0,2.0896,1.6663553233343869,0.6614670003103185
1.6,3.3465735902799727,8.0,2.8,2.0,2.5,3.1,2.0831776616671935,3.0693147180559945,2.5,1.5,3.0,2.0,1.5,3.4,1.5,1.977214040744613,2.0,2.0,1.5831776616671935,0.2
9.481797510674024,7.926149757883348,8.0,4.770449377668506,5.04,2.5,3.1,3.1822759418920032,10.669314718055993,12.1,1.5,3.0,2.6,1.5,3.4,5.755999999999999,7.7631959427518,2.0,2.0,1.5831776616671935,0.7336633731185538
7.868463397335972,6.917987290860783,8.0,4.367115849333993,2.40448,2.5,3.1,2.9403169498065878,4.080514718055995,4.11792,1.5,3.0,2.6,1.5,3.4,2.066272,2.30896,2.0,2.0,1.5831776616671935,0.6244272091946232
1.6,3.3465735902799727,8.0,2.8,2.0,2.5,3.1,2.0831776616671935,3.0693147180559945,2.5,1.5,3.0,2.0,1.5,3.4,1.5,1.9361510323731086,2.0,2.0,1.5831776616671935,0.2
9.6,8.54108665881759,8.0,5.016431586674963,10.0,2.5,3.1,3.3298607981162216,11.069314718055994,12.1,2.204,3.0,2.0,1.5,3.4,12.7,14.765440299694685,2.0,2.4928,1.8077939228953843,0.8003293679731873
7.4564215698181915,6.6572764161620395,8.0,4.262777366326692,2.24,2.5,3.1,2.8777463398788896,3.6693147180559946,3.46,1.6280000000000001,3.0,2.0,1.5,3.4,1.8359999999999999,2.4661198832286995,2.0,2.0896,1.6663553233343869,0.5965285437897734
7.3243170415173875,6.55001358331463,8.0,4.219840348710618,2.1936,2.5,3.1,2.852003259995511,3.5533147180559945,3.2744,2.396,3.0,2.0,1.5,3.4,1.77104,2.342587157682351,2.0,2.6272,1.8327106466687737,0.5875839663527398
6.725503988855451,6.20012872265441,8.0,4.079718986907041,2.096,2.5,3.1,2.7680308934370585,3.3093147180559948,2.884,1.564,3.0,2.0,1.5,3.4,1.6344,2.1489476460890526,2.0,2.0448,1.6318334746401733,0.5470393325787546
4.466815150764888,3.3465735902799727,8.0,2.8,2.0,2.5,3.1,2.0831776616671935,3.0693147180559945,2.5,1.948,3.0,2.6,1.5,3.4,1.5,1.8927493475665305,2.0,2.3136,1.7636669492803463,0.3941072758330393
7.862749087326069,6.912422845513428,8.0,4.364889186175524,2.4,2.5,3.1,2.938981482923223,4.0693147180559945,4.1,1.6280000000000001,3.0,2.0,1.5,3.4,2.06,2.7734774252461047,2.0,2.0896,1.6663553233343869,0.6240403027877026
7.830237502544936,6.892028501319965,8.0,4.35672811924425,2.384,2.5,3.1,2.9340868403167915,4.0293147180559945,4.036,1.6280000000000001,3.0,2.0,1.5,3.4,2.0376,2.736423022935812,2.0,2.0896,1.6663553233343869,0.6218389975681468
6.725503988855451,6.20012872265441,8.0,4.079718986907041,2.096,2.5,3.1,2.7680308934370585,3.3093147180559948,2.884,1.564,3.0,2.0,1.5,3.4,1.6344,2.1607468191842183,2.0,2.0448,1.6318334746401733,0.5470393325787546
5.61382386945194,5.511940260423138,8.0,3.803455967362985,2.024,2.5,3.1,2.602865662501553,3.1293147180559946,2.596,1.5,3.0,2.0,1.5,3.4,1.5336,2.06678152427005,2.0,2.0,1.5831776616671935,0.4717693244941417
5.292096413473008,5.312486406642135,8.0,3.7230241033682523,2.016,2.5,3.1,2.5549967375941125,3.1093147180559946,2.564,1.5,3.0,2.0,1.5,3.4,1.5224,2.047649628213108,2.0,2.0,1.5831776616671935,0.4499856946622349
5.530123908588842,5.459990462914062,8.0,3.7825309771472106,2.0216,2.5,3.1,2.590397711099375,3.1233147180559944,2.5864,1.5,3.0,2.6,1.5,3.4,1.53024,1.5432,2.0,2.0,1.5831776616671935,0.4661021396440362
8.504757264712367,7.4009509799375826,8.0,4.3202804669167465,2.32,2.5,3.1,2.9122282351850197,3.8693147180559944,3.7800000000000002,2.268,3.7,2.6,1.5,3.4,1.948,2.14,2.0,2.5376,1.816686879553831,0.6133429397982333
9.6,8.410109093819333,8.0,4.964039639246994,10.0,2.5,3.1,3.29842618251664,11.069314718055994,12.1,4.188000000000001,3.0,2.6,1.5,3.4,12.7,14.666465867947261,2.0,3.8815999999999997,1.9541027560701913,0.7863209974357224
6.1656882117991,3.3465735902799727,8.0,2.8,2.0,2.5,3.1,2.0831776616671935,3.0693147180559945,2.5,5.34,3.0,2.6,1.5,3.4,1.5,1.5,2.0,4.688,1.995256126205411,0.5091351393405641
6.236632436477393,5.9124864066421345,8.0,3.7230241033682523,2.016,2.5,3.1,2.5549967375941125,3.1093147180559946,2.564,1.756,3.7,2.6,1.5,3.4,1.5224,1.532,2.0,2.1792,1.7150111363073666,0.45977198788649015
6.1656882117991,3.3465735902799727,8.0,2.8,2.0,2.5,3.1,2.0831776616671935,3.0693147180559945,2.5,5.34,3.0,2.6,1.5,3.4,1.5,1.81123677391238,2.0,4.688,1.995256126205411,0.5091351393405641
8.491054947846903,7.4009509799375826,8.0,4.3202804669167465,2.32,2.5,3.1,2.9122282351850197,3.8693147180559944,3.7800000000000002,1.82,3.7,2.6,1.5,3.4,1.948,2.482927168117438,2.0,2.224,1.7335092178866376,0.6124151787604675
6.480255161616052,5.887275772772204,8.0,3.954288224626003,2.0512,2.5,3.1,2.692946185465329,3.1973147180559947,2.7048,3.1,3.0,2.6,1.5,3.4,1.57168,1.949752408998802,2.0,3.12,1.8955004239205195,0.5304339432344202
8.822503247545407,7.595119092860181,8.0,4.397979874988588,2.472,2.5,3.1,2.9588285822864435,4.249314718055994,4.388,2.9720000000000004,3.7,2.0,1.5,3.4,2.1608,2.897109265517253,2.0,3.0304,1.886265098984184,0.6348569907192203
6.836279728267536,6.236173147250451,8.0,4.09415990075652,2.1032,2.5,3.1,2.776681555340108,3.3273147180559945,2.9128,2.14,3.0,2.0,1.5,3.4,1.64448,2.1587406492738412,2.0,2.448,1.7981887979745599,0.5545397732681144
8.673823023293881,7.512422845513427,8.0,4.364889186175524,2.4,2.5,3.1,2.938981482923223,4.0693147180559945,4.1,2.076,3.7,2.0,1.5,3.4,2.06,2.746297176254117,2.0,2.4032,1.7877474327358045,0.6247901005355232
6.489590230685235,6.1437981676161915,8.0,3.8162808729968924,2.0256,2.5,3.1,2.610511560227886,3.1333147180559946,2.6024,1.564,3.7,2.6,1.5,3.4,1.53584,1.5512,2.0,2.0448,1.6318334746401733,0.47689933853597943
6.558797625012661,3.946573590279973,8.0,2.8,2.0,2.5,3.1,2.0831776616671935,3.0693147180559945,2.5,3.804,3.7,2.0,1.5,3.4,1.5,1.9547311603751447,2.0,3.6128,1.9365103391671663,0.48158525586023226
9.543363224832612,7.95179377376823,8.0,4.780707510257234,5.2,2.5,3.1,3.188430505704375,11.069314718055994,12.1,8.156,3.0,2.0,1.5,3.4,5.9799999999999995,8.34171082058853,2.0,6.659199999999999,2.059612691293448,0.7378318850147081
8.341114261671793,7.147274757571839,8.0,4.458859921771447,2.64,2.5,3.1,2.9953459418172415,4.669314718055994,5.0600000000000005,8.732,3.0,2.0,1.5,3.4,2.396,3.2289083281558675,2.0,7.0624,2.06939185540359,0.6564296114673609
5.345704981699376,5.322195449570686,8.0,3.726945797645927,2.01632,2.5,3.1,2.5573269078969645,3.1101147180559945,2.56528,1.564,3.0,2.6,1.5,3.4,1.522848,1.53264,2.0,2.0448,1.6318334746401733,0.4536154414692286
5.264586672229065,3.3465735902799727,8.0,2.8,2.0,2.5,3.1,2.0831776616671935,3.0693147180559945,2.5,2.46,3.0,2.6,1.5,3.4,1.5,1.5,2.0,2.6719999999999997,1.839985601286746,0.4345813892655096
7.3199334689056865,6.547117422962378,8.0,4.218680925173754,2.19248,2.5,3.1,2.8513081815109707,3.5505147180559944,3.26992,2.396,3.0,2.0,1.5,3.4,1.769472,2.3388331844618793,2.0,2.6272,1.8327106466687737,0.5872871619571559
6.167624161049868,3.946573590279973,8.0,2.8,2.0,2.5,3.1,2.0831776616671935,3.0693147180559945,2.5,2.9080000000000004,3.7,2.0,1.5,3.4,1.5,1.950142567475741,2.0,2.9856,1.8813664596417534,0.45509955257108475
4.688699091338649,3.3465735902799727,8.0,2.8,2.0,2.5,3.1,2.0831776616671935,3.0693147180559945,3.2,2.268,3.0,2.6,1.5,3.4,1.5,1.5,2.7,2.5376,1.816686879553831,0.4226723343093877
6.00868760521348,3.946573590279973,8.0,2.8,2.0,2.5,3.1,2.0831776616671935,3.0693147180559945,2.5,2.652,3.7,2.0,1.5,3.4,1.5,1.947766135520882,2.0,2.8064,1.8594878728264788,0.4443382232696627
9.6,8.298342365923057,8.0,4.919331946556716,8.4,2.5,3.1,3.2716021678215337,11.069314718055994,12.1,8.22,3.0,2.6,1.5,3.4,10.459999999999999,14.586187481680675,2.0,6.704,2.0607394601354287,0.7746920303813691
8.55974512079161,7.349924013000156,8.0,4.539936280197903,2.96,2.5,3.1,3.0439817631200374,5.469314718055995,6.34,1.5,3.0,2.6,1.5,3.4,2.844,3.7494349385334216,2.0,2.0,1.5831776616671935,0.6712327425535987
9.6,8.578139546025955,8.0,5.031252961328748,10.0,2.5,3.1,3.3387534910462295,11.069314718055994,12.1,1.82,3.0,2.0,1.5,3.4,12.7,14.737025560655063,2.0,2.224,1.7335092178866376,0.8043170185346888
9.6,8.54108665881759,8.0,5.016431586674963,10.0,2.5,3.1,3.3298607981162216,11.069314718055994,12.1,1.82,3.0,2.6,1.5,3.4,12.7,14.3,2.0,2.224,1.7335092178866376,0.8003043837320347
9.221080903360804,7.858796555718782,8.0,4.5034786342837805,2.8,2.5,3.1,3.0221111733725077,5.0693147180559945,5.699999999999999,2.076,3.7,2.0,1.5,3.4,2.62,3.54031620835371,2.0,2.4032,1.7877474327358045,0.6618440194983877
6.540693816084609,6.0889720570253,8.0,4.035173454021153,2.0768,2.5,3.1,2.741353293686072,3.2613147180559947,2.8072,1.5,3.0,2.0,1.5,3.4,1.60752,2.1423776729351895,2.0,2.0,1.5831776616671935,0.5345261437973954
9.6,11.219051614388501,8.0,6.08762063123253,10.0,2.5,3.1,3.97257238745324,11.069314718055994,12.1,14.3,3.0,2.6,1.5,3.4,12.7,14.701958836739907,2.0,13.2,2.3416698569772634,0.8500000000000001
9.6,8.645278306749294,8.0,5.058108824620116,10.0,2.5,3.1,3.3548667936198306,11.069314718055994,12.1,9.18,3.0,2.6,1.5,3.4,12.7,14.694092002795458,2.0,7.3759999999999994,2.076482525367991,0.8119755669120887
9.039779146488694,7.647616419497073,8.0,4.65902819473373,3.74144,2.5,3.1,3.1154279406792975,7.422914718055995,9.46576,2.14,3.0,2.6,1.5,3.4,3.938016,4.98288,2.0,2.448,1.7981887979745599,0.7037350463768388
9.6,9.545978888365086,8.0,5.4183911429965805,10.0,2.5,3.1,3.5710349332076206,11.069314718055994,12.1,6.300000000000001,3.0,2.6,1.5,3.4,12.7,14.6657977744274,2.0,5.359999999999999,2.0212566506224423,0.8500000000000001
9.6,9.367610194708773,8.0,5.347043488775816,10.0,2.5,3.1,3.5282264467301054,11.069314718055994,12.1,4.0600000000000005,3.0,2.6,1.5,3.4,12.7,14.661087962599435,2.0,3.792,1.9485203541940042,0.8500000000000001
8.43942872551782,7.147274757571839,8.0,4.458859921771447,2.64,2.5,3.1,2.9953459418172415,4.669314718055994,5.0600000000000005,1.756,3.0,2.0,1.5,3.4,2.396,3.2102524220228017,2.0,2.1792,1.7150111363073666,0.6495446532902691
10.4,9.70324128075157,8.0,5.2412955127079615,10.0,2.5,3.1,3.464777907380377,11.069314718055994,12.1,5.276,3.7,2.6,1.5,3.4,12.7,14.694198794771197,2.0,4.6432,1.9933048637007973,0.8500000000000001
7.793574319856548,6.864647837155241,8.0,4.345771164770508,2.36352,2.5,3.1,2.9275154809172577,3.978114718055995,3.9540800000000003,1.884,3.0,2.6,1.5,3.4,2.008928,2.6228298217661905,2.0,2.2688,1.7495329850015804,0.6193565945736205
7.134956175216377,6.454876640822405,8.0,4.181750955863044,2.16,2.5,3.1,2.8291703937973773,3.4693147180559945,3.14,1.6280000000000001,3.0,2.0,1.5,3.4,1.724,2.291652575318461,2.0,2.0896,1.6663553233343869,0.5747626576969422
5.010143901633052,5.063567192522546,8.0,3.6221747728346623,2.0096,2.5,3.1,2.495256126205411,3.0933147180559946,2.5384,1.6280000000000001,3.0,2.0,1.5,3.4,1.51344,1.9885919062363753,2.0,2.0896,1.6663553233343869,0.4308951600064046
4.745460506179461,4.242453324894,8.0,3.279579054559674,2.0016,2.5,3.1,2.29818879797456,3.0733147180559945,2.5064,2.012,3.0,2.6,1.5,3.4,1.50224,1.5032,2.0,2.3584,1.7763102111592854,0.4129738884392343
9.6,8.851958828133677,8.0,5.140781878968567,10.0,2.5,3.1,3.4044701187520823,11.069314718055994,12.1,4.828,3.0,2.6,1.5,3.4,12.7,14.61521507786384,2.0,4.329599999999999,1.9786780855877129,0.8340779829843754
9.6,8.021668223826264,8.0,4.808658594445401,5.68,2.5,3.1,3.205200373718303,11.069314718055994,12.1,1.756,3.0,2.6,1.5,3.4,6.652,9.037586973479652,2.0,2.1792,1.7150111363073666,0.7440587815985236
8.122877031691441,6.951058773138223,8.0,4.3803495037040285,2.43216,2.5,3.1,2.9482541055531737,4.149714718055995,4.22864,1.564,3.0,2.6,1.5,3.4,2.105024,2.36432,2.0,2.0448,1.6318334746401733,0.6281114656874414
9.482218430393301,7.926149757883348,8.0,4.770449377668506,5.04,2.5,3.1,3.1822759418920032,10.669314718055993,12.1,1.6280000000000001,3.0,2.6,1.5,3.4,5.755999999999999,7.9123574946139295,2.0,2.0896,1.6663553233343869,0.7336918728912132
9.194787976454789,7.619852490303043,8.0,4.647921573931351,3.64736,2.5,3.1,3.1087645976727303,7.187714718055995,9.08944,2.012,3.0,2.6,1.5,3.4,3.806304,4.79472,2.0,2.3584,1.7763102111592854,0.7006887692391264
6.573284880867892,6.109300059845864,8.0,4.043321220216973,2.08,2.5,3.1,2.7462320143630077,3.2693147180559947,2.82,1.5,3.0,2.0,1.5,3.4,1.612,2.1613250710986427,2.0,2.0,1.5831776616671935,0.5367328304754302
8.77134723708232,7.481836137807508,8.0,4.592708858399349,3.24992,2.5,3.1,3.075640673073802,6.194114718055995,7.499680000000001,1.564,3.0,2.6,1.5,3.4,3.249888,3.9998400000000003,2.0,2.0448,1.6318334746401733,0.6855599691774488
9.6,9.021782740334539,8.0,5.2087119196736085,10.0,2.5,3.1,3.445227857680289,11.069314718055994,12.1,2.268,3.0,2.6,1.5,3.4,12.7,14.616115441900597,2.0,2.5376,1.816686879553831,0.8500000000000001
8.009349383302277,7.003517006096704,8.0,4.401340169088074,2.48,2.5,3.1,2.960844081463209,4.269314718055995,4.42,1.692,3.0,2.6,1.5,3.4,2.1719999999999997,2.7555775604891872,2.0,2.1344,1.6931325494920921,0.6339663644944251
9.6,8.816437520435674,8.0,5.126573234236083,10.0,2.5,3.1,3.3959450049045614,11.069314718055994,12.1,6.812,3.0,2.0,1.5,3.4,12.7,14.75364118121352,2.0,5.7184,2.0331181507788383,0.8303126023550162
9.6,9.13452841715942,8.0,5.253810427903244,10.0,2.5,3.1,3.472286820118261,11.069314718055994,12.1,2.588,3.0,2.0,1.5,3.4,12.7,14.719699218022503,2.0,2.7616,1.8533326774999728,0.8500000000000001
9.6,10.35170131918083,8.0,5.740680445367857,10.0,2.5,3.1,3.764408316603399,11.069314718055994,12.1,3.164,3.0,2.0,1.5,3.4,12.7,14.752608530437175,2.0,3.1647999999999996,1.8998645412210244,0.8500000000000001
9.418520840646499,7.8850352195478886,8.0,4.754002660227232,4.8,2.5,3.1,3.172408452691493,10.069314718055994,12.1,2.204,3.0,2.0,1.5,3.4,5.42,7.539983613922457,2.0,2.4928,1.8077939228953843,0.7293790152521067
9.6,9.214612098406192,8.0,5.2858440393672765,10.0,2.5,3.1,3.491506903617486,11.069314718055994,12.1,1.5,3.0,2.0,1.5,3.4,12.7,14.717415247243009,2.0,2.0,1.5831776616671935,0.8500000000000001
9.6,8.154509662544417,8.0,4.861797198684417,6.8,2.5,3.1,3.23708231901066,11.069314718055994,12.1,7.644,3.0,2.6,1.5,3.4,8.219999999999999,11.100000000000001,2.0,6.3008,2.0501960974404687,0.7592631859566563
9.6,9.382847073867492,8.0,5.353138258120874,10.0,2.5,3.1,3.531883297728198,11.069314718055994,12.1,3.356,3.0,2.0,1.5,3.4,12.7,14.773279124921231,2.0,3.2992,1.9120784645382176,0.8500000000000001
10.4,10.924221144669728,8.0,5.729688370913316,10.0,2.5,3.1,3.757813074720735,11.069314718055994,12.1,4.252000000000001,3.7,2.0,1.5,3.4,12.7,14.73037236445964,2.0,3.9263999999999997,1.9567994987724384,0.8500000000000001
9.6,12.23475451084059,8.0,6.493901802431547,10.0,2.5,3.1,4.216341082601741,11.069314718055994,12.1,14.3,3.0,2.6,1.5,3.4,12.7,14.3,2.0,13.2,2.2543197713410636,0.8500000000000001
9.6,9.431798914890347,8.0,5.372719047823437,10.0,2.5,3.1,3.543631739573683,11.069314718055994,12.1,12.38,3.0,2.6,1.5,3.4,12.7,14.702858480767219,2.0,9.616,2.1176993372176143,0.8500000000000001
7.740807945623111,6.809616708113403,8.0,4.3237484755340825,2.3256,2.5,3.1,2.9143080099472165,3.8833147180559946,3.8023999999999996,3.036,3.0,2.6,1.5,3.4,1.95584,2.3642935115298034,2.0,3.0751999999999997,1.8909715845625779,0.6157838713182315
8.022503247545407,7.003517006096704,8.0,4.401340169088074,2.48,2.5,3.1,2.960844081463209,4.269314718055995,4.42,2.332,3.0,2.6,1.5,3.4,2.1719999999999997,2.725730989311749,2.0,2.5824,1.8249660241322652,0.6348569907192203
9.6,9.982885554808217,8.0,5.593154049826462,10.0,2.5,3.1,3.675892533153972,11.069314718055994,12.1,3.7399999999999998,3.0,2.6,1.5,3.4,12.7,14.573115881190727,2.0,3.568,1.9333101495173068,0.8500000000000001
9.6,10.111925431032752,8.0,5.644770039462531,10.0,2.5,3.1,3.70686210344786,11.069314718055994,12.1,10.844,3.0,2.6,1.5,3.4,12.7,14.579822470377268,2.0,8.540799999999999,2.0996654728516937,0.8500000000000001
9.6,8.063355550325255,8.0,4.825334220610071,6.0,2.5,3.1,3.215205332078061,11.069314718055994,12.1,1.5,3.0,2.6,1.5,3.4,7.1,9.5,2.0,2.0,1.5831776616671935,0.7485280180818945
9.120504078735452,7.6964142907747295,8.0,4.678549051726288,3.92,2.5,3.1,3.127139429785935,7.869314718055994,10.18,2.716,3.0,2.6,1.5,3.4,4.188,5.650404824085912,2.0,2.8512,1.8653426925268106,0.709200796997713
9.146851136072451,7.716821955245879,8.0,4.686712784018113,4.0,2.5,3.1,3.132037269259011,8.069314718055994,10.5,1.5,3.0,2.6,1.5,3.4,4.3,5.802768041006461,2.0,2.0,1.5831776616671935,0.7109847123382389
9.438546072712564,7.899119070908515,8.0,4.759636518178141,4.88,2.5,3.1,3.175788577018044,10.269314718055993,12.1,1.5,3.0,2.6,1.5,3.4,5.532,7.644491101943534,2.0,2.0,1.5831776616671935,0.7307348903399131
6.1656882117991,5.855213508687434,8.0,3.9414220529497754,2.048,2.5,3.1,2.685251242084984,3.1893147180559946,2.692,1.5,3.0,2.0,1.5,3.4,1.5672,2.0847776729351897,2.0,2.0,1.5831776616671935,0.5091351393405641
7.681121867666986,6.800950979937583,8.0,4.3202804669167465,2.32,2.5,3.1,2.9122282351850197,3.8693147180559944,3.7800000000000002,1.5,3.0,2.6,1.5,3.4,1.948,2.14,2.0,2.0,1.5831776616671935,0.6117426264566189
9.6,9.986479326241103,8.0,5.5945915596321365,10.0,2.5,3.1,3.6767550382978644,11.069314718055994,12.1,14.3,3.0,2.0,1.5,3.4,12.7,14.759632484663575,2.0,13.2,2.270007873901479,0.8500000000000001
7.578909686796965,6.689504063814152,8.0,4.275676742599343,2.2560000000000002,2.5,3.1,2.8854809753153967,3.7093147180559947,3.524,3.548,3.0,2.6,1.5,3.4,1.8584,2.2221034885650965,2.0,3.4336,1.9231632629539392,0.6048220100435444
9.346571901050881,7.840234496705035,8.0,4.736081299853775,4.5600000000000005,2.5,3.1,3.1616562792092084,9.469314718055994,12.1,2.076,3.0,2.6,1.5,3.4,5.084,6.997857617617782,2.0,2.4032,1.7877474327358045,0.7245074724669867
8.20383114091898,7.125571069545376,8.0,4.45017622894013,2.6128,2.5,3.1,2.99013705669089,4.601314718055995,4.9512,1.692,3.0,2.6,1.5,3.4,2.35792,3.1026031221027193,2.0,2.1344,1.6931325494920921,0.6471344001663892
6.589095672162964,6.109300059845864,8.0,4.043321220216973,2.08,2.5,3.1,2.7462320143630077,3.2693147180559947,2.82,1.6280000000000001,3.0,2.6,1.5,3.4,1.612,1.970404824085913,2.0,2.0896,1.6663553233343869,0.5378033528027006
9.6,9.193338030248379,8.0,5.27733437733126,10.0,2.5,3.1,3.4864011272596107,11.069314718055994,12.1,2.588,3.0,2.6,1.5,3.4,12.7,14.579154376857407,2.0,2.7616,1.8533326774999728,0.8500000000000001
8.532628476372851,7.332978982340674,8.0,4.533157119093213,2.928,2.5,3.1,3.0399149557617617,5.389314718055995,6.212,1.5,3.0,2.6,1.5,3.4,2.7992,3.58901001635096,2.0,2.0,1.5831776616671935,0.6693967197544117
5.006477230417186,3.946573590279973,8.0,2.8,2.0,2.5,3.1,2.0831776616671935,3.0693147180559945,2.5,1.82,3.7,2.6,1.5,3.4,1.5,1.866532481324802,2.0,2.224,1.7335092178866376,0.3764802291428303
7.0472314448343845,6.4023072600313125,8.0,4.160701051521667,2.144,2.5,3.1,2.816553742407515,3.4293147180559944,3.076,1.564,3.0,2.6,1.5,3.4,1.7016,2.1545324813248024,2.0,2.0448,1.6318334746401733,0.5688229624106613
6.1656882117991,5.855213508687434,8.0,3.9414220529497754,2.048,2.5,3.1,2.685251242084984,3.1893147180559946,2.692,1.5,3.0,2.6,1.5,3.4,1.5672,1.596,2.0,2.0,1.5831776616671935,0.5091351393405641
3.0334075753824443,3.3465735902799727,8.0,2.8,2.0,2.5,3.1,2.0831776616671935,3.0693147180559945,2.5,1.564,3.0,2.6,1.5,3.4,1.5,1.5,2.0,2.0448,1.6318334746401733,0.2970536379165196
9.6,9.357350929475995,8.0,5.3429397704702,10.0,2.5,3.1,3.5257642230742388,11.069314718055994,12.1,5.0840000000000005,3.0,2.6,1.5,3.4,12.7,14.3,2.0,4.5088,1.9872531612655702,0.8500000000000001
6.732077567337276,6.20012872265441,8.0,4.079718986907041,2.096,2.5,3.1,2.7680308934370585,3.3093147180559948,2.884,1.6280000000000001,3.0,2.0,1.5,3.4,1.6344,2.1613919062363753,2.0,2.0896,1.6663553233343869,0.5474844186217948
6.85446232912958,6.244602465662659,8.0,4.097536803696922,2.10496,2.5,3.1,2.778704591759038,3.3317147180559945,2.9198399999999998,2.204,3.0,2.6,1.5,3.4,1.646944,2.0533288642819363,2.0,2.4928,1.8077939228953843,0.5557708868681487
7.418474076799617,6.636893158922447,8.0,4.254618519199904,2.2304,2.5,3.1,2.8728543581413875,3.6453147180559946,3.4215999999999998,1.5,3.0,2.6,1.5,3.4,1.82256,2.271204824085913,2.0,2.0,1.5831776616671935,0.5939591822833075
9.549769937550199,7.968630381321525,8.0,4.78744248438755,5.3096,2.5,3.1,3.192471291517166,11.069314718055994,12.1,1.5,3.0,2.6,1.5,3.4,6.13344,8.1192,2.0,2.0,1.5831776616671935,0.7382656728549615
9.14749082905392,7.716821955245879,8.0,4.686712784018113,4.0,2.5,3.1,3.132037269259011,8.069314718055994,10.5,1.6280000000000001,3.0,2.6,1.5,3.4,4.3,5.877857617617781,2.0,2.0896,1.6663553233343869,0.7110280248838592
9.297164921274529,7.808435789133172,8.0,4.723360996083486,4.40224,2.5,3.1,3.154024589391961,9.074914718055995,12.1,2.396,3.0,2.6,1.5,3.4,4.863136,6.68148312210272,2.0,2.6272,1.8327106466687737,0.7211622082112963
7.461698633807433,6.6572764161620395,8.0,4.262777366326692,2.24,2.5,3.1,2.8777463398788896,3.6693147180559946,3.46,1.756,3.0,2.6,1.5,3.4,1.8359999999999999,2.351621910803922,2.0,2.1792,1.7150111363073666,0.5968858449973784
9.6,8.618908670690146,8.0,5.0475608349126615,10.0,2.5,3.1,3.3485380809656355,11.069314718055994,12.1,4.1240000000000006,3.0,2.6,1.5,3.4,12.7,14.684491101943534,2.0,3.8368,1.9513440138832274,0.8088604033133049
6.781229335429972,6.109300059845864,8.0,4.043321220216973,2.08,2.5,3.1,2.7462320143630077,3.2693147180559947,2.82,1.564,3.0,2.6,1.5,3.4,1.612,1.6600000000000001,2.0,2.0448,1.6318334746401733,0.5372707362530711
9.294029850343284,7.807969402264791,8.0,4.723174428905778,4.4,2.5,3.1,3.15391265654355,9.069314718055994,12.1,1.82,3.0,2.6,1.5,3.4,4.859999999999999,6.610404824085913,2.0,2.224,1.7335092178866376,0.7209499377836599
9.6,11.37201709438834,8.0,6.14880682706015,10.0,2.5,3.1,4.009284102653202,11.069314718055994,12.1,14.3,3.0,2.6,1.5,3.4,12.7,14.695314636399853,2.0,13.2,2.340912073674222,0.8500000000000001
9.312710608361447,7.807969402264791,8.0,4.723174428905778,4.4,2.5,3.1,3.15391265654355,9.069314718055994,12.1,6.364000000000001,3.0,2.0,1.5,3.4,4.859999999999999,6.734150989704804,2.0,5.4048,2.022805059202751,0.722214780774473
9.6,8.409909141805151,8.0,4.963959656842057,10.0,2.5,3.1,3.2983781940332366,11.069314718055994,12.1,3.356,3.0,2.6,1.5,3.4,12.7,14.627447902472486,2.0,3.2992,1.9120784645382176,0.7862292599307723
9.6,11.111227923231363,8.0,6.0444911512745305,10.0,2.5,3.1,3.946694701575527,11.069314718055994,12.1,7.644,3.0,2.0,1.5,3.4,12.7,14.719088396562716,2.0,6.3008,2.0501960974404687,0.8500000000000001
9.6,8.23158024084805,8.0,4.892626382298393,7.6,2.5,3.1,3.2555792578035323,11.069314718055994,12.1,4.316000000000001,3.0,2.6,1.5,3.4,9.34,13.004091972182387,2.0,3.9711999999999996,1.9594369675786913,0.7670923794578073
6.073867401571849,4.151292546497023,8.0,3.239444915467244,2.00128,2.5,3.1,2.2763102111592857,3.0725147180559946,2.50512,4.0600000000000005,3.0,2.6,1.5,3.4,1.501792,1.50256,2.0,3.792,1.9485203541940042,0.48937643864809394
9.6,8.409909141805151,8.0,4.963959656842057,10.0,2.5,3.1,3.2983781940332366,11.069314718055994,12.1,3.356,3.0,2.6,1.5,3.4,12.7,14.68086257001605,2.0,3.2992,1.9120784645382176,0.7862292599307723
1.6,3.3465735902799727,8.0,2.8,2.0,2.5,3.1,2.0831776616671935,3.0693147180559945,2.5,1.5,3.0,2.6,1.5,3.4,1.5,1.9019588367399065,2.0,2.0,1.5831776616671935,0.2
9.6,8.525460875450761,8.0,5.010181175652714,10.0,2.5,3.1,3.3261106101081825,11.069314718055994,12.1,14.3,3.0,2.6,1.5,3.4,12.7,14.692045425411719,2.0,12.08,2.150994002097768,0.7995494470817253
10.4,9.703041322740086,8.0,5.241215529103535,10.0,2.5,3.1,3.4647299174576207,11.069314718055994,12.1,9.628,3.7,2.6,1.5,3.4,12.7,14.64610395917026,2.0,7.6895999999999995,2.0831774885234005,0.8500000000000001
5.115559323737951,3.3465735902799727,8.0,2.8,2.0,2.5,3.1,2.0831776616671935,3.0693147180559945,2.5,2.524,3.0,2.6,1.5,3.4,1.5,1.8955788512519756,2.0,2.7168,1.8468446109475396,0.43803266254475715
9.541411623552497,7.95179377376823,8.0,4.780707510257234,5.2,2.5,3.1,3.188430505704375,11.069314718055994,12.1,7.516,3.0,2.6,1.5,3.4,5.9799999999999995,8.252000917825914,2.0,6.2112,2.04772178297614,0.7376997453447003
9.6,9.103041322740086,8.0,5.241215529103535,10.0,2.5,3.1,3.4647299174576207,11.069314718055994,12.1,2.46,3.0,2.0,1.5,3.4,12.7,14.713177553283549,2.0,2.6719999999999997,1.839985601286746,0.8500000000000001
8.992773252414356,7.605270175989425,8.0,4.642088073395303,3.6,2.5,3.1,3.105264842237462,7.0693147180559945,8.899999999999999,5.468,3.0,2.6,1.5,3.4,3.7399999999999998,5.086550645101782,2.0,4.7776,1.9990659700031606,0.700552355632222
9.4,10.894795930882012,8.0,5.957918344575032,10.0,2.5,3.1,3.8947510234116827,11.069314718055994,12.799999999999999,6.620000000000001,3.0,2.6,1.5,3.4,12.7,14.685867894200923,2.7,5.584,2.0288063096717104,0.8500000000000001
9.6,9.561183688698165,8.0,5.424473075480466,10.0,2.5,3.1,3.574684085287559,11.069314718055994,12.1,2.46,3.0,2.6,1.5,3.4,12.7,14.683215580671755,2.0,2.6719999999999997,1.839985601286746,0.8500000000000001
9.6,8.501066586991014,8.0,5.0004233015464035,10.0,2.5,3.1,3.3202559808778433,11.069314718055994,12.1,1.756,3.0,2.6,1.5,3.4,12.7,14.32174416339043,2.0,2.1792,1.7150111363073666,0.7959660297482951
7.710558595428623,6.800950979937583,8.0,4.3202804669167465,2.32,2.5,3.1,2.9122282351850197,3.8693147180559944,3.7800000000000002,2.46,3.0,2.6,1.5,3.4,1.948,2.321744126199213,2.0,2.6719999999999997,1.839985601286746,0.6137357382321464
9.6,9.252193373559553,8.0,5.300876607354227,10.0,2.5,3.1,3.500526409654293,11.069314718055994,12.1,9.628,3.0,2.6,1.5,3.4,12.7,14.568095125975061,2.0,7.6895999999999995,2.0831774885234005,0.8500000000000001
9.909248013262935,8.277566558438862,8.0,4.671009318595088,3.84896,2.5,3.1,3.1226159740253268,7.691714718055994,9.89584,6.236,3.7,2.6,1.5,3.4,4.088544,5.4802491506831075,2.0,5.315199999999999,2.0196880008343596,0.7084386675646779
7.342830254531732,6.454876640822405,8.0,4.181750955863044,2.16,2.5,3.1,2.8291703937973773,3.4693147180559945,3.14,1.756,3.0,2.6,1.5,3.4,1.724,1.9115459867141533,2.0,2.1792,1.7150111363073666,0.5752957984839193
9.6,9.144031343343872,8.0,5.257611616054294,10.0,2.5,3.1,3.474567522402529,11.069314718055994,12.1,5.852,3.0,2.6,1.5,3.4,12.7,14.547106869113092,2.0,5.0464,2.009819429045923,0.8500000000000001
8.459010034323304,7.258796555718782,8.0,4.5034786342837805,2.8,2.5,3.1,3.0221111733725077,5.0693147180559945,5.699999999999999,5.212,3.0,2.6,1.5,3.4,2.62,3.1,2.0,4.5984,1.991321347466652,0.6644121377406405
8.200496065739753,7.064440071062819,8.0,4.4257170400748995,2.54224,2.5,3.1,2.9754656170550766,4.4249147180559945,4.66896,7.132000000000001,3.0,2.6,1.5,3.4,2.259136,2.7104747400499973,2.0,5.942399999999999,2.0399771604396317,0.6469085877844625
5.688699091338649,3.946573590279973,8.0,2.8,2.0,2.5,3.1,2.0831776616671935,3.0693147180559945,2.5,2.268,3.7,2.0,1.5,3.4,1.5,1.94352244650135,2.0,2.5376,1.816686879553831,0.4226723343093877
8.969151813935586,7.605270175989425,8.0,4.642088073395303,3.6,2.5,3.1,3.105264842237462,7.0693147180559945,8.899999999999999,1.6280000000000001,3.0,2.6,1.5,3.4,3.7399999999999998,4.7,2.0,2.0896,1.6663553233343869,0.6989529874018887
6.796212444749607,6.2407885646382155,8.0,4.09600891238533,2.10416,2.5,3.1,2.777789255513172,3.3297147180559947,2.91664,1.6280000000000001,3.0,2.6,1.5,3.4,1.645824,1.8988050030090569,2.0,2.0896,1.6663553233343869,0.5518268842799213
9.6,8.298342365923057,8.0,4.919331946556716,8.4,2.5,3.1,3.2716021678215337,11.069314718055994,12.1,2.332,3.0,2.6,1.5,3.4,10.459999999999999,14.378908972105233,2.0,2.5824,1.8249660241322652,0.77407368272267
7.689078173922898,6.800950979937583,8.0,4.3202804669167465,2.32,2.5,3.1,2.9122282351850197,3.8693147180559944,3.7800000000000002,1.756,3.0,2.6,1.5,3.4,1.948,2.3310284821260696,2.0,2.1792,1.7150111363073666,0.6122813346926961
6.992415487684978,6.370850347326027,8.0,4.148103871921244,2.1352,2.5,3.1,2.8090040833582464,3.4073147180559946,3.0408,1.5,3.0,2.0,1.5,3.4,1.68928,2.2365026326508604,2.0,2.0,1.5831776616671935,0.5651114653120037
9.39305720155659,7.8705431315886525,8.0,4.748205488967546,4.720000000000001,2.5,3.1,3.1689303515812766,9.869314718055994,12.1,1.564,3.0,2.6,1.5,3.4,5.308,7.192029433222006,2.0,2.0448,1.6318334746401733,0.7276549146887274
9.4,8.202161722336374,8.0,4.880858628603959,7.28,2.5,3.1,3.24851881336073,11.069314718055994,12.799999999999999,1.948,3.0,2.6,1.5,3.4,8.892,12.431237689189935,2.7,2.3136,1.7636669492803463,0.7636232958920746
7.681121867666986,6.800950979937583,8.0,4.3202804669167465,2.32,2.5,3.1,2.9122282351850197,3.8693147180559944,3.7800000000000002,1.5,3.0,2.6,1.5,3.4,1.948,2.446590968927971,2.0,2.0,1.5831776616671935,0.6117426264566189
10.4,9.65104447969261,8.0,5.220416682291613,10.0,2.5,3.1,3.4522506751262267,11.069314718055994,12.1,1.5,3.7,2.6,1.5,3.4,12.7,14.659970012162697,2.0,2.0,1.5831776616671935,0.8500000000000001
9.426410719254603,7.891252827987673,8.0,4.7564898448318145,4.835039999999999,2.5,3.1,3.1739006787170414,10.156914718055994,12.1,1.6280000000000001,3.0,2.6,1.5,3.4,5.469055999999999,7.534598474276394,2.0,2.0896,1.6663553233343869,0.7299132257828638
7.8811218676669865,6.800950979937583,8.0,4.3202804669167465,2.32,2.5,3.1,2.9122282351850197,3.8693147180559944,3.7800000000000002,1.5,3.0,2.6,1.5,3.4,1.948,2.5148409728167236,2.0,2.0,1.5831776616671935,0.6117426264566189
9.6,8.915816854576056,8.0,5.166325287649834,10.0,2.5,3.1,3.4197960450982534,11.069314718055994,12.1,2.588,3.0,2.6,1.5,3.4,12.7,14.445002614599595,2.0,2.7616,1.8533326774999728,0.8409132316353201
9.6,8.13756003605392,8.0,4.8550171182265425,6.64,2.5,3.1,3.2330144086529407,11.069314718055994,12.1,3.356,3.0,2.6,1.5,3.4,7.9959999999999996,10.978399037935848,2.0,3.2992,1.9120784645382176,0.7568372853925724
7.326824453515702,6.704568221960065,8.0,4.281706113378926,2.26384,2.5,3.1,2.8890963732704154,3.7289147180559947,4.25536,1.5,3.0,2.6,1.5,3.4,1.869376,2.02768,2.7,2.0,1.5831776616671935,0.6012954057067923
10.4,8.917987815667265,8.0,4.927190319094605,8.65648,2.5,3.1,3.2763170757601436,11.069314718055994,12.1,2.076,3.7,2.6,1.5,3.4,10.819072,14.3,2.0,2.4032,1.7877474327358045,0.7761726012089079
9.6,8.38167803504859,8.0,4.952666981797415,9.5608,2.5,3.1,3.291602728411662,11.069314718055994,12.1,2.076,3.0,2.6,1.5,3.4,12.08512,14.3,2.0,2.4032,1.7877474327358045,0.7830655304448861
6.581229335429972,6.109300059845864,8.0,4.043321220216973,2.08,2.5,3.1,2.7462320143630077,3.2693147180559947,2.82,1.564,3.0,2.6,1.5,3.4,1.612,2.010192568023694,2.0,2.0448,1.6318334746401733,0.5372707362530711
9.6,8.444857355304723,8.0,4.97793921227472,10.0,2.5,3.1,3.3067657652731337,11.069314718055994,12.1,1.6280000000000001,3.0,2.6,1.5,3.4,12.7,14.658131743738984,2.0,2.0896,1.6663553233343869,0.7898686374795065
9.6,10.142757718604614,8.0,5.6571029624419635,10.0,2.5,3.1,3.7142618524651074,11.069314718055994,12.1,2.9080000000000004,3.0,2.6,1.5,3.4,12.7,14.665864744694204,2.0,2.9856,1.8813664596417534,0.8500000000000001
9.4,8.457562413594914,8.0,4.983021329173501,10.0,2.5,3.1,3.3098149792627796,11.069314718055994,12.799999999999999,1.5,3.0,2.6,1.5,3.4,12.7,14.643569018051442,2.7,2.0,1.5831776616671935,0.7912349433178232
7.992941509696968,7.0960482137079435,8.0,4.198235377424242,2.17376,2.5,3.1,2.8390515712899065,3.5037147180559947,3.19504,1.5,3.7,2.0,1.5,3.4,1.743264,2.3190001218535357,2.0,2.0,1.5831776616671935,0.5786887480523988
9.6,9.280125738385012,8.0,5.312049593603312,10.0,2.5,3.1,3.507230177212403,11.069314718055994,12.1,3.356,3.0,2.6,1.5,3.4,12.7,14.664518474276393,2.0,3.2992,1.9120784645382176,0.8500000000000001
9.8,8.81994202698472,8.0,5.12797504924584,10.0,2.5,3.1,3.3967860864763324,11.069314718055994,12.1,2.7800000000000002,3.0,2.6,1.5,3.4,12.7,14.674840972816725,2.0,2.896,1.870925094402998,0.8305409303090623
8.134335490366253,7.080544756422898,8.0,4.432160784190933,2.56,2.5,3.1,2.979330741541496,4.469314718055995,4.74,1.82,3.0,2.6,1.5,3.4,2.284,2.62,2.0,2.224,1.7335092178866376,0.6424289654935484
1.6,3.3465735902799727,8.0,2.8,2.0,2.5,3.1,2.0831776616671935,3.0693147180559945,2.5,1.5,3.0,2.6,1.5,3.4,1.5,1.8851240146881019,2.0,2.0,1.5831776616671935,0.2
8.011997515478642,7.003517006096704,8.0,4.401340169088074,2.48,2.5,3.1,2.960844081463209,4.269314718055995,4.42,1.82,3.0,2.6,1.5,3.4,2.1719999999999997,2.8206699020090777,2.0,2.224,1.7335092178866376,0.634145665110533
9.6,8.765981546923683,8.0,5.106390656474962,10.0,2.5,3.1,3.383835571261684,11.069314718055994,12.1,1.5,3.0,2.6,1.5,3.4,12.7,14.67142994762312,2.0,2.0,1.5831776616671935,0.824647469461969
1.6,3.3465735902799727,8.0,2.8,2.0,2.5,3.1,2.0831776616671935,3.0693147180559945,2.5,1.5,3.0,2.6,1.5,3.4,1.5,1.5,2.0,2.0,1.5831776616671935,0.2
9.6,8.515392237532073,8.0,5.006153655910384,10.0,2.5,3.1,3.3236941370076973,11.069314718055994,12.1,1.5,3.0,2.6,1.5,3.4,12.7,14.3,2.0,2.0,1.5831776616671935,0.7974999484757292
9.294562083747255,7.807969402264791,8.0,4.723174428905778,4.4,2.5,3.1,3.15391265654355,9.069314718055994,12.1,1.948,3.0,2.6,1.5,3.4,4.859999999999999,6.629434938533422,2.0,2.3136,1.7636669492803463,0.720985974420387
9.6,9.685164546946112,8.0,5.474065506623522,10.0,2.5,3.1,3.6044394912670663,11.069314718055994,12.1,14.3,3.0,2.0,1.5,3.4,12.7,14.719960087682404,2.0,11.5872,2.1450334089221,0.8500000000000001
9.6,8.042946219595693,8.0,4.817170155025743,5.84,2.5,3.1,3.2103070927029664,11.069314718055994,12.1,2.14,3.0,2.6,1.5,3.4,6.8759999999999994,9.490404824085912,2.0,2.448,1.7981887979745599,0.7464296421301826
9.6,8.477818483396948,8.0,4.991123901464339,10.0,2.5,3.1,3.3146764360152674,11.069314718055994,12.1,1.948,3.0,2.6,1.5,3.4,12.7,14.3,2.0,2.3136,1.7636669492803463,0.79346248040873
9.6,8.409909141805151,8.0,4.963959656842057,10.0,2.5,3.1,3.2983781940332366,11.069314718055994,12.1,5.852,3.0,2.6,1.5,3.4,12.7,14.602989672270198,2.0,5.0464,2.009819429045923,0.7864394863930717
5.363477837002806,3.3465735902799727,8.0,2.8,2.0,2.5,3.1,2.0831776616671935,3.0693147180559945,2.5,2.588,3.0,2.6,1.5,3.4,1.5,1.5,2.0,2.7616,1.8533326774999728,0.4412771452137316
8.618699240393054,7.258796555718782,8.0,4.5034786342837805,2.8,2.5,3.1,3.0221111733725077,5.0693147180559945,5.699999999999999,1.884,3.0,2.6,1.5,3.4,2.62,3.3593036249820365,2.0,2.2688,1.7495329850015804,0.6616827610682798
7.90615376503122,6.800950979937583,8.0,4.3202804669167465,2.32,2.5,3.1,2.9122282351850197,3.8693147180559944,3.7800000000000002,9.82,3.0,2.0,1.5,3.4,1.948,2.585379093030995,2.0,7.824,2.0859362307103644,0.626979161173989
7.532077567337277,6.709300059845864,8.0,4.043321220216973,2.08,2.5,3.1,2.7462320143630077,3.2693147180559947,2.82,2.9080000000000004,3.7,2.0,1.5,3.4,1.612,2.1078704035652986,2.0,2.9856,1.8813664596417534,0.5474844186217948
6.595169141845255,3.3465735902799727,8.0,2.8,2.0,2.5,3.1,2.0831776616671935,3.0693147180559945,2.5,6.620000000000001,3.0,2.6,1.5,3.4,1.5,1.5,2.0,5.584,2.0288063096717104,0.5246729106457726
6.787837546792524,5.145521226679158,8.0,3.4089044875446843,2.0032,2.5,3.1,2.370925094402998,3.0773147180559945,2.5128,4.316000000000001,3.7,2.6,1.5,3.4,1.50448,1.5064,2.0,3.9711999999999996,1.9594369675786913,0.4970931672307438
7.352540827465766,5.618220981414975,8.0,3.8462217233709177,2.02976,2.5,3.1,2.628373035539594,3.1437147180559943,2.61904,14.3,3.0,2.6,1.5,3.4,1.541664,1.55952,2.0,12.2144,2.1525695170707833,0.5894949518596613
5.367624161049868,3.3465735902799727,8.0,2.8,2.0,2.5,3.1,2.0831776616671935,3.0693147180559945,2.5,2.9080000000000004,3.0,2.0,1.5,3.4,1.5,1.9511957059242764,2.0,2.9856,1.8813664596417534,0.45509955257108475
5.5533139380874434,5.437598661600576,8.0,3.7735068900911166,2.02064,2.5,3.1,2.585023678784138,3.1209147180559946,2.58256,1.6280000000000001,3.0,2.6,1.5,3.4,1.528896,1.851684824085913,2.0,2.0896,1.6663553233343869,0.46767229789133735
9.6,8.386511025200917,8.0,4.954600218570271,9.63424,2.5,3.1,3.2927626460482204,11.069314718055994,12.1,2.588,3.0,2.6,1.5,3.4,12.187935999999999,14.615415719961494,2.0,2.7616,1.8533326774999728,0.7836339664176422
9.6,8.053418238261079,8.0,4.821359135203245,5.921279999999999,2.5,3.1,3.212820377182659,11.069314718055994,12.1,2.076,3.0,2.6,1.5,3.4,6.989792,9.613118973858052,2.0,2.4032,1.7877474327358045,0.7475507945234592
9.127746330483552,7.7048824183349,8.0,4.681936582620888,3.9528,2.5,3.1,3.129171780400376,7.951314718055994,10.3112,1.5,3.0,2.6,1.5,3.4,4.2339199999999995,5.4056,2.0,2.0,1.5831776616671935,0.7096911577931573
9.169813210044113,7.8544960974052325,8.0,4.741786291614766,4.63408,2.5,3.1,3.165079063377256,9.654514718055994,12.799999999999999,2.204,3.0,2.6,1.5,3.4,5.187711999999999,7.053406767386241,2.7,2.4928,1.8077939228953843,0.7260811027634035
5.292096413473008,3.3465735902799727,8.0,2.8,2.0,2.5,3.1,2.0831776616671935,3.0693147180559945,2.5,2.7800000000000002,3.0,2.6,1.5,3.4,1.5,1.8330558204525098,2.0,2.896,1.870925094402998,0.4499856946622349
9.4,8.210738725743068,8.0,4.884289533040543,7.37136,2.5,3.1,3.2505772941783366,11.069314718055994,12.799999999999999,1.5,3.0,2.6,1.5,3.4,9.019904,12.24272,2.7,2.0,1.5831776616671935,0.7644950818651473
7.338902902510742,6.454876640822405,8.0,4.181750955863044,2.16,2.5,3.1,2.8291703937973773,3.4693147180559945,3.14,1.692,3.0,2.0,1.5,3.4,1.724,2.262257070547419,2.0,2.1344,1.6931325494920921,0.5750298840241648
7.906770069130474,7.034507225332852,8.0,4.173594881794059,2.1536,2.5,3.1,2.824281734079885,3.4533147180559944,3.1144,1.692,3.7,2.6,1.5,3.4,1.71504,1.8072,2.0,2.1344,1.6931325494920921,0.5728542234307092
7.4016431614822515,6.622827533797268,8.0,4.248988309267402,2.224,2.5,3.1,2.8694786081113444,3.6293147180559946,3.396,1.6280000000000001,3.0,2.0,1.5,3.4,1.8136,2.431273558635543,2.0,2.0896,1.6663553233343869,0.5928195890586941
7.373284880867892,6.709300059845864,8.0,4.043321220216973,2.08,2.5,3.1,2.7462320143630077,3.2693147180559947,2.82,1.5,3.7,2.6,1.5,3.4,1.612,1.6600000000000001,2.0,2.0,1.5831776616671935,0.5367328304754302
8.267000805562864,7.161561443793867,8.0,4.464576004353981,2.65856,2.5,3.1,2.998774746510528,4.715714718055994,5.13424,2.076,3.0,2.0,1.5,3.4,2.421984,3.2979088077578456,2.0,2.4032,1.7877474327358045,0.6514115128766522
9.23750722769434,7.773477727768571,8.0,4.709376806923585,4.24,2.5,3.1,3.145634654664457,8.669314718055993,11.459999999999999,1.5,3.0,2.0,1.5,3.4,4.636,6.498564630138811,2.0,2.0,1.5831776616671935,0.717122885208471
8.255188900313648,7.147274757571839,8.0,4.458859921771447,2.64,2.5,3.1,2.9953459418172415,4.669314718055994,5.0600000000000005,2.7800000000000002,3.0,2.6,1.5,3.4,2.396,2.903227099315346,2.0,2.896,1.870925094402998,0.6506117484587366
6.649387847322332,6.109300059845864,8.0,4.043321220216973,2.08,2.5,3.1,2.7462320143630077,3.2693147180559947,2.82,2.14,3.0,2.6,1.5,3.4,1.612,1.7855377011496087,2.0,2.448,1.7981887979745599,0.5418856354957828
8.466534544271816,7.287919693424485,8.0,4.515130152197561,2.848,2.5,3.1,3.0291007264218766,5.189314718055995,5.8919999999999995,2.012,3.0,2.6,1.5,3.4,2.6872,3.546192568023694,2.0,2.3584,1.7763102111592854,0.6649216097684043
9.938488242290266,8.311595566902481,8.0,4.684622060572567,3.9792,2.5,3.1,3.1307829360565953,8.017314718055994,10.416799999999999,1.5,3.7,2.0,1.5,3.4,4.27088,5.930740019764217,2.0,2.0,1.5831776616671935,0.7104184747384035
8.329643898634346,7.206138510733338,8.0,4.4824109746585865,2.7199999999999998,2.5,3.1,3.0094732425760014,4.869314718055994,5.38,1.5,3.0,2.6,1.5,3.4,2.508,2.9400000000000004,2.0,2.0,1.5831776616671935,0.6556529723033673
8.526582020929082,7.403939036639253,8.0,4.321476285127958,2.32192,2.5,3.1,2.912945368793421,3.8741147180559947,3.78768,2.8440000000000003,3.7,2.6,1.5,3.4,1.950688,2.4627158064365653,2.0,2.9408,1.876259305911498,0.6148206576670732
8.79185470509354,7.49372339470859,8.0,4.597464362570025,3.2800000000000002,2.5,3.1,3.0784936147300614,6.269314718055995,7.62,1.756,3.0,2.6,1.5,3.4,3.292,4.232660227412044,2.0,2.1792,1.7150111363073666,0.6869484956573751
9.6,8.272697034451237,8.0,4.909073550830349,8.08,2.5,3.1,3.265447288268297,11.069314718055994,12.1,1.5,3.0,2.0,1.5,3.4,10.011999999999999,14.10473952369939,2.0,2.0,1.5831776616671935,0.7712074200165526
8.414713977593376,7.258796555718782,8.0,4.5034786342837805,2.8,2.5,3.1,3.0221111733725077,5.0693147180559945,5.699999999999999,1.564,3.0,2.0,1.5,3.4,2.62,3.569128409242211,2.0,2.0448,1.6318334746401733,0.6614129255662181
8.790357231642016,7.49372339470859,8.0,4.597464362570025,3.2800000000000002,2.5,3.1,3.0784936147300614,6.269314718055995,7.62,1.564,3.0,2.0,1.5,3.4,3.292,4.523860691797069,2.0,2.0448,1.6318334746401733,0.6868471042257615
8.954498977209655,7.69462226286795,8.0,4.437793372729775,2.576,2.5,3.1,2.9827093430883083,4.509314718055994,4.804,1.692,3.7,2.0,1.5,3.4,2.3064,3.1119798386827235,2.0,2.1344,1.6931325494920921,0.6437942015819037
9.6,8.23158024084805,8.0,4.892626382298393,7.6,2.5,3.1,3.2555792578035323,11.069314718055994,12.1,2.652,3.0,2.6,1.5,3.4,9.34,12.955314773446906,2.0,2.8064,1.8594878728264788,0.766892081508936
10.4,9.451781176683948,8.0,5.140710817801508,10.0,2.5,3.1,3.4044274824041474,11.069314718055994,12.1,2.46,3.7,2.6,1.5,3.4,12.7,14.551696099691142,2.0,2.6719999999999997,1.839985601286746,0.8339760768564548
9.6,9.214612098406192,8.0,5.2858440393672765,10.0,2.5,3.1,3.491506903617486,11.069314718055994,12.1,1.5,3.0,2.6,1.5,3.4,12.7,14.570702404740112,2.0,2.0,1.5831776616671935,0.8500000000000001
9.6,9.62258864624695,8.0,5.449035104727177,10.0,2.5,3.1,3.589421275099268,11.069314718055994,12.1,11.100000000000001,3.0,2.6,1.5,3.4,12.7,14.62907600074192,2.0,8.719999999999999,2.102865662501553,0.8500000000000001
5.338263067569525,5.317364494114818,8.0,3.724994562656854,2.01616,2.5,3.1,2.5561674785875566,3.1097147180559945,2.56464,1.564,3.0,2.6,1.5,3.4,1.522624,1.53232,2.0,2.0448,1.6318334746401733,0.4531115618666866
6.153934168417434,5.422093543229296,8.0,3.767256381390296,2.02,2.5,3.1,2.581302450375031,3.1193147180559944,2.58,2.8440000000000003,3.0,2.6,1.5,3.4,1.528,1.54,2.0,2.9408,1.876259305911498,0.49479762598659716
9.401666478701516,7.875925188936584,8.0,4.750358437856787,4.74944,2.5,3.1,3.1702220453447802,9.942914718055993,12.1,1.564,3.0,2.0,1.5,3.4,5.349216,7.461078924339494,2.0,2.0448,1.6318334746401733,0.7282378344954152
6.601818742437304,3.946573590279973,8.0,2.8,2.0,2.5,3.1,2.0831776616671935,3.0693147180559945,2.5,3.9320000000000004,3.7,2.6,1.5,3.4,1.5,1.7666227885759833,2.0,3.7024,1.9426655344936723,0.4844981440191925
7.127003823452176,6.454876640822405,8.0,4.181750955863044,2.16,2.5,3.1,2.8291703937973773,3.4693147180559945,3.14,1.5,3.0,2.6,1.5,3.4,1.724,2.18274636171744,2.0,2.0,1.5831776616671935,0.5742242172129077
9.6,8.54108665881759,8.0,5.016431586674963,10.0,2.5,3.1,3.3298607981162216,11.069314718055994,12.1,1.692,3.0,2.6,1.5,3.4,12.7,14.49839903793585,2.0,2.1344,1.6931325494920921,0.8002960530901231
9.395171305614522,7.8705431315886525,8.0,4.748205488967546,4.720000000000001,2.5,3.1,3.1689303515812766,9.869314718055994,12.1,2.14,3.0,2.6,1.5,3.4,5.308,7.300040177755333,2.0,2.448,1.7981887979745599,0.7277980571509832
9.6,8.756472732385117,8.0,5.102587092984046,10.0,2.5,3.1,3.3815534557724276,11.069314718055994,12.1,1.6280000000000001,3.0,2.6,1.5,3.4,12.7,14.596513894455333,2.0,2.0896,1.6663553233343869,0.8236227540248697
7.087691922923362,6.4277043993049645,8.0,4.170870900451004,2.15152,2.5,3.1,2.8226490558331916,3.4481147180559946,3.10608,1.564,3.0,2.6,1.5,3.4,1.7121279999999999,1.80304,2.0,2.0448,1.6318334746401733,0.5715624739479359
9.6,8.929437043526319,8.0,5.171773402307845,10.0,2.5,3.1,3.4230648904463163,11.069314718055994,12.1,4.1240000000000006,3.0,2.6,1.5,3.4,12.7,14.3,2.0,3.8368,1.9513440138832274,0.8424338074907656
9.226610697274985,7.858796555718782,8.0,4.5034786342837805,2.8,2.5,3.1,3.0221111733725077,5.0693147180559945,5.699999999999999,2.524,3.7,2.0,1.5,3.4,2.62,3.554533687980205,2.0,2.7168,1.8468446109475396,0.6622184326279938
7.45110946530677,6.6572764161620395,8.0,4.262777366326692,2.24,2.5,3.1,2.8777463398788896,3.6693147180559946,3.46,1.5,3.0,2.6,1.5,3.4,1.8359999999999999,1.98,2.0,2.0,1.5831776616671935,0.5961688700468125
6.963531483971286,6.3113681619749205,8.0,4.124281130352827,2.12,2.5,3.1,2.794728358873981,3.3693147180559944,2.98,2.332,3.0,2.0,1.5,3.4,1.668,2.202353723120888,2.0,2.5824,1.8249660241322652,0.5631557775605558
7.777078890094359,6.859786994629791,8.0,4.3438259681813465,2.36,2.5,3.1,2.9263488787111496,3.9693147180559945,3.94,1.564,3.0,2.0,1.5,3.4,2.004,2.6893919062363754,2.0,2.0448,1.6318334746401733,0.6182397165168056
5.82656298299039,5.618220981414975,8.0,3.8462217233709177,2.02976,2.5,3.1,2.628373035539594,3.1437147180559943,2.61904,1.6280000000000001,3.0,2.6,1.5,3.4,1.541664,1.55952,2.0,2.0896,1.6663553233343869,0.4861735353066411
8.010674545109337,7.003517006096704,8.0,4.401340169088074,2.48,2.5,3.1,2.960844081463209,4.269314718055995,4.42,1.756,3.0,2.6,1.5,3.4,2.1719999999999997,2.4975130740562923,2.0,2.1792,1.7150111363073666,0.6340560889917781
9.6,9.742145152749,8.0,5.496857782566107,10.0,2.5,3.1,3.61811483665976,11.069314718055994,12.1,3.356,3.0,2.6,1.5,3.4,12.7,14.378908972105233,2.0,3.2992,1.9120784645382176,0.8500000000000001
5.862300935031666,5.654133848700603,8.0,3.860660981611815,2.032,2.5,3.1,2.6369921236881444,3.1493147180559946,2.628,1.564,3.0,2.0,1.5,3.4,1.5448,2.0615069269774966,2.0,2.0448,1.6318334746401733,0.48859329247610234
9.6,8.154509662544417,8.0,4.861797198684417,6.8,2.5,3.1,3.23708231901066,11.069314718055994,12.1,1.884,3.0,2.0,1.5,3.4,8.219999999999999,11.600643622927205,2.0,2.2688,1.7495329850015804,0.7584575457747131
9.6,9.368353389463993,8.0,5.347340767552898,10.0,2.5,3.1,3.528404813471358,11.069314718055994,12.1,1.948,3.0,2.0,1.5,3.4,12.7,14.796451474604977,2.0,2.3136,1.7636669492803463,0.8500000000000001
7.997323100370085,6.976131654328523,8.0,4.390382276370838,2.4544,2.5,3.1,2.9542715970388453,4.205314718055995,4.3176,3.164,3.0,2.0,1.5,3.4,2.13616,2.863036893222647,2.0,3.1647999999999996,1.8998645412210244,0.6331520849208913
8.420287803266104,7.258796555718782,8.0,4.5034786342837805,2.8,2.5,3.1,3.0221111733725077,5.0693147180559945,5.699999999999999,2.012,3.0,2.0,1.5,3.4,2.62,3.540205441842253,2.0,2.3584,1.7763102111592854,0.6617903200128092
6.359007912302535,6.0020105223666285,8.0,3.7591581091193484,2.0192,2.5,3.1,2.576482525367991,3.1173147180559946,2.5768,1.756,3.7,2.0,1.5,3.4,1.52688,2.0092168373349426,2.0,2.1792,1.7150111363073666,0.4680578273954842
5.436632436477393,3.3465735902799727,8.0,2.8,2.0,2.5,3.1,2.0831776616671935,3.0693147180559945,2.5,3.036,3.0,2.0,1.5,3.4,1.5,1.9475225046488245,2.0,3.0751999999999997,1.8909715845625779,0.45977198788649015
5.559007912302535,5.312486406642135,8.0,3.7230241033682523,2.016,2.5,3.1,2.5549967375941125,3.1093147180559946,2.564,2.012,3.0,2.0,1.5,3.4,1.5224,1.9622124156214356,2.0,2.3584,1.7763102111592854,0.4680578273954842
6.948688757654688,6.3113681619749205,8.0,4.124281130352827,2.12,2.5,3.1,2.794728358873981,3.3693147180559944,2.98,2.14,3.0,2.0,1.5,3.4,1.668,2.1824386246824585,2.0,2.448,1.7981887979745599,0.5621508012995362
6.948688757654688,6.343554303933257,8.0,4.137172189413672,2.128,2.5,3.1,2.8024530329439816,3.3893147180559944,3.012,1.5,3.0,2.0,1.5,3.4,1.6792,2.1930255606550615,2.0,2.0,1.5831776616671935,0.5621508012995362
9.6,8.84428740599806,8.0,5.1377132845679885,10.0,2.5,3.1,3.402628977439534,11.069314718055994,12.1,1.6280000000000001,3.0,2.0,1.5,3.4,12.7,14.739946604299686,2.0,2.0896,1.6663553233343869,0.8331352251918889
9.4,8.959201953161418,8.0,5.183679447944567,10.0,2.5,3.1,3.4302084687587406,11.069314718055994,12.799999999999999,5.0200000000000005,3.0,2.6,1.5,3.4,12.7,14.64889563847659,2.7,4.464,1.985166152140146,0.8456790644607353
9.8,9.271276012491509,8.0,5.308509690714716,10.0,2.5,3.1,3.5051062429979623,11.069314718055994,12.1,1.692,3.0,2.6,1.5,3.4,12.7,14.610717454511487,2.0,2.1344,1.6931325494920921,0.8500000000000001
9.4,9.469378898302136,8.0,5.387751078703549,10.0,2.5,3.1,3.552650935592512,11.069314718055994,12.799999999999999,6.236,3.0,2.6,1.5,3.4,12.7,14.3,2.7,5.315199999999999,2.0196880008343596,0.8500000000000001
9.6,7.99944431864969,8.0,4.799768637170576,5.52,2.5,3.1,3.1998666364759254,11.069314718055994,12.1,2.46,3.0,2.6,1.5,3.4,6.428,8.893192112069736,2.0,2.6719999999999997,1.839985601286746,0.7417883425803005
9.6,8.725759018420433,8.0,5.090301480692752,10.0,2.5,3.1,3.374182164420904,11.069314718055994,12.1,6.812,3.0,2.6,1.5,3.4,12.7,14.656482737891787,2.0,5.7184,2.0331181507788383,0.8205284892214788
7.69499390213633,6.800950979937583,8.0,4.3202804669167465,2.32,2.5,3.1,2.9122282351850197,3.8693147180559944,3.7800000000000002,1.948,3.0,2.6,1.5,3.4,1.948,2.4873524089988024,2.0,2.3136,1.7636669492803463,0.6126818787904807
7.74668875661302,6.814859739019568,8.0,4.08562105453692,2.09888,2.5,3.1,2.7715663373646966,3.3165147180559944,2.89552,3.804,3.7,2.6,1.5,3.4,1.6384319999999999,2.0560341127748756,2.0,3.6128,1.9365103391671663,0.5620153845623399
6.020362351305426,3.3465735902799727,8.0,2.8,2.0,2.5,3.1,2.0831776616671935,3.0693147180559945,2.5,4.7,3.0,2.6,1.5,3.4,1.5,1.8471970329688525,2.0,4.24,1.9741492462297714,0.49929536753630493
9.6,10.075992111577946,8.0,5.630396701774189,10.0,2.5,3.1,3.6982381067787076,11.069314718055994,12.1,1.756,3.0,2.6,1.5,3.4,12.7,14.629434938533423,2.0,2.1792,1.7150111363073666,0.8500000000000001
9.6,8.84241733376399,8.0,5.136965249387253,10.0,2.5,3.1,3.4021801601033577,11.069314718055994,12.1,1.5,3.0,2.6,1.5,3.4,12.7,14.606590968927971,2.0,2.0,1.5831776616671935,0.8329280883757144
9.6,8.228226351248106,8.0,4.8912847880005,7.56256,2.5,3.1,3.2547743242995453,11.069314718055994,12.1,2.14,3.0,2.6,1.5,3.4,9.287583999999999,12.97882971115299,2.0,2.448,1.7981887979745599,0.7664674736624368
9.293497262613077,7.807969402264791,8.0,4.723174428905778,4.4,2.5,3.1,3.15391265654355,9.069314718055994,12.1,1.692,3.0,2.6,1.5,3.4,4.859999999999999,6.658912774396978,2.0,2.1344,1.6931325494920921,0.7209138771560937
7.727714363651746,6.800950979937583,8.0,4.3202804669167465,2.32,2.5,3.1,2.9122282351850197,3.8693147180559944,3.7800000000000002,3.036,3.0,2.6,1.5,3.4,1.948,2.5251240146881018,2.0,3.0751999999999997,1.8909715845625779,0.614897326705587
8.05929345295789,7.137481598983022,8.0,4.214823363239472,2.1888,2.5,3.1,2.8489955837559253,3.5413147180559945,3.2552,1.5,3.7,2.6,1.5,3.4,1.76432,1.8776,2.0,2.0,1.5831776616671935,0.5831813275440239
10.4,9.093086845326988,8.0,4.997231351256626,10.0,2.5,3.1,3.3183408428784773,11.069314718055994,12.1,7.452000000000001,3.7,2.6,1.5,3.4,12.7,14.487452880803362,2.0,6.166399999999999,2.0464652269920647,0.7955083584096609
9.6,8.653577560856682,8.0,5.061428567385492,10.0,2.5,3.1,3.3568586146056036,11.069314718055994,12.1,1.948,3.0,2.6,1.5,3.4,12.7,14.661643210597362,2.0,2.3136,1.7636669492803463,0.8124935220443308
9.6,8.675215032303704,8.0,5.070083660021827,10.0,2.5,3.1,3.362051607752889,11.069314718055994,12.1,1.5,3.0,2.6,1.5,3.4,12.7,14.696839366135304,2.0,2.0,1.5831776616671935,0.8148143245892447
8.05697483197589,7.03576544677833,8.0,4.414243707993973,2.512,2.5,3.1,2.968583707226799,4.349314718055995,4.548,1.5,3.0,2.6,1.5,3.4,2.2168,2.906923865253476,2.0,2.0,1.5831776616671935,0.6371910042483676
8.006692456250336,7.003517006096704,8.0,4.401340169088074,2.48,2.5,3.1,2.960844081463209,4.269314718055995,4.42,1.564,3.0,2.0,1.5,3.4,2.1719999999999997,2.8827942867325844,2.0,2.0448,1.6318334746401733,0.6337864683919499
7.134956175216377,6.454876640822405,8.0,4.181750955863044,2.16,2.5,3.1,2.8291703937973773,3.4693147180559945,3.14,1.6280000000000001,3.0,2.6,1.5,3.4,1.724,2.2144121054031665,2.0,2.0896,1.6663553233343869,0.5747626576969422
7.285940379288563,6.5458710575475765,8.0,4.218181964415996,2.192,2.5,3.1,2.8510090538114183,3.5493147180559945,3.268,1.756,3.0,2.6,1.5,3.4,1.7688,2.273522303328732,2.0,2.1792,1.7150111363073666,0.5849855465143299
9.526103172029343,7.9518437662693975,8.0,4.780727508257451,5.20032,2.5,3.1,3.188442503904655,11.069314718055994,12.1,2.524,3.0,2.6,1.5,3.4,5.980448,7.90064,2.0,2.7168,1.8468446109475396,0.7366632356061535
9.6,9.665208828046946,8.0,5.466083206353333,10.0,2.5,3.1,3.599650118731267,11.069314718055994,12.1,2.268,3.0,2.6,1.5,3.4,12.7,14.686493891411818,2.0,2.5376,1.816686879553831,0.8500000000000001
9.6,8.272697034451237,8.0,4.909073550830349,8.08,2.5,3.1,3.265447288268297,11.069314718055994,12.1,1.564,3.0,2.6,1.5,3.4,10.011999999999999,14.013117994071713,2.0,2.0448,1.6318334746401733,0.7712145465531539
9.6,8.98592459406642,8.0,5.194368573695679,10.0,2.5,3.1,3.436621902575941,11.069314718055994,12.1,2.46,3.0,2.6,1.5,3.4,12.7,14.3,2.0,2.6719999999999997,1.839985601286746,0.848500489637446
9.172977705502532,7.73140484433611,8.0,4.692546399529876,4.059200000000001,2.5,3.1,3.1355371626406665,8.217314718055993,10.736799999999999,2.076,3.0,2.6,1.5,3.4,4.38288,6.012331643568846,2.0,2.4032,1.7877474327358045,0.7127536988100673
9.6,9.077394938701506,8.0,5.230956922857334,10.0,2.5,3.1,3.4585747852883615,11.069314718055994,12.1,3.804,3.0,2.6,1.5,3.4,12.7,14.531253547169005,2.0,3.6128,1.9365103391671663,0.8500000000000001
9.6,10.110493499670774,8.0,5.644197266536444,10.0,2.5,3.1,3.706518439920986,11.069314718055994,12.1,11.164000000000001,3.0,2.0,1.5,3.4,12.7,14.707741914291082,2.0,8.7648,2.103652550567092,0.8500000000000001
9.6,8.404944775829957,8.0,4.961973870540032,9.920960000000001,2.5,3.1,3.2971867461991895,11.069314718055994,12.1,1.756,3.0,2.6,1.5,3.4,12.589343999999999,14.704834806520548,2.0,2.1792,1.7150111363073666,0.7855564679464488
8.300688012239675,7.184578556294417,8.0,4.473785034949427,2.6896,2.5,3.1,3.00429885351066,4.793314718055995,5.2584,1.884,3.0,2.6,1.5,3.4,2.46544,2.8792,2.0,2.2688,1.7495329850015804,0.6536924174953946
7.463776724418157,6.765750924946845,8.0,4.065944181104539,2.0896,2.5,3.1,2.759780221987243,3.2933147180559947,2.8584,1.5,3.7,2.6,1.5,3.4,1.62544,1.6792,2.0,2.0,1.5831776616671935,0.5428598823824794
6.619809616993551,6.109300059845864,8.0,4.043321220216973,2.08,2.5,3.1,2.7462320143630077,3.2693147180559947,2.82,1.884,3.0,2.6,1.5,3.4,1.612,1.6600000000000001,2.0,2.2688,1.7495329850015804,0.5398829428172718
7.947324186829057,6.9645632436534,8.0,4.385753264325339,2.444,2.5,3.1,2.951495178476816,4.179314718055995,4.276,1.692,3.0,2.6,1.5,3.4,2.1216,2.388,2.0,2.1344,1.6931325494920921,0.6297667418165509
9.6,8.063355550325255,8.0,4.825334220610071,6.0,2.5,3.1,3.215205332078061,11.069314718055994,12.1,2.076,3.0,2.6,1.5,3.4,7.1,9.5,2.0,2.4032,1.7877474327358045,0.7486254265442156
7.681121867666986,6.800950979937583,8.0,4.3202804669167465,2.32,2.5,3.1,2.9122282351850197,3.8693147180559944,3.7800000000000002,1.5,3.0,2.0,1.5,3.4,1.948,2.636639763098495,2.0,2.0,1.5831776616671935,0.6117426264566189
6.395169141845255,5.998226044309511,8.0,3.998792285461314,2.064,2.5,3.1,2.719574250634283,3.2293147180559947,2.7560000000000002,1.5,3.0,2.0,1.5,3.4,1.5896,2.10510410230305,2.0,2.0,1.5831776616671935,0.5246729106457726
6.943679348675506,6.340427339395108,8.0,4.135919837168877,2.1272,2.5,3.1,2.801702561454826,3.3873147180559946,3.0088,1.5,3.0,2.6,1.5,3.4,1.67808,1.7544,2.0,2.0,1.5831776616671935,0.5618116225665708
8.617592349225793,7.3860727196225495,8.0,4.554398087306448,3.032,2.5,3.1,3.0526574527094117,5.649314718055995,6.628,1.5,3.0,2.6,1.5,3.4,2.9448,3.8547022240130775,2.0,2.0,1.5831776616671935,0.6751494819788297
8.789857450280099,7.49372339470859,8.0,4.597464362570025,3.2800000000000002,2.5,3.1,3.0784936147300614,6.269314718055995,7.62,1.5,3.0,2.6,1.5,3.4,3.292,4.0600000000000005,2.0,2.0,1.5831776616671935,0.6868132648627151
9.6,8.77969933066365,8.0,5.111877823076054,10.0,2.5,3.1,3.387127839359276,11.069314718055994,12.1,1.756,3.0,2.6,1.5,3.4,12.7,14.3,2.0,2.1792,1.7150111363073666,0.8261439175880005
9.6,8.298342365923057,8.0,4.919331946556716,8.4,2.5,3.1,3.2716021678215337,11.069314718055994,12.1,1.82,3.0,2.0,1.5,3.4,10.459999999999999,14.75089086903021,2.0,2.224,1.7335092178866376,0.7740195782716184
9.6,9.597963029028257,8.0,5.439184839979794,10.0,2.5,3.1,3.5835111269667816,11.069314718055994,12.1,5.596,3.0,2.6,1.5,3.4,12.7,14.3,2.0,4.8672,2.002758569043171,0.8500000000000001
9.6,9.783525881382525,8.0,5.5134100961432475,10.0,2.5,3.1,3.6280462115318057,11.069314718055994,12.1,1.692,3.0,2.0,1.5,3.4,12.7,14.732708141053656,2.0,2.1344,1.6931325494920921,0.8500000000000001
9.6,9.46317667982329,8.0,5.385270185313087,10.0,2.5,3.1,3.5511624031575897,11.069314718055994,12.1,5.788,3.0,2.6,1.5,3.4,12.7,14.3,2.0,5.0016,2.008092780551671,0.8500000000000001
9.6,8.409909141805151,8.0,4.963959656842057,10.0,2.5,3.1,3.2983781940332366,11.069314718055994,12.1,1.692,3.0,2.6,1.5,3.4,12.7,14.675462555400397,2.0,2.1344,1.6931325494920921,0.7860886542994818
9.6,10.142757718604614,8.0,5.6571029624419635,10.0,2.5,3.1,3.7142618524651074,11.069314718055994,12.1,12.764000000000001,3.0,2.6,1.5,3.4,12.7,14.3,2.0,9.884799999999998,2.12181402603505,0.8500000000000001
9.6,9.802395997890688,8.0,5.520958152243153,10.0,2.5,3.1,3.632575039493765,11.069314718055994,12.1,2.7800000000000002,3.0,2.6,1.5,3.4,12.7,14.695261726346153,2.0,2.896,1.870925094402998,0.8500000000000001
9.6,10.457061756649413,8.0,5.782824635993133,10.0,2.5,3.1,3.7896948215958592,11.069314718055994,12.1,2.716,3.0,2.6,1.5,3.4,12.7,14.3,2.0,2.8512,1.8653426925268106,0.8500000000000001
4.82028135258812,3.3465735902799727,8.0,2.8,2.0,2.5,3.1,2.0831776616671935,3.0693147180559945,2.5,2.204,3.0,2.6,1.5,3.4,1.5,1.662864094022605,2.0,2.4928,1.8077939228953843,0.418039883248154
9.6,9.99895480587763,8.0,5.599581755697231,10.0,2.5,3.1,3.679749153410631,11.069314718055994,12.1,6.364000000000001,3.0,2.6,1.5,3.4,12.7,14.587823136624257,2.0,5.4048,2.022805059202751,0.8500000000000001
9.6,8.71478279746266,8.0,5.085910945107464,10.0,2.5,3.1,3.3715478713910385,11.069314718055994,12.1,1.884,3.0,2.6,1.5,3.4,12.7,14.3,2.0,2.2688,1.7495329850015804,0.8191185409389401
9.6,8.43904246383567,8.0,4.975613212056158,10.0,2.5,3.1,3.30537019132056,11.069314718055994,12.1,1.564,3.0,2.6,1.5,3.4,12.7,14.582329150683108,2.0,2.0448,1.6318334746401733,0.7892336879906716
8.927153447112145,7.579523538794316,8.0,4.631788361778036,3.51968,2.5,3.1,3.099085649310636,6.8685147180559945,8.57872,1.5,3.0,2.6,1.5,3.4,3.6275519999999997,4.53936,2.0,2.0,1.5831776616671935,0.6961093479815516
9.522830041028936,7.95179377376823,8.0,4.780707510257234,5.2,2.5,3.1,3.188430505704375,11.069314718055994,12.1,1.5,3.0,2.6,1.5,3.4,5.9799999999999995,8.28414452131485,2.0,2.0,1.5831776616671935,0.7364416173613344
6.540693816084609,6.056841089916116,8.0,4.0222934679005355,2.072,2.5,3.1,2.733641861579868,3.2493147180559947,2.788,1.884,3.0,2.6,1.5,3.4,1.6008,1.644,2.0,2.2688,1.7495329850015804,0.5345261437973954
6.687659094937903,6.111288134035684,8.0,4.044118034019948,2.08032,2.5,3.1,2.746709152168564,3.2701147180559946,2.82128,2.46,3.0,2.6,1.5,3.4,1.612448,1.66064,2.0,2.6719999999999997,1.839985601286746,0.5444769178864204
9.6,9.287305470408064,8.0,5.314921496417311,10.0,2.5,3.1,3.5089533128979356,11.069314718055994,12.1,4.1240000000000006,3.0,2.6,1.5,3.4,12.7,14.401366277027043,2.0,3.8368,1.9513440138832274,0.8500000000000001
5.61382386945194,3.3465735902799727,8.0,2.8,2.0,2.5,3.1,2.0831776616671935,3.0693147180559945,2.5,3.42,3.0,2.6,1.5,3.4,1.5,1.5,2.0,3.344,1.9158883083359672,0.4717693244941417
8.005360676352293,7.003517006096704,8.0,4.401340169088074,2.48,2.5,3.1,2.960844081463209,4.269314718055995,4.42,1.5,3.0,2.6,1.5,3.4,2.1719999999999997,2.46,2.0,2.0,1.5831776616671935,0.6336962957946866
7.859556744702095,6.912422845513428,8.0,4.364889186175524,2.4,2.5,3.1,2.938981482923223,4.0693147180559945,4.1,1.5,3.0,2.6,1.5,3.4,2.06,2.3,2.0,2.0,1.5831776616671935,0.6238241545892044
9.6,8.0394132269511,8.0,4.815756898878624,5.81296,2.5,3.1,3.2094591744682637,11.069314718055994,12.1,2.204,3.0,2.6,1.5,3.4,6.838144,9.201459495856668,2.0,2.4928,1.8077939228953843,0.746059023080998
10.4,9.313498568817083,8.0,5.085397248058515,10.0,2.5,3.1,3.3712396565161,11.069314718055994,12.1,1.82,3.7,2.6,1.5,3.4,12.7,14.568752061793681,2.0,2.224,1.7335092178866376,0.8189765095698782
7.11897162746399,6.370850347326027,8.0,4.148103871921244,2.1352,2.5,3.1,2.8090040833582464,3.4073147180559946,3.0408,3.356,3.0,2.6,1.5,3.4,1.68928,1.7704,2.0,3.2992,1.9120784645382176,0.573680370609541
6.395169141845255,5.998226044309511,8.0,3.998792285461314,2.064,2.5,3.1,2.719574250634283,3.2293147180559947,2.7560000000000002,1.5,3.0,2.6,1.5,3.4,1.5896,1.6280000000000001,2.0,2.0,1.5831776616671935,0.5246729106457726
9.6,8.484116385846331,8.0,4.993643106151848,10.0,2.5,3.1,3.3161879326031194,11.069314718055994,12.1,1.5,3.0,2.6,1.5,3.4,12.7,14.3,2.0,2.0,1.5831776616671935,0.7941116745827921
9.413033850686627,7.87928869037016,8.0,4.751703916456704,4.768,2.5,3.1,3.1710292856888382,9.989314718055994,12.1,3.228,3.0,2.6,1.5,3.4,5.3751999999999995,7.0360000000000005,2.0,3.2096,1.9040754995983769,0.729007500306907
9.6,9.050361620460865,8.0,5.220143537082494,10.0,2.5,3.1,3.4520867889106075,11.069314718055994,12.1,1.692,3.0,2.6,1.5,3.4,12.7,14.3,2.0,2.1344,1.6931325494920921,0.8500000000000001
8.274462296935507,7.171657940702473,8.0,4.468615574233876,2.672,2.5,3.1,3.0011979057685934,4.749314718055994,5.188000000000001,1.5,3.0,2.6,1.5,3.4,2.4408,2.8440000000000003,2.0,2.0,1.5831776616671935,0.651916718021675
6.897124521411307,6.3113681619749205,8.0,4.124281130352827,2.12,2.5,3.1,2.794728358873981,3.3693147180559944,2.98,1.5,3.0,2.6,1.5,3.4,1.668,1.74,2.0,2.0,1.5831776616671935,0.5586594728038907
9.6,8.756472732385117,8.0,5.102587092984046,10.0,2.5,3.1,3.3815534557724276,11.069314718055994,12.1,1.5,3.0,2.6,1.5,3.4,12.7,14.560086345135034,2.0,2.0,1.5831776616671935,0.8236173376831792
9.6,9.327552388558427,8.0,5.331020317176761,10.0,2.5,3.1,3.518612573254022,11.069314718055994,12.1,5.788,3.0,2.6,1.5,3.4,12.7,14.653117994071714,2.0,5.0016,2.008092780551671,0.8500000000000001
9.204556858957584,7.618977769504578,8.0,4.6475716516025845,3.6444799999999997,2.5,3.1,3.108554664681099,7.180514718055995,9.077919999999999,3.868,3.0,2.6,1.5,3.4,3.802272,5.09704799280881,2.0,3.6575999999999995,1.9396273975355576,0.7013502039919197
9.6,10.345490064325581,8.0,5.738195942396951,10.0,2.5,3.1,3.762917615438139,11.069314718055994,12.1,12.572000000000001,3.0,2.6,1.5,3.4,12.7,14.3,2.0,9.750399999999999,2.1197743168708216,0.8500000000000001
9.6,10.38551138611109,8.0,5.754204477521404,10.0,2.5,3.1,3.772522732666662,11.069314718055994,12.1,4.508,3.0,2.6,1.5,3.4,12.7,14.692175678983768,2.0,4.1056,1.9670184357732752,0.8500000000000001
10.4,10.398516800570365,8.0,5.519406471391922,10.0,2.5,3.1,3.6316440321368875,11.069314718055994,12.1,4.956,3.7,2.6,1.5,3.4,12.7,14.3,2.0,4.4192,1.983042202888218,0.8500000000000001
9.6,9.16193228501797,8.0,5.264772025124225,10.0,2.5,3.1,3.478863748404313,11.069314718055994,12.1,10.588,3.0,2.0,1.5,3.4,12.7,14.718738010909327,2.0,8.3616,2.0963775959491198,0.8500000000000001
10.4,11.541186785300887,8.0,5.976474688803904,10.0,2.5,3.1,3.905884828472213,11.069314718055994,12.1,14.3,3.7,2.0,1.5,3.4,12.7,14.70812447006022,2.0,13.2,2.336487609377223,0.8500000000000001
9.6,8.409909141805151,8.0,4.963959656842057,10.0,2.5,3.1,3.2983781940332366,11.069314718055994,12.1,1.5,3.0,2.6,1.5,3.4,12.7,14.3,2.0,2.0,1.5831776616671935,0.7860724070613905
6.332961650085949,3.3465735902799727,8.0,2.8,2.0,2.5,3.1,2.0831776616671935,3.0693147180559945,2.5,6.236,3.0,2.6,1.5,3.4,1.5,1.8588419729224133,2.0,5.315199999999999,2.0196880008343596,0.5204609450579027
9.6,8.702464071328949,8.0,5.080983400429644,10.0,2.5,3.1,3.368591377118948,11.069314718055994,12.1,1.692,3.0,2.6,1.5,3.4,12.7,14.54658639646662,2.0,2.1344,1.6931325494920921,0.8177753885746706
9.6,8.671791655062165,8.0,5.068714292960113,10.0,2.5,3.1,3.3612299972149193,11.069314718055994,12.1,3.612,3.0,2.6,1.5,3.4,12.7,14.3,2.0,3.4783999999999997,1.9266417673787295,0.8145492192269437
8.141113277307037,7.080544756422898,8.0,4.432160784190933,2.56,2.5,3.1,2.979330741541496,4.469314718055995,4.74,2.204,3.0,2.6,1.5,3.4,2.284,2.8767654667119436,2.0,2.4928,1.8077939228953843,0.6428878781509972
9.046409119319703,7.652916176717702,8.0,4.661148291347887,3.76,2.5,3.1,3.1166998824122487,7.469314718055995,9.54,1.82,3.0,2.6,1.5,3.4,3.964,5.0200000000000005,2.0,2.224,1.7335092178866376,0.7041839507872716
9.6,8.298342365923057,8.0,4.919331946556716,8.4,2.5,3.1,3.2716021678215337,11.069314718055994,12.1,1.692,3.0,2.6,1.5,3.4,10.459999999999999,14.570558973858052,2.0,2.1344,1.6931325494920921,0.7740060437105258
9.115195499203132,7.6964142907747295,8.0,4.678549051726288,3.92,2.5,3.1,3.127139429785935,7.869314718055994,10.18,1.692,3.0,2.6,1.5,3.4,4.188,5.601945115444964,2.0,2.1344,1.6931325494920921,0.7088413619252121
9.6,8.839228426228354,8.0,5.135689675597633,10.0,2.5,3.1,3.401414822294805,11.069314718055994,12.1,2.524,3.0,2.6,1.5,3.4,12.7,14.364849224176897,2.0,2.7168,1.8468446109475396,0.8326193308842944
9.491005753283392,8.026975550757305,8.0,4.570761654995439,3.12,2.5,3.1,3.0624741321817535,5.869314718055994,6.9799999999999995,2.396,3.7,2.6,1.5,3.4,3.068,4.01098877370843,2.0,2.6272,1.8327106466687737,0.6801201812118964
7.127003823452176,6.454876640822405,8.0,4.181750955863044,2.16,2.5,3.1,2.8291703937973773,3.4693147180559945,3.14,1.5,3.0,2.6,1.5,3.4,1.724,2.067279879521334,2.0,2.0,1.5831776616671935,0.5742242172129077
9.6,8.501066586991014,8.0,5.0004233015464035,10.0,2.5,3.1,3.3202559808778433,11.069314718055994,12.1,1.5,3.0,2.6,1.5,3.4,12.7,14.353972802053192,2.0,2.0,1.5831776616671935,0.795947977502151
10.4,8.824589131814099,8.0,4.8898298582275155,7.52224,2.5,3.1,3.2539013916353836,11.069314718055994,12.1,1.5,3.7,2.6,1.5,3.4,9.231136,12.760936943144793,2.0,2.0,1.5831776616671935,0.7659955866032855
9.299071828090135,7.807969402264791,8.0,4.723174428905778,4.4,2.5,3.1,3.15391265654355,9.069314718055994,12.1,3.036,3.0,2.6,1.5,3.4,4.859999999999999,6.4831959427518004,2.0,3.0751999999999997,1.8909715845625779,0.721291321693603
6.152287563459248,5.654133848700603,8.0,3.860660981611815,2.032,2.5,3.1,2.6369921236881444,3.1493147180559946,2.628,2.716,3.0,2.0,1.5,3.4,1.5448,2.0632234134038483,2.0,2.8512,1.8653426925268106,0.5082278037758866
7.333630301529777,6.578088318740308,8.0,4.231079260379347,2.2048,2.5,3.1,2.858741196497674,3.5813147180559946,3.3192,1.692,3.0,2.0,1.5,3.4,1.7867199999999999,2.3714576907239353,2.0,2.1344,1.6931325494920921,0.5882145516660786
6.745064865546784,6.20012872265441,8.0,4.079718986907041,2.096,2.5,3.1,2.7680308934370585,3.3093147180559948,2.884,1.756,3.0,2.0,1.5,3.4,1.6344,2.1439041142432047,2.0,2.1792,1.7150111363073666,0.5483637669380634
4.035617950178739,3.3465735902799727,8.0,2.8,2.0,2.5,3.1,2.0831776616671935,3.0693147180559945,2.5,1.756,3.0,2.6,1.5,3.4,1.5,1.5,2.0,2.1792,1.7150111363073666,0.3649116320433521
3.818070977791825,3.3465735902799727,8.0,2.8,2.0,2.5,3.1,2.0831776616671935,3.0693147180559945,2.5,1.692,3.0,2.0,1.5,3.4,1.5,1.96965484895341,2.0,2.1344,1.6931325494920921,0.3501818891213215
6.391834329743387,5.855213508687434,8.0,3.9414220529497754,2.048,2.5,3.1,2.685251242084984,3.1893147180559946,2.692,1.6280000000000001,3.0,2.6,1.5,3.4,1.5672,1.596,2.0,2.0896,1.6663553233343869,0.5109054494097085
9.6,8.409939139705308,8.0,4.963971656242091,10.0,2.5,3.1,3.2983853935292737,11.069314718055994,12.1,1.82,3.0,2.0,1.5,3.4,12.7,14.750958674836049,2.0,2.224,1.7335092178866376,0.7861027312982449
9.178532854743278,7.736429235382207,8.0,4.694556311312434,4.08,2.5,3.1,3.13674301649173,8.269314718055993,10.82,1.564,3.0,2.0,1.5,3.4,4.412,6.131019079376055,2.0,2.0448,1.6318334746401733,0.7131298287065762
9.6,8.167180232289413,8.0,4.8668655933951035,6.9232,2.5,3.1,3.240123255749459,11.069314718055994,12.1,2.588,3.0,2.6,1.5,3.4,8.392479999999999,11.35249877052118,2.0,2.7616,1.8533326774999728,0.7599255187439369
6.842006309627672,6.276966702012905,8.0,4.110501577406918,2.112,2.5,3.1,2.786472008483097,3.349314718055995,2.948,1.5,3.0,2.6,1.5,3.4,1.6568,1.9086310905485444,2.0,2.0,1.5831776616671935,0.554927510547707
8.610742459163076,7.3751039312628555,8.0,4.550009884316848,3.0096,2.5,3.1,3.050024943503085,5.593314718055995,6.5384,2.588,3.0,2.6,1.5,3.4,2.91344,3.5192,2.0,2.7616,1.8533326774999728,0.6746856873391667
9.169151813935587,7.605270175989425,8.0,4.642088073395303,3.6,2.5,3.1,3.105264842237462,7.0693147180559945,8.899999999999999,1.6280000000000001,3.0,2.6,1.5,3.4,3.7399999999999998,4.8678581003990695,2.0,2.0896,1.6663553233343869,0.6989529874018887
8.860440836502034,7.53323500077824,8.0,4.6132709042895605,3.38528,2.5,3.1,3.0879764001867773,6.532514718055995,8.04112,2.524,3.0,2.6,1.5,3.4,3.439392,4.38854823736339,2.0,2.7168,1.8468446109475396,0.6915923483048253
9.361742292503742,7.949924013000156,8.0,4.539936280197903,2.96,2.5,3.1,3.0439817631200374,5.469314718055995,6.34,1.692,3.7,2.6,1.5,3.4,2.844,3.6211797390542624,2.0,2.1344,1.6931325494920921,0.6713679677216073
4.963477837002806,5.232954059327292,8.0,3.6908694592507016,2.0136,2.5,3.1,2.5359089742385503,3.1033147180559943,3.2544000000000004,1.5,3.0,2.6,1.5,3.4,1.51904,1.5272000000000001,2.7,2.0,1.5831776616671935,0.4412771452137316
9.6,9.113408003334037,8.0,5.245362221860914,10.0,2.5,3.1,3.4672179208001688,11.069314718055994,12.1,1.884,3.0,2.6,1.5,3.4,12.7,14.3,2.0,2.2688,1.7495329850015804,0.8500000000000001
6.265505981826813,5.917405368531302,8.0,3.9663764954567036,2.0544,2.5,3.1,2.7001772884475126,3.2053147180559947,2.7176,1.5,3.0,2.6,1.5,3.4,1.57616,1.6088,2.0,2.0,1.5831776616671935,0.5158936341861905
9.363101924483704,7.851969225037774,8.0,4.740775481120926,4.6208,2.5,3.1,3.1644726140090658,9.621314718055993,12.1,1.5,3.0,2.6,1.5,3.4,5.1691199999999995,6.7416,2.0,2.0,1.5831776616671935,0.7256266928035842
9.359745120791612,7.949924013000156,8.0,4.539936280197903,2.96,2.5,3.1,3.0439817631200374,5.469314718055995,6.34,1.5,3.7,2.6,1.5,3.4,2.844,3.6741747003973035,2.0,2.0,1.5831776616671935,0.6712327425535987
7.681121867666986,6.800950979937583,8.0,4.3202804669167465,2.32,2.5,3.1,2.9122282351850197,3.8693147180559944,3.7800000000000002,1.5,3.0,2.6,1.5,3.4,1.948,2.3627136416718195,2.0,2.0,1.5831776616671935,0.6117426264566189
7.859556744702095,6.912422845513428,8.0,4.364889186175524,2.4,2.5,3.1,2.938981482923223,4.0693147180559945,4.1,1.5,3.0,2.6,1.5,3.4,2.06,2.3,2.0,2.0,1.5831776616671935,0.6238241545892044
6.518875947628167,6.20012872265441,8.0,4.079718986907041,2.096,2.5,3.1,2.7680308934370585,3.3093147180559948,3.5839999999999996,1.5,3.0,2.6,1.5,3.4,1.6344,1.692,2.7,2.0,1.5831776616671935,0.5465905589539903
10.32522632857767,8.55179377376823,8.0,4.780707510257234,5.2,2.5,3.1,3.188430505704375,11.069314718055994,12.1,2.268,3.7,2.6,1.5,3.4,5.9799999999999995,7.9,2.0,2.5376,1.816686879553831,0.7366038659974465
1.4000000000000001,3.3465735902799727,8.0,2.8,2.0,2.5,3.1,2.0831776616671935,3.0693147180559945,3.2,1.5,3.0,2.6,1.5,3.4,1.5,1.5,2.7,2.0,1.5831776616671935,0.2
10.32880735514798,8.55179377376823,8.0,4.780707510257234,5.2,2.5,3.1,3.188430505704375,11.069314718055994,12.1,3.42,3.7,2.0,1.5,3.4,5.9799999999999995,8.343450483344498,2.0,3.344,1.9158883083359672,0.7368463313381444
8.156708313051837,7.080544756422898,8.0,4.432160784190933,2.56,2.5,3.1,2.979330741541496,4.469314718055995,4.74,3.1,3.0,2.6,1.5,3.4,2.284,3.016839366135304,2.0,3.12,1.8955004239205195,0.6439437920295514
9.6,8.54108665881759,8.0,5.016431586674963,10.0,2.5,3.1,3.3298607981162216,11.069314718055994,12.1,4.188000000000001,3.0,2.6,1.5,3.4,12.7,14.661643210597362,2.0,3.8815999999999997,1.9541027560701913,0.8004582699559695
9.6,8.578139546025955,8.0,5.031252961328748,10.0,2.5,3.1,3.3387534910462295,11.069314718055994,12.1,5.66,3.0,2.6,1.5,3.4,12.7,14.3,2.0,4.912,2.004563114326916,0.8045485795348586
9.6,9.050369953632165,8.0,5.220146870369532,10.0,2.5,3.1,3.4520887888717198,11.069314718055994,12.1,4.7,3.0,2.6,1.5,3.4,12.7,14.3,2.0,4.24,1.9741492462297714,0.8500000000000001
9.021202059383882,7.637361315452726,8.0,4.654925772371709,3.70608,2.5,3.1,3.1129667157086542,7.334514718055995,9.32432,1.756,3.0,2.6,1.5,3.4,3.888512,4.91216,2.0,2.1792,1.7150111363073666,0.7024772227707836
8.148948795380866,7.084101465118026,8.0,4.433583872591563,2.564,2.5,3.1,2.9801843516283264,4.479314718055995,4.756,2.332,3.0,2.6,1.5,3.4,2.2896,2.948618669682692,2.0,2.5824,1.8249660241322652,0.6434184080205795
9.6,8.18677683991441,8.0,4.874704486258719,7.12,2.5,3.1,3.2448264415794585,11.069314718055994,12.1,1.948,3.0,2.6,1.5,3.4,8.668,11.740000000000002,2.0,2.3136,1.7636669492803463,0.7619583422615268
9.6,8.707953914145357,8.0,5.083179361886388,10.0,2.5,3.1,3.369908939394886,11.069314718055994,12.1,3.868,3.0,2.0,1.5,3.4,12.7,14.732197214387284,2.0,3.6575999999999995,1.9396273975355576,0.8184713835416253
9.6,9.103071321540144,8.0,5.241227528683553,10.0,2.5,3.1,3.4647371171696344,11.069314718055994,12.1,3.804,3.0,2.0,1.5,3.4,12.7,14.744132466371425,2.0,3.6128,1.9365103391671663,0.8500000000000001
4.745460506179461,3.3465735902799727,8.0,2.8,2.0,2.5,3.1,2.0831776616671935,3.0693147180559945,2.5,2.14,3.0,2.6,1.5,3.4,1.5,1.5,2.0,2.448,1.7981887979745599,0.4129738884392343
7.551480296880079,6.75222440121099,8.0,4.060523795148981,2.0872,2.5,3.1,2.7565338562906376,3.2873147180559945,2.8487999999999998,2.524,3.7,2.6,1.5,3.4,1.62208,1.6743999999999999,2.0,2.7168,1.8468446109475396,0.5487981451012554
9.6,8.027975547831298,8.0,4.811181633046271,5.72672,2.5,3.1,3.2067141314795116,11.069314718055994,12.1,2.268,3.0,2.6,1.5,3.4,6.717408,8.95344,2.0,2.5376,1.816686879553831,0.7448343731188383
1.4000000000000001,3.3465735902799727,8.0,2.8,2.0,2.5,3.1,2.0831776616671935,3.0693147180559945,3.2,1.5,3.0,2.6,1.5,3.4,1.5,1.5,2.7,2.0,1.5831776616671935,0.2
9.4,8.614630986930115,8.0,5.045849738782457,10.0,2.5,3.1,3.3475114368632273,11.069314718055994,12.799999999999999,1.5,3.0,2.6,1.5,3.4,12.7,14.3,2.7,2.0,1.5831776616671935,0.808250970920249
9.6,9.508516986186837,8.0,5.403406350043624,10.0,2.5,3.1,3.562044076684841,11.069314718055994,12.1,4.0600000000000005,3.0,2.6,1.5,3.4,12.7,14.600980700456443,2.0,3.792,1.9485203541940042,0.8500000000000001
9.6,8.409909141805151,8.0,4.963959656842057,10.0,2.5,3.1,3.2983781940332366,11.069314718055994,12.1,3.356,3.0,2.6,1.5,3.4,12.7,14.662677699260344,2.0,3.2992,1.9120784645382176,0.7862292599307723
9.6,9.841186686671925,8.0,5.536474446187298,10.0,2.5,3.1,3.641884804801262,11.069314718055994,12.1,5.532,3.0,2.6,1.5,3.4,12.7,14.617108298589839,2.0,4.8224,2.0009264723874765,0.8500000000000001
9.6,8.140722210613845,8.0,4.856282031527578,6.66944,2.5,3.1,3.233773330547323,11.069314718055994,12.1,1.5,3.0,2.6,1.5,3.4,8.037215999999999,10.838880000000001,2.0,2.0,1.5831776616671935,0.7569097168720524
7.835528964581281,6.890151543954186,8.0,4.355977023014105,2.38256,2.5,3.1,2.9336363705490047,4.025714718055994,4.03024,1.948,3.0,2.6,1.5,3.4,2.035584,2.26512,2.0,2.3136,1.7636669492803463,0.6221972736435242
7.930989880527748,7.054876640822405,8.0,4.181750955863044,2.16,2.5,3.1,2.8291703937973773,3.4693147180559945,3.14,1.564,3.7,2.6,1.5,3.4,1.724,1.82,2.0,2.0448,1.6318334746401733,0.5744941064940663
10.4,9.793707277980308,8.0,5.277482077040279,10.0,2.5,3.1,3.4864897467152742,11.069314718055994,12.1,2.14,3.7,2.6,1.5,3.4,12.7,14.667725491441056,2.0,2.448,1.7981887979745599,0.8500000000000001
9.6,8.292432874748037,8.0,4.916968090642672,8.3248,2.5,3.1,3.270183889939529,11.069314718055994,12.1,1.5,3.0,2.6,1.5,3.4,10.354719999999999,14.1496,2.0,2.0,1.5831776616671935,0.773345524549057
9.6,9.404756956502812,8.0,5.361902235674103,10.0,2.5,3.1,3.537141669560675,11.069314718055994,12.1,1.884,3.0,2.6,1.5,3.4,12.7,14.3,2.0,2.2688,1.7495329850015804,0.8500000000000001
6.236632436477393,5.959249435647546,8.0,3.7419060402624664,2.0176,2.5,3.1,2.5662198645554115,3.1133147180559946,2.5704,1.6280000000000001,3.7,2.6,1.5,3.4,1.52464,1.5352,2.0,2.0896,1.6663553233343869,0.45977198788649015
4.727106466687737,4.354025100551105,8.0,3.3278114659230518,2.00208,2.5,3.1,2.3249660241322654,3.0745147180559944,3.2083199999999996,2.14,3.0,2.6,1.5,3.4,1.502912,1.50416,2.7,2.448,1.7981887979745599,0.4252728336819822
8.238433329097251,7.147274757571839,8.0,4.458859921771447,2.64,2.5,3.1,2.9953459418172415,4.669314718055994,5.0600000000000005,1.692,3.0,2.6,1.5,3.4,2.396,2.7800000000000002,2.0,2.1344,1.6931325494920921,0.6494772566576265
9.046409119319703,7.652916176717702,8.0,4.661148291347887,3.76,2.5,3.1,3.1166998824122487,7.469314718055995,9.54,1.82,3.0,2.6,1.5,3.4,3.964,5.0200000000000005,2.0,2.224,1.7335092178866376,0.7041839507872716
9.069366936632791,7.668398397964371,8.0,4.667341734158198,3.81536,2.5,3.1,3.120415615511449,7.607714718055995,9.76144,1.5,3.0,2.6,1.5,3.4,4.041504,5.2557989850384885,2.0,2.0,1.5831776616671935,0.7057383863345119
10.4,8.634543366592846,8.0,4.813808872599471,5.776,2.5,3.1,3.2082904079822834,11.069314718055994,12.1,1.564,3.7,2.6,1.5,3.4,6.7863999999999995,9.052,2.0,2.0448,1.6318334746401733,0.7454180439494049
10.4,9.0295187291812,8.0,4.971803645629577,10.0,2.5,3.1,3.303084495003488,11.069314718055994,12.1,1.5,3.7,2.6,1.5,3.4,12.7,14.401366277027043,2.0,2.0,1.5831776616671935,0.7881968206913439
8.246362036216816,7.147274757571839,8.0,4.458859921771447,2.64,2.5,3.1,2.9953459418172415,4.669314718055994,5.0600000000000005,2.204,3.0,2.0,1.5,3.4,2.396,3.2079106222657705,2.0,2.4928,1.8077939228953843,0.6500140962021803
9.6,8.284284782413865,8.0,4.9137087705859095,8.22256,2.5,3.1,3.2682283477793277,11.069314718055994,12.1,1.5,3.0,2.6,1.5,3.4,10.211583999999998,13.945120000000001,2.0,2.0,1.5831776616671935,0.772462792033684
8.027704826338486,7.003517006096704,8.0,4.401340169088074,2.48,2.5,3.1,2.960844081463209,4.269314718055995,4.42,2.588,3.0,2.6,1.5,3.4,2.1719999999999997,2.75078770245142,2.0,2.7616,1.8533326774999728,0.6352091809500017
9.6,8.41882874724876,8.0,4.96752756974221,10.0,2.5,3.1,3.3005188993397025,11.069314718055994,12.1,1.5,3.0,2.6,1.5,3.4,12.7,14.3,2.0,2.0,1.5831776616671935,0.7870387168051818
10.4,9.996932432986208,8.0,5.358772417641243,10.0,2.5,3.1,3.53526378391669,11.069314718055994,12.1,2.46,3.7,2.6,1.5,3.4,12.7,14.582329150683108,2.0,2.6719999999999997,1.839985601286746,0.8500000000000001
9.6,8.451369902562316,8.0,4.980544279444792,10.0,2.5,3.1,3.308328776614956,11.069314718055994,12.1,2.012,3.0,2.6,1.5,3.4,12.7,14.572269376826984,2.0,2.3584,1.7763102111592854,0.7906039451582421
10.4,10.000505725285452,8.0,5.360201738517101,10.0,2.5,3.1,3.5361213740685087,11.069314718055994,12.1,3.1,3.7,2.6,1.5,3.4,12.7,14.562711518826832,2.0,3.12,1.8955004239205195,0.8500000000000001
8.630874745034989,7.393610164314649,8.0,4.557413529043611,3.0476799999999997,2.5,3.1,3.0544664394355157,5.688514718055995,6.69072,1.6280000000000001,3.0,2.6,1.5,3.4,2.9667519999999996,3.873437943940542,2.0,2.0896,1.6663553233343869,0.676048810861744
10.4,10.329419235582158,8.0,5.49176740851919,10.0,2.5,3.1,3.6150606165397177,11.069314718055994,12.1,2.8440000000000003,3.7,2.6,1.5,3.4,12.7,14.568241410368584,2.0,2.9408,1.876259305911498,0.8500000000000001
10.4,8.79581901363145,8.0,4.878321467753296,7.21344,2.5,3.1,3.246996563271548,11.069314718055994,12.1,1.5,3.7,2.6,1.5,3.4,8.798815999999999,12.181054700397304,2.0,2.0,1.5831776616671935,0.762878730849851
9.6,9.820325545200724,8.0,5.528129979864384,10.0,2.5,3.1,3.636878130848174,11.069314718055994,12.1,2.652,3.0,2.6,1.5,3.4,12.7,14.3,2.0,2.8064,1.8594878728264788,0.8500000000000001
9.6,8.355160248749945,8.0,4.942059636758292,9.17024,2.5,3.1,3.2852384596999866,11.069314718055994,12.1,1.884,3.0,2.6,1.5,3.4,11.538336,14.3,2.0,2.2688,1.7495329850015804,0.7801773996715722
9.6,8.155175840779,8.0,4.8620636788544145,6.8064,2.5,3.1,3.2372422017869598,11.069314718055994,12.1,4.636,3.0,2.6,1.5,3.4,8.22896,11.1128,2.0,4.1952,1.971819075926919,0.7589155454196492
9.6,9.16132080558419,8.0,5.264527432262978,10.0,2.5,3.1,3.4787169933402056,11.069314718055994,12.1,3.9320000000000004,3.0,2.6,1.5,3.4,12.7,14.3,2.0,3.7024,1.9426655344936723,0.8500000000000001
7.681121867666986,6.800950979937583,8.0,4.3202804669167465,2.32,2.5,3.1,2.9122282351850197,3.8693147180559944,3.7800000000000002,1.5,3.0,2.0,1.5,3.4,1.948,2.6384376833255065,2.0,2.0,1.5831776616671935,0.6117426264566189
8.815953350141893,7.603517006096704,8.0,4.401340169088074,2.48,2.5,3.1,2.960844081463209,4.269314718055995,4.42,2.012,3.7,2.0,1.5,3.4,2.1719999999999997,2.959223413403848,2.0,2.3584,1.7763102111592854,0.634413508082524
9.020941696242286,7.491029321402925,8.0,4.596386598197375,3.27312,2.5,3.1,3.077847037136702,6.252114718055995,7.592479999999999,6.108,3.0,2.6,1.5,3.4,3.282368,4.04624,2.0,5.2256,2.0164878111845006,0.6889179273497381
7.453769926687871,6.6572764161620395,8.0,4.262777366326692,2.24,2.5,3.1,2.8777463398788896,3.6693147180559946,3.46,1.564,3.0,2.6,1.5,3.4,1.8359999999999999,2.164631090548544,2.0,2.0448,1.6318334746401733,0.5963490054528247
7.4564215698181915,6.6572764161620395,8.0,4.262777366326692,2.24,2.5,3.1,2.8777463398788896,3.6693147180559946,3.46,1.6280000000000001,3.0,2.0,1.5,3.4,1.8359999999999999,2.4430633387499543,2.0,2.0896,1.6663553233343869,0.5965285437897734
7.195879988666457,6.454876640822405,8.0,4.181750955863044,2.16,2.5,3.1,2.8291703937973773,3.4693147180559945,3.14,2.652,3.0,2.0,1.5,3.4,1.724,2.2721393609855784,2.0,2.8064,1.8594878728264788,0.578887707565958
9.6,11.106709733516654,8.0,6.04268387522509,10.0,2.5,3.1,3.945610336043997,11.069314718055994,12.1,3.036,3.0,2.6,1.5,3.4,12.7,14.3,2.0,3.0751999999999997,1.8909715845625779,0.8500000000000001
9.6,8.154509662544417,8.0,4.861797198684417,6.8,2.5,3.1,3.23708231901066,11.069314718055994,12.1,1.5,3.0,2.0,1.5,3.4,8.219999999999999,11.572568330329972,2.0,2.0,1.5831776616671935,0.7584034079770294
7.472149468256092,6.6572764161620395,8.0,4.262777366326692,2.24,2.5,3.1,2.8777463398788896,3.6693147180559946,3.46,2.012,3.0,2.6,1.5,3.4,1.8359999999999999,2.2770955613960373,2.0,2.3584,1.7763102111592854,0.5975934535798396
5.115559323737951,3.3465735902799727,8.0,2.8,2.0,2.5,3.1,2.0831776616671935,3.0693147180559945,2.5,2.524,3.0,2.6,1.5,3.4,1.5,1.5,2.0,2.7168,1.8468446109475396,0.43803266254475715
9.524627929267849,7.95179377376823,8.0,4.780707510257234,5.2,2.5,3.1,3.188430505704375,11.069314718055994,12.1,2.076,3.0,2.6,1.5,3.4,5.9799999999999995,8.273777136608235,2.0,2.4032,1.7877474327358045,0.7365633493775108
9.6,9.65234413376303,8.0,5.460937320172712,10.0,2.5,3.1,3.596562592103127,11.069314718055994,12.1,7.836,3.0,2.6,1.5,3.4,12.7,14.684894235211633,2.0,6.4352,2.0538144620209513,0.8500000000000001
7.404600033402694,6.709300059845864,8.0,4.043321220216973,2.08,2.5,3.1,2.7462320143630077,3.2693147180559947,2.82,1.756,3.7,2.6,1.5,3.4,1.612,1.9819576266320582,2.0,2.1792,1.7150111363073666,0.5388531272616408
9.924067559014954,8.296580901905894,8.0,4.67861570173107,3.9206399999999997,2.5,3.1,3.1271794164574143,7.870914718055994,10.182559999999999,3.356,3.7,2.6,1.5,3.4,4.188896,5.687069888653273,2.0,3.2992,1.9120784645382176,0.7094420743083043
10.4,8.664633812585732,8.0,4.825845545939521,6.01024,2.5,3.1,3.215512115020576,11.069314718055994,12.1,7.260000000000001,3.7,2.6,1.5,3.4,7.114335999999999,9.871202711199444,2.0,6.032,2.042614629245885,0.7496303471478123
9.293763600798444,7.807969402264791,8.0,4.723174428905778,4.4,2.5,3.1,3.15391265654355,9.069314718055994,12.1,1.756,3.0,2.6,1.5,3.4,4.859999999999999,6.300000000000001,2.0,2.1792,1.7150111363073666,0.7209319104707279
8.689381662259184,7.512422845513427,8.0,4.364889186175524,2.4,2.5,3.1,2.938981482923223,4.0693147180559945,4.1,2.716,3.7,2.6,1.5,3.4,2.06,2.3,2.0,2.8512,1.8653426925268106,0.6258435500487989
4.82028135258812,3.3465735902799727,8.0,2.8,2.0,2.5,3.1,2.0831776616671935,3.0693147180559945,2.5,2.204,3.0,2.6,1.5,3.4,1.5,1.5,2.0,2.4928,1.8077939228953843,0.418039883248154
9.6,8.501199898106618,8.0,5.000476626881253,10.0,2.5,3.1,3.3202879755455883,11.069314718055994,12.1,3.9960000000000004,3.0,2.0,1.5,3.4,12.7,14.74105215395911,2.0,3.7472,1.9456286480045168,0.7961381262947713
8.635981145351016,7.397563956206569,8.0,4.558995286337754,3.056,2.5,3.1,3.0554153494895764,5.709314718055995,6.724,1.5,3.0,2.6,1.5,3.4,2.9783999999999997,3.612,2.0,2.0,1.5831776616671935,0.6763945567164751
7.924943072315852,6.921924319076236,8.0,4.368691280875223,2.40768,2.5,3.1,2.9412618365782963,4.088514718055994,4.13072,3.612,3.0,2.0,1.5,3.4,2.0707519999999997,2.743025844119665,2.0,3.4783999999999997,1.9266417673787295,0.6282513538547192
5.064586672229066,3.3465735902799727,8.0,2.8,2.0,2.5,3.1,2.0831776616671935,3.0693147180559945,2.5,2.46,3.0,2.6,1.5,3.4,1.5,1.5,2.0,2.6719999999999997,1.839985601286746,0.4345813892655096
9.6,9.150695958101133,8.0,5.2602774741557425,10.0,2.5,3.1,3.476167029944272,11.069314718055994,12.1,5.34,3.0,2.6,1.5,3.4,12.7,14.659054257151189,2.0,4.688,1.995256126205411,0.8500000000000001
8.355870023379278,7.222526256819277,8.0,4.488967505844819,2.7439999999999998,2.5,3.1,3.0134063016366266,4.929314718055995,5.476,1.5,3.0,2.6,1.5,3.4,2.5416,2.9880000000000004,2.0,2.0,1.5831776616671935,0.6574286994996387
6.443551477015497,6.0165431108994,8.0,4.006137052052253,2.0664,2.5,3.1,2.723970346615856,3.2353147180559945,2.7656,1.6280000000000001,3.0,2.6,1.5,3.4,1.59296,1.9307053745014375,2.0,2.0896,1.6663553233343869,0.5279487979229243
9.6,8.164704334605837,8.0,4.865875202057034,6.89888,2.5,3.1,3.239529040305401,11.069314718055994,12.1,1.948,3.0,2.0,1.5,3.4,8.358432,11.738518295463503,2.0,2.3136,1.7636669492803463,0.7595697487552713
8.133200255324041,7.081970477377504,8.0,4.432731235233686,2.5616,2.5,3.1,2.979672914570601,4.4733147180559945,4.7463999999999995,1.6280000000000001,3.0,2.6,1.5,3.4,2.28624,2.6231999999999998,2.0,2.0896,1.6663553233343869,0.6423521006208988
8.887177502070315,7.552601026926439,8.0,4.621018192251417,3.44,2.5,3.1,3.0926242464623455,6.669314718055994,8.26,1.948,3.0,2.6,1.5,3.4,3.516,4.380000000000001,2.0,2.3136,1.7636669492803463,0.6934026433693443
5.842643926447261,5.654133848700603,8.0,3.860660981611815,2.032,2.5,3.1,2.6369921236881444,3.1493147180559946,2.628,1.5,3.0,2.0,1.5,3.4,1.5448,1.9978792926563669,2.0,2.0,1.5831776616671935,0.48726234918653333
3.0334075753824443,3.3465735902799727,8.0,2.8,2.0,2.5,3.1,2.0831776616671935,3.0693147180559945,2.5,1.564,3.0,2.6,1.5,3.4,1.5,1.5,2.0,2.0448,1.6318334746401733,0.2970536379165196
1.6,3.3465735902799727,8.0,2.8,2.0,2.5,3.1,2.0831776616671935,3.0693147180559945,2.5,1.5,3.0,2.0,1.5,3.4,1.5,1.9849374767153232,2.0,2.0,1.5831776616671935,0.2
8.413914537135124,7.258796555718782,8.0,4.5034786342837805,2.8,2.5,3.1,3.0221111733725077,5.0693147180559945,5.699999999999999,1.5,3.0,2.6,1.5,3.4,2.62,3.1,2.0,2.0,1.5831776616671935,0.6613587967851907
4.745460506179461,3.3465735902799727,8.0,2.8,2.0,2.5,3.1,2.0831776616671935,3.0693147180559945,2.5,2.14,3.0,2.6,1.5,3.4,1.5,1.5,2.0,2.448,1.7981887979745599,0.4129738884392343
9.6,9.561183688698165,8.0,5.424473075480466,10.0,2.5,3.1,3.574684085287559,11.069314718055994,12.1,1.884,3.0,2.0,1.5,3.4,12.7,14.708505858609332,2.0,2.2688,1.7495329850015804,0.8500000000000001
9.6,8.503045931236887,8.0,5.001215052414078,10.0,2.5,3.1,3.320731023496853,11.069314718055994,12.1,1.948,3.0,2.6,1.5,3.4,12.7,14.3,2.0,2.3136,1.7636669492803463,0.7961938727487952
9.6,8.496201489112686,8.0,4.99847722980332,10.0,2.5,3.1,3.3190883573870447,11.069314718055994,12.1,1.692,3.0,2.6,1.5,3.4,12.7,14.3,2.0,2.1344,1.6931325494920921,0.795434588526631
9.6,8.525460875450761,8.0,5.010181175652714,10.0,2.5,3.1,3.3261106101081825,11.069314718055994,12.1,1.5,3.0,2.6,1.5,3.4,12.7,14.672957461539966,2.0,2.0,1.5831776616671935,0.7985907350726098
7.900095424832234,6.9377496462226045,8.0,4.375023856208059,2.4208,2.5,3.1,2.9450599150934247,4.121314718055994,4.1832,1.5,3.0,2.0,1.5,3.4,2.08912,2.8160361486465244,2.0,2.0,1.5831776616671935,0.6265689610563492
7.203179309378143,6.50244099485643,8.0,4.200794827344536,2.176,2.5,3.1,2.840585838765543,3.5093147180559945,3.2039999999999997,1.5,3.0,2.0,1.5,3.4,1.7464,2.3302264135761352,2.0,2.0,1.5831776616671935,0.5793819324058118
7.01295337172828,6.383671562632696,8.0,4.15323834293207,2.13872,2.5,3.1,2.812081175031847,3.4161147180559945,3.05488,1.5,3.0,2.6,1.5,3.4,1.694208,1.77744,2.0,2.0,1.5831776616671935,0.566502051210769
8.192097038461178,7.120192557758167,8.0,4.448024259615295,2.60624,2.5,3.1,2.98884621386196,4.584914718055995,4.9249600000000004,1.5,3.0,2.6,1.5,3.4,2.3487359999999997,3.071675579947473,2.0,2.0,1.5831776616671935,0.646339903645809
7.865928741750336,6.912422845513428,8.0,4.364889186175524,2.4,2.5,3.1,2.938981482923223,4.0693147180559945,4.1,1.756,3.0,2.6,1.5,3.4,2.06,2.3,2.0,2.1792,1.7150111363073666,0.6242555918893457
8.972739800216067,7.605270175989425,8.0,4.642088073395303,3.6,2.5,3.1,3.105264842237462,7.0693147180559945,8.899999999999999,2.204,3.0,2.0,1.5,3.4,3.7399999999999998,5.2064248482870035,2.0,2.4928,1.8077939228953843,0.6991959239729628
9.6,9.714925509162217,8.0,5.485969909547889,10.0,2.5,3.1,3.611582122198932,11.069314718055994,12.1,1.5,3.0,2.6,1.5,3.4,12.7,14.3,2.0,2.0,1.5831776616671935,0.8500000000000001
9.6,9.978028270362756,8.0,5.591211134368285,10.0,2.5,3.1,3.6747267848870613,11.069314718055994,12.1,5.0840000000000005,3.0,2.6,1.5,3.4,12.7,14.479087591741756,2.0,4.5088,1.9872531612655702,0.8500000000000001
9.438546072712564,7.899119070908515,8.0,4.759636518178141,4.88,2.5,3.1,3.175788577018044,10.269314718055993,12.1,1.5,3.0,2.6,1.5,3.4,5.532,7.260000000000001,2.0,2.0,1.5831776616671935,0.7307348903399131
5.900222726147332,5.654133848700603,8.0,3.860660981611815,2.032,2.5,3.1,2.6369921236881444,3.1493147180559946,2.628,1.692,3.0,2.6,1.5,3.4,1.5448,1.9588376377290164,2.0,2.1344,1.6931325494920921,0.491160913749559
7.22327005131973,6.4782727215757845,8.0,4.191118521679259,2.16768,2.5,3.1,2.8347854531781884,3.4885147180559946,3.1707199999999998,2.524,3.0,2.6,1.5,3.4,1.734752,2.1937763198436833,2.0,2.7168,1.8468446109475396,0.5807422430581066
9.6,8.96252418037123,8.0,5.185008347658338,10.0,2.5,3.1,3.431005803289095,11.069314718055994,12.1,2.076,3.0,2.6,1.5,3.4,12.7,14.3,2.0,2.4032,1.7877474327358045,0.845955900696524
6.573284880867892,6.109300059845864,8.0,4.043321220216973,2.08,2.5,3.1,2.7462320143630077,3.2693147180559947,2.82,1.5,3.0,2.6,1.5,3.4,1.612,1.6600000000000001,2.0,2.0,1.5831776616671935,0.5367328304754302
8.789857450280099,7.49372339470859,8.0,4.597464362570025,3.2800000000000002,2.5,3.1,3.0784936147300614,6.269314718055995,7.62,1.5,3.0,2.6,1.5,3.4,3.292,4.2414517284050675,2.0,2.0,1.5831776616671935,0.6868132648627151
5.689590230685235,5.511940260423138,8.0,3.803455967362985,2.024,2.5,3.1,2.602865662501553,3.1293147180559946,2.596,1.692,3.0,2.6,1.5,3.4,1.5336,1.548,2.0,2.1344,1.6931325494920921,0.47689933853597943
5.842643926447261,5.654133848700603,8.0,3.860660981611815,2.032,2.5,3.1,2.6369921236881444,3.1493147180559946,2.628,1.5,3.0,2.0,1.5,3.4,1.5448,2.0483161001250707,2.0,2.0,1.5831776616671935,0.48726234918653333
9.044956686095762,7.652916176717702,8.0,4.661148291347887,3.76,2.5,3.1,3.1166998824122487,7.469314718055995,9.54,1.564,3.0,2.6,1.5,3.4,3.964,5.0200000000000005,2.0,2.0448,1.6318334746401733,0.7040856089544005
8.399386292831396,7.2481890258511585,8.0,4.499234764838432,2.7832,2.5,3.1,3.019565366204278,5.027314718055995,5.6328,1.692,3.0,2.6,1.5,3.4,2.5964799999999997,3.0664,2.0,2.1344,1.6931325494920921,0.6603751135771259
8.793349380747859,7.494971523164999,8.0,4.597963676273385,3.2832,2.5,3.1,3.0787931655596,6.277314718055995,7.6328,1.692,3.0,2.6,1.5,3.4,3.29648,4.0664,2.0,2.1344,1.6931325494920921,0.6870496976548031
9.6,10.771810177677798,8.0,5.9087240355471495,10.0,2.5,3.1,3.8652344426426715,11.069314718055994,12.1,4.636,3.0,2.6,1.5,3.4,12.7,14.3,2.0,4.1952,1.971819075926919,0.8500000000000001
4.82028135258812,3.3465735902799727,8.0,2.8,2.0,2.5,3.1,2.0831776616671935,3.0693147180559945,2.5,2.204,3.0,2.6,1.5,3.4,1.5,1.5,2.0,2.4928,1.8077939228953843,0.418039883248154
9.6,8.785606620420367,8.0,5.114240761402393,10.0,2.5,3.1,3.388545588900888,11.069314718055994,12.1,2.204,3.0,2.0,1.5,3.4,12.7,14.715854120796662,2.0,2.4928,1.8077939228953843,0.8268016373384288
9.6,11.74428275626438,8.0,6.2977130974260005,10.0,2.5,3.1,4.098627861503451,11.069314718055994,12.1,7.260000000000001,3.0,2.0,1.5,3.4,12.7,14.708743636881525,2.0,6.032,2.042614629245885,0.8500000000000001
5.547579146504553,4.844439727056968,8.0,3.5327123292259293,2.00608,2.5,3.1,2.4426655344936723,3.0845147180559946,2.52432,2.7800000000000002,3.0,2.0,1.5,3.4,1.508512,1.9448289130602379,2.0,2.896,1.870925094402998,0.4672840047112458
9.6,8.839228426228354,8.0,5.135689675597633,10.0,2.5,3.1,3.401414822294805,11.069314718055994,12.1,2.268,3.0,2.0,1.5,3.4,12.7,14.714817518497643,2.0,2.5376,1.816686879553831,0.8326101556140255
5.115559323737951,3.3465735902799727,8.0,2.8,2.0,2.5,3.1,2.0831776616671935,3.0693147180559945,2.5,2.524,3.0,2.6,1.5,3.4,1.5,1.5,2.0,2.7168,1.8468446109475396,0.43803266254475715
9.6,8.174919326558317,8.0,4.869961330930512,7.0,2.5,3.1,3.241980638373996,11.069314718055994,12.1,2.9720000000000004,3.0,2.6,1.5,3.4,8.5,11.709870496885339,2.0,3.0304,1.886265098984184,0.7608134882292783
7.862749087326069,6.912422845513428,8.0,4.364889186175524,2.4,2.5,3.1,2.938981482923223,4.0693147180559945,4.1,1.6280000000000001,3.0,2.6,1.5,3.4,2.06,2.3,2.0,2.0896,1.6663553233343869,0.6240403027877026
9.26640541466637,7.789294046133765,8.0,4.715703779059666,4.311999999999999,2.5,3.1,3.1494305710721036,8.849314718055995,11.748,2.332,3.0,2.0,1.5,3.4,4.7368,6.615796426136489,2.0,2.5824,1.8249660241322652,0.719079533284702
8.413914537135124,7.258796555718782,8.0,4.5034786342837805,2.8,2.5,3.1,3.0221111733725077,5.0693147180559945,5.699999999999999,1.5,3.0,2.6,1.5,3.4,2.62,3.1,2.0,2.0,1.5831776616671935,0.6613587967851907
8.342864426447708,7.2133059065925,8.0,4.485278565417948,2.7304,2.5,3.1,3.0111934175822,4.895314718055995,5.4216,1.6280000000000001,3.0,2.6,1.5,3.4,2.52256,3.337250702838785,2.0,2.0896,1.6663553233343869,0.6565481122073968
8.970349598258759,7.605270175989425,8.0,4.642088073395303,3.6,2.5,3.1,3.105264842237462,7.0693147180559945,8.899999999999999,1.82,3.0,2.6,1.5,3.4,3.7399999999999998,5.076204397340373,2.0,2.224,1.7335092178866376,0.6990340873821035
9.102241652690491,7.688308615800641,8.0,4.675306509368051,3.88912,2.5,3.1,3.1251940677921537,7.792114718055995,10.05648,1.692,3.0,2.6,1.5,3.4,4.144767999999999,5.27824,2.0,2.1344,1.6931325494920921,0.7079642785675853
9.016169415210857,7.632319572691781,8.0,4.652908885197939,3.68896,2.5,3.1,3.1117566974460273,7.291714718055995,9.25584,2.268,3.0,2.6,1.5,3.4,3.864544,5.244252534601285,2.0,2.5376,1.816686879553831,0.7021364708215685
9.25351624697147,7.782606846984144,8.0,4.713028713056424,4.281280000000001,2.5,3.1,3.147825643276194,8.772514718055993,11.625119999999999,1.82,3.0,2.6,1.5,3.4,4.693792,6.06256,2.0,2.224,1.7335092178866376,0.7182068292220267
1.6,3.3465735902799727,8.0,2.8,2.0,2.5,3.1,2.0831776616671935,3.0693147180559945,2.5,1.5,3.0,2.6,1.5,3.4,1.5,1.5,2.0,2.0,1.5831776616671935,0.2
9.6,8.923955441268937,8.0,5.169580745805422,10.0,2.5,3.1,3.421749305904545,11.069314718055994,12.1,3.036,3.0,2.6,1.5,3.4,12.7,14.585933931898001,2.0,3.0751999999999997,1.8909715845625779,0.8418079300291599
9.51620299808722,7.945631568956703,8.0,4.778242504332103,5.1608,2.5,3.1,3.1869515765496086,10.971314718055995,12.1,2.524,3.0,2.6,1.5,3.4,5.92512,8.05992189295708,2.0,2.7168,1.8468446109475396,0.7359929113288222
9.029915201134779,7.643743290576419,8.0,4.657478800283695,3.7279999999999998,2.5,3.1,3.1144983897383405,7.389314718055995,9.411999999999999,1.5,3.0,2.6,1.5,3.4,3.9192,5.2895770164821005,2.0,2.0,1.5831776616671935,0.703067175076834
9.6,8.298342365923057,8.0,4.919331946556716,8.4,2.5,3.1,3.2716021678215337,11.069314718055994,12.1,1.6280000000000001,3.0,2.6,1.5,3.4,10.459999999999999,14.3,2.0,2.0896,1.6663553233343869,0.773999275161569
8.96554766307308,7.600750711654489,8.0,4.640280106081342,3.5856,2.5,3.1,3.1041801707970773,7.033314718055995,8.8424,2.204,3.0,2.6,1.5,3.4,3.7198399999999996,5.049118430073372,2.0,2.4928,1.8077939228953843,0.6987089563539065
7.875392574513448,6.912422845513428,8.0,4.364889186175524,2.4,2.5,3.1,2.938981482923223,4.0693147180559945,4.1,2.14,3.0,2.6,1.5,3.4,2.06,2.3,2.0,2.448,1.7981887979745599,0.6248963722326815
6.95498571104216,6.448546743252702,8.0,3.93874642776054,2.04736,2.5,3.1,2.6836512183806485,3.1877147180559944,2.68944,1.5,3.7,2.6,1.5,3.4,1.566304,1.59472,2.0,2.0,1.5831776616671935,0.5084104908518129
5.62028135258812,3.946573590279973,8.0,2.8,2.0,2.5,3.1,2.0831776616671935,3.0693147180559945,2.5,2.204,3.7,2.6,1.5,3.4,1.5,1.5,2.0,2.4928,1.8077939228953843,0.418039883248154
6.306657910790623,4.151292546497023,8.0,3.239444915467244,2.00128,2.5,3.1,2.2763102111592857,3.0725147180559946,2.50512,5.9799999999999995,3.0,2.6,1.5,3.4,1.501792,1.817975719961493,2.0,5.136,2.0131999342819267,0.5186799627097818
9.6,10.613249009739647,8.0,5.845299555115389,10.0,2.5,3.1,3.8271797623375154,11.069314718055994,12.1,14.3,3.0,2.6,1.5,3.4,12.7,14.652000917825914,2.0,13.2,2.2053282938135563,0.8500000000000001
9.6,10.224984901310183,8.0,5.689993854479618,10.0,2.5,3.1,3.7339963763144435,11.069314718055994,12.1,14.3,3.0,2.6,1.5,3.4,12.7,14.3,2.0,13.2,2.328208464798789,0.8500000000000001
6.051616325858156,3.3465735902799727,8.0,2.8,2.0,2.5,3.1,2.0831776616671935,3.0693147180559945,2.5,4.828,3.0,2.6,1.5,3.4,1.5,1.5,2.0,4.329599999999999,1.9786780855877129,0.5014115220633126
5.292096413473008,3.3465735902799727,8.0,2.8,2.0,2.5,3.1,2.0831776616671935,3.0693147180559945,2.5,2.7800000000000002,3.0,2.6,1.5,3.4,1.5,1.5,2.0,2.896,1.870925094402998,0.4499856946622349
7.648480930214845,6.689504063814152,8.0,4.275676742599343,2.2560000000000002,2.5,3.1,2.8854809753153967,3.7093147180559947,3.524,5.596,3.0,2.6,1.5,3.4,1.8584,2.264693445407617,2.0,4.8672,2.002758569043171,0.6095325629832968
8.659556744702096,7.512422845513427,8.0,4.364889186175524,2.4,2.5,3.1,2.938981482923223,4.0693147180559945,4.1,1.5,3.7,2.6,1.5,3.4,2.06,2.3,2.0,2.0,1.5831776616671935,0.6238241545892044
9.920173322539398,8.29641429077473,8.0,4.678549051726288,3.92,2.5,3.1,3.127139429785935,7.869314718055994,10.18,2.652,3.7,2.6,1.5,3.4,4.188,5.501154081034595,2.0,2.8064,1.8594878728264788,0.7091784020469385
9.783408205462955,8.205270175989424,8.0,4.642088073395303,3.6,2.5,3.1,3.105264842237462,7.0693147180559945,8.899999999999999,3.9320000000000004,3.7,2.6,1.5,3.4,3.7399999999999998,4.7,2.0,3.7024,1.9426655344936723,0.6999182639115542
7.67989639937027,6.879807618746621,8.0,4.111639560562454,2.11264,2.5,3.1,2.7871538284991892,3.3509147180559946,2.95056,1.884,3.7,2.6,1.5,3.4,1.657696,1.7252800000000001,2.0,2.2688,1.7495329850015804,0.5574929853740287
8.808022022785387,7.603517006096704,8.0,4.401340169088074,2.48,2.5,3.1,2.960844081463209,4.269314718055995,4.42,1.6280000000000001,3.7,2.6,1.5,3.4,2.1719999999999997,2.46,2.0,2.0896,1.6663553233343869,0.6338764911260939
8.659859951340511,7.41248598278357,8.0,4.564964987835127,3.088,2.5,3.1,3.058996635868057,5.789314718055995,6.851999999999999,1.5,3.0,2.6,1.5,3.4,3.0232,3.676,2.0,2.0,1.5831776616671935,0.6780113508720138
8.462781135866509,7.272598693912918,8.0,4.509000578411101,2.8224,2.5,3.1,3.0254236865391,5.125314718055995,5.7896,3.7399999999999998,3.0,2.0,1.5,3.4,2.65136,3.603097273595928,2.0,3.568,1.9333101495173068,0.6646674727409616
9.6,8.355561729790384,8.0,4.942220232756482,9.176,2.5,3.1,3.2853348151496924,11.069314718055994,12.1,2.524,3.0,2.6,1.5,3.4,11.5464,14.3,2.0,2.7168,1.8468446109475396,0.7802811765107776
9.6,8.711237727690742,8.0,5.084492901730747,10.0,2.5,3.1,3.370697054645778,11.069314718055994,12.1,4.0600000000000005,3.0,2.6,1.5,3.4,12.7,14.3,2.0,3.792,1.9485203541940042,0.8188352881227781
4.745460506179461,3.3465735902799727,8.0,2.8,2.0,2.5,3.1,2.0831776616671935,3.0693147180559945,2.5,2.14,3.0,2.6,1.5,3.4,1.5,1.8669314178336327,2.0,2.448,1.7981887979745599,0.4129738884392343
6.710849124436503,6.186659894788506,8.0,4.074322369446372,2.09344,2.5,3.1,2.7647983747492413,3.3029147180559946,2.87376,1.6280000000000001,3.0,2.6,1.5,3.4,1.630816,1.68688,2.0,2.0896,1.6663553233343869,0.5460470761337217
8.89132785080177,7.557134951612724,8.0,4.622831962700443,3.45312,2.5,3.1,3.0937123883870536,6.702114718055994,8.31248,1.5,3.0,2.6,1.5,3.4,3.5343679999999997,4.63000142651592,2.0,2.0,1.5831776616671935,0.6936836565647033
7.593762434094993,6.7463801504611896,8.0,4.298440608523748,2.28688,2.5,3.1,2.8991312361106854,3.7865147180559946,3.64752,1.5,3.0,2.6,1.5,3.4,1.901632,2.312267490615527,2.0,2.0,1.5831776616671935,0.6058276648085152
9.543791938944155,7.961841129910824,8.0,4.784726651645817,5.26496,2.5,3.1,3.1908418711785975,11.069314718055994,12.1,3.1,3.0,2.6,1.5,3.4,6.070944,8.02992,2.0,3.12,1.8955004239205195,0.7378609125326772
8.96875215363852,7.605270175989425,8.0,4.642088073395303,3.6,2.5,3.1,3.105264842237462,7.0693147180559945,8.899999999999999,1.564,3.0,2.6,1.5,3.4,3.7399999999999998,4.7,2.0,2.0448,1.6318334746401733,0.6989259270692749
7.461698633807433,6.6572764161620395,8.0,4.262777366326692,2.24,2.5,3.1,2.8777463398788896,3.6693147180559946,3.46,1.756,3.0,2.6,1.5,3.4,1.8359999999999999,2.357553110768045,2.0,2.1792,1.7150111363073666,0.5968858449973784
9.18215374236377,7.736967324449437,8.0,4.694771563485733,4.0822400000000005,2.5,3.1,3.136872157867865,8.274914718055994,10.82896,2.14,3.0,2.6,1.5,3.4,4.415136,5.66448,2.0,2.448,1.7981887979745599,0.713374992972547
4.82028135258812,3.3465735902799727,8.0,2.8,2.0,2.5,3.1,2.0831776616671935,3.0693147180559945,2.5,2.204,3.0,2.6,1.5,3.4,1.5,1.8574174560810546,2.0,2.4928,1.8077939228953843,0.418039883248154
9.6,8.793422423956777,8.0,5.117367112080957,10.0,2.5,3.1,3.390421381749626,11.069314718055994,12.1,1.5,3.0,2.6,1.5,3.4,12.7,14.671173537276799,2.0,2.0,1.5831776616671935,0.827620259521926
9.439212424751535,7.899119070908515,8.0,4.759636518178141,4.88,2.5,3.1,3.175788577018044,10.269314718055993,12.1,1.692,3.0,2.6,1.5,3.4,5.532,7.260000000000001,2.0,2.1344,1.6931325494920921,0.730780007925885
9.299600718761257,7.807969402264791,8.0,4.723174428905778,4.4,2.5,3.1,3.15391265654355,9.069314718055994,12.1,3.164,3.0,2.6,1.5,3.4,4.859999999999999,6.300000000000001,2.0,3.1647999999999996,1.8998645412210244,0.7213271319994601
7.203179309378143,6.50244099485643,8.0,4.200794827344536,2.176,2.5,3.1,2.840585838765543,3.5093147180559945,3.2039999999999997,1.5,3.0,2.6,1.5,3.4,1.7464,1.852,2.0,2.0,1.5831776616671935,0.5793819324058118
7.727714363651746,6.800950979937583,8.0,4.3202804669167465,2.32,2.5,3.1,2.9122282351850197,3.8693147180559944,3.7800000000000002,3.036,3.0,2.0,1.5,3.4,1.948,2.5795016320113424,2.0,3.0751999999999997,1.8909715845625779,0.614897326705587
9.543018320419407,8.062793669515141,8.0,4.58509087736528,3.2032,2.5,3.1,3.071070480683634,6.0773147180559945,7.312799999999999,1.82,3.7,2.0,1.5,3.4,3.1844799999999998,4.342741668371627,2.0,2.224,1.7335092178866376,0.6836418654450639
8.674430179969892,7.421591049011303,8.0,4.5686075449924735,3.108,2.5,3.1,3.0611818517627127,5.839314718055994,6.9319999999999995,1.5,3.0,2.6,1.5,3.4,3.0512,3.716,2.0,2.0,1.5831776616671935,0.6789978767687949
9.6,9.382847073867492,8.0,5.353138258120874,10.0,2.5,3.1,3.531883297728198,11.069314718055994,12.1,7.388000000000001,3.0,2.6,1.5,3.4,12.7,14.3,2.0,6.1216,2.0451953738724002,0.8500000000000001
9.6,9.229946410346221,8.0,5.29197778830568,10.0,2.5,3.1,3.495187138483093,11.069314718055994,12.1,7.0680000000000005,3.0,2.0,1.5,3.4,12.7,14.728479914076074,2.0,5.897599999999999,2.0386363643678567,0.8500000000000001
5.61382386945194,3.3465735902799727,8.0,2.8,2.0,2.5,3.1,2.0831776616671935,3.0693147180559945,2.5,3.42,3.0,2.0,1.5,3.4,1.5,1.9209119787483093,2.0,3.344,1.9158883083359672,0.4717693244941417
4.93950981591651,5.094827371013213,8.0,3.6348774539791275,2.01024,2.5,3.1,2.502758569043171,3.0949147180559944,2.54096,1.5,3.0,2.6,1.5,3.4,1.514336,1.8540570164821004,2.0,2.0,1.5831776616671935,0.42611264378601366
8.662326370382873,7.414027268407712,8.0,4.565581592595718,3.09136,2.5,3.1,3.059366544417851,5.797714718055995,6.8654399999999995,1.5,3.0,2.6,1.5,3.4,3.0279040000000004,3.68272,2.0,2.0,1.5831776616671935,0.6781783479946737
9.6,8.639429992977732,8.0,5.055769469720648,10.0,2.5,3.1,3.3534631983146554,11.069314718055994,12.1,1.692,3.0,2.6,1.5,3.4,12.7,14.3,2.0,2.1344,1.6931325494920921,0.8109478316564913
5.63988480579963,3.3465735902799727,8.0,2.8,2.0,2.5,3.1,2.0831776616671935,3.0693147180559945,2.5,3.484,3.0,2.6,1.5,3.4,1.5,1.5,2.0,3.3888,1.9195809073759775,0.4735338670593499
9.6,8.959201953161418,8.0,5.183679447944567,10.0,2.5,3.1,3.4302084687587406,11.069314718055994,12.1,1.5,3.0,2.6,1.5,3.4,12.7,14.623093998094715,2.0,2.0,1.5831776616671935,0.8455798504849872
6.24169470030165,5.138333059508028,8.0,3.652535975408263,2.0112,2.5,3.1,2.5131999342819267,3.0973147180559946,2.5448,4.828,3.0,2.6,1.5,3.4,1.51568,1.9296139810816748,2.0,4.329599999999999,1.9786780855877129,0.5142814119995909
5.915559323737952,4.842453324894,8.0,3.279579054559674,2.0016,2.5,3.1,2.29818879797456,3.0733147180559945,2.5064,2.396,3.7,2.6,1.5,3.4,1.50224,1.5032,2.0,2.6272,1.8327106466687737,0.43803266254475715
10.4,9.212635029414782,8.0,5.0450513451525785,10.0,2.5,3.1,3.347032407059548,11.069314718055994,12.1,3.804,3.7,2.0,1.5,3.4,12.7,14.744132466371425,2.0,3.6128,1.9365103391671663,0.8081645818321481
8.28355115209185,7.1773371309592315,8.0,4.470887788022962,2.67968,2.5,3.1,3.0025609114302156,4.768514718055995,5.218719999999999,1.5,3.0,2.6,1.5,3.4,2.451552,2.85936,2.0,2.0,1.5831776616671935,0.6525321092562189
9.116525950199948,7.697870259189868,8.0,4.679131487549987,3.9256,2.5,3.1,3.1274888622055683,7.883314718055995,10.2024,1.5,3.0,2.0,1.5,3.4,4.1958400000000005,5.758941914291081,2.0,2.0,1.5831776616671935,0.7089314445447883
9.6,9.18644989068274,8.0,5.274579109925404,10.0,2.5,3.1,3.4847479737638576,11.069314718055994,12.1,11.612000000000002,3.0,2.6,1.5,3.4,12.7,14.629792848584675,2.0,9.078399999999998,2.1090208578280594,0.8500000000000001
10.4,8.821843747754148,8.0,4.888731672699317,7.492,2.5,3.1,3.2532424994609954,11.069314718055994,12.1,1.5,3.7,2.6,1.5,3.4,9.1888,12.484000000000002,2.0,2.0,1.5831776616671935,0.7656981613560649
6.858944133568517,6.28753792029981,8.0,4.114736033392129,2.1144,2.5,3.1,2.7890091008719544,3.3553147180559946,2.9576000000000002,1.5,3.0,2.6,1.5,3.4,1.66016,1.7288000000000001,2.0,2.0,1.5831776616671935,0.5560743423770349
10.4,10.166259813824352,8.0,5.4265035295712885,10.0,2.5,3.1,3.575902355317844,11.069314718055994,12.1,2.9080000000000004,3.7,2.6,1.5,3.4,12.7,14.3,2.0,2.9856,1.8813664596417534,0.8500000000000001
9.6,9.59780041395343,8.0,5.4391197938289775,10.0,2.5,3.1,3.583472099348823,11.069314718055994,12.1,3.612,3.0,2.6,1.5,3.4,12.7,14.3,2.0,3.4783999999999997,1.9266417673787295,0.8500000000000001
7.3367107828100036,6.585828411384258,8.0,4.234177695702501,2.208,2.5,3.1,2.8605988187322215,3.5893147180559946,3.332,1.5,3.0,2.6,1.5,3.4,1.7912,1.916,2.0,2.0,1.5831776616671935,0.5884231259194274
8.16391400816374,7.202817588205182,8.0,4.240978502040934,2.2152,2.5,3.1,2.8646762211692436,3.607314718055995,3.3608000000000002,1.5,3.7,2.6,1.5,3.4,1.80128,1.9304000000000001,2.0,2.0,1.5831776616671935,0.5902650109694199
7.8603680290042455,7.013272611778296,8.0,4.1650920072510615,2.1471999999999998,2.5,3.1,2.8191854268267913,3.4373147180559944,3.0888,1.5,3.7,2.6,1.5,3.4,1.70608,1.7944,2.0,2.0,1.5831776616671935,0.5697124186304958
7.491637611404514,6.682590063010506,8.0,4.272909402851129,2.25248,2.5,3.1,2.8838216151225216,3.7005147180559943,3.50992,1.5,3.0,2.6,1.5,3.4,1.853472,2.00496,2.0,2.0,1.5831776616671935,0.5989129632721806
5.63988480579963,5.511940260423138,8.0,3.803455967362985,2.024,2.5,3.1,2.602865662501553,3.1293147180559946,2.596,1.564,3.0,2.6,1.5,3.4,1.5336,1.548,2.0,2.0448,1.6318334746401733,0.4735338670593499
4.82028135258812,3.3465735902799727,8.0,2.8,2.0,2.5,3.1,2.0831776616671935,3.0693147180559945,2.5,2.204,3.0,2.0,1.5,3.4,1.5,1.9854786588821705,2.0,2.4928,1.8077939228953843,0.418039883248154
2.8875503299472802,3.8958797346140273,8.0,3.1218875824868197,2.00064,2.5,3.1,2.215011136307367,3.0709147180559944,2.50256,1.5,3.0,2.6,1.5,3.4,1.500896,1.50128,2.0,2.0,1.5831776616671935,0.28717788692351376
9.03028545152321,7.605270175989425,8.0,4.642088073395303,3.6,2.5,3.1,3.105264842237462,7.0693147180559945,8.899999999999999,11.804000000000002,3.0,2.0,1.5,3.4,3.7399999999999998,5.164895768339851,2.0,9.2128,2.1112500240968117,0.7030922441135505
9.6,9.241855978928665,8.0,5.296741634000013,10.0,2.5,3.1,3.49804543494288,11.069314718055994,12.1,1.884,3.0,2.6,1.5,3.4,12.7,14.651024643713395,2.0,2.2688,1.7495329850015804,0.8500000000000001
8.059470155271612,7.037324537533326,8.0,4.414867538817903,2.5136,2.5,3.1,2.9689578890079984,4.353314718055994,4.554399999999999,1.5,3.0,2.6,1.5,3.4,2.2190399999999997,2.5272,2.0,2.0,1.5831776616671935,0.6373599584298488
7.675102275684095,6.647188649644411,8.0,4.258739544120288,2.2352,2.5,3.1,2.8753252759146584,3.6573147180559946,3.4408,8.092,3.0,2.6,1.5,3.4,1.82928,2.2527291506831078,2.0,6.6144,2.0584752420189028,0.6113350499161105
8.694955821264777,7.426975550757305,8.0,4.570761654995439,3.12,2.5,3.1,3.0624741321817535,5.869314718055994,6.9799999999999995,2.8440000000000003,3.0,2.6,1.5,3.4,3.068,4.016582548183257,2.0,2.9408,1.876259305911498,0.6803876337314694
8.374353865828681,7.334256635748169,8.0,4.29358846645717,2.2800000000000002,2.5,3.1,2.8962215925795602,3.7693147180559947,3.62,1.5,3.7,2.6,1.5,3.4,1.892,2.06,2.0,2.0,1.5831776616671935,0.604513542998817
9.525026911870503,7.95179377376823,8.0,4.780707510257234,5.2,2.5,3.1,3.188430505704375,11.069314718055994,12.1,2.204,3.0,2.0,1.5,3.4,5.9799999999999995,8.34105215395911,2.0,2.4928,1.8077939228953843,0.7365903638245654
6.204593770869529,5.855213508687434,8.0,3.9414220529497754,2.048,2.5,3.1,2.685251242084984,3.1893147180559946,2.692,1.692,3.0,2.0,1.5,3.4,1.5672,2.0228464377111592,2.0,2.1344,1.6931325494920921,0.5117693699026244
10.322830041028936,8.55179377376823,8.0,4.780707510257234,5.2,2.5,3.1,3.188430505704375,11.069314718055994,12.1,1.5,3.7,2.6,1.5,3.4,5.9799999999999995,7.9,2.0,2.0,1.5831776616671935,0.7364416173613344
10.4,9.905772210141391,8.0,5.322308217393223,10.0,2.5,3.1,3.513385330433934,11.069314718055994,12.1,1.692,3.7,2.6,1.5,3.4,12.7,14.574930541759317,2.0,2.1344,1.6931325494920921,0.8500000000000001
10.4,9.101066586991013,8.0,5.0004233015464035,10.0,2.5,3.1,3.3202559808778433,11.069314718055994,12.1,1.5,3.7,2.6,1.5,3.4,12.7,14.561019185285232,2.0,2.0,1.5831776616671935,0.795947977502151
9.6,8.81069707263796,8.0,5.124277034633145,10.0,2.5,3.1,3.394567297433111,11.069314718055994,12.1,2.7800000000000002,3.0,2.0,1.5,3.4,12.7,14.716570198659003,2.0,2.896,1.870925094402998,0.8295402742391427
9.298277835898714,7.807969402264791,8.0,4.723174428905778,4.4,2.5,3.1,3.15391265654355,9.069314718055994,12.1,2.8440000000000003,3.0,2.0,1.5,3.4,4.859999999999999,6.759569225552913,2.0,2.9408,1.876259305911498,0.7212375618056421
9.6,9.103041322740086,8.0,5.241215529103535,10.0,2.5,3.1,3.4647299174576207,11.069314718055994,12.1,2.46,3.0,2.6,1.5,3.4,12.7,14.671173537276799,2.0,2.6719999999999997,1.839985601286746,0.8500000000000001
1.6,3.3465735902799727,8.0,2.8,2.0,2.5,3.1,2.0831776616671935,3.0693147180559945,2.5,1.5,3.0,2.6,1.5,3.4,1.5,1.5,2.0,2.0,1.5831776616671935,0.2
9.228654924431524,7.859595597039455,8.0,4.503798314671523,2.80128,2.5,3.1,3.0223029432894695,5.072514718055994,5.705119999999999,2.588,3.7,2.6,1.5,3.4,2.621792,3.1025600000000004,2.0,2.7616,1.8533326774999728,0.6623568438417177
10.4,8.831865857215922,8.0,4.892740632108704,7.6032,2.5,3.1,3.2556478057318214,11.069314718055994,12.1,4.0600000000000005,3.7,2.0,1.5,3.4,9.34448,13.17387627284781,2.0,3.792,1.9485203541940042,0.7670923794578073
5.592346069422989,5.36369390935617,8.0,3.743699774259019,2.01776,2.5,3.1,2.567286538245481,3.1137147180559945,2.57104,1.948,3.0,2.0,1.5,3.4,1.524864,2.002728702285421,2.0,2.3136,1.7636669492803463,0.4703150984505149
8.218260802920321,7.134622260591528,8.0,4.453797641901331,2.624,2.5,3.1,2.992309342541967,4.629314718055995,4.996,1.692,3.0,2.0,1.5,3.4,2.3735999999999997,3.2489166481540592,2.0,2.1344,1.6931325494920921,0.6481114085310634
5.292096413473008,3.3465735902799727,8.0,2.8,2.0,2.5,3.1,2.0831776616671935,3.0693147180559945,2.5,2.7800000000000002,3.0,2.6,1.5,3.4,1.5,1.7562837705474446,2.0,2.896,1.870925094402998,0.4499856946622349
9.6,8.409909141805151,8.0,4.963959656842057,10.0,2.5,3.1,3.2983781940332366,11.069314718055994,12.1,2.652,3.0,2.6,1.5,3.4,12.7,14.556765466711944,2.0,2.8064,1.8594878728264788,0.7861698174700913
7.127003823452176,6.454876640822405,8.0,4.181750955863044,2.16,2.5,3.1,2.8291703937973773,3.4693147180559945,3.14,1.5,3.0,2.0,1.5,3.4,1.724,2.252590420122023,2.0,2.0,1.5831776616671935,0.5742242172129077
8.017267626764085,7.003517006096704,8.0,4.401340169088074,2.48,2.5,3.1,2.960844081463209,4.269314718055995,4.42,2.076,3.0,2.6,1.5,3.4,2.1719999999999997,2.46,2.0,2.4032,1.7877474327358045,0.6345024955621517
7.04280420608667,6.4023072600313125,8.0,4.160701051521667,2.144,2.5,3.1,2.816553742407515,3.4293147180559944,3.076,1.5,3.0,2.0,1.5,3.4,1.7016,2.244850684222523,2.0,2.0,1.5831776616671935,0.568523201453785
8.425034652636015,7.264758470552534,8.0,4.505863874242816,2.8096,2.5,3.1,3.023542032932608,5.093314718055995,5.7384,1.6280000000000001,3.0,2.0,1.5,3.4,2.6334400000000002,3.6063136709522623,2.0,2.0896,1.6663553233343869,0.6621117212722303
8.23643881298061,7.147274757571839,8.0,4.458859921771447,2.64,2.5,3.1,2.9953459418172415,4.669314718055994,5.0600000000000005,1.564,3.0,2.0,1.5,3.4,2.396,3.214228509087133,2.0,2.0448,1.6318334746401733,0.6493422112955622
7.086011250036313,6.4292825173956825,8.0,4.171502812509078,2.152,2.5,3.1,2.8230278041749637,3.4493147180559944,3.108,1.5,3.0,2.6,1.5,3.4,1.7128,1.804,2.0,2.0,1.5831776616671935,0.5714486783878754
9.6,9.729419235582158,8.0,5.49176740851919,10.0,2.5,3.1,3.6150606165397177,11.069314718055994,12.1,2.7800000000000002,3.0,2.6,1.5,3.4,12.7,14.684491101943534,2.0,2.896,1.870925094402998,0.8500000000000001
9.6,8.298342365923057,8.0,4.919331946556716,8.4,2.5,3.1,3.2716021678215337,11.069314718055994,12.1,2.588,3.0,2.6,1.5,3.4,10.459999999999999,14.648049220961195,2.0,2.7616,1.8533326774999728,0.7741007146958163
9.6,9.664539157515714,8.0,5.465815337705443,10.0,2.5,3.1,3.5994893978037714,11.069314718055994,12.1,3.484,3.0,2.6,1.5,3.4,12.7,14.672957461539966,2.0,3.3888,1.9195809073759775,0.8500000000000001
8.464284613099101,7.258796555718782,8.0,4.5034786342837805,2.8,3.2,3.1,3.0221111733725077,5.0693147180559945,5.699999999999999,5.66,3.0,2.0,1.5,3.4,2.62,3.548666915472194,2.0,4.912,2.004563114326916,0.664769270678585
9.6,8.298342365923057,8.0,4.919331946556716,8.4,3.2,3.1,3.2716021678215337,11.069314718055994,12.1,5.9799999999999995,3.0,2.0,1.5,3.4,10.459999999999999,14.745768336091455,2.0,5.136,2.0131999342819267,0.7744576205624998
9.23750722769434,7.773477727768571,8.0,4.709376806923585,4.24,3.2,3.1,3.145634654664457,8.669314718055993,11.459999999999999,1.5,3.0,2.6,1.5,3.4,4.636,5.9799999999999995,2.0,2.0,1.5831776616671935,0.717122885208471
8.232434800618192,7.133981152669355,8.0,4.453541132952485,2.6231999999999998,3.2,3.1,2.992155476640645,4.627314718055994,4.9928,2.652,3.0,2.6,1.5,3.4,2.37248,2.7464000000000004,2.0,2.8064,1.8594878728264788,0.6490711062918568
9.6,8.808137980946594,8.0,5.123253388748833,10.0,3.2,3.1,3.3939531154271827,11.069314718055994,12.1,1.948,3.0,2.6,1.5,3.4,12.7,14.654957885988013,2.0,2.3136,1.7636669492803463,0.829231553739777
9.6,8.612635029414783,8.0,5.0450513451525785,10.0,3.2,3.1,3.347032407059548,11.069314718055994,12.1,1.5,3.0,2.6,1.5,3.4,12.7,14.3,2.0,2.0,1.5831776616671935,0.8080347393121567
1.6,3.3465735902799727,8.0,2.8,2.0,3.2,3.1,2.0831776616671935,3.0693147180559945,2.5,1.5,3.0,2.0,1.5,3.4,1.5,1.9386443153959059,2.0,2.0,1.5831776616671935,0.2
8.968352293581214,7.605270175989425,8.0,4.642088073395303,3.6,3.2,3.1,3.105264842237462,7.0693147180559945,8.899999999999999,1.5,3.0,2.0,1.5,3.4,3.7399999999999998,5.158169363633372,2.0,2.0,1.5831776616671935,0.698898853211228
7.127003823452176,6.454876640822405,8.0,4.181750955863044,2.16,3.2,3.1,2.8291703937973773,3.4693147180559945,3.14,1.5,3.0,2.0,1.5,3.4,1.724,2.2485610302372576,2.0,2.0,1.5831776616671935,0.5742242172129077
1.6,3.3465735902799727,8.0,2.8,2.0,3.2,3.1,2.0831776616671935,3.0693147180559945,2.5,1.5,3.0,2.0,1.5,3.4,1.5,1.9129480690993943,2.0,2.0,1.5831776616671935,0.2
9.6,9.036276340705886,8.0,5.214509393435008,10.0,3.2,3.1,3.4487063217694125,11.069314718055994,12.1,3.7399999999999998,3.0,2.6,1.5,3.4,12.7,14.706151378083035,2.0,3.568,1.9333101495173068,0.8500000000000001
9.6,8.578139546025955,8.0,5.031252961328748,10.0,3.2,3.1,3.3387534910462295,11.069314718055994,12.1,1.692,3.0,2.6,1.5,3.4,12.7,14.3,2.0,2.1344,1.6931325494920921,0.8043092827601699
9.6,9.561183688698165,8.0,5.424473075480466,10.0,3.2,3.1,3.574684085287559,11.069314718055994,12.1,2.46,3.0,2.6,1.5,3.4,12.7,14.703405092649978,2.0,2.6719999999999997,1.839985601286746,0.8500000000000001
10.4,9.212635029414782,8.0,5.0450513451525785,10.0,3.2,3.1,3.347032407059548,11.069314718055994,12.1,1.5,3.7,2.6,1.5,3.4,12.7,14.3,2.0,2.0,1.5831776616671935,0.8080347393121567
6.847692189994593,6.269792977808835,8.0,4.107627964753534,2.1104,3.2,3.1,2.7847503146741204,3.3453147180559943,2.9416,1.692,3.0,2.0,1.5,3.4,1.65456,2.214344366834442,2.0,2.1344,1.6931325494920921,0.555312492030884
9.6,9.81519374028678,8.0,5.526077255441259,10.0,3.2,3.1,3.635646497668827,11.069314718055994,12.1,4.444000000000001,3.0,2.6,1.5,3.4,12.7,14.3,2.0,4.0608,1.964544121308947,0.8500000000000001
9.6,9.168247730766495,8.0,5.267298214580436,10.0,3.2,3.1,3.480379455383959,11.069314718055994,12.1,3.164,3.0,2.6,1.5,3.4,12.7,14.666931417833633,2.0,3.1647999999999996,1.8998645412210244,0.8500000000000001
9.287883579672727,7.804960768462686,8.0,4.721970894918181,4.3856,3.2,3.1,3.1531905844310444,9.033314718055994,12.042399999999999,1.5,3.0,2.6,1.5,3.4,4.839840000000001,6.2712,2.0,2.0,1.5831776616671935,0.7205337840403407
9.523429786165355,7.95179377376823,8.0,4.780707510257234,5.2,3.2,3.1,3.188430505704375,11.069314718055994,12.1,1.692,3.0,2.6,1.5,3.4,5.9799999999999995,7.9,2.0,2.1344,1.6931325494920921,0.7364822251049459
9.6,8.982006911551405,8.0,5.1928014907473825,10.0,3.2,3.1,3.4356816587723373,11.069314718055994,12.1,6.108,3.0,2.6,1.5,3.4,12.7,14.3,2.0,5.2256,2.0164878111845006,0.8481744645944673
9.6,8.61222153617384,8.0,5.044885945650021,10.0,3.2,3.1,3.3469331686817214,11.069314718055994,12.1,14.3,3.0,2.6,1.5,3.4,12.7,14.694305495588603,2.0,13.2,2.166355150190594,0.8089073279480616
9.18892181748598,7.736429235382207,8.0,4.694556311312434,4.08,3.2,3.1,3.13674301649173,8.269314718055993,10.82,3.7399999999999998,3.0,2.6,1.5,3.4,4.412,5.66,2.0,3.568,1.9333101495173068,0.7138332480589467
5.2086876052134805,5.26089428852452,8.0,3.7021719013033696,2.0144,3.2,3.1,2.542614629245885,3.1053147180559946,2.5576,1.5,3.0,2.6,1.5,3.4,1.52016,1.5288,2.0,2.0,1.5831776616671935,0.4443382232696627
9.6,8.900418755488033,8.0,5.160166002534511,10.0,3.2,3.1,3.4161005013171275,11.069314718055994,12.1,2.524,3.0,2.6,1.5,3.4,12.7,14.629345300666548,2.0,2.7168,1.8468446109475396,0.8392441087150218
7.11897162746399,6.449861553642436,8.0,4.1797429068659975,2.1584,3.2,3.1,2.8279667728741846,3.4653147180559944,3.1336,1.5,3.0,2.6,1.5,3.4,1.72176,1.8168,2.0,2.0,1.5831776616671935,0.573680370609541
7.127003823452176,6.454876640822405,8.0,4.181750955863044,2.16,3.2,3.1,2.8291703937973773,3.4693147180559945,3.14,1.5,3.0,2.6,1.5,3.4,1.724,1.82,2.0,2.0,1.5831776616671935,0.5742242172129077
4.570857653363447,3.3465735902799727,8.0,2.8,2.0,3.2,3.1,2.0831776616671935,3.0693147180559945,2.5,2.012,3.0,2.6,1.5,3.4,1.5,1.5,2.0,2.3584,1.7763102111592854,0.4011518202798167
8.046914969772494,7.019094589986602,8.0,4.407573246941924,2.4952,3.2,3.1,2.9645827015967843,4.307314718055994,4.4808,2.332,3.0,2.6,1.5,3.4,2.1932799999999997,2.4904,2.0,2.5824,1.8249660241322652,0.6365098677450127
7.502706970397371,6.684800360263205,8.0,4.273794080438958,2.2536,3.2,3.1,2.884352086463169,3.7033147180559944,3.5144,1.692,3.0,2.6,1.5,3.4,1.85504,2.0072,2.0,2.1344,1.6931325494920921,0.5996624511206554
9.6,8.940797591558171,8.0,5.176317653310858,10.0,3.2,3.1,3.425791421973961,11.069314718055994,12.1,3.036,3.0,2.6,1.5,3.4,12.7,14.614560757867666,2.0,3.0751999999999997,1.8909715845625779,0.8436309702668936
9.6,12.35667518642028,8.0,6.542670073075574,10.0,3.2,3.1,4.245602044740867,11.069314718055994,12.1,14.3,3.0,2.6,1.5,3.4,12.7,14.3,2.0,13.2,2.3921108858559763,0.8500000000000001
6.152287563459248,3.3465735902799727,8.0,2.8,2.0,3.2,3.1,2.0831776616671935,3.0693147180559945,2.5,5.276,3.0,2.6,1.5,3.4,1.5,1.5,2.0,4.6432,1.9933048637007973,0.5082278037758866
9.6,8.887652556967382,8.0,5.155059484343165,10.0,3.2,3.1,3.4130366136721713,11.069314718055994,12.1,1.756,3.0,2.6,1.5,3.4,12.7,14.3,2.0,2.1792,1.7150111363073666,0.8378369429712218
9.6,10.803635180262804,8.0,5.921454038771796,10.0,3.2,3.1,3.8728724432630726,11.069314718055994,12.1,11.228000000000002,3.0,2.6,1.5,3.4,12.7,14.3,2.0,8.8096,2.1044343122896354,0.8500000000000001
9.6,8.534396145485575,8.0,5.013755339893703,10.0,3.2,3.1,3.328255074916538,11.069314718055994,12.1,1.82,3.0,2.6,1.5,3.4,12.7,14.3,2.0,2.224,1.7335092178866376,0.7995798474317375
9.6,10.421134550515262,8.0,5.76845374857288,10.0,3.2,3.1,3.781072292123663,11.069314718055994,12.1,14.3,3.0,2.6,1.5,3.4,12.7,14.503973289512233,2.0,13.2,2.2248305653532894,0.8500000000000001
8.186164807888781,7.1164858952967185,8.0,4.446541201972195,2.60176,3.2,3.1,2.9879566148712122,4.573714718055995,4.90704,1.5,3.0,2.6,1.5,3.4,2.3424639999999997,2.70352,2.0,2.0,1.5831776616671935,0.6459382422008029
6.948688757654688,6.343554303933257,8.0,4.137172189413672,2.128,3.2,3.1,2.8024530329439816,3.3893147180559944,3.012,1.5,3.0,2.6,1.5,3.4,1.6792,1.756,2.0,2.0,1.5831776616671935,0.5621508012995362
5.443216835786606,5.34106561356211,8.0,3.7345657668923815,2.01696,3.2,3.1,2.5618557472549064,3.1117147180559948,2.56784,1.692,3.0,2.6,1.5,3.4,1.523744,1.53392,2.0,2.1344,1.6931325494920921,0.46021780658971806
8.036726993816623,7.003517006096704,8.0,4.401340169088074,2.48,3.2,3.1,2.960844081463209,4.269314718055995,4.42,3.036,3.0,2.6,1.5,3.4,2.1719999999999997,2.7487447309154325,2.0,3.0751999999999997,1.8909715845625779,0.6358200568730006
6.1656882117991,5.855213508687434,8.0,3.9414220529497754,2.048,3.2,3.1,2.685251242084984,3.1893147180559946,2.692,1.5,3.0,2.6,1.5,3.4,1.5672,1.596,2.0,2.0,1.5831776616671935,0.5091351393405641
6.95861444329233,6.3497501700808385,8.0,4.139653610823083,2.1296,3.2,3.1,2.803940040819401,3.3933147180559944,3.0183999999999997,1.5,3.0,2.6,1.5,3.4,1.68144,1.7592,2.0,2.0,1.5831776616671935,0.5628228529312516
3.818070977791825,3.3465735902799727,8.0,2.8,2.0,3.2,3.1,2.0831776616671935,3.0693147180559945,2.5,1.692,3.0,2.6,1.5,3.4,1.5,1.5,2.0,2.1344,1.6931325494920921,0.3501818891213215
7.276051501829706,6.5458710575475765,8.0,4.218181964415996,2.192,3.2,3.1,2.8510090538114183,3.5493147180559945,3.268,1.564,3.0,2.6,1.5,3.4,1.7688,1.884,2.0,2.0448,1.6318334746401733,0.584315987103053
5.971065444020489,5.654133848700603,8.0,3.860660981611815,2.032,3.2,3.1,2.6369921236881444,3.1493147180559946,2.628,1.948,3.0,2.6,1.5,3.4,1.5448,1.564,2.0,2.3136,1.7636669492803463,0.4959575561055539
4.570857653363447,3.3465735902799727,8.0,2.8,2.0,3.2,3.1,2.0831776616671935,3.0693147180559945,2.5,2.012,3.0,2.6,1.5,3.4,1.5,1.5,2.0,2.3584,1.7763102111592854,0.4011518202798167
8.620686651838021,7.384131572685643,8.0,4.55362150793516,3.028,3.2,3.1,3.052191577444554,5.639314718055995,6.612,2.14,3.0,2.6,1.5,3.4,2.9392,3.556,2.0,2.448,1.7981887979745599,0.6753589920515327
9.392821955870183,7.8705431315886525,8.0,4.748205488967546,4.720000000000001,3.2,3.1,3.1689303515812766,9.869314718055994,12.1,1.5,3.0,2.0,1.5,3.4,5.308,7.402940216356352,2.0,2.0,1.5831776616671935,0.727638986595377
9.6,8.282920208961333,8.0,4.913162927151237,8.2056,3.2,3.1,3.2679008501507196,11.069314718055994,12.1,1.5,3.0,2.0,1.5,3.4,10.18784,14.376504389080269,2.0,2.0,1.5831776616671935,0.7723149594367935
9.6,8.55995625302565,8.0,5.02397953831314,10.0,3.2,3.1,3.3343895007261564,11.069314718055994,12.1,1.5,3.0,2.6,1.5,3.4,12.7,14.3,2.0,2.0,1.5831776616671935,0.8023277916264753
8.005360676352293,7.003517006096704,8.0,4.401340169088074,2.48,3.2,3.1,2.960844081463209,4.269314718055995,4.42,1.5,3.0,2.6,1.5,3.4,2.1719999999999997,2.46,2.0,2.0,1.5831776616671935,0.6336962957946866
8.9298439383501,7.579628790873433,8.0,4.63183046704135,3.52,3.2,3.1,3.0991109098096237,6.869314718055994,8.579999999999998,1.884,3.0,2.6,1.5,3.4,3.6279999999999997,4.916019349194069,2.0,2.2688,1.7495329850015804,0.6962915166591215
10.4,8.677162044433542,8.0,4.830857036126431,6.112,3.2,3.1,3.2185188906640505,11.069314718055994,12.1,1.564,3.7,2.6,1.5,3.4,7.2568,10.102343290885395,2.0,2.0448,1.6318334746401733,0.7500343174446291
6.663776724418156,6.109300059845864,8.0,4.043321220216973,2.08,3.2,3.1,2.7462320143630077,3.2693147180559947,2.82,2.268,3.0,2.6,1.5,3.4,1.612,1.6600000000000001,2.0,2.5376,1.816686879553831,0.5428598823824794
8.617592349225793,7.385297164945572,8.0,4.554087817309378,3.0304,3.2,3.1,3.052471319586937,5.645314718055995,6.6216,1.6280000000000001,3.0,2.6,1.5,3.4,2.94256,3.5608,2.0,2.0896,1.6663553233343869,0.6751494819788297
8.142237346622222,7.080544756422898,8.0,4.432160784190933,2.56,3.2,3.1,2.979330741541496,4.469314718055995,4.74,2.268,3.0,2.0,1.5,3.4,2.284,3.041256331583165,2.0,2.5376,1.816686879553831,0.6429639870108796
5.064586672229066,3.3465735902799727,8.0,2.8,2.0,3.2,3.1,2.0831776616671935,3.0693147180559945,2.5,2.46,3.0,2.6,1.5,3.4,1.5,1.5,2.0,2.6719999999999997,1.839985601286746,0.4345813892655096
9.6,8.063355550325255,8.0,4.825334220610071,6.0,3.2,3.1,3.215205332078061,11.069314718055994,12.1,2.716,3.0,2.6,1.5,3.4,7.1,9.5,2.0,2.8512,1.8653426925268106,0.7487334531179863
9.6,8.463885665956738,8.0,4.985550675815117,10.0,3.2,3.1,3.311332559829617,11.069314718055994,12.1,1.5,3.0,2.6,1.5,3.4,12.7,14.3,2.0,2.0,1.5831776616671935,0.7919199746999273
8.024685980892897,7.054876640822405,8.0,4.181750955863044,2.16,3.2,3.1,2.8291703937973773,3.4693147180559945,3.14,3.164,3.7,2.0,1.5,3.4,1.724,2.2944361486465246,2.0,3.1647999999999996,1.8998645412210244,0.5808381132896232
9.570724834197897,7.980783881806326,8.0,4.7923041167573475,5.39104,3.2,3.1,3.195388131633518,11.069314718055994,12.1,2.012,3.0,2.6,1.5,3.4,6.247456,8.28208,2.0,2.3584,1.7763102111592854,0.7396844939821492
9.428348584607994,7.892605322472537,8.0,4.757030873114853,4.84272,3.2,3.1,3.174225277393409,10.176114718055993,12.1,1.564,3.0,2.6,1.5,3.4,5.479808,7.18544,2.0,2.0448,1.6318334746401733,0.7300444354161664
7.404473019402932,6.622827533797268,8.0,4.248988309267402,2.224,3.2,3.1,2.8694786081113444,3.6293147180559946,3.396,1.692,3.0,2.6,1.5,3.4,1.8136,1.948,2.0,2.1344,1.6931325494920921,0.5930111940220736
8.949247874648623,7.588701935864959,8.0,4.635460103579597,3.54784,3.2,3.1,3.10128846460759,6.938914718055995,8.69136,2.652,3.0,2.6,1.5,3.4,3.666976,4.59568,2.0,2.8064,1.8594878728264788,0.6976053248460006
8.761877234580982,7.461462465320916,8.0,4.584558324793927,3.2,3.2,3.1,3.07075099167702,6.0693147180559945,7.3,4.380000000000001,3.0,2.6,1.5,3.4,3.1799999999999997,3.9000000000000004,2.0,4.016,1.962017712205207,0.6849187710914206
5.63988480579963,5.511940260423138,8.0,3.803455967362985,2.024,3.2,3.1,2.602865662501553,3.1293147180559946,2.596,1.564,3.0,2.0,1.5,3.4,1.5336,2.0125192620311023,2.0,2.0448,1.6318334746401733,0.4735338670593499
8.074280822030707,7.046578348861319,8.0,4.4185702055076765,2.5232,3.2,3.1,2.9711788037267164,4.377314718055994,4.5928,1.5,3.0,2.6,1.5,3.4,2.23248,2.5464,2.0,2.0,1.5831776616671935,0.6383627639916625
8.75407330978548,7.469068935186394,8.0,4.58760131529424,3.2184,3.2,3.1,3.0725765444447344,6.115314718055994,7.373600000000001,1.948,3.0,2.6,1.5,3.4,3.2057599999999997,3.9368,2.0,2.3136,1.7636669492803463,0.6843903803500586
9.6,8.30345339718334,8.0,4.9213764099095245,8.46576,3.2,3.1,3.2728288153240013,11.069314718055994,12.1,1.564,3.0,2.6,1.5,3.4,10.552064,14.3,2.0,2.0448,1.6318334746401733,0.7745461457406824
9.6,8.47359298266339,8.0,4.989433671535604,10.0,3.2,3.1,3.313662315839214,11.069314718055994,12.1,1.6280000000000001,3.0,2.6,1.5,3.4,12.7,14.3,2.0,2.0896,1.6663553233343869,0.7929811560950273
9.6,8.001372239566734,8.0,4.800539840521416,5.5336,3.2,3.1,3.200329337496016,11.069314718055994,12.1,3.228,3.0,2.6,1.5,3.4,6.447039999999999,8.937987932857897,2.0,3.2096,1.9040754995983769,0.7421429577785759
4.95172379362114,3.3465735902799727,8.0,2.8,2.0,3.2,3.1,2.0831776616671935,3.0693147180559945,2.5,2.332,3.0,2.6,1.5,3.4,1.5,1.5,2.0,2.5824,1.8249660241322652,0.4269396318597647
4.90839537274332,4.293147180559945,8.0,3.0197224577336224,2.00032,3.2,3.1,2.166355323334387,3.0701147180559945,2.50128,1.756,3.7,2.6,1.5,3.4,1.500448,1.50064,2.0,2.1792,1.7150111363073666,0.3698392700294956
7.520007613730154,6.692615461533286,8.0,4.276922076635395,2.2576,3.2,3.1,2.886227710767989,3.7133147180559947,3.5304,1.82,3.0,2.6,1.5,3.4,1.86064,2.0152,2.0,2.224,1.7335092178866376,0.6008338488463125
8.232434800618192,7.066059386477903,8.0,4.426364957001439,2.544,3.2,3.1,2.9758542527546967,4.429314718055995,4.676,8.988,3.0,2.6,1.5,3.4,2.2616,2.588,2.0,7.2416,2.0734948191733835,0.6490711062918568
8.414713977593376,7.258796555718782,8.0,4.5034786342837805,2.8,3.2,3.1,3.0221111733725077,5.0693147180559945,5.699999999999999,1.564,3.0,2.6,1.5,3.4,2.62,3.1,2.0,2.0448,1.6318334746401733,0.6614129255662181
9.6,8.154509662544417,8.0,4.861797198684417,6.8,3.2,3.1,3.23708231901066,11.069314718055994,12.1,1.5,3.0,2.0,1.5,3.4,8.219999999999999,11.513062863854456,2.0,2.0,1.5831776616671935,0.7584034079770294
4.82028135258812,3.3465735902799727,8.0,2.8,2.0,3.2,3.1,2.0831776616671935,3.0693147180559945,2.5,2.204,3.0,2.6,1.5,3.4,1.5,1.5,2.0,2.4928,1.8077939228953843,0.418039883248154
9.6,9.44961241303881,8.0,5.379844465217398,10.0,3.2,3.1,3.5479069791293143,11.069314718055994,12.1,4.892,3.0,2.0,1.5,3.4,12.7,14.729972107953705,2.0,4.3744,1.9808799822278966,0.8500000000000001
9.6,8.409909141805151,8.0,4.963959656842057,10.0,3.2,3.1,3.2983781940332366,11.069314718055994,12.1,3.228,3.0,2.6,1.5,3.4,12.7,14.648280631085909,2.0,3.2096,1.9040754995983769,0.7862184570614945
9.146851136072451,7.716821955245879,8.0,4.686712784018113,4.0,3.2,3.1,3.132037269259011,8.069314718055994,10.5,1.5,3.0,2.0,1.5,3.4,4.3,5.911817466098649,2.0,2.0,1.5831776616671935,0.7109847123382389
9.6,10.499719657927386,8.0,5.799887801956169,10.0,3.2,3.1,3.7999327179025726,11.069314718055994,12.1,14.3,3.0,2.0,1.5,3.4,12.7,14.715314357453462,2.0,10.959999999999999,2.1369921236881444,0.8500000000000001
10.020471177716615,8.325740499996023,8.0,4.6902804847585475,4.036,3.2,3.1,3.1341777199990455,8.159314718055994,10.644,14.044,3.7,2.0,1.5,3.4,4.3504000000000005,6.014728563925238,2.0,10.7808,2.134592043683344,0.715969402657896
7.1389029025107416,3.3465735902799727,8.0,2.8,2.0,3.2,3.1,2.0831776616671935,3.0693147180559945,2.5,14.3,3.0,2.6,1.5,3.4,1.5,1.7983657801784747,2.0,11.0944,2.138761197496609,0.5750298840241648
7.205082527681387,6.538867890889819,8.0,3.974986146170406,2.0568,3.2,3.1,2.7053282938135563,3.2113147180559944,2.7272,2.14,3.7,2.6,1.5,3.4,1.57952,1.6136,2.0,2.448,1.7981887979745599,0.5253441294784271
9.6,8.128864769616579,8.0,4.851538890672097,6.56,3.2,3.1,3.2309275447079786,11.069314718055994,12.1,1.82,3.0,2.6,1.5,3.4,7.8839999999999995,10.620000000000001,2.0,2.224,1.7335092178866376,0.7556726083503491
10.030793901585342,8.313934092252378,8.0,4.685557546149102,3.98848,3.2,3.1,3.1313441821405705,8.040514718055993,10.45392,14.3,3.7,2.6,1.5,3.4,4.283872,5.576648399485523,2.0,13.2,2.181620713082048,0.7166683370865077
6.910683735466996,6.254133848700603,8.0,3.860660981611815,2.032,3.2,3.1,2.6369921236881444,3.1493147180559946,2.628,2.524,3.7,2.6,1.5,3.4,1.5448,1.8476543891640616,2.0,2.7168,1.8468446109475396,0.5054108779222446
6.217152898504013,5.312486406642135,8.0,3.7230241033682523,2.016,3.2,3.1,2.5549967375941125,3.1093147180559946,2.564,4.316000000000001,3.0,2.6,1.5,3.4,1.5224,1.532,2.0,3.9711999999999996,1.9594369675786913,0.5126197275028759
9.298648463656097,7.808202650078157,8.0,4.723267734249201,4.401120000000001,3.2,3.1,3.1539686360187575,9.072114718055994,12.1,2.8440000000000003,3.0,2.6,1.5,3.4,4.861568,6.445267849990021,2.0,2.9408,1.876259305911498,0.7212626563933815
5.436632436477393,3.3465735902799727,8.0,2.8,2.0,3.2,3.1,2.0831776616671935,3.0693147180559945,2.5,3.036,3.0,2.6,1.5,3.4,1.5,1.5,2.0,3.0751999999999997,1.8909715845625779,0.45977198788649015
3.518316218238697,3.3465735902799727,8.0,2.8,2.0,3.2,3.1,2.0831776616671935,3.0693147180559945,2.5,1.6280000000000001,3.0,2.6,1.5,3.4,1.5,1.5,2.0,2.0896,1.6663553233343869,0.3298859939432451
6.1656882117991,5.855213508687434,8.0,3.9414220529497754,2.048,3.2,3.1,2.685251242084984,3.1893147180559946,2.692,1.5,3.0,2.0,1.5,3.4,1.5672,2.074932937196216,2.0,2.0,1.5831776616671935,0.5091351393405641
4.745460506179461,3.3465735902799727,8.0,2.8,2.0,3.2,3.1,2.0831776616671935,3.0693147180559945,2.5,2.14,3.0,2.6,1.5,3.4,1.5,1.5,2.0,2.448,1.7981887979745599,0.4129738884392343
10.165053025993469,8.44644498519522,8.0,4.738565649542084,4.5920000000000005,3.2,3.1,3.1631467964468527,9.549314718055994,12.1,4.316000000000001,3.7,2.0,1.5,3.4,5.1288,7.162797377048456,2.0,3.9711999999999996,1.9594369675786913,0.7257587986349745
9.178225245249735,7.736429235382207,8.0,4.694556311312434,4.08,3.2,3.1,3.13674301649173,8.269314718055993,10.82,1.5,3.0,2.6,1.5,3.4,4.412,5.66,2.0,2.0,1.5831776616671935,0.7131090009804508
9.6,8.578139546025955,8.0,5.031252961328748,10.0,3.2,3.1,3.3387534910462295,11.069314718055994,12.1,7.9,3.0,2.6,1.5,3.4,12.7,14.41453634148427,2.0,6.4799999999999995,2.0549967375941125,0.80468320104275
9.6,8.928845890922403,8.0,5.1715369395922,10.0,3.2,3.1,3.422923013821377,11.069314718055994,12.1,7.516,3.0,2.6,1.5,3.4,12.7,14.301243791356647,2.0,6.2112,2.04772178297614,0.8424712994288475
9.318463232507714,7.82391040475818,8.0,4.729551248263235,4.47776,3.2,3.1,3.1577384971419633,9.263714718055994,12.1,1.564,3.0,2.6,1.5,3.4,4.968864,6.698937212630812,2.0,2.0448,1.6318334746401733,0.7226042813677098
4.035617950178739,3.3465735902799727,8.0,2.8,2.0,3.2,3.1,2.0831776616671935,3.0693147180559945,2.5,1.756,3.0,2.6,1.5,3.4,1.5,1.5,2.0,2.1792,1.7150111363073666,0.3649116320433521
9.572831781754473,7.983043347146324,8.0,4.793207945438619,5.4064,3.2,3.1,3.1959304033151175,11.069314718055994,12.1,1.5,3.0,2.6,1.5,3.4,6.26896,8.3128,2.0,2.0,1.5831776616671935,0.7398271518896258
9.344325199415099,7.840234496705035,8.0,4.736081299853775,4.5600000000000005,3.2,3.1,3.1616562792092084,9.469314718055994,12.1,1.5,3.0,2.6,1.5,3.4,5.084,6.620000000000001,2.0,2.0,1.5831776616671935,0.7243553520437307
9.344325199415099,7.840234496705035,8.0,4.736081299853775,4.5600000000000005,3.2,3.1,3.1616562792092084,9.469314718055994,12.1,1.5,3.0,2.6,1.5,3.4,5.084,6.620000000000001,2.0,2.0,1.5831776616671935,0.7243553520437307
8.861538606828665,7.538518762330881,8.0,4.615384651707166,3.4,3.2,3.1,3.0892445029594113,6.5693147180559945,8.100000000000001,1.5,3.0,2.6,1.5,3.4,3.46,4.6559402807986014,2.0,2.0,1.5831776616671935,0.6916666765040242
9.530987895190142,7.95179377376823,8.0,4.780707510257234,5.2,3.2,3.1,3.188430505704375,11.069314718055994,12.1,4.1240000000000006,3.0,2.6,1.5,3.4,5.9799999999999995,8.2802076506803,2.0,3.8368,1.9513440138832274,0.7369939720701659
9.6,9.907756278981136,8.0,5.563102311592755,10.0,3.2,3.1,3.6578615069554727,11.069314718055994,12.1,3.1,3.0,2.6,1.5,3.4,12.7,14.3,2.0,3.12,1.8955004239205195,0.8500000000000001
8.413914537135124,7.258796555718782,8.0,4.5034786342837805,2.8,3.2,3.1,3.0221111733725077,5.0693147180559945,5.699999999999999,1.5,3.0,2.6,1.5,3.4,2.62,3.1,2.0,2.0,1.5831776616671935,0.6613587967851907
7.36688027036816,6.604670128301455,8.0,4.2417200675920395,2.216,3.2,3.1,2.8651208307923492,3.6093147180559946,3.364,1.5,3.0,2.6,1.5,3.4,1.8024,1.932,2.0,2.0,1.5831776616671935,0.5904658516395107
10.4,9.212655028481494,8.0,5.045059344885922,10.0,3.2,3.1,3.3470372068355587,11.069314718055994,12.1,3.548,3.7,2.6,1.5,3.4,12.7,14.597095561396038,2.0,3.4336,1.9231632629539392,0.8081523322284065
7.703203111722367,6.80244724040581,8.0,4.320879269759268,2.32096,3.2,3.1,2.9125873376973943,3.8717147180559945,3.78384,2.14,3.0,2.6,1.5,3.4,1.949344,2.14192,2.0,2.448,1.7981887979745599,0.6132377106895353
9.3939974931552,7.8705431315886525,8.0,4.748205488967546,4.720000000000001,3.2,3.1,3.1689303515812766,9.869314718055994,12.1,1.82,3.0,2.6,1.5,3.4,5.308,7.320326982431606,2.0,2.224,1.7335092178866376,0.7277185802657167
9.6,8.804126913213725,8.0,5.121648947128464,10.0,3.2,3.1,3.392990459171294,11.069314718055994,12.1,2.012,3.0,2.6,1.5,3.4,12.7,14.67251386158138,2.0,2.3584,1.7763102111592854,0.8287996163909268
4.888699091338649,3.3465735902799727,8.0,2.8,2.0,3.2,3.1,2.0831776616671935,3.0693147180559945,2.5,2.268,3.0,2.0,1.5,3.4,1.5,1.922411568284263,2.0,2.5376,1.816686879553831,0.4226723343093877
8.856034629149969,7.49372339470859,8.0,4.597464362570025,3.2800000000000002,3.2,3.1,3.0784936147300614,6.269314718055995,7.62,10.331999999999999,3.0,2.6,1.5,3.4,3.292,4.0600000000000005,2.0,8.182400000000001,2.0929970907131166,0.6912940113486958
8.391199565636365,7.244602577438035,8.0,4.497799891409091,2.7776,3.2,3.1,3.0187046185851285,5.0133147180559945,5.6104,1.5,3.0,2.6,1.5,3.4,2.58864,3.0552,2.0,2.0,1.5831776616671935,0.6598208039232956
9.6,8.5852316623204,8.0,5.0340898480862615,10.0,3.2,3.1,3.3404555989568956,11.069314718055994,12.1,5.724,3.0,2.6,1.5,3.4,12.7,14.3,2.0,4.956799999999999,2.006340924621133,0.8053171742865277
8.639005266287873,7.398698687006029,8.0,4.559449247340705,3.0584,3.2,3.1,3.055687684881447,5.7153147180559944,6.7336,1.6280000000000001,3.0,2.6,1.5,3.4,2.98176,3.6168,2.0,2.0896,1.6663553233343869,0.6765993149049081
9.6,9.165499497872554,8.0,5.266198916585174,10.0,3.2,3.1,3.479719879489413,11.069314718055994,12.1,1.692,3.0,2.6,1.5,3.4,12.7,14.635127691089288,2.0,2.1344,1.6931325494920921,0.8500000000000001
9.6,10.110555161836182,8.0,5.644221931419048,10.0,3.2,3.1,3.7065332388406835,11.069314718055994,12.1,4.0600000000000005,3.0,2.6,1.5,3.4,12.7,14.627902283198189,2.0,3.792,1.9485203541940042,0.8500000000000001
10.4,12.01452904657701,8.0,6.165811608807378,10.0,3.2,3.1,4.019486971178482,11.069314718055994,12.1,14.3,3.7,2.6,1.5,3.4,12.7,14.3,2.0,13.2,2.411325749106218,0.8500000000000001
5.367624161049868,3.3465735902799727,8.0,2.8,2.0,3.2,3.1,2.0831776616671935,3.0693147180559945,2.5,2.9080000000000004,3.0,2.6,1.5,3.4,1.5,1.5,2.0,2.9856,1.8813664596417534,0.45509955257108475
5.953934168417435,3.3465735902799727,8.0,2.8,2.0,3.2,3.1,2.0831776616671935,3.0693147180559945,2.5,4.444000000000001,3.0,2.0,1.5,3.4,1.5,1.9514660493656901,2.0,4.0608,1.964544121308947,0.49479762598659716
9.09328226622699,7.747274757571839,8.0,4.458859921771447,2.64,3.2,3.1,2.9953459418172415,4.669314718055994,5.0600000000000005,5.34,3.7,2.0,1.5,3.4,2.396,3.2112881194711482,2.0,4.688,1.995256126205411,0.6531909867757857
8.599532325330921,7.373993700830485,8.0,4.549565721697748,3.0073600000000003,3.2,3.1,3.0497584881993163,5.587714718055994,6.52944,1.6280000000000001,3.0,2.6,1.5,3.4,2.910304,3.51472,2.0,2.0896,1.6663553233343869,0.6739266678609478
9.6,8.05549470393019,8.0,4.822189755289647,5.9376,3.2,3.1,3.2133187289432454,11.069314718055994,12.1,2.332,3.0,2.6,1.5,3.4,7.01264,9.661514063969971,2.0,2.5824,1.8249660241322652,0.7478192628095162
7.154497938255542,6.472043604114764,8.0,4.188624484563886,2.1656,3.2,3.1,2.8332904649875434,3.4833147180559947,3.1624,1.5,3.0,2.6,1.5,3.4,1.73184,1.8312,2.0,2.0,1.5831776616671935,0.5760857979027191
7.127003823452176,6.454876640822405,8.0,4.181750955863044,2.16,3.2,3.1,2.8291703937973773,3.4693147180559945,3.14,1.5,3.0,2.6,1.5,3.4,1.724,2.1091906291290474,2.0,2.0,1.5831776616671935,0.5742242172129077
9.6,8.644903456671763,8.0,5.057958882715579,10.0,3.2,3.1,3.3547768296012226,11.069314718055994,12.1,2.7800000000000002,3.0,2.6,1.5,3.4,12.7,14.517118904091634,2.0,2.896,1.870925094402998,0.811598195941039
9.6,8.298342365923057,8.0,4.919331946556716,8.4,3.2,3.1,3.2716021678215337,11.069314718055994,12.1,3.228,3.0,2.6,1.5,3.4,10.459999999999999,14.556444542273788,2.0,3.2096,1.9040754995983769,0.7741682356672215
9.6,9.103041322740086,8.0,5.241215529103535,10.0,3.2,3.1,3.4647299174576207,11.069314718055994,12.1,1.5,3.0,2.6,1.5,3.4,12.7,14.3,2.0,2.0,1.5831776616671935,0.8500000000000001
10.4,8.975910295613527,8.0,4.950359836919485,9.47408,3.2,3.1,3.290218470947247,11.069314718055994,12.1,1.884,3.7,2.6,1.5,3.4,11.963712,14.3,2.0,2.2688,1.7495329850015804,0.7824238974793565
9.318153335157335,7.823716668882329,8.0,4.729473748908093,4.4768,3.2,3.1,3.157692000531759,9.261314718055994,12.1,1.564,3.0,2.6,1.5,3.4,4.9675199999999995,6.453600000000001,2.0,2.0448,1.6318334746401733,0.7225832987346112
9.6,8.650620503372457,8.0,5.060245729817931,10.0,3.2,3.1,3.3561489208093898,11.069314718055994,12.1,1.5,3.0,2.6,1.5,3.4,12.7,14.3,2.0,2.0,1.5831776616671935,0.812149885159023
9.6,9.50925086893512,8.0,5.403699903794779,10.0,3.2,3.1,3.562220208544429,11.069314718055994,12.1,2.524,3.0,2.6,1.5,3.4,12.7,14.666132267535751,2.0,2.7168,1.8468446109475396,0.8500000000000001
10.4,8.900811137303556,8.0,4.920319479735164,8.43168,3.2,3.1,3.2721946729528533,11.069314718055994,12.1,1.6280000000000001,3.7,2.6,1.5,3.4,10.504351999999999,14.3,2.0,2.0896,1.6663553233343869,0.7742666653829411
7.381229335429973,6.714255501795591,8.0,4.045307333857493,2.0808,3.2,3.1,2.747421320430942,3.2713147180559945,2.8232,1.5,3.7,2.6,1.5,3.4,1.6131199999999999,1.6616,2.0,2.0,1.5831776616671935,0.5372707362530711
10.4,10.847392984435256,8.0,5.698957092377234,10.0,3.2,3.1,3.7393743162644615,11.069314718055994,12.1,8.540000000000001,3.7,2.6,1.5,3.4,12.7,14.576473091083445,2.0,6.928,2.0662198645554115,0.8500000000000001
9.6,8.756472732385117,8.0,5.102587092984046,10.0,3.2,3.1,3.3815534557724276,11.069314718055994,12.1,2.524,3.0,2.6,1.5,3.4,12.7,14.3,2.0,2.7168,1.8468446109475396,0.8236606532594353
6.858944133568517,6.276966702012905,8.0,4.110501577406918,2.112,3.2,3.1,2.786472008483097,3.349314718055995,2.948,1.692,3.0,2.6,1.5,3.4,1.6568,1.724,2.0,2.1344,1.6931325494920921,0.5560743423770349
6.980986721886998,6.214859739019569,8.0,4.08562105453692,2.09888,3.2,3.1,2.7715663373646966,3.3165147180559944,2.89552,4.252000000000001,3.0,2.0,1.5,3.4,1.6384319999999999,2.1376695837159696,2.0,3.9263999999999997,1.9567994987724384,0.5643376426277655
9.114529443049431,7.6964142907747295,8.0,4.678549051726288,3.92,3.2,3.1,3.127139429785935,7.869314718055994,10.18,1.564,3.0,2.0,1.5,3.4,4.188,5.823430495253772,2.0,2.0448,1.6318334746401733,0.7087962643731385
9.138294216661762,7.706191426691169,8.0,4.682460228804497,3.95792,3.2,3.1,3.1294859424058803,7.964114718055995,10.331679999999999,3.164,3.0,2.6,1.5,3.4,4.2410879999999995,5.41584,2.0,3.1647999999999996,1.8998645412210244,0.7104053375864736
9.6,8.359603142742127,8.0,4.943836833834916,9.23424,3.2,3.1,3.2863047542581105,11.069314718055994,12.1,2.9720000000000004,3.0,2.6,1.5,3.4,11.627935999999998,14.3,2.0,3.0304,1.886265098984184,0.7807600686298068
8.069374336243126,7.0435127353338505,8.0,4.417343584060781,2.52,3.2,3.1,2.970443056480124,4.369314718055994,4.58,1.5,3.0,2.6,1.5,3.4,2.2279999999999998,2.54,2.0,2.0,1.5831776616671935,0.6380305540164616
8.481121867666987,7.4009509799375826,8.0,4.3202804669167465,2.32,3.2,3.1,2.9122282351850197,3.8693147180559944,3.7800000000000002,1.5,3.7,2.6,1.5,3.4,1.948,2.14,2.0,2.0,1.5831776616671935,0.6117426264566189
5.530123908588842,5.232954059327292,8.0,3.6908694592507016,2.0136,3.2,3.1,2.5359089742385503,3.1033147180559943,2.5544000000000002,2.14,3.0,2.6,1.5,3.4,1.51904,1.9113445213148494,2.0,2.448,1.7981887979745599,0.4661021396440362
5.010143901633052,3.3465735902799727,8.0,2.8,2.0,3.2,3.1,2.0831776616671935,3.0693147180559945,2.5,2.396,3.0,2.6,1.5,3.4,1.5,1.8892449568648302,2.0,2.6272,1.8327106466687737,0.4308951600064046
9.6,8.002276930635466,8.0,4.800901733318971,5.54,3.2,3.1,3.2005464633525116,11.069314718055994,12.1,1.6280000000000001,3.0,2.6,1.5,3.4,6.4559999999999995,8.58,2.0,2.0896,1.6663553233343869,0.7419353615794495
9.6,8.647341193350046,8.0,5.058933989545759,10.0,3.2,3.1,3.355361886404011,11.069314718055994,12.1,1.5,3.0,2.6,1.5,3.4,12.7,14.3,2.0,2.0,1.5831776616671935,0.811794622168643
6.414874571596988,5.998226044309511,8.0,3.998792285461314,2.064,3.2,3.1,2.719574250634283,3.2293147180559947,2.7560000000000002,1.6280000000000001,3.0,2.6,1.5,3.4,1.5896,1.6280000000000001,2.0,2.0896,1.6663553233343869,0.5260071324518794
8.844380113405819,7.627896225488884,8.0,4.411095028351455,2.504,3.2,3.1,2.9666950941173322,4.329314718055994,4.516,1.5,3.7,2.0,1.5,3.4,2.2056,2.985131595979615,2.0,2.0,1.5831776616671935,0.6363382368451858
7.574353865828682,6.734256635748169,8.0,4.29358846645717,2.2800000000000002,3.2,3.1,2.8962215925795602,3.7693147180559947,3.62,1.5,3.0,2.6,1.5,3.4,1.892,2.06,2.0,2.0,1.5831776616671935,0.604513542998817
5.967668411315326,5.731915902512805,8.0,3.891917102828832,2.03744,3.2,3.1,2.655659816603073,3.1629147180559944,2.64976,1.5,3.0,2.6,1.5,3.4,1.552416,1.57488,2.0,2.0,1.5831776616671935,0.4957275486828086
5.862300935031666,5.654133848700603,8.0,3.860660981611815,2.032,3.2,3.1,2.6369921236881444,3.1493147180559946,2.628,1.564,3.0,2.6,1.5,3.4,1.5448,1.564,2.0,2.0448,1.6318334746401733,0.48859329247610234
6.801031736432311,6.240022280963327,8.0,4.095701928441714,2.104,3.2,3.1,2.7776053474311984,3.3293147180559943,2.916,1.692,3.0,2.6,1.5,3.4,1.6456,1.708,2.0,2.1344,1.6931325494920921,0.5521531904876045
7.687096503353008,6.800950979937583,8.0,4.3202804669167465,2.32,3.2,3.1,2.9122282351850197,3.8693147180559944,3.7800000000000002,1.692,3.0,2.6,1.5,3.4,1.948,2.14,2.0,2.1344,1.6931325494920921,0.6121471590811933
9.345673977404829,7.840765398350742,8.0,4.736293673776726,4.5627200000000006,3.2,3.1,3.161783695604178,9.476114718055994,12.1,1.6280000000000001,3.0,2.6,1.5,3.4,5.087808,6.62544,2.0,2.0896,1.6663553233343869,0.724446675553452
9.344325199415099,7.840234496705035,8.0,4.736081299853775,4.5600000000000005,3.2,3.1,3.1616562792092084,9.469314718055994,12.1,1.5,3.0,2.6,1.5,3.4,5.084,6.910298465036279,2.0,2.0,1.5831776616671935,0.7243553520437307
6.03614195558365,5.654133848700603,8.0,3.860660981611815,2.032,3.2,3.1,2.6369921236881444,3.1493147180559946,2.628,2.204,3.0,2.6,1.5,3.4,1.5448,1.564,2.0,2.4928,1.8077939228953843,0.5003637782426429
1.6,3.3465735902799727,8.0,2.8,2.0,3.2,3.1,2.0831776616671935,3.0693147180559945,2.5,1.5,3.0,2.6,1.5,3.4,1.5,1.5,2.0,2.0,1.5831776616671935,0.2
9.6,9.288821549245299,8.0,5.315527930046515,10.0,3.2,3.1,3.509317171818872,11.069314718055994,12.1,1.5,3.0,2.6,1.5,3.4,12.7,14.3,2.0,2.0,1.5831776616671935,0.8500000000000001
8.624998666589489,7.389932550431926,8.0,4.5559422580408935,3.04,3.2,3.1,3.0535838121036623,5.669314718055994,6.66,1.6280000000000001,3.0,2.0,1.5,3.4,2.956,4.037337963950485,2.0,2.0896,1.6663553233343869,0.6756509513836634
8.73823329917571,7.461462465320916,8.0,4.584558324793927,3.2,3.2,3.1,3.07075099167702,6.0693147180559945,7.3,1.5,3.0,2.0,1.5,3.4,3.1799999999999997,4.361047416134032,2.0,2.0,1.5831776616671935,0.6833178796316887
9.6,9.657378684903792,8.0,5.462951143968538,10.0,3.2,3.1,3.59777088437691,11.069314718055994,12.1,3.2920000000000003,3.0,2.6,1.5,3.4,12.7,14.55724531375034,2.0,3.2544,1.9081436857994587,0.8500000000000001
10.4,9.604405012433459,8.0,5.201760786905788,10.0,3.2,3.1,3.4410572029840303,11.069314718055994,12.1,1.948,3.7,2.6,1.5,3.4,12.7,14.564154865157892,2.0,2.3136,1.7636669492803463,0.8500000000000001
6.573284880867892,6.109300059845864,8.0,4.043321220216973,2.08,3.2,3.1,2.7462320143630077,3.2693147180559947,2.82,1.5,3.0,2.6,1.5,3.4,1.612,1.6600000000000001,2.0,2.0,1.5831776616671935,0.5367328304754302
8.981443278405479,7.605270175989425,8.0,4.642088073395303,3.6,3.2,3.1,3.105264842237462,7.0693147180559945,8.899999999999999,3.612,3.0,2.6,1.5,3.4,3.7399999999999998,5.072577329467993,2.0,3.4783999999999997,1.9266417673787295,0.6997852219753711
9.362955399864108,7.851419539524644,8.0,4.740555593485779,4.61792,3.2,3.1,3.1643406894859147,9.614114718055994,12.1,1.692,3.0,2.6,1.5,3.4,5.165087999999999,6.7358400000000005,2.0,2.1344,1.6931325494920921,0.7256167718657989
7.650144997377508,6.778997479265403,8.0,4.311494580322949,2.30624,3.2,3.1,2.9069593950236965,3.8349147180559946,3.72496,1.6280000000000001,3.0,2.6,1.5,3.4,1.928736,2.11248,2.0,2.0896,1.6663553233343869,0.6096452341974354
8.691345095812341,7.405677114982864,8.0,4.562241037512577,3.07328,3.2,3.1,3.0573625075958875,5.752514718055994,6.79312,6.172,3.0,2.6,1.5,3.4,3.002592,3.64656,2.0,5.2703999999999995,2.018098573624357,0.6801431575289605
9.6,11.00473462627539,8.0,6.0018938282152385,10.0,3.2,3.1,3.9211363103060934,11.069314718055994,12.1,14.3,3.0,2.6,1.5,3.4,12.7,14.646807745827683,2.0,13.2,2.1672817957218635,0.8500000000000001
9.6,8.14695335121951,8.0,4.858774572641839,6.728,3.2,3.1,3.2352688042926823,11.069314718055994,12.1,1.564,3.0,2.6,1.5,3.4,8.1192,10.956000000000001,2.0,2.0448,1.6318334746401733,0.7575939442617126
9.6,8.657249458096427,8.0,5.062897344258796,10.0,3.2,3.1,3.3577398699431424,11.069314718055994,12.1,2.8440000000000003,3.0,2.6,1.5,3.4,12.7,14.3,2.0,2.9408,1.876259305911498,0.8129373452788076
9.6,8.299079285732208,8.0,4.919626721843962,8.40944,3.2,3.1,3.2717790285757298,11.069314718055994,12.1,1.884,3.0,2.0,1.5,3.4,10.473215999999999,14.78797365006263,2.0,2.2688,1.7495329850015804,0.77410611947198
7.1951691418452555,6.59822604430951,8.0,3.998792285461314,2.064,3.2,3.1,2.719574250634283,3.2293147180559947,2.7560000000000002,1.5,3.7,2.0,1.5,3.4,1.5896,2.121375496790424,2.0,2.0,1.5831776616671935,0.5246729106457726
7.127003823452176,6.454876640822405,8.0,4.181750955863044,2.16,3.2,3.1,2.8291703937973773,3.4693147180559945,3.14,1.5,3.0,2.0,1.5,3.4,1.724,2.2806393596221275,2.0,2.0,1.5831776616671935,0.5742242172129077
1.6,3.3465735902799727,8.0,2.8,2.0,3.2,3.1,2.0831776616671935,3.0693147180559945,2.5,1.5,3.0,2.0,1.5,3.4,1.5,1.9626010031224013,2.0,2.0,1.5831776616671935,0.2
5.292096413473008,3.3465735902799727,8.0,2.8,2.0,3.2,3.1,2.0831776616671935,3.0693147180559945,2.5,2.7800000000000002,3.0,2.0,1.5,3.4,1.5,1.946472960279711,2.0,2.896,1.870925094402998,0.4499856946622349
9.6,8.729772892533493,8.0,5.091907047342137,10.0,3.2,3.1,3.3751454942080383,11.069314718055994,12.1,4.1240000000000006,3.0,2.6,1.5,3.4,12.7,14.597095561396038,2.0,3.8368,1.9513440138832274,0.820841830184498
9.6,9.77119563248063,8.0,5.508477990180681,10.0,3.2,3.1,3.6250869517953515,11.069314718055994,12.1,2.8440000000000003,3.0,2.6,1.5,3.4,12.7,14.3,2.0,2.9408,1.876259305911498,0.8500000000000001
8.988104432626722,7.605270175989425,8.0,4.642088073395303,3.6,3.2,3.1,3.105264842237462,7.0693147180559945,8.899999999999999,4.7,3.0,2.6,1.5,3.4,3.7399999999999998,5.04798821163405,2.0,4.24,1.9741492462297714,0.7002362376257676
10.4,10.31479681650971,8.0,5.485918432411174,10.0,3.2,3.1,3.61155123596233,11.069314718055994,12.1,6.876,3.7,2.6,1.5,3.4,12.7,14.3,2.0,5.763199999999999,2.0345216755504207,0.8500000000000001
9.6,8.285786651250351,8.0,4.914309533543886,8.24128,3.2,3.1,3.2685887963000844,11.069314718055994,12.1,3.484,3.0,2.6,1.5,3.4,10.237791999999999,14.308081258826851,2.0,3.3888,1.9195809073759775,0.7728403003090063
7.156040850980666,6.455873650125837,8.0,4.182150157592387,2.16032,3.2,3.1,2.8294096760302008,3.4701147180559944,3.14128,1.948,3.0,2.6,1.5,3.4,1.724448,2.1593960254706106,2.0,2.3136,1.7636669492803463,0.5761902659518161
5.064586672229066,3.3465735902799727,8.0,2.8,2.0,3.2,3.1,2.0831776616671935,3.0693147180559945,2.5,2.46,3.0,2.6,1.5,3.4,1.5,1.8594072650107645,2.0,2.6719999999999997,1.839985601286746,0.4345813892655096
7.2727278576639875,6.5458710575475765,8.0,4.218181964415996,2.192,3.2,3.1,2.8510090538114183,3.5493147180559945,3.268,1.5,3.0,2.6,1.5,3.4,1.7688,1.884,2.0,2.0,1.5831776616671935,0.5840909486959991
6.968418487561943,6.355870197528089,8.0,4.142104621890486,2.1312,3.2,3.1,2.8054088474067416,3.3973147180559944,3.0248,1.5,3.0,2.6,1.5,3.4,1.68368,1.7624,2.0,2.0,1.5831776616671935,0.5634866684286732
8.054471701022596,7.014227582057126,8.0,4.405625811886352,2.4904,3.2,3.1,2.9634146196937103,4.2953147180559945,4.4616,3.1,3.0,2.0,1.5,3.4,2.18656,2.929001399076194,2.0,3.12,1.8955004239205195,0.637021521423405
8.962733165522687,7.592357412168605,8.0,4.636922444680691,3.5591999999999997,3.2,3.1,3.1021657789204653,6.967314718055994,8.736799999999999,3.868,3.0,2.6,1.5,3.4,3.68288,4.6184,2.0,3.6575999999999995,1.9396273975355576,0.6985183914155986
6.990521995676765,6.339171057327166,8.0,4.135416692249427,2.12688,3.2,3.1,2.8014010537585197,3.3865147180559947,3.00752,2.14,3.0,2.0,1.5,3.4,1.677632,2.181241945435086,2.0,2.448,1.7981887979745599,0.5649832601239477
9.526819875242717,7.9542872957923425,8.0,4.781704968810679,5.216,3.2,3.1,3.189028950990162,11.069314718055994,12.1,1.5,3.0,2.6,1.5,3.4,6.0024,7.9319999999999995,2.0,2.0,1.5831776616671935,0.7367117623862256
9.6,8.541732375652922,8.0,5.016689877380112,10.0,3.2,3.1,3.330015770156701,11.069314718055994,12.1,8.732,3.0,2.6,1.5,3.4,12.7,14.3,2.0,7.0624,2.06939185540359,0.8008216976520928
8.490148138300366,7.30643347074226,8.0,4.522537034575092,2.88,3.2,3.1,3.033544032978142,5.269314718055995,6.02,1.5,3.0,2.6,1.5,3.4,2.732,3.5082100202331703,2.0,2.0,1.5831776616671935,0.6665204468640874
5.163477837002806,3.3465735902799727,8.0,2.8,2.0,3.2,3.1,2.0831776616671935,3.0693147180559945,2.5,2.588,3.0,2.6,1.5,3.4,1.5,1.5,2.0,2.7616,1.8533326774999728,0.4412771452137316
5.907596050231271,5.69453586490825,8.0,3.8768990125578178,2.03472,3.2,3.1,2.64668860757798,3.1561147180559948,2.63888,1.5,3.0,2.6,1.5,3.4,1.548608,1.9435247016030952,2.0,2.0,1.5831776616671935,0.49166014923440904
10.4,10.733471719169968,8.0,5.653388560324915,10.0,3.2,3.1,3.7120332126007924,11.069314718055994,12.1,2.14,3.7,2.6,1.5,3.4,12.7,14.69496501545743,2.0,2.448,1.7981887979745599,0.8500000000000001
8.538125835232247,7.336414241473843,8.0,4.534531458808062,2.9344,3.2,3.1,3.040739417953722,5.405314718055995,6.2376,1.5,3.0,2.6,1.5,3.4,2.80816,3.3688000000000002,2.0,2.0,1.5831776616671935,0.6697689367605169
9.6,8.697222968409624,8.0,5.078886935783522,10.0,3.2,3.1,3.36733351241831,11.069314718055994,12.1,4.828,3.0,2.6,1.5,3.4,12.7,14.657532016748943,2.0,4.329599999999999,1.9786780855877129,0.8173568631906756
1.6,3.3465735902799727,8.0,2.8,2.0,3.2,3.1,2.0831776616671935,3.0693147180559945,2.5,1.5,3.0,2.6,1.5,3.4,1.5,1.5,2.0,2.0,1.5831776616671935,0.2
9.6,8.357231106104638,8.0,4.942887998145554,9.2,3.2,3.1,3.2857354654651134,11.069314718055994,12.1,14.3,3.0,2.6,1.5,3.4,11.58,14.3,2.0,13.2,2.316553742407515,0.7855280248118668
9.6,8.180487844355723,8.0,4.872188808928782,7.056,3.2,3.1,3.2433170826453734,11.069314718055994,12.1,2.268,3.0,2.0,1.5,3.4,8.578399999999998,12.03411308613664,2.0,2.5376,1.816686879553831,0.7613205497538793
9.246880005050855,7.773477727768571,8.0,4.709376806923585,4.24,3.2,3.1,3.145634654664457,8.669314718055993,11.459999999999999,3.612,3.0,2.6,1.5,3.4,4.636,5.9799999999999995,2.0,3.4783999999999997,1.9266417673787295,0.7177575003419849
8.009349383302277,7.003517006096704,8.0,4.401340169088074,2.48,3.2,3.1,2.960844081463209,4.269314718055995,4.42,1.692,3.0,2.0,1.5,3.4,2.1719999999999997,2.890611904615984,2.0,2.1344,1.6931325494920921,0.6339663644944251
9.6,8.170903498757621,8.0,4.868354948202303,6.96,3.2,3.1,3.2410168397018286,11.069314718055994,12.1,2.14,3.0,2.6,1.5,3.4,8.443999999999999,11.82126974178106,2.0,2.448,1.7981887979745599,0.7602667575354516
9.178840346002781,7.736429235382207,8.0,4.694556311312434,4.08,3.2,3.1,3.13674301649173,8.269314718055993,10.82,1.6280000000000001,3.0,2.6,1.5,3.4,4.412,5.66,2.0,2.0896,1.6663553233343869,0.7131506484272716
9.6,8.632244873184323,8.0,5.052895385220473,10.0,3.2,3.1,3.3517387695642373,11.069314718055994,12.1,2.46,3.0,2.6,1.5,3.4,12.7,14.58337582735351,2.0,2.6719999999999997,1.839985601286746,0.8102112244727688
9.6,9.907756278981136,8.0,5.563102311592755,10.0,3.2,3.1,3.6578615069554727,11.069314718055994,12.1,1.692,3.0,2.6,1.5,3.4,12.7,14.3,2.0,2.1344,1.6931325494920921,0.8500000000000001
6.824702102180709,6.266167146111174,8.0,4.106175525545177,2.1096,3.2,3.1,2.783880115066682,3.3433147180559946,2.9384,1.5,3.0,2.6,1.5,3.4,1.65344,1.7192,2.0,2.0,1.5831776616671935,0.5537558715018187
9.6,10.155111021793317,8.0,5.662044286767929,10.0,3.2,3.1,3.717226645230396,11.069314718055994,12.1,14.3,3.0,2.6,1.5,3.4,12.7,14.620657125305208,2.0,13.0656,2.162094347575765,0.8500000000000001
7.691054947846903,6.800950979937583,8.0,4.3202804669167465,2.32,3.2,3.1,2.9122282351850197,3.8693147180559944,3.7800000000000002,1.82,3.0,2.6,1.5,3.4,1.948,2.14,2.0,2.224,1.7335092178866376,0.6124151787604675
8.787842711787526,7.59257196559931,8.0,4.396960677946881,2.4696,3.2,3.1,2.9582172717438344,4.243314718055994,4.3784,1.5,3.7,2.6,1.5,3.4,2.1574400000000002,2.4392,2.0,2.0,1.5831776616671935,0.6325101836106137
9.6,8.501066586991014,8.0,5.0004233015464035,10.0,3.2,3.1,3.3202559808778433,11.069314718055994,12.1,2.524,3.0,2.6,1.5,3.4,12.7,14.3,2.0,2.7168,1.8468446109475396,0.7960201504168998
9.6,12.016773310992003,8.0,6.4067093214512925,10.0,3.2,3.1,4.164025594638081,11.069314718055994,12.1,14.3,3.0,2.0,1.5,3.4,12.7,14.720436939309769,2.0,13.2,2.2380723322135534,0.8500000000000001
9.6,10.142757718604614,8.0,5.6571029624419635,10.0,3.2,3.1,3.7142618524651074,11.069314718055994,12.1,1.884,3.0,2.0,1.5,3.4,12.7,14.716807834111405,2.0,2.2688,1.7495329850015804,0.8500000000000001
9.6,11.40562146575913,8.0,6.162248576303653,10.0,3.2,3.1,4.0173491517821915,11.069314718055994,12.1,8.988,3.0,2.6,1.5,3.4,12.7,14.3,2.0,7.2416,2.0734948191733835,0.8500000000000001
9.6,10.575256075506132,8.0,5.830102377570895,10.0,3.2,3.1,3.8180614581214716,11.069314718055994,12.1,2.9080000000000004,3.0,2.0,1.5,3.4,12.7,14.756062508745075,2.0,2.9856,1.8813664596417534,0.8500000000000001
9.6,9.902023045692971,8.0,5.560809015970999,10.0,3.2,3.1,3.656485530966313,11.069314718055994,12.1,10.331999999999999,3.0,2.6,1.5,3.4,12.7,14.537576734267518,2.0,8.182400000000001,2.0929970907131166,0.8500000000000001
9.6,9.560106533571721,8.0,5.424042212567238,10.0,3.2,3.1,3.574425568057213,11.069314718055994,12.1,10.14,3.0,2.6,1.5,3.4,12.7,14.516235508188746,2.0,8.048,2.090397711099375,0.8500000000000001
9.6,8.375717600882414,8.0,4.950282757376725,9.4712,3.2,3.1,3.2901722242117795,11.069314718055994,12.1,1.756,3.0,2.6,1.5,3.4,11.959679999999999,14.3,2.0,2.1792,1.7150111363073666,0.7823914415257498
9.57358292025386,7.9799811997320536,8.0,4.791983028766954,5.3856,3.2,3.1,3.1951954879356927,11.069314718055994,12.1,3.42,3.0,2.6,1.5,3.4,6.23984,8.2712,2.0,3.344,1.9158883083359672,0.7398780102255218
9.6,8.153391821679726,8.0,4.861350047417818,6.78928,3.2,3.1,3.236814037203134,11.069314718055994,12.1,3.676,3.0,2.6,1.5,3.4,8.204991999999999,11.078560000000001,2.0,3.5232,1.9300222726147331,0.7585890554981356
7.681121867666986,6.800950979937583,8.0,4.3202804669167465,2.32,3.2,3.1,2.9122282351850197,3.8693147180559944,3.7800000000000002,1.5,3.0,2.6,1.5,3.4,1.948,2.14,2.0,2.0,1.5831776616671935,0.6117426264566189
8.55974512079161,7.349924013000156,8.0,4.539936280197903,2.96,3.2,3.1,3.0439817631200374,5.469314718055995,6.34,1.5,3.0,2.6,1.5,3.4,2.844,3.42,2.0,2.0,1.5831776616671935,0.6712327425535987
9.060433841331893,7.6619238063848885,8.0,4.6647516678023475,3.792,3.2,3.1,3.118861713532373,7.549314718055995,9.668,1.756,3.0,2.6,1.5,3.4,4.0088,5.455877403994557,2.0,2.1792,1.7150111363073666,0.7051335413401802
8.151173490919101,7.094622262867951,8.0,4.437793372729775,2.576,3.2,3.1,2.9827093430883083,4.509314718055994,4.804,1.5,3.0,2.6,1.5,3.4,2.3064,2.652,2.0,2.0,1.5831776616671935,0.6435690384476475
9.6,9.305772210141392,8.0,5.322308217393223,10.0,3.2,3.1,3.513385330433934,11.069314718055994,12.1,3.7399999999999998,3.0,2.6,1.5,3.4,12.7,14.3,2.0,3.568,1.9333101495173068,0.8500000000000001
9.6,8.300836012306672,8.0,4.920329429983922,8.432,3.2,3.1,3.272200642953601,11.069314718055994,12.1,1.5,3.0,2.6,1.5,3.4,10.5048,14.3,2.0,2.0,1.5831776616671935,0.7742558872873122
7.803242111228606,6.8707667946409146,8.0,4.348219818007073,2.368,3.2,3.1,2.9289840307138193,3.9893147180559945,3.9719999999999995,1.884,3.0,2.6,1.5,3.4,2.0152,2.236,2.0,2.2688,1.7495329850015804,0.6200111846144369
8.390187009149155,7.334256635748169,8.0,4.29358846645717,2.2800000000000002,3.2,3.1,2.8962215925795602,3.7693147180559947,3.62,1.948,3.7,2.6,1.5,3.4,1.892,2.06,2.0,2.3136,1.7636669492803463,0.6055855787444742
9.6,8.654025751852881,8.0,5.06160784598537,10.0,3.2,3.1,3.3569661804446915,11.069314718055994,12.1,2.396,3.0,2.6,1.5,3.4,12.7,14.53559359700886,2.0,2.6272,1.8327106466687737,0.8125653100042802
9.1532886484016,7.719653468296591,8.0,4.687845479583491,4.01136,3.2,3.1,3.132716832391182,8.097714718055995,10.54544,1.884,3.0,2.6,1.5,3.4,4.315904,5.7951859944788024,2.0,2.2688,1.7495329850015804,0.7114205855688585
8.576890518210151,7.356133216067677,8.0,4.542420372743132,2.972,3.2,3.1,3.0454719718562426,5.499314718055994,6.388,2.204,3.0,2.6,1.5,3.4,2.8608,3.444,2.0,2.4928,1.8077939228953843,0.6723936288371457
9.6,9.589140232781345,8.0,5.435655714865166,10.0,3.2,3.1,3.581393655867523,11.069314718055994,12.1,4.252000000000001,3.0,2.6,1.5,3.4,12.7,14.3,2.0,3.9263999999999997,1.9567994987724384,0.8500000000000001
4.206477230417185,3.3465735902799727,8.0,2.8,2.0,3.2,3.1,2.0831776616671935,3.0693147180559945,2.5,1.82,3.0,2.6,1.5,3.4,1.5,1.5,2.0,2.224,1.7335092178866376,0.3764802291428303
9.528529405027303,7.955355698812724,8.0,4.782132351256825,5.22288,3.2,3.1,3.189285367715054,11.069314718055994,12.1,1.5,3.0,2.6,1.5,3.4,6.012032,7.94576,2.0,2.0,1.5831776616671935,0.7368275117987235
7.716318159542906,6.8205421245874565,8.0,4.328120765278727,2.3327999999999998,3.2,3.1,2.9169301099009894,3.9013147180559944,3.8312,1.6280000000000001,3.0,2.6,1.5,3.4,1.96592,2.1656,2.0,2.0896,1.6663553233343869,0.614125708719051
7.868463397335972,6.883208449009828,8.0,4.353198615881535,2.37728,3.2,3.1,2.9319700277623584,4.012514718055995,4.00912,3.676,3.0,2.6,1.5,3.4,2.0281919999999998,2.25456,2.0,3.5232,1.9300222726147331,0.6244272091946232
9.6,8.576694644375232,8.0,5.030674992400054,10.0,3.2,3.1,3.3384067146500556,11.069314718055994,12.1,3.612,3.0,2.6,1.5,3.4,12.7,14.3,2.0,3.4783999999999997,1.9266417673787295,0.80426903891396
9.04713434826974,7.652916176717702,8.0,4.661148291347887,3.76,3.2,3.1,3.1166998824122487,7.469314718055995,9.54,1.948,3.0,2.0,1.5,3.4,3.964,5.43468167352865,2.0,2.3136,1.7636669492803463,0.7042330548307636
9.6,10.764571533318115,8.0,5.905828577285245,10.0,3.2,3.1,3.8634971679963472,11.069314718055994,12.1,14.3,3.0,2.0,1.5,3.4,12.7,14.71370833964373,2.0,11.139199999999999,2.1393451402547496,0.8500000000000001
9.6,9.103041322740086,8.0,5.241215529103535,10.0,3.2,3.1,3.4647299174576207,11.069314718055994,12.1,2.716,3.0,2.0,1.5,3.4,12.7,14.723150436488476,2.0,2.8512,1.8653426925268106,0.8500000000000001
9.6,9.729419235582158,8.0,5.49176740851919,10.0,3.2,3.1,3.6150606165397177,11.069314718055994,12.1,4.508,3.0,2.6,1.5,3.4,12.7,14.693588854768885,2.0,4.1056,1.9670184357732752,0.8500000000000001
9.6,10.526070765642963,8.0,5.810428248185016,10.0,3.2,3.1,3.806256983754311,11.069314718055994,12.1,14.3,3.0,2.6,1.5,3.4,12.7,14.68438145534478,2.0,12.707199999999998,2.1581756320188785,0.8500000000000001
9.6,10.278724427537075,8.0,5.711489675776803,10.0,3.2,3.1,3.746893862608898,11.069314718055994,12.1,4.188000000000001,3.0,2.6,1.5,3.4,12.7,14.3,2.0,3.8815999999999997,1.9541027560701913,0.8500000000000001
6.020362351305426,3.3465735902799727,8.0,2.8,2.0,3.2,3.1,2.0831776616671935,3.0693147180559945,2.5,4.7,3.0,2.6,1.5,3.4,1.5,1.5,2.0,4.24,1.9741492462297714,0.49929536753630493
9.114196206905152,7.6964142907747295,8.0,4.678549051726288,3.92,3.2,3.1,3.127139429785935,7.869314718055994,10.18,1.5,3.0,2.6,1.5,3.4,4.188,5.597462239080403,2.0,2.0,1.5831776616671935,0.708773701509203
8.022503247545407,7.003517006096704,8.0,4.401340169088074,2.48,3.2,3.1,2.960844081463209,4.269314718055995,4.42,2.332,3.0,2.6,1.5,3.4,2.1719999999999997,2.46,2.0,2.5824,1.8249660241322652,0.6348569907192203
5.323168280126019,5.012675845367575,8.0,3.601466637046494,2.00864,3.2,3.1,2.483042202888218,3.0909147180559944,2.53456,2.14,3.0,2.6,1.5,3.4,1.512096,1.7829960719538938,2.0,2.448,1.7981887979745599,0.45208951896686583
7.001816300913394,6.3113681619749205,8.0,4.124281130352827,2.12,3.2,3.1,2.794728358873981,3.3693147180559944,2.98,2.8440000000000003,3.0,2.6,1.5,3.4,1.668,1.9463464719908847,2.0,2.9408,1.876259305911498,0.5657479787076778
7.973573710891187,7.083954600900942,8.0,4.193393427722796,2.1696,3.2,3.1,2.836149104216226,3.4933147180559945,3.1784,1.5,3.7,2.6,1.5,3.4,1.7374399999999999,1.8392,2.0,2.0,1.5831776616671935,0.5773773866749241
8.028999953705693,7.003517006096704,8.0,4.401340169088074,2.48,3.2,3.1,2.960844081463209,4.269314718055995,4.42,2.652,3.0,2.6,1.5,3.4,2.1719999999999997,2.670568173115113,2.0,2.8064,1.8594878728264788,0.6352968718654897
8.493420646958699,7.401200667832908,8.0,4.320380391975033,2.32016,3.2,3.1,2.912288160279898,3.8697147180559943,3.78064,1.884,3.7,2.6,1.5,3.4,1.948224,2.14032,2.0,2.2688,1.7495329850015804,0.6125753563044952
7.532077567337277,6.80012872265441,8.0,4.079718986907041,2.096,3.2,3.1,2.7680308934370585,3.3093147180559948,2.884,1.6280000000000001,3.7,2.6,1.5,3.4,1.6344,1.692,2.0,2.0896,1.6663553233343869,0.5474844186217948
5.147189763588117,3.946573590279973,8.0,2.8,2.0,3.2,3.1,2.0831776616671935,3.0693147180559945,2.5,1.884,3.7,2.6,1.5,3.4,1.5,1.5,2.0,2.2688,1.7495329850015804,0.3860076402429454
5.545460506179461,3.946573590279973,8.0,2.8,2.0,3.2,3.1,2.0831776616671935,3.0693147180559945,2.5,2.14,3.7,2.0,1.5,3.4,1.5,1.9769995711466752,2.0,2.448,1.7981887979745599,0.4129738884392343
7.893026849264308,6.800950979937583,8.0,4.3202804669167465,2.32,3.2,3.1,2.9122282351850197,3.8693147180559944,3.7800000000000002,1.884,3.0,2.6,1.5,3.4,1.948,2.14,2.0,2.2688,1.7495329850015804,0.6125486929189375
9.344825012001644,7.840234496705035,8.0,4.736081299853775,4.5600000000000005,3.2,3.1,3.1616562792092084,9.469314718055994,12.1,1.6280000000000001,3.0,2.0,1.5,3.4,5.084,7.114977775320178,2.0,2.0896,1.6663553233343869,0.7243891935209448
9.6,8.713106112675709,8.0,5.085240263890593,10.0,3.2,3.1,3.37114546704217,11.069314718055994,12.1,3.1,3.0,2.6,1.5,3.4,12.7,14.340712517454913,2.0,3.12,1.8955004239205195,0.8189930302735342
8.243397972062779,7.147274757571839,8.0,4.458859921771447,2.64,3.2,3.1,2.9953459418172415,4.669314718055994,5.0600000000000005,2.012,3.0,2.6,1.5,3.4,2.396,2.794800633047328,2.0,2.3584,1.7763102111592854,0.6498134043584174
8.413914537135124,7.258796555718782,8.0,4.5034786342837805,2.8,3.2,3.1,3.0221111733725077,5.0693147180559945,5.699999999999999,1.5,3.0,2.6,1.5,3.4,2.62,3.1,2.0,2.0,1.5831776616671935,0.6613587967851907
10.4,10.085772569410858,8.0,5.394308562649687,10.0,3.2,3.1,3.5565854166586064,11.069314718055994,12.1,3.676,3.7,2.6,1.5,3.4,12.7,14.3,2.0,3.5232,1.9300222726147331,0.8500000000000001
9.6,8.259363622109774,8.0,4.903740043657633,7.92,3.2,3.1,3.2622472693063456,11.069314718055994,12.1,2.396,3.0,2.6,1.5,3.4,9.788,13.716819866819238,2.0,2.6272,1.8327106466687737,0.7698653063876664
8.434444680753572,7.258796555718782,8.0,4.5034786342837805,2.8,3.2,3.1,3.0221111733725077,5.0693147180559945,5.699999999999999,3.164,3.0,2.0,1.5,3.4,2.62,3.5272260809334193,2.0,3.1647999999999996,1.8998645412210244,0.6627488585926897
1.6,3.3465735902799727,8.0,2.8,2.0,3.2,3.1,2.0831776616671935,3.0693147180559945,2.5,1.5,3.0,2.6,1.5,3.4,1.5,1.5,2.0,2.0,1.5831776616671935,0.2
9.6,8.027954082615677,8.0,4.811173046591402,5.72656,3.2,3.1,3.2067089798277624,11.069314718055994,12.1,1.756,3.0,2.6,1.5,3.4,6.717184,8.95312,2.0,2.1792,1.7150111363073666,0.7447391911235617
9.6,8.08964972620871,8.0,4.835852300782707,6.216,3.2,3.1,3.2215159342900908,11.069314718055994,12.1,1.5,3.0,2.6,1.5,3.4,7.4024,9.932,2.0,2.0,1.5831776616671935,0.7513766647953166
9.6,8.216292610544784,8.0,4.88651115276788,7.43136,3.2,3.1,3.251910226530748,11.069314718055994,12.1,1.5,3.0,2.6,1.5,3.4,9.103904,12.362720000000001,2.0,2.0,1.5831776616671935,0.7650967705413008
9.52322992107325,7.95179377376823,8.0,4.780707510257234,5.2,3.2,3.1,3.188430505704375,11.069314718055994,12.1,1.6280000000000001,3.0,2.6,1.5,3.4,5.9799999999999995,8.102475004959452,2.0,2.0896,1.6663553233343869,0.736468692572668
9.314788396686126,7.821613037830169,8.0,4.728632242018841,4.4664,3.2,3.1,3.1571871290792406,9.235314718055994,12.1,1.564,3.0,2.6,1.5,3.4,4.95296,6.4328,2.0,2.0448,1.6318334746401733,0.7223554643589565
9.6,9.214612098406192,8.0,5.2858440393672765,10.0,3.2,3.1,3.491506903617486,11.069314718055994,12.1,1.5,3.0,2.6,1.5,3.4,12.7,14.3,2.0,2.0,1.5831776616671935,0.8500000000000001
9.6,8.298342365923057,8.0,4.919331946556716,8.4,3.2,3.1,3.2716021678215337,11.069314718055994,12.1,6.236,3.0,2.6,1.5,3.4,10.459999999999999,14.3,2.0,5.315199999999999,2.0196880008343596,0.7744844616555229
9.6,9.077394938701506,8.0,5.230956922857334,10.0,3.2,3.1,3.4585747852883615,11.069314718055994,12.1,1.692,3.0,2.6,1.5,3.4,12.7,14.3,2.0,2.1344,1.6931325494920921,0.8500000000000001
9.6,8.216292610544784,8.0,4.88651115276788,7.43136,3.2,3.1,3.251910226530748,11.069314718055994,12.1,1.5,3.0,2.6,1.5,3.4,9.103904,12.362720000000001,2.0,2.0,1.5831776616671935,0.7650967705413008
9.6,8.154509662544417,8.0,4.861797198684417,6.8,3.2,3.1,3.23708231901066,11.069314718055994,12.1,2.204,3.0,2.6,1.5,3.4,8.219999999999999,11.100000000000001,2.0,2.4928,1.8077939228953843,0.7585026193095812
10.4,8.841956931515977,8.0,4.896777175930816,7.71744,3.2,3.1,3.2580696635638344,11.069314718055994,12.1,11.164000000000001,3.7,2.6,1.5,3.4,9.504415999999999,12.93488,2.0,8.7648,2.103652550567092,0.7690096495108185
9.6,9.561183688698165,8.0,5.424473075480466,10.0,3.2,3.1,3.574684085287559,11.069314718055994,12.1,8.412,3.0,2.6,1.5,3.4,12.7,14.669285635454978,2.0,6.8384,2.06405764389509,0.8500000000000001
5.064586672229066,3.3465735902799727,8.0,2.8,2.0,3.2,3.1,2.0831776616671935,3.0693147180559945,2.5,2.46,3.0,2.0,1.5,3.4,1.5,1.924766168339885,2.0,2.6719999999999997,1.839985601286746,0.4345813892655096
7.793921617452625,6.764165883353623,8.0,4.305558797544289,2.2972799999999998,3.2,3.1,2.9033998120048694,3.8125147180559944,3.68912,7.196000000000001,3.0,2.6,1.5,3.4,1.916192,2.09456,2.0,5.9872,2.0413031407820217,0.6193801095150215
9.6,8.935369879801193,8.0,5.174146553509771,10.0,3.2,3.1,3.4244887711522862,11.069314718055994,12.1,2.588,3.0,2.6,1.5,3.4,12.7,14.3,2.0,2.7616,1.8533326774999728,0.8430302080385441
9.180376031965961,7.736429235382207,8.0,4.694556311312434,4.08,3.2,3.1,3.13674301649173,8.269314718055993,10.82,1.948,3.0,2.6,1.5,3.4,4.412,6.006190190398789,2.0,2.3136,1.7636669492803463,0.713254627164362
9.6,8.123130660652187,8.0,4.849245166147198,6.508,3.2,3.1,3.2295513585565248,11.069314718055994,12.1,2.076,3.0,2.6,1.5,3.4,7.8111999999999995,10.516,2.0,2.4032,1.7877474327358045,0.7550903399513367
8.151173490919101,7.003517006096704,8.0,4.401340169088074,2.48,3.2,3.1,2.960844081463209,4.269314718055995,4.42,9.18,3.0,2.6,1.5,3.4,2.1719999999999997,2.744494200249141,2.0,7.3759999999999994,2.076482525367991,0.6435690384476475
4.745460506179461,3.3465735902799727,8.0,2.8,2.0,3.2,3.1,2.0831776616671935,3.0693147180559945,2.5,2.14,3.0,2.6,1.5,3.4,1.5,1.5,2.0,2.448,1.7981887979745599,0.4129738884392343
7.181078456358199,6.4292825173956825,8.0,4.171502812509078,2.152,3.2,3.1,2.8230278041749637,3.4493147180559944,3.108,3.036,3.0,2.6,1.5,3.4,1.7128,1.804,2.0,3.0751999999999997,1.8909715845625779,0.5778855204825863
9.6,8.101184587620754,8.0,4.840466418438804,6.3144,3.2,3.1,3.2242843010289812,11.069314718055994,12.1,2.7800000000000002,3.0,2.6,1.5,3.4,7.540159999999999,10.455010001363073,2.0,2.896,1.870925094402998,0.7528268203594746
9.6,10.751024843447333,8.0,5.900409900347083,10.0,3.2,3.1,3.8602459624273595,11.069314718055994,12.1,14.3,3.0,2.0,1.5,3.4,12.7,14.707319746250864,2.0,13.2,2.2483643508244446,0.8500000000000001
7.681121867666986,6.800950979937583,8.0,4.3202804669167465,2.32,3.2,3.1,2.9122282351850197,3.8693147180559944,3.7800000000000002,1.5,3.0,2.6,1.5,3.4,1.948,2.14,2.0,2.0,1.5831776616671935,0.6117426264566189
7.681121867666986,6.800950979937583,8.0,4.3202804669167465,2.32,3.2,3.1,2.9122282351850197,3.8693147180559944,3.7800000000000002,1.5,3.0,2.6,1.5,3.4,1.948,2.14,2.0,2.0,1.5831776616671935,0.6117426264566189
8.006692456250336,7.003517006096704,8.0,4.401340169088074,2.48,3.2,3.1,2.960844081463209,4.269314718055995,4.42,1.564,3.0,2.6,1.5,3.4,2.1719999999999997,2.46,2.0,2.0448,1.6318334746401733,0.6337864683919499
9.6,9.802362046204541,8.0,5.520944571551927,10.0,3.2,3.1,3.63256689108909,11.069314718055994,12.1,5.66,3.0,2.6,1.5,3.4,12.7,14.3,2.0,4.912,2.004563114326916,0.8500000000000001
8.970748461506789,7.605270175989425,8.0,4.642088073395303,3.6,3.2,3.1,3.105264842237462,7.0693147180559945,8.899999999999999,1.884,3.0,2.6,1.5,3.4,3.7399999999999998,4.7,2.0,2.2688,1.7495329850015804,0.6990610937478554
9.3550522829755,7.846167164536736,8.0,4.738454514417438,4.59056,3.2,3.1,3.1630801194888165,9.545714718055994,12.1,1.82,3.0,2.6,1.5,3.4,5.126784,6.68112,2.0,2.224,1.7335092178866376,0.7250816649931329
9.6,9.879355275238666,8.0,5.551741898406532,10.0,3.2,3.1,3.6510452660572796,11.069314718055994,12.1,2.268,3.0,2.6,1.5,3.4,12.7,14.578832419177807,2.0,2.5376,1.816686879553831,0.8500000000000001
9.6,9.027075157211028,8.0,5.210828898811203,10.0,3.2,3.1,3.4464980377306467,11.069314718055994,12.1,2.268,3.0,2.6,1.5,3.4,12.7,14.3,2.0,2.5376,1.816686879553831,0.8500000000000001
9.6,9.683375826473908,8.0,5.473350017315924,10.0,3.2,3.1,3.604010198353738,11.069314718055994,12.1,2.9720000000000004,3.0,2.6,1.5,3.4,12.7,14.592731014118087,2.0,3.0304,1.886265098984184,0.8500000000000001
6.580597338970562,6.2155543084272935,8.0,3.84514933474264,2.0296,3.2,3.1,2.62773303402255,3.1433147180559944,2.6184,1.5,3.7,2.6,1.5,3.4,1.54144,1.5592,2.0,2.0,1.5831776616671935,0.4830612781594651
7.702814101260044,6.800950979937583,8.0,4.3202804669167465,2.32,3.2,3.1,2.9122282351850197,3.8693147180559944,3.7800000000000002,2.204,3.0,2.6,1.5,3.4,1.948,2.3999301927099794,2.0,2.4928,1.8077939228953843,0.6132113714394822
10.4,9.451801837072614,8.0,5.140719082025271,10.0,3.2,3.1,3.4044324408974274,11.069314718055994,12.1,3.484,3.7,2.6,1.5,3.4,12.7,14.565999197782752,2.0,3.3888,1.9195809073759775,0.8340140905938742
7.7047572647123665,6.815715832288452,8.0,4.326189316178092,2.3296,3.2,3.1,2.9157717997492285,3.8933147180559944,3.8184,1.5,3.0,2.6,1.5,3.4,1.96144,2.1592000000000002,2.0,2.0,1.5831776616671935,0.6133429397982333
10.4,8.768608062958576,8.0,4.867436744197024,6.93728,3.2,3.1,3.240465935110058,11.069314718055994,12.1,1.5,3.7,2.6,1.5,3.4,8.412192000000001,11.37456,2.0,2.0,1.5831776616671935,0.7599307848866939
9.6,9.197889682378015,8.0,5.279155045747795,10.0,3.2,3.1,3.487493523770724,11.069314718055994,12.1,2.524,3.0,2.6,1.5,3.4,12.7,14.576089234672997,2.0,2.7168,1.8468446109475396,0.8500000000000001
6.893416878133258,6.410200432858574,8.0,3.923354219533314,2.04384,3.2,3.1,2.674448103886058,3.1789147180559945,2.67536,1.5,3.7,2.6,1.5,3.4,1.561376,1.58768,2.0,2.0,1.5831776616671935,0.5042417677902726
9.648636587756933,8.130455929242126,8.0,4.612159146939233,3.3776,3.2,3.1,3.0873094230181106,6.5133147180559945,8.0104,1.5,3.7,2.6,1.5,3.4,3.4286399999999997,4.531028087731017,2.0,2.0,1.5831776616671935,0.6907931022960423
9.6,8.292306378934374,8.0,4.91691749103708,8.3232,3.2,3.1,3.2701535309442495,11.069314718055994,12.1,2.14,3.0,2.6,1.5,3.4,10.35248,14.1464,2.0,2.448,1.7981887979745599,0.7734003061437411
7.3221861557632835,6.677429047008209,8.0,4.030546538940821,2.07504,3.2,3.1,2.73858297128197,3.2569147180559943,2.80016,1.5,3.7,2.6,1.5,3.4,1.605056,1.65008,2.0,2.0,1.5831776616671935,0.533273020963139
7.825753644805434,6.9859677779198,8.0,4.154157884781796,2.13936,3.2,3.1,2.812632266700752,3.4177147180559944,3.05744,1.6280000000000001,3.7,2.6,1.5,3.4,1.695104,1.77872,2.0,2.0896,1.6663553233343869,0.5673687363670346
4.662913117191277,3.3465735902799727,8.0,2.8,2.0,3.2,3.1,2.0831776616671935,3.0693147180559945,2.5,2.076,3.0,2.6,1.5,3.4,1.5,1.5,2.0,2.4032,1.7877474327358045,0.407384742309826
9.6,8.13756003605392,8.0,4.8550171182265425,6.64,3.2,3.1,3.2330144086529407,11.069314718055994,12.1,4.892,3.0,2.0,1.5,3.4,7.9959999999999996,11.237466727063515,2.0,4.3744,1.9808799822278966,0.7570598427145034
9.020153075436639,7.637642530308282,8.0,4.65503826885916,3.70704,3.2,3.1,3.1130342072739876,7.336914718055994,9.32816,1.5,3.0,2.6,1.5,3.4,3.8898559999999995,4.91408,2.0,2.0,1.5831776616671935,0.7024061978160225
8.128643136763731,7.080544756422898,8.0,4.432160784190933,2.56,3.2,3.1,2.979330741541496,4.469314718055995,4.74,1.5,3.0,2.6,1.5,3.4,2.284,2.62,2.0,2.0,1.5831776616671935,0.6420435457183777
8.16831700408382,7.095731525663464,8.0,4.438237200928558,2.57728,3.2,3.1,2.982975566159231,4.512514718055995,4.80912,2.396,3.0,2.6,1.5,3.4,2.308192,2.65456,2.0,2.6272,1.8327106466687737,0.6447297971515087
6.09632069257372,5.81200875309367,8.0,3.9240801731434303,2.044,3.2,3.1,2.6748821007424803,3.1793147180559944,2.676,1.5,3.0,2.6,1.5,3.4,1.5616,1.588,2.0,2.0,1.5831776616671935,0.5044383802263457
4.82028135258812,3.3465735902799727,8.0,2.8,2.0,3.2,3.1,2.0831776616671935,3.0693147180559945,2.5,2.204,3.0,2.6,1.5,3.4,1.5,1.8883650345471477,2.0,2.4928,1.8077939228953843,0.418039883248154
8.44835538672844,7.280317874629537,8.0,4.5120888466821105,2.8352,3.2,3.1,3.027276289911089,5.157314718055995,5.8408,1.5,3.0,2.6,1.5,3.4,2.66928,3.1704,2.0,2.0,1.5831776616671935,0.6636907293097383
8.413914537135124,7.258796555718782,8.0,4.5034786342837805,2.8,3.2,3.1,3.0221111733725077,5.0693147180559945,5.699999999999999,1.5,3.0,2.0,1.5,3.4,2.62,3.5731656690477736,2.0,2.0,1.5831776616671935,0.6613587967851907
5.3307512752896535,3.3465735902799727,8.0,2.8,2.0,3.2,3.1,2.0831776616671935,3.0693147180559945,2.5,2.8440000000000003,3.0,2.6,1.5,3.4,1.5,1.5,2.0,2.9408,1.876259305911498,0.45260295093107034
7.950185420208086,6.969044363448476,8.0,4.387546355052022,2.448,3.2,3.1,2.9525706472276343,4.189314718055995,4.292,1.5,3.0,2.6,1.5,3.4,2.1272,2.396,2.0,2.0,1.5831776616671935,0.6299604711599226
9.6,9.103843171410034,8.0,5.241536270173918,10.0,3.2,3.1,3.4649223611384086,11.069314718055994,12.1,4.0600000000000005,3.0,2.0,1.5,3.4,12.7,14.733431647179904,2.0,3.792,1.9485203541940042,0.8500000000000001
8.628576717227698,7.492028501319965,8.0,4.35672811924425,2.384,3.2,3.1,2.9340868403167915,4.0293147180559945,4.036,1.564,3.7,2.6,1.5,3.4,2.0376,2.268,2.0,2.0448,1.6318334746401733,0.6217265485622921
9.6,9.16193228501797,8.0,5.264772025124225,10.0,3.2,3.1,3.478863748404313,11.069314718055994,12.1,2.652,3.0,2.6,1.5,3.4,12.7,14.581582410528041,2.0,2.8064,1.8594878728264788,0.8500000000000001
9.6,9.937043482987562,8.0,5.574817204573701,10.0,3.2,3.1,3.664890435917015,11.069314718055994,12.1,4.508,3.0,2.6,1.5,3.4,12.7,14.569013872454903,2.0,4.1056,1.9670184357732752,0.8500000000000001
8.847707003641183,7.5298750066718405,8.0,4.611926750910296,3.376,3.2,3.1,3.0871700016012418,6.509314718055994,8.004000000000001,1.5,3.0,2.6,1.5,3.4,3.4263999999999997,4.252000000000001,2.0,2.0,1.5831776616671935,0.6907301617048718
7.731477305678894,6.832407892642868,8.0,4.332869326419724,2.3407999999999998,3.2,3.1,2.9197778942342882,3.9213147180559944,3.8632,1.5,3.0,2.6,1.5,3.4,1.97712,2.1816,2.0,2.0,1.5831776616671935,0.6151521092386751
10.4,10.34079592914537,8.0,5.496318092372031,10.0,3.2,3.1,3.6177910229948886,11.069314718055994,12.1,5.596,3.7,2.6,1.5,3.4,12.7,14.583576821677863,2.0,4.8672,2.002758569043171,0.8500000000000001
9.6,11.033401283548532,8.0,6.013360492366785,10.0,3.2,3.1,3.9280163080516477,11.069314718055994,12.1,14.3,3.0,2.6,1.5,3.4,12.7,14.66156008046794,2.0,13.2,2.3043825735889034,0.8500000000000001
9.6,8.526055740645175,8.0,5.010419125505096,10.0,3.2,3.1,3.326253377754842,11.069314718055994,12.1,3.228,3.0,2.6,1.5,3.4,12.7,14.422478594084769,2.0,3.2096,1.9040754995983769,0.7987709875129021
9.6,8.411905072761826,8.0,4.9647580451600275,10.0,3.2,3.1,3.2988572174628383,11.069314718055994,12.1,2.7800000000000002,3.0,2.6,1.5,3.4,12.7,14.558626543273663,2.0,2.896,1.870925094402998,0.7863964294828205
8.662326370382873,7.410718676083499,8.0,4.564257961027223,3.08416,3.2,3.1,3.0585724822600397,5.7797147180559945,6.83664,2.076,3.0,2.6,1.5,3.4,3.017824,3.66832,2.0,2.4032,1.7877474327358045,0.6781783479946737
8.887620053389893,7.552601026926439,8.0,4.621018192251417,3.44,3.2,3.1,3.0926242464623455,6.669314718055994,8.26,2.012,3.0,2.6,1.5,3.4,3.516,4.634289176757762,2.0,2.3584,1.7763102111592854,0.6934326077816074
9.6,8.063355550325255,8.0,4.825334220610071,6.0,3.2,3.1,3.215205332078061,11.069314718055994,12.1,1.564,3.0,2.0,1.5,3.4,7.1,9.944775141308977,2.0,2.0448,1.6318334746401733,0.7485388498988095
9.046409119319703,7.652916176717702,8.0,4.661148291347887,3.76,3.2,3.1,3.1166998824122487,7.469314718055995,9.54,1.82,3.0,2.6,1.5,3.4,3.964,5.0200000000000005,2.0,2.224,1.7335092178866376,0.7041839507872716
5.367624161049868,5.312486406642135,8.0,3.7230241033682523,2.016,3.2,3.1,2.5549967375941125,3.1093147180559946,2.564,1.6280000000000001,3.0,2.0,1.5,3.4,1.5224,1.9827076094203755,2.0,2.0896,1.6663553233343869,0.45509955257108475
4.662913117191277,3.3465735902799727,8.0,2.8,2.0,3.2,3.1,2.0831776616671935,3.0693147180559945,2.5,2.076,3.0,2.6,1.5,3.4,1.5,1.5,2.0,2.4032,1.7877474327358045,0.407384742309826
7.535983938929467,6.7102894527054,8.0,4.283995984732367,2.26688,3.2,3.1,2.8904694686492958,3.7365147180559948,3.56752,1.5,3.0,2.6,1.5,3.4,1.873632,2.03376,2.0,2.0,1.5831776616671935,0.6019155791983494
5.462913117191277,3.946573590279973,8.0,2.8,2.0,3.2,3.1,2.0831776616671935,3.0693147180559945,2.5,2.076,3.7,2.6,1.5,3.4,1.5,1.7700844808514191,2.0,2.4032,1.7877474327358045,0.407384742309826
7.696956130247877,6.800950979937583,8.0,4.3202804669167465,2.32,3.2,3.1,2.9122282351850197,3.8693147180559944,3.7800000000000002,2.012,3.0,2.6,1.5,3.4,1.948,2.14,2.0,2.3584,1.7763102111592854,0.6128147379855333
9.6,9.521211832213329,8.0,5.408484299596157,10.0,3.2,3.1,3.565090839731199,11.069314718055994,12.1,2.332,3.0,2.6,1.5,3.4,12.7,14.3,2.0,2.5824,1.8249660241322652,0.8500000000000001
9.6,9.305772210141392,8.0,5.322308217393223,10.0,3.2,3.1,3.513385330433934,11.069314718055994,12.1,3.036,3.0,2.6,1.5,3.4,12.7,14.3,2.0,3.0751999999999997,1.8909715845625779,0.8500000000000001
9.6,9.65234413376303,8.0,5.460937320172712,10.0,3.2,3.1,3.596562592103127,11.069314718055994,12.1,6.94,3.0,2.6,1.5,3.4,12.7,14.3,2.0,5.808,2.0359089742385503,0.8500000000000001
7.38154881479463,6.613831249364328,8.0,4.245387203698658,2.22,3.2,3.1,2.8673194998474383,3.6193147180559944,3.38,1.5,3.0,2.6,1.5,3.4,1.808,1.94,2.0,2.0,1.5831776616671935,0.5914590343350532
1.6,3.3465735902799727,8.0,2.8,2.0,3.2,3.1,2.0831776616671935,3.0693147180559945,2.5,1.5,3.0,2.6,1.5,3.4,1.5,1.5,2.0,2.0,1.5831776616671935,0.2
8.532628476372851,7.324286134736309,8.0,4.5296793754063165,2.912,3.2,3.1,3.037828672336714,5.349314718055994,6.148,2.7800000000000002,3.0,2.6,1.5,3.4,2.7767999999999997,3.324,2.0,2.896,1.870925094402998,0.6693967197544117
9.6,8.11587379486766,8.0,4.846342316060169,6.44304,3.2,3.1,3.2278097107682386,11.069314718055994,12.1,6.236,3.0,2.0,1.5,3.4,7.720255999999999,10.831457675387572,2.0,5.315199999999999,2.0196880008343596,0.7549346470778706
9.987463293836768,8.34220257423439,8.0,4.696865823459192,4.10416,3.2,3.1,3.1381286178162533,8.329714718055994,10.91664,1.5,3.7,2.6,1.5,3.4,4.445824,5.70832,2.0,2.0,1.5831776616671935,0.7137344938535313
6.753934168417435,6.323368685833154,8.0,3.8884835421043586,2.0368,3.2,3.1,2.6536084845999572,3.1613147180559946,2.6471999999999998,1.5,3.7,2.6,1.5,3.4,1.55152,1.5735999999999999,2.0,2.0,1.5831776616671935,0.49479762598659716
5.292096413473008,3.3465735902799727,8.0,2.8,2.0,3.2,3.1,2.0831776616671935,3.0693147180559945,2.5,2.7800000000000002,3.0,2.0,1.5,3.4,1.5,1.9548718336231619,2.0,2.896,1.870925094402998,0.4499856946622349
8.325188055545453,7.183417654913837,8.0,4.4733205665567475,2.6879999999999997,3.2,3.1,3.0040202371793208,4.789314718055994,5.252000000000001,3.7399999999999998,3.0,2.6,1.5,3.4,2.4631999999999996,2.8760000000000003,2.0,3.568,1.9333101495173068,0.6553512745942234
6.138658613737194,4.92507380085503,8.0,3.5657282792978187,2.0072,3.2,3.1,2.462017712205207,3.0873147180559943,2.5288,4.636,3.0,2.6,1.5,3.4,1.51008,1.5144,2.0,4.1952,1.971819075926919,0.5073050103051225
5.6449966442786454,5.030221505273209,8.0,3.6086102535669102,2.00896,3.2,3.1,2.48725316126557,3.0917147180559947,2.53584,2.7800000000000002,3.0,2.6,1.5,3.4,1.5125439999999999,1.51792,2.0,2.896,1.870925094402998,0.47387998112303337
8.970748461506789,7.605270175989425,8.0,4.642088073395303,3.6,3.2,3.1,3.105264842237462,7.0693147180559945,8.899999999999999,1.884,3.0,2.0,1.5,3.4,3.7399999999999998,5.1187380109093255,2.0,2.2688,1.7495329850015804,0.6990610937478554
8.008022022785386,7.003517006096704,8.0,4.401340169088074,2.48,3.2,3.1,2.960844081463209,4.269314718055995,4.42,1.6280000000000001,3.0,2.6,1.5,3.4,2.1719999999999997,2.46,2.0,2.0896,1.6663553233343869,0.6338764911260939
9.178840346002781,7.736429235382207,8.0,4.694556311312434,4.08,3.2,3.1,3.13674301649173,8.269314718055993,10.82,1.6280000000000001,3.0,2.6,1.5,3.4,4.412,6.050350669514684,2.0,2.0896,1.6663553233343869,0.7131506484272716
9.6,10.727105750374193,8.0,5.890842261303233,10.0,3.2,3.1,3.8545053800898064,11.069314718055994,12.1,10.395999999999999,3.0,2.6,1.5,3.4,12.7,14.692868081654298,2.0,8.2272,2.09385118684538,0.8500000000000001
9.6,9.214612098406192,8.0,5.2858440393672765,10.0,3.2,3.1,3.491506903617486,11.069314718055994,12.1,1.5,3.0,2.6,1.5,3.4,12.7,14.3,2.0,2.0,1.5831776616671935,0.8500000000000001
9.6,8.457562413594914,8.0,4.983021329173501,10.0,3.2,3.1,3.3098149792627796,11.069314718055994,12.1,1.756,3.0,2.6,1.5,3.4,12.7,14.3,2.0,2.1792,1.7150111363073666,0.7912546363491306
9.6,8.571560929458062,8.0,5.028621476861642,10.0,3.2,3.1,3.3371746230699353,11.069314718055994,12.1,2.332,3.0,2.6,1.5,3.4,12.7,14.3,2.0,2.5824,1.8249660241322652,0.8036359224081508
9.6,9.12743616673189,8.0,5.2509735143186065,10.0,3.2,3.1,3.4705846800156532,11.069314718055994,12.1,1.5,3.0,2.6,1.5,3.4,12.7,14.3,2.0,2.0,1.5831776616671935,0.8500000000000001
9.6,8.69820706018595,8.0,5.079280576921242,10.0,3.2,3.1,3.3675696944446276,11.069314718055994,12.1,1.692,3.0,2.6,1.5,3.4,12.7,14.605181372732403,2.0,2.1344,1.6931325494920921,0.8173142845911998
9.6,8.272038741178699,8.0,4.908810226587549,8.072,3.2,3.1,3.265289297882888,11.069314718055994,12.1,1.82,3.0,2.0,1.5,3.4,10.0008,14.115753063408857,2.0,2.224,1.7335092178866376,0.771171773262521
9.565281350548492,7.97618647513297,8.0,4.790465066923885,5.359999999999999,3.2,3.1,3.1942847540319126,11.069314718055994,12.1,2.652,3.0,2.6,1.5,3.4,6.204,8.22,2.0,2.8064,1.8594878728264788,0.7393159247767207
10.4,9.18874035015943,8.0,5.035493342919657,10.0,3.2,3.1,3.3412976840382633,11.069314718055994,12.1,2.396,3.7,2.6,1.5,3.4,12.7,14.3,2.0,2.6272,1.8327106466687737,0.8054991173275312
9.524827445442163,7.95179377376823,8.0,4.780707510257234,5.2,3.2,3.1,3.188430505704375,11.069314718055994,12.1,2.14,3.0,2.6,1.5,3.4,5.9799999999999995,7.9,2.0,2.448,1.7981887979745599,0.7365768582851464
9.6,8.186464261759694,8.0,4.874579451088505,7.1168,3.2,3.1,3.2447514228223264,11.069314718055994,12.1,2.46,3.0,2.6,1.5,3.4,8.663519999999998,11.733600000000001,2.0,2.6719999999999997,1.839985601286746,0.7619921478337823
7.45110946530677,6.6572764161620395,8.0,4.262777366326692,2.24,3.2,3.1,2.8777463398788896,3.6693147180559946,3.46,1.5,3.0,2.0,1.5,3.4,1.8359999999999999,2.462852519514489,2.0,2.0,1.5831776616671935,0.5961688700468125
9.6,9.648017986431512,8.0,5.4592068583434985,10.0,3.2,3.1,3.595524316743563,11.069314718055994,12.1,2.7800000000000002,3.0,2.6,1.5,3.4,12.7,14.3,2.0,2.896,1.870925094402998,0.8500000000000001
9.473332271114227,7.920859263069248,8.0,4.768333067778557,5.008,3.2,3.1,3.1810062231366194,10.589314718055993,12.1,1.5,3.0,2.6,1.5,3.4,5.7112,7.516,2.0,2.0,1.5831776616671935,0.7330902058566926
8.293282266226988,7.183417654913837,8.0,4.4733205665567475,2.6879999999999997,3.2,3.1,3.0040202371793208,4.789314718055994,5.252000000000001,1.5,3.0,2.0,1.5,3.4,2.4631999999999996,3.3742186488030894,2.0,2.0,1.5831776616671935,0.6531909867757857
9.6,9.561183688698165,8.0,5.424473075480466,10.0,3.2,3.1,3.574684085287559,11.069314718055994,12.1,5.9799999999999995,3.0,2.6,1.5,3.4,12.7,14.3,2.0,5.136,2.0131999342819267,0.8500000000000001
9.6,9.12743616673189,8.0,5.2509735143186065,10.0,3.2,3.1,3.4705846800156532,11.069314718055994,12.1,2.46,3.0,2.6,1.5,3.4,12.7,14.3,2.0,2.6719999999999997,1.839985601286746,0.8500000000000001
5.3307512752896535,3.3465735902799727,8.0,2.8,2.0,3.2,3.1,2.0831776616671935,3.0693147180559945,2.5,2.8440000000000003,3.0,2.6,1.5,3.4,1.5,1.5,2.0,2.9408,1.876259305911498,0.45260295093107034
9.6,8.43904246383567,8.0,4.975613212056158,10.0,3.2,3.1,3.30537019132056,11.069314718055994,12.1,1.5,3.0,2.6,1.5,3.4,12.7,14.3,2.0,2.0,1.5831776616671935,0.7892285782652095
9.6,9.064060957406419,8.0,5.225623301890251,10.0,3.2,3.1,3.4553746297775403,11.069314718055994,12.1,4.892,3.0,2.0,1.5,3.4,12.7,14.73876394693991,2.0,4.3744,1.9808799822278966,0.8500000000000001
9.6,11.337138545562,8.0,6.134855406756912,10.0,3.2,3.1,4.00091325093488,11.069314718055994,12.1,7.324000000000001,3.0,2.0,1.5,3.4,12.7,14.742457853972551,2.0,6.0767999999999995,2.0439119391783906,0.8500000000000001
9.6,9.150695958101133,8.0,5.2602774741557425,10.0,3.2,3.1,3.476167029944272,11.069314718055994,12.1,1.5,3.0,2.6,1.5,3.4,12.7,14.3,2.0,2.0,1.5831776616671935,0.8500000000000001
9.6,8.868042508078219,8.0,5.147215403250487,10.0,3.2,3.1,3.4083302019387727,11.069314718055994,12.1,2.524,3.0,2.6,1.5,3.4,12.7,14.3,2.0,2.7168,1.8468446109475396,0.8357388270145842
9.6,11.1947861357569,8.0,6.077914439057698,10.0,3.2,3.1,3.966748672581656,11.069314718055994,12.1,9.948,3.0,2.6,1.5,3.4,12.7,14.3,2.0,7.9136,2.087740775994109,0.8500000000000001
9.6,9.907756278981136,8.0,5.563102311592755,10.0,3.2,3.1,3.6578615069554727,11.069314718055994,12.1,11.164000000000001,3.0,2.6,1.5,3.4,12.7,14.3,2.0,8.7648,2.103652550567092,0.8500000000000001
5.064586672229066,3.3465735902799727,8.0,2.8,2.0,3.2,3.1,2.0831776616671935,3.0693147180559945,2.5,2.46,3.0,2.6,1.5,3.4,1.5,1.5,2.0,2.6719999999999997,1.839985601286746,0.4345813892655096
9.6,8.924705993601844,8.0,5.169880968884615,10.0,3.2,3.1,3.4219294384644425,11.069314718055994,12.1,5.212,3.0,2.0,1.5,3.4,12.7,14.734808377144184,2.0,4.5984,1.991321347466652,0.8419548479380412
9.419568229439914,7.8855491822451915,8.0,4.754208257047164,4.80288,3.2,3.1,3.172531803738846,10.076514718055995,12.1,2.268,3.0,2.6,1.5,3.4,5.424032,7.10576,2.0,2.5376,1.816686879553831,0.7294499322016608
9.6,8.46657134168263,8.0,4.986624965340142,10.0,3.2,3.1,3.311977122003831,11.069314718055994,12.1,2.588,3.0,2.6,1.5,3.4,12.7,14.490919975174812,2.0,2.7616,1.8533326774999728,0.7922930815749847
8.813501579810707,7.49372339470859,8.0,4.597464362570025,3.2800000000000002,3.2,3.1,3.0784936147300614,6.269314718055995,7.62,4.572,3.0,2.6,1.5,3.4,3.292,4.0600000000000005,2.0,4.150399999999999,1.9694427606513776,0.6884141694663499
9.6,8.54213936358094,8.0,5.016852675051573,10.0,3.2,3.1,3.330113447259426,11.069314718055994,12.1,1.756,3.0,2.6,1.5,3.4,12.7,14.3,2.0,2.1792,1.7150111363073666,0.8004142282974236
7.7008662064579045,6.807156073226,8.0,4.3227637369617256,2.324,3.2,3.1,2.91371745757424,3.8793147180559946,3.7960000000000003,1.82,3.0,2.6,1.5,3.4,1.9536,2.148,2.0,2.224,1.7335092178866376,0.6130794827289205
8.755013810187709,7.467359307008384,8.0,4.586917374077935,3.21424,3.2,3.1,3.072166233682012,6.104914718055995,7.35696,2.396,3.0,2.6,1.5,3.4,3.199936,3.9284800000000004,2.0,2.6272,1.8327106466687737,0.6844540600647928
8.931772155159926,7.580837599997451,8.0,4.632314041521351,3.5236799999999997,3.2,3.1,3.099401023999388,6.878514718055995,8.594719999999999,1.884,3.0,2.6,1.5,3.4,3.633152,4.54736,2.0,2.2688,1.7495329850015804,0.6964220730056201
7.45110946530677,6.6572764161620395,8.0,4.262777366326692,2.24,3.2,3.1,2.8777463398788896,3.6693147180559946,3.46,1.5,3.0,2.6,1.5,3.4,1.8359999999999999,1.98,2.0,2.0,1.5831776616671935,0.5961688700468125
8.008022022785386,7.003517006096704,8.0,4.401340169088074,2.48,3.2,3.1,2.960844081463209,4.269314718055995,4.42,1.6280000000000001,3.0,2.6,1.5,3.4,2.1719999999999997,2.46,2.0,2.0896,1.6663553233343869,0.6338764911260939
9.6,8.720666394172621,8.0,5.0882644092221065,10.0,3.2,3.1,3.372959934601429,11.069314718055994,12.1,7.132000000000001,3.0,2.6,1.5,3.4,12.7,14.3,2.0,5.942399999999999,2.0399771604396317,0.8199936989690491
8.33672202487836,7.210010639831982,8.0,4.483960169081517,2.7256,3.2,3.1,3.0104025535596755,4.883314718055995,5.4024,1.564,3.0,2.6,1.5,3.4,2.51584,2.9512,2.0,2.0448,1.6318334746401733,0.6561322204344724
8.023806816352657,7.0150420471337815,8.0,4.405951704088165,2.4912,3.2,3.1,2.9636100913121073,4.297314718055994,4.4648,1.5,3.0,2.6,1.5,3.4,2.18768,2.4824,2.0,2.0,1.5831776616671935,0.6349452531905446
9.080151413674065,7.67513810613685,8.0,4.670037853418516,3.84,3.2,3.1,3.122033145472844,7.669314718055994,9.86,1.5,3.0,2.6,1.5,3.4,4.0760000000000005,5.18,2.0,2.0,1.5831776616671935,0.7064685853008481
9.6,8.591251446087782,8.0,5.036497795303672,10.0,3.2,3.1,3.3419003470610673,11.069314718055994,12.1,3.356,3.0,2.6,1.5,3.4,12.7,14.358648849873589,2.0,3.2992,1.9120784645382176,0.8058273394257227
8.349133505111158,7.212867790463701,8.0,4.485103280568866,2.7297599999999997,3.2,3.1,3.011088269711288,4.893714718055994,5.41904,2.14,3.0,2.6,1.5,3.4,2.521664,3.3261456804557112,2.0,2.448,1.7981887979745599,0.6569725810752347
9.293177539702006,7.807435855462128,8.0,4.722960995950153,4.39744,3.2,3.1,3.1537846053109106,9.062914718055994,12.08976,1.82,3.0,2.6,1.5,3.4,4.856415999999999,6.661598810149764,2.0,2.224,1.7335092178866376,0.7208922292506568
9.6,8.631250320437077,8.0,5.052497559016294,10.0,3.2,3.1,3.3515000769048986,11.069314718055994,12.1,1.564,3.0,2.6,1.5,3.4,12.7,14.3,2.0,2.0448,1.6318334746401733,0.8100549012130518
10.4,9.356562722486446,8.0,5.102623089384503,10.0,3.2,3.1,3.3815750533967472,11.069314718055994,12.1,1.82,3.7,2.0,1.5,3.4,12.7,14.77034782298254,2.0,2.224,1.7335092178866376,0.8236406241107583
6.681486506780853,6.254133848700603,8.0,3.860660981611815,2.032,3.2,3.1,2.6369921236881444,3.1493147180559946,2.628,1.6280000000000001,3.7,2.0,1.5,3.4,1.5448,2.0277925024994463,2.0,2.0896,1.6663553233343869,0.48989231556328694
9.047858920368906,7.652916176717702,8.0,4.661148291347887,3.76,3.2,3.1,3.1166998824122487,7.469314718055995,9.54,2.076,3.0,2.6,1.5,3.4,3.964,5.397206900055632,2.0,2.4032,1.7877474327358045,0.7042821143999782
8.757204020798946,7.4680833247745975,8.0,4.587207019313208,3.216,3.2,3.1,3.072339997945903,6.109314718055995,7.364,2.524,3.0,2.6,1.5,3.4,3.2024,3.9320000000000004,2.0,2.7168,1.8468446109475396,0.6846023555749287
8.784842388721186,7.485216037164621,8.0,4.594060990598351,3.2584,3.2,3.1,3.076451848919509,6.2153147180559944,7.5336,2.588,3.0,2.6,1.5,3.4,3.2617599999999998,4.0168,2.0,2.7616,1.8533326774999728,0.6864737034029971
7.36688027036816,6.5458710575475765,8.0,4.218181964415996,2.192,3.2,3.1,2.8510090538114183,3.5493147180559945,3.268,3.42,3.0,2.0,1.5,3.4,1.7688,2.3137052260749305,2.0,3.344,1.9158883083359672,0.5904658516395107
9.6,8.266074771934832,8.0,4.906424575653924,8.0,3.2,3.1,3.26385794526436,11.069314718055994,12.1,3.868,3.0,2.6,1.5,3.4,9.899999999999999,13.5,2.0,3.6575999999999995,1.9396273975355576,0.7707565473827986
9.6,10.30198441370952,8.0,5.72079367457478,10.0,3.2,3.1,3.7524762592902845,11.069314718055994,12.1,9.18,3.0,2.0,1.5,3.4,12.7,14.714572891159031,2.0,7.3759999999999994,2.076482525367991,0.8500000000000001
9.6,10.25432936926186,8.0,5.701731647704819,10.0,3.2,3.1,3.741039048622846,11.069314718055994,12.1,2.8440000000000003,3.0,2.0,1.5,3.4,12.7,14.715629502587074,2.0,2.9408,1.876259305911498,0.8500000000000001
8.93486435018236,7.5775195280955465,8.0,4.630986672940889,3.5136000000000003,3.2,3.1,3.098604686742931,6.853314718055994,8.554400000000001,3.164,3.0,2.6,1.5,3.4,3.61904,4.527200000000001,2.0,3.1647999999999996,1.8998645412210244,0.6966314403769307
6.443551477015497,5.654133848700603,8.0,3.860660981611815,2.032,3.2,3.1,2.6369921236881444,3.1493147180559946,2.628,4.380000000000001,3.0,2.0,1.5,3.4,1.5448,1.9983834037785764,2.0,4.016,1.962017712205207,0.5279487979229243
8.996517520699088,7.717680321876673,8.0,4.447019099451671,2.6032,3.2,3.1,2.9882432772504015,4.5773147180559945,4.912800000000001,2.012,3.7,2.6,1.5,3.4,2.34448,2.7064000000000004,2.0,2.3584,1.7763102111592854,0.6466392071306675
7.162182915699894,6.464758385381825,8.0,4.185707563632933,2.1632,3.2,3.1,2.8315420124916377,3.4773147180559945,3.1528,1.82,3.0,2.6,1.5,3.4,1.72848,1.8264,2.0,2.224,1.7335092178866376,0.5766061349171805
9.008522548679817,7.629660497098902,8.0,4.651845153941199,3.6799999999999997,3.2,3.1,3.1111185193037363,7.269314718055995,9.219999999999999,1.692,3.0,2.6,1.5,3.4,3.852,4.86,2.0,2.1344,1.6931325494920921,0.7016187142335295
7.977334883780632,7.076842105435269,8.0,4.190545728924974,2.1672,3.2,3.1,2.8344421053044644,3.4873147180559947,3.1688,1.756,3.7,2.6,1.5,3.4,1.73408,1.8344,2.0,2.1792,1.7150111363073666,0.577632049422647
9.307230598676325,7.814919934524075,8.0,4.725954825862349,4.4336,3.2,3.1,3.155580784285778,9.153314718055993,12.1,2.332,3.0,2.6,1.5,3.4,4.90704,6.3672,2.0,2.5824,1.8249660241322652,0.7218437384520429
6.801031736432311,6.220473270316461,8.0,4.08787007422002,2.1,3.2,3.1,2.7729135848759503,3.3193147180559945,2.9,2.012,3.0,2.6,1.5,3.4,1.64,1.7,2.0,2.3584,1.7763102111592854,0.5521531904876045
8.038709126977507,7.1246274206279185,8.0,4.209677281744376,2.184,3.2,3.1,2.8459105809507004,3.5293147180559945,3.2359999999999998,1.5,3.7,2.6,1.5,3.4,1.7576,1.868,2.0,2.0,1.5831776616671935,0.581787597139102
7.154497938255542,6.454876640822405,8.0,4.181750955863044,2.16,3.2,3.1,2.8291703937973773,3.4693147180559945,3.14,1.948,3.0,2.0,1.5,3.4,1.724,2.2731425766433664,2.0,2.3136,1.7636669492803463,0.5760857979027191
4.035617950178739,3.3465735902799727,8.0,2.8,2.0,3.2,3.1,2.0831776616671935,3.0693147180559945,2.5,1.756,3.0,2.6,1.5,3.4,1.5,1.5,2.0,2.1792,1.7150111363073666,0.3649116320433521
9.524029082020784,7.95179377376823,8.0,4.780707510257234,5.2,3.2,3.1,3.188430505704375,11.069314718055994,12.1,1.884,3.0,2.0,1.5,3.4,5.9799999999999995,8.373478840546063,2.0,2.2688,1.7495329850015804,0.7365228024284907
9.6,8.390903195578364,8.0,4.956357123380037,9.7016,3.2,3.1,3.2938167669388076,11.069314718055994,12.1,3.42,3.0,2.6,1.5,3.4,12.28224,14.3,2.0,3.344,1.9158883083359672,0.7841819177215721
8.91885707646284,7.574338855792038,8.0,4.62971426911571,3.504,3.2,3.1,3.097841325390089,6.829314718055994,8.516,1.5,3.0,2.6,1.5,3.4,3.6056,4.508,2.0,2.0,1.5831776616671935,0.6955476145521715
9.6,9.272471003375554,8.0,5.30898768877342,10.0,3.2,3.1,3.505393040810133,11.069314718055994,12.1,6.172,3.0,2.6,1.5,3.4,12.7,14.321950086117548,2.0,5.2703999999999995,2.018098573624357,0.8500000000000001
9.044593165391548,7.652916176717702,8.0,4.661148291347887,3.76,3.2,3.1,3.1166998824122487,7.469314718055995,9.54,1.5,3.0,2.6,1.5,3.4,3.964,5.0200000000000005,2.0,2.0,1.5831776616671935,0.7040609955733861
9.6,8.08964972620871,8.0,4.835852300782707,6.216,3.2,3.1,3.2215159342900908,11.069314718055994,12.1,1.5,3.0,2.6,1.5,3.4,7.4024,9.932,2.0,2.0,1.5831776616671935,0.7513766647953166
9.6,8.53633351418063,8.0,5.014530299431036,10.0,3.2,3.1,3.328720043403351,11.069314718055994,12.1,1.756,3.0,2.6,1.5,3.4,12.7,14.3,2.0,2.1792,1.7150111363073666,0.7997854457537836
9.6,8.675215032303704,8.0,5.070083660021827,10.0,3.2,3.1,3.362051607752889,11.069314718055994,12.1,1.6280000000000001,3.0,2.6,1.5,3.4,12.7,14.658429821104288,2.0,2.0896,1.6663553233343869,0.8148206966884763
6.782807713766855,6.240022280963327,8.0,4.095701928441714,2.104,3.2,3.1,2.7776053474311984,3.3293147180559943,2.916,1.5,3.0,2.6,1.5,3.4,1.6456,1.708,2.0,2.0,1.5831776616671935,0.5509192722862974
6.322106666721092,3.9729550745276567,8.0,3.1583518938456114,2.0008,3.2,3.1,2.2335092178866374,3.0713147180559943,2.5032,6.108,3.0,2.0,1.5,3.4,1.50112,1.9247504364884758,2.0,5.2256,2.0164878111845006,0.5197259722259073
9.6,8.146106668319998,8.0,4.858435888011692,6.72,3.2,3.1,3.2350656003967995,11.069314718055994,12.1,2.076,3.0,2.6,1.5,3.4,8.108,10.940000000000001,2.0,2.4032,1.7877474327358045,0.7575756143685841
9.6,9.59121533373484,8.0,5.436485756813116,10.0,3.2,3.1,3.581891680096362,11.069314718055994,12.1,7.324000000000001,3.0,2.6,1.5,3.4,12.7,14.3,2.0,6.0767999999999995,2.0439119391783906,0.8500000000000001
9.6,10.880772421085823,8.0,5.952308939866445,10.0,3.2,3.1,3.891385381060597,11.069314718055994,12.1,14.3,3.0,2.6,1.5,3.4,12.7,14.3,2.0,13.2,2.207987682429899,0.8500000000000001
5.688699091338649,3.946573590279973,8.0,2.8,2.0,3.2,3.1,2.0831776616671935,3.0693147180559945,2.5,2.268,3.7,2.6,1.5,3.4,1.5,1.5,2.0,2.5376,1.816686879553831,0.4226723343093877
7.35494865471609,6.5458710575475765,8.0,4.218181964415996,2.192,3.2,3.1,2.8510090538114183,3.5493147180559945,3.268,3.164,3.0,2.0,1.5,3.4,1.7688,2.3320439905950003,2.0,3.1647999999999996,1.8998645412210244,0.5896579818297353
9.6,10.717386624407855,8.0,5.886954610154205,10.0,3.2,3.1,3.852172789857885,11.069314718055994,12.1,14.3,3.0,2.0,1.5,3.4,12.7,14.721084273744575,2.0,13.2,2.241353293686072,0.8500000000000001
8.299766034495587,7.18689230406044,8.0,4.474710748242925,2.6928,3.2,3.1,3.004854152974506,4.801314718055995,5.2712,1.564,3.0,2.6,1.5,3.4,2.46992,2.8856,2.0,2.0448,1.6318334746401733,0.653629991918972
8.436469012733964,7.270454859016777,8.0,4.508142877291517,2.81888,3.2,3.1,3.0249091661640266,5.116514718055995,5.77552,1.82,3.0,2.6,1.5,3.4,2.646432,3.13776,2.0,2.224,1.7335092178866376,0.6628859227371955
9.6,9.103041322740086,8.0,5.241215529103535,10.0,3.2,3.1,3.4647299174576207,11.069314718055994,12.1,1.82,3.0,2.6,1.5,3.4,12.7,14.3,2.0,2.224,1.7335092178866376,0.8500000000000001
9.6,8.638266010114222,8.0,5.0553038706844875,10.0,3.2,3.1,3.353183842427413,11.069314718055994,12.1,1.5,3.0,2.6,1.5,3.4,12.7,14.3,2.0,2.0,1.5831776616671935,0.8108114649770488
9.6,8.410199046144845,8.0,4.96407562089645,10.0,3.2,3.1,3.2984477710747626,11.069314718055994,12.1,2.396,3.0,2.6,1.5,3.4,12.7,14.3,2.0,2.6272,1.8327106466687737,0.7861795488831185
9.933948671095028,8.308758564884156,8.0,4.683487167773757,3.968,3.2,3.1,3.1301020555721975,7.9893147180559945,10.372,1.5,3.7,2.6,1.5,3.4,4.2552,5.436,2.0,2.0,1.5831776616671935,0.7101111079387259
8.396121648431485,7.242024986411492,8.0,4.496768642346937,2.7736,3.2,3.1,3.018085996738758,5.003314718055995,5.5944,2.204,3.0,2.6,1.5,3.4,2.5830399999999996,3.0472,2.0,2.4928,1.8077939228953843,0.6601540699458819
9.6,8.695785529779027,8.0,5.078311953848915,10.0,3.2,3.1,3.366988527146966,11.069314718055994,12.1,1.756,3.0,2.6,1.5,3.4,12.7,14.3,2.0,2.1792,1.7150111363073666,0.8170550506953149
6.676509088662877,6.173694604828006,8.0,4.069127272165719,2.09104,3.2,3.1,2.7616867051587213,3.2969147180559943,2.86416,1.5,3.0,2.6,1.5,3.4,1.627456,1.68208,2.0,2.0,1.5831776616671935,0.5437219695448823
9.6,8.063355550325255,8.0,4.825334220610071,6.0,3.2,3.1,3.215205332078061,11.069314718055994,12.1,1.5,3.0,2.6,1.5,3.4,7.1,9.777725013737783,2.0,2.0,1.5831776616671935,0.7485280180818945
7.6476921899945935,6.876966702012905,8.0,4.110501577406918,2.112,3.2,3.1,2.786472008483097,3.349314718055995,2.948,1.564,3.7,2.6,1.5,3.4,1.6568,1.9819298980252913,2.0,2.0448,1.6318334746401733,0.555312492030884
9.6,10.65440133437133,8.0,5.861760488822143,10.0,3.2,3.1,3.8370563202491192,11.069314718055994,12.1,8.668000000000001,3.0,2.6,1.5,3.4,12.7,14.3,2.0,7.0176,2.0683438138073393,0.8500000000000001
9.6,8.169757098113319,8.0,4.867896373135824,6.94864,3.2,3.1,3.2407417035471964,11.069314718055994,12.1,3.356,3.0,2.6,1.5,3.4,8.428096,11.397280000000002,2.0,3.2992,1.9120784645382176,0.7603086079705244
7.242176839385859,6.511434043041321,8.0,4.204395284614432,2.1792,3.2,3.1,2.842744170329917,3.5173147180559945,3.2168,1.948,3.0,2.0,1.5,3.4,1.75088,2.3295056544689774,2.0,2.3136,1.7636669492803463,0.5820223901667508
10.4,8.777472632247383,8.0,4.8709826858040985,7.0256,3.2,3.1,3.2425934317393716,11.069314718055994,12.1,12.508000000000001,3.7,2.6,1.5,3.4,8.53584,11.551200000000001,2.0,9.705599999999999,2.1190866359057434,0.7623542314595895
9.105550372325729,7.691011096832896,8.0,4.676387593081432,3.8993599999999997,3.2,3.1,3.125842663239895,7.817714718055995,10.097439999999999,1.5,3.0,2.6,1.5,3.4,4.159103999999999,5.29872,2.0,2.0,1.5831776616671935,0.7081883064595547
7.828909150226458,6.893275903214356,8.0,4.357227287556614,2.38496,3.2,3.1,2.934386216771445,4.031714718055994,4.03984,1.5,3.0,2.6,1.5,3.4,2.038944,2.26992,2.0,2.0,1.5831776616671935,0.6217490570465831
9.057934620305227,7.660135215674189,8.0,4.664036167531143,3.7856,3.2,3.1,3.118432451761805,7.533314718055995,9.642399999999999,1.82,3.0,2.6,1.5,3.4,3.99984,5.180683061545737,2.0,2.224,1.7335092178866376,0.704964323249833
5.25147855317427,3.3465735902799727,8.0,2.8,2.0,3.2,3.1,2.0831776616671935,3.0693147180559945,2.5,2.716,3.0,2.6,1.5,3.4,1.5,1.8840554104293639,2.0,2.8512,1.8653426925268106,0.44723552703784114
9.6,8.475420816960213,8.0,4.990164818104489,10.0,3.2,3.1,3.314100996070451,11.069314718055994,12.1,2.716,3.0,2.6,1.5,3.4,12.7,14.642282005394911,2.0,2.8512,1.8653426925268106,0.7932598392852572
9.114196206905152,7.6964142907747295,8.0,4.678549051726288,3.92,3.2,3.1,3.127139429785935,7.869314718055994,10.18,1.5,3.0,2.6,1.5,3.4,4.188,5.34,2.0,2.0,1.5831776616671935,0.708773701509203
9.187239978258386,7.842128345584986,8.0,4.496809994564597,2.7737600000000002,3.2,3.1,3.018110802940397,5.003714718055995,5.59504,1.5,3.7,2.6,1.5,3.4,2.583264,3.04752,2.0,2.0,1.5831776616671935,0.659552706861245
9.129383193189891,7.704677575855899,8.0,4.681854638915067,3.952,3.2,3.1,3.129122618205416,7.949314718055994,10.308,1.884,3.0,2.6,1.5,3.4,4.232799999999999,5.626713641671819,2.0,2.2688,1.7495329850015804,0.709801987038899
9.527814232394622,7.95179377376823,8.0,4.780707510257234,5.2,3.2,3.1,3.188430505704375,11.069314718055994,12.1,3.1,3.0,2.6,1.5,3.4,5.9799999999999995,7.9,2.0,3.12,1.8955004239205195,0.7367790886517191
9.6,8.868042508078219,8.0,5.147215403250487,10.0,3.2,3.1,3.4083302019387727,11.069314718055994,12.1,2.332,3.0,2.0,1.5,3.4,12.7,14.740537447349517,2.0,2.5824,1.8249660241322652,0.8357323308343305
9.6,8.972360434162212,8.0,5.188942874976235,10.0,3.2,3.1,3.4333665041989305,11.069314718055994,12.1,3.548,3.0,2.6,1.5,3.4,12.7,14.59616359062962,2.0,3.4336,1.9231632629539392,0.8470616094493528
8.025108264500428,7.003517006096704,8.0,4.401340169088074,2.48,3.2,3.1,2.960844081463209,4.269314718055995,4.42,2.46,3.0,2.6,1.5,3.4,2.1719999999999997,2.7546341597847643,2.0,2.6719999999999997,1.839985601286746,0.6350333720755498
6.269025525561183,6.0020105223666285,8.0,3.7591581091193484,2.0192,3.2,3.1,2.576482525367991,3.1173147180559946,2.5768,1.564,3.7,2.6,1.5,3.4,1.52688,1.5384,2.0,2.0448,1.6318334746401733,0.46196526995987175
6.824702102180709,6.228384827786082,8.0,4.0910397126680245,2.1016,3.2,3.1,2.7748123586686595,3.3233147180559945,2.9064,2.14,3.0,2.6,1.5,3.4,1.64224,1.7032,2.0,2.448,1.7981887979745599,0.5537558715018187
9.6,9.505182663205344,8.0,5.402072617877365,10.0,3.2,3.1,3.5612438391692827,11.069314718055994,12.1,4.892,3.0,2.6,1.5,3.4,12.7,14.574319293597544,2.0,4.3744,1.9808799822278966,0.8500000000000001
7.45110946530677,6.6572764161620395,8.0,4.262777366326692,2.24,3.2,3.1,2.8777463398788896,3.6693147180559946,3.46,1.5,3.0,2.6,1.5,3.4,1.8359999999999999,1.98,2.0,2.0,1.5831776616671935,0.5961688700468125
9.6,8.907022178829465,8.0,5.1628073915467345,10.0,3.2,3.1,3.4176853229190716,11.069314718055994,12.1,3.7399999999999998,3.0,2.6,1.5,3.4,12.7,14.3,2.0,3.568,1.9333101495173068,0.839997101881971
9.6,8.23158024084805,8.0,4.892626382298393,7.6,3.2,3.1,3.2555792578035323,11.069314718055994,12.1,1.884,3.0,2.6,1.5,3.4,9.34,13.102652634077943,2.0,2.2688,1.7495329850015804,0.766799385898624
8.498250938623936,7.311496805151225,8.0,4.5245627346559845,2.88896,3.2,3.1,3.034759233236294,5.291714718055995,6.05584,1.5,3.0,2.6,1.5,3.4,2.744544,3.27792,2.0,2.0,1.5831776616671935,0.6670690739693291
9.6,9.184832873948821,8.0,5.273932300490283,10.0,3.2,3.1,3.4843598897477173,11.069314718055994,12.1,1.5,3.0,2.6,1.5,3.4,12.7,14.661919912425901,2.0,2.0,1.5831776616671935,0.8500000000000001
4.95172379362114,3.3465735902799727,8.0,2.8,2.0,3.2,3.1,2.0831776616671935,3.0693147180559945,2.5,2.332,3.0,2.6,1.5,3.4,1.5,1.5,2.0,2.5824,1.8249660241322652,0.4269396318597647
9.292697715623111,7.807969402264791,8.0,4.723174428905778,4.4,3.2,3.1,3.15391265654355,9.069314718055994,12.1,1.5,3.0,2.6,1.5,3.4,4.859999999999999,6.461840895949301,2.0,2.0,1.5831776616671935,0.7208597411619815
3.0334075753824443,3.3465735902799727,8.0,2.8,2.0,3.2,3.1,2.0831776616671935,3.0693147180559945,2.5,1.564,3.0,2.6,1.5,3.4,1.5,1.5,2.0,2.0448,1.6318334746401733,0.2970536379165196
7.562849497314698,6.722708778350844,8.0,4.288966654778439,2.2736,3.2,3.1,2.8934501068042024,3.7533147180559947,3.5944000000000003,1.692,3.0,2.0,1.5,3.4,1.88304,2.548207524203136,2.0,2.1344,1.6931325494920921,0.6037346013806828
6.698655831661609,6.187512409914048,8.0,4.074663957915402,2.0936,3.2,3.1,2.7650029783793717,3.3033147180559945,2.8744,1.5,3.0,2.6,1.5,3.4,1.63104,1.6872,2.0,2.0,1.5831776616671935,0.5452214886020882
7.560528636969231,6.7197796545666595,8.0,4.287794318479173,2.2720000000000002,3.2,3.1,2.892747117095998,3.7493147180559947,3.588,1.756,3.0,2.0,1.5,3.4,1.8808,2.543660356172371,2.0,2.1792,1.7150111363073666,0.6035774597947918
4.745460506179461,3.3465735902799727,8.0,2.8,2.0,3.2,3.1,2.0831776616671935,3.0693147180559945,2.5,2.14,3.0,2.6,1.5,3.4,1.5,1.6300774261389264,2.0,2.448,1.7981887979745599,0.4129738884392343
6.191834329743386,5.855213508687434,8.0,3.9414220529497754,2.048,3.2,3.1,2.685251242084984,3.1893147180559946,2.692,1.6280000000000001,3.0,2.0,1.5,3.4,1.5672,2.0267044038865905,2.0,2.0896,1.6663553233343869,0.5109054494097085
9.044593165391548,7.652916176717702,8.0,4.661148291347887,3.76,3.2,3.1,3.1166998824122487,7.469314718055995,9.54,1.5,3.0,2.6,1.5,3.4,3.964,5.0200000000000005,2.0,2.0,1.5831776616671935,0.7040609955733861
9.425552955565305,7.886176642255664,8.0,4.754459255368756,4.8064,3.2,3.1,3.172682394141359,10.085314718055994,12.1,3.676,3.0,2.0,1.5,3.4,5.42896,7.571352701526442,2.0,3.5232,1.9300222726147331,0.7298551480330677
8.935698030958099,7.579628790873433,8.0,4.63183046704135,3.52,3.2,3.1,3.0991109098096237,6.869314718055994,8.579999999999998,2.7800000000000002,3.0,2.0,1.5,3.4,3.6279999999999997,4.9944648284374304,2.0,2.896,1.870925094402998,0.696687887512788
5.63988480579963,3.3465735902799727,8.0,2.8,2.0,3.2,3.1,2.0831776616671935,3.0693147180559945,2.5,3.484,3.0,2.6,1.5,3.4,1.5,1.5,2.0,3.3888,1.9195809073759775,0.4735338670593499
8.421873217974442,7.258796555718782,8.0,4.5034786342837805,2.8,3.2,3.1,3.0221111733725077,5.0693147180559945,5.699999999999999,2.14,3.0,2.6,1.5,3.4,2.62,3.1,2.0,2.448,1.7981887979745599,0.6618976658003528
7.96630188679185,6.931441017320745,8.0,4.372499439446109,2.41552,3.2,3.1,2.943545844156979,4.108114718055995,4.16208,4.828,3.0,2.6,1.5,3.4,2.081728,2.33104,2.0,4.329599999999999,1.9786780855877129,0.6310516902515315
7.950185420208086,6.969044363448476,8.0,4.387546355052022,2.448,3.2,3.1,2.9525706472276343,4.189314718055995,4.292,1.5,3.0,2.0,1.5,3.4,2.1272,2.866162513836737,2.0,2.0,1.5831776616671935,0.6299604711599226
7.162182915699894,6.454876640822405,8.0,4.181750955863044,2.16,3.2,3.1,2.8291703937973773,3.4693147180559945,3.14,2.076,3.0,2.6,1.5,3.4,1.724,1.82,2.0,2.4032,1.7877474327358045,0.5766061349171805
9.6,9.382847073867492,8.0,5.353138258120874,10.0,3.2,3.1,3.531883297728198,11.069314718055994,12.1,4.828,3.0,2.0,1.5,3.4,12.7,14.746124315440408,2.0,4.329599999999999,1.9786780855877129,0.8500000000000001
5.918530161214202,5.654133848700603,8.0,3.860660981611815,2.032,3.2,3.1,2.6369921236881444,3.1493147180559946,2.628,1.756,3.0,2.6,1.5,3.4,1.5448,1.564,2.0,2.1792,1.7150111363073666,0.49240047966554495
7.127003823452176,6.454876640822405,8.0,4.181750955863044,2.16,3.2,3.1,2.8291703937973773,3.4693147180559945,3.14,1.5,3.0,2.6,1.5,3.4,1.724,1.82,2.0,2.0,1.5831776616671935,0.5742242172129077
10.4,8.798130607847185,8.0,4.879246133750271,7.2376,3.2,3.1,3.2475513458833243,11.069314718055994,12.1,1.5,3.7,2.6,1.5,3.4,8.832639999999998,11.975200000000001,2.0,2.0,1.5831776616671935,0.7631291612240316
9.6,9.366873268382953,8.0,5.346748717376589,10.0,3.2,3.1,3.528049584411909,11.069314718055994,12.1,6.236,3.0,2.6,1.5,3.4,12.7,14.3,2.0,5.315199999999999,2.0196880008343596,0.8500000000000001
9.6,8.942251407205518,8.0,5.176899183586131,10.0,3.2,3.1,3.4261403377293242,11.069314718055994,12.1,3.1,3.0,2.6,1.5,3.4,12.7,14.3,2.0,3.12,1.8955004239205195,0.843790203852683
8.287682616673173,7.172846436626933,8.0,4.469091085632385,2.6736,3.2,3.1,3.001483144790464,4.753314718055995,5.1944,2.268,3.0,2.6,1.5,3.4,2.44304,2.8472,2.0,2.5376,1.816686879553831,0.6528118438372461
9.6,9.103041322740086,8.0,5.241215529103535,10.0,3.2,3.1,3.4647299174576207,11.069314718055994,12.1,1.756,3.0,2.6,1.5,3.4,12.7,14.3,2.0,2.1792,1.7150111363073666,0.8500000000000001
6.836279728267536,6.20012872265441,8.0,4.079718986907041,2.096,3.2,3.1,2.7680308934370585,3.3093147180559948,2.884,2.716,3.0,2.6,1.5,3.4,1.6344,1.692,2.0,2.8512,1.8653426925268106,0.5545397732681144
7.685109911818122,6.800950979937583,8.0,4.3202804669167465,2.32,3.2,3.1,2.9122282351850197,3.8693147180559944,3.7800000000000002,1.6280000000000001,3.0,2.6,1.5,3.4,1.948,2.14,2.0,2.0896,1.6663553233343869,0.612012650279352
9.6,8.337977051150165,8.0,4.935186201682424,8.928,3.2,3.1,3.2811144922760396,11.069314718055994,12.1,5.596,3.0,2.6,1.5,3.4,11.1992,14.67417745017351,2.0,4.8672,2.002758569043171,0.778678423090976
7.532140087690635,6.660594278369739,8.0,4.264105392454548,2.2416,3.2,3.1,2.8785426268087373,3.6733147180559946,3.4664,3.42,3.0,2.6,1.5,3.4,1.8382399999999999,1.9832,2.0,3.344,1.9158883083359672,0.6016553184373868
9.07358598482232,7.670596590197473,8.0,4.668221088371147,3.82336,3.2,3.1,3.1209431816473936,7.627714718055994,9.79344,1.6280000000000001,3.0,2.6,1.5,3.4,4.052704,5.14672,2.0,2.0896,1.6663553233343869,0.7060240510556779
9.6,10.110488499702441,8.0,5.644195266547777,10.0,3.2,3.1,3.706517239928586,11.069314718055994,12.1,14.3,3.0,2.6,1.5,3.4,12.7,14.626790678817363,2.0,10.959999999999999,2.1369921236881444,0.8500000000000001
7.753666994005303,6.946661834134974,8.0,4.138416748501325,2.1288,3.2,3.1,2.803198840192394,3.3913147180559946,3.0152,1.5,3.7,2.6,1.5,3.4,1.68032,1.7576,2.0,2.0,1.5831776616671935,0.5624878693857757
9.6,8.756472732385117,8.0,5.102587092984046,10.0,3.2,3.1,3.3815534557724276,11.069314718055994,12.1,1.756,3.0,2.0,1.5,3.4,12.7,14.794481060621022,2.0,2.1792,1.7150111363073666,0.823628169825013
9.6,8.202055656908762,8.0,4.880816201147174,7.27888,3.2,3.1,3.2484933576581025,11.069314718055994,12.1,1.5,3.0,2.6,1.5,3.4,8.890432,12.057760000000002,2.0,2.0,1.5831776616671935,0.763554387810693
9.6,9.22451333362353,8.0,5.2898045491403005,10.0,3.2,3.1,3.4938832000696474,11.069314718055994,12.1,4.252000000000001,3.0,2.0,1.5,3.4,12.7,14.751080971281525,2.0,3.9263999999999997,1.9567994987724384,0.8500000000000001
8.974329309978,7.605270175989425,8.0,4.642088073395303,3.6,3.2,3.1,3.105264842237462,7.0693147180559945,8.899999999999999,2.46,3.0,2.6,1.5,3.4,3.7399999999999998,4.7,2.0,2.6719999999999997,1.839985601286746,0.6993035470297605
9.6,9.305772210141392,8.0,5.322308217393223,10.0,3.2,3.1,3.513385330433934,11.069314718055994,12.1,5.0200000000000005,3.0,2.6,1.5,3.4,12.7,14.700539797191652,2.0,4.464,1.985166152140146,0.8500000000000001
9.6,9.103041322740086,8.0,5.241215529103535,10.0,3.2,3.1,3.4647299174576207,11.069314718055994,12.1,2.268,3.0,2.6,1.5,3.4,12.7,14.3,2.0,2.5376,1.816686879553831,0.8500000000000001
9.6,9.272168067022122,8.0,5.308866513800184,10.0,3.2,3.1,3.505320336085309,11.069314718055994,12.1,2.204,3.0,2.6,1.5,3.4,12.7,14.3,2.0,2.4928,1.8077939228953843,0.8500000000000001
9.6,9.672755064356709,8.0,5.469101705743452,10.0,3.2,3.1,3.60146121544561,11.069314718055994,12.1,5.0200000000000005,3.0,2.6,1.5,3.4,12.7,14.3,2.0,4.464,1.985166152140146,0.8500000000000001
9.6,10.534137048944025,8.0,5.813654762434777,10.0,3.2,3.1,3.808192891746566,11.069314718055994,12.1,14.3,3.0,2.0,1.5,3.4,12.7,14.731074910131314,2.0,12.4384,2.1551502616972993,0.8500000000000001
9.6,9.74246188403712,8.0,5.496984475257739,10.0,3.2,3.1,3.6181908521689086,11.069314718055994,12.1,3.804,3.0,2.6,1.5,3.4,12.7,14.3,2.0,3.6128,1.9365103391671663,0.8500000000000001
9.6,8.868042508078219,8.0,5.147215403250487,10.0,3.2,3.1,3.4083302019387727,11.069314718055994,12.1,2.14,3.0,2.6,1.5,3.4,12.7,14.3,2.0,2.448,1.7981887979745599,0.8357258338748998
9.6,9.943916540003643,8.0,5.577566429955206,10.0,3.2,3.1,3.6665399696008745,11.069314718055994,12.1,9.052,3.0,2.6,1.5,3.4,12.7,14.3,2.0,7.2863999999999995,2.0744990091338456,0.8500000000000001
9.6,8.959301941829704,8.0,5.183719443678489,10.0,3.2,3.1,3.430232466039129,11.069314718055994,12.1,2.588,3.0,2.6,1.5,3.4,12.7,14.3,2.0,2.7616,1.8533326774999728,0.8456213620752773
9.6,9.22451333362353,8.0,5.2898045491403005,10.0,3.2,3.1,3.4938832000696474,11.069314718055994,12.1,2.7800000000000002,3.0,2.6,1.5,3.4,12.7,14.3,2.0,2.896,1.870925094402998,0.8500000000000001
9.6,8.756472732385117,8.0,5.102587092984046,10.0,3.2,3.1,3.3815534557724276,11.069314718055994,12.1,2.268,3.0,2.6,1.5,3.4,12.7,14.3,2.0,2.5376,1.816686879553831,0.8236498276122755
9.6,8.703793585643858,8.0,5.081515212072357,10.0,3.2,3.1,3.3689104605545257,11.069314718055994,12.1,1.5,3.0,2.6,1.5,3.4,12.7,14.3,2.0,2.0,1.5831776616671935,0.8179103699362633
9.6,8.4274085945274,8.0,4.970959575502264,10.0,3.2,3.1,3.302578062686576,11.069314718055994,12.1,1.948,3.0,2.6,1.5,3.4,12.7,14.3,2.0,2.3136,1.7636669492803463,0.7880048178189649
5.97781653893718,5.71686100177712,8.0,3.8858691257908884,2.03632,3.2,3.1,2.6520466404265086,3.1601147180559948,2.64528,1.6280000000000001,3.0,2.6,1.5,3.4,1.550848,1.969397294884057,2.0,2.0896,1.6663553233343869,0.49641466149053826
9.6,10.03893818044606,8.0,5.615575118332448,10.0,3.2,3.1,3.6893451633070544,11.069314718055994,12.1,2.46,3.0,2.6,1.5,3.4,12.7,14.3,2.0,2.6719999999999997,1.839985601286746,0.8500000000000001
9.6,9.82572580986606,8.0,5.530290088289534,10.0,3.2,3.1,3.638174194367855,11.069314718055994,12.1,4.764,3.0,2.0,1.5,3.4,12.7,14.763017489830553,2.0,4.2848,1.9764350296262547,0.8500000000000001
1.6,3.3465735902799727,8.0,2.8,2.0,3.2,3.1,2.0831776616671935,3.0693147180559945,2.5,1.5,3.0,2.6,1.5,3.4,1.5,1.5,2.0,2.0,1.5831776616671935,0.2
9.6,8.074567979595203,8.0,4.8298193697132,6.09072,3.2,3.1,3.217896315102849,11.069314718055994,12.1,1.5,3.0,2.6,1.5,3.4,7.227008,9.68144,2.0,2.0,1.5831776616671935,0.7497427459639918
9.6,8.424687960424613,8.0,4.9698713007878075,10.0,3.2,3.1,3.301925110501907,11.069314718055994,12.1,1.5,3.0,2.6,1.5,3.4,12.7,14.3,2.0,2.0,1.5831776616671935,0.787673477296698
7.276051501829706,6.5458710575475765,8.0,4.218181964415996,2.192,3.2,3.1,2.8510090538114183,3.5493147180559945,3.268,1.564,3.0,2.0,1.5,3.4,1.7688,2.357754235824076,2.0,2.0448,1.6318334746401733,0.584315987103053
8.485109911818121,7.4009509799375826,8.0,4.3202804669167465,2.32,3.2,3.1,2.9122282351850197,3.8693147180559944,3.7800000000000002,1.6280000000000001,3.7,2.6,1.5,3.4,1.948,2.14,2.0,2.0896,1.6663553233343869,0.612012650279352
8.084004430037798,7.051141812240036,8.0,4.4203961463706385,2.528,3.2,3.1,2.972274034937609,4.389314718055995,4.612,1.6280000000000001,3.0,2.6,1.5,3.4,2.2392,2.556,2.0,2.0896,1.6663553233343869,0.6390211332838092
9.6,8.042946219595693,8.0,4.817170155025743,5.84,3.2,3.1,3.2103070927029664,11.069314718055994,12.1,1.5,3.0,2.6,1.5,3.4,6.8759999999999994,9.18,2.0,2.0,1.5831776616671935,0.746316916986139
7.927003823452177,7.054876640822405,8.0,4.181750955863044,2.16,3.2,3.1,2.8291703937973773,3.4693147180559945,3.14,1.5,3.7,2.6,1.5,3.4,1.724,1.82,2.0,2.0,1.5831776616671935,0.5742242172129077
8.60760937769319,7.378262501463486,8.0,4.551273511960595,3.016,3.2,3.1,3.0507830003512364,5.609314718055995,6.564,1.756,3.0,2.0,1.5,3.4,2.9223999999999997,4.021341915470613,2.0,2.1792,1.7150111363073666,0.6744735516146431
9.6,8.063355550325255,8.0,4.825334220610071,6.0,3.2,3.1,3.215205332078061,11.069314718055994,12.1,1.82,3.0,2.6,1.5,3.4,7.1,9.5,2.0,2.224,1.7335092178866376,0.7485821555188543
9.052264655333696,7.657710424213345,8.0,4.663066163833424,3.77696,3.2,3.1,3.117850501811203,7.511714718055995,9.60784,1.5,3.0,2.6,1.5,3.4,3.987744,5.05392,2.0,2.0,1.5831776616671935,0.7045804193715524
9.6,8.206160596810662,8.0,4.882458226670097,7.3224,3.2,3.1,3.249478543234559,11.069314718055994,12.1,1.884,3.0,2.6,1.5,3.4,8.95136,12.1448,2.0,2.2688,1.7495329850015804,0.7640479297176435
9.6,8.395349783454808,8.0,4.958135795317001,9.7704,3.2,3.1,3.294883948029154,11.069314718055994,12.1,1.5,3.0,2.6,1.5,3.4,12.37856,14.3,2.0,2.0,1.5831776616671935,0.784495111231688
9.8,10.25432936926186,8.0,5.701731647704819,10.0,3.2,3.1,3.741039048622846,11.069314718055994,12.1,6.620000000000001,3.0,2.0,1.5,3.4,12.7,14.7182414117363,2.0,5.584,2.0288063096717104,0.8500000000000001
9.6,9.561183688698165,8.0,5.424473075480466,10.0,3.2,3.1,3.574684085287559,11.069314718055994,12.1,12.636000000000001,3.0,2.6,1.5,3.4,12.7,14.3,2.0,9.795199999999998,2.120458079404578,0.8500000000000001
9.6,9.41734331913583,8.0,5.366936794323132,10.0,3.2,3.1,3.5401623965925992,11.069314718055994,12.1,6.108,3.0,2.6,1.5,3.4,12.7,14.3,2.0,5.2256,2.0164878111845006,0.8500000000000001
9.6,8.298342365923057,8.0,4.919331946556716,8.4,3.2,3.1,3.2716021678215337,11.069314718055994,12.1,6.172,3.0,2.6,1.5,3.4,10.459999999999999,14.3,2.0,5.2703999999999995,2.018098573624357,0.7744777526290869
9.6,9.565636781767044,8.0,5.426254316254668,10.0,3.2,3.1,3.57575282762409,11.069314718055994,12.1,14.3,3.0,2.0,1.5,3.4,12.7,14.739739147669765,2.0,13.2,2.5450565754140744,0.8500000000000001
9.230332806471711,7.768453281238965,8.0,4.707366884042671,4.2176,3.2,3.1,3.1444287874973513,8.613314718055994,11.3704,1.692,3.0,2.6,1.5,3.4,4.60464,5.9352,2.0,2.1344,1.6931325494920921,0.7166371171048556
7.158349654891975,6.454876640822405,8.0,4.181750955863044,2.16,3.2,3.1,2.8291703937973773,3.4693147180559945,3.14,2.012,3.0,2.6,1.5,3.4,1.724,1.898042947109375,2.0,2.3584,1.7763102111592854,0.5763465912166442
9.6,8.484461082699113,8.0,4.993780987269319,10.0,3.2,3.1,3.316270659847787,11.069314718055994,12.1,2.588,3.0,2.6,1.5,3.4,12.7,14.388233244120965,2.0,2.7616,1.8533326774999728,0.794228285464815
9.344325199415099,7.840234496705035,8.0,4.736081299853775,4.5600000000000005,3.2,3.1,3.1616562792092084,9.469314718055994,12.1,1.5,3.0,2.6,1.5,3.4,5.084,6.791840965593554,2.0,2.0,1.5831776616671935,0.7243553520437307
9.6,8.670783793402624,8.0,5.068311143516074,10.0,3.2,3.1,3.36098811041663,11.069314718055994,12.1,1.756,3.0,2.6,1.5,3.4,12.7,14.3,2.0,2.1792,1.7150111363073666,0.8143471249129062
9.6,9.212298773642171,8.0,5.284918705751788,10.0,3.2,3.1,3.490951705674121,11.069314718055994,12.1,3.676,3.0,2.6,1.5,3.4,12.7,14.546402847306846,2.0,3.5232,1.9300222726147331,0.8500000000000001
9.6,8.826352399249254,8.0,5.130539220591951,10.0,3.2,3.1,3.398324575819821,11.069314718055994,12.1,2.204,3.0,2.6,1.5,3.4,12.7,14.3,2.0,2.4928,1.8077939228953843,0.8312136049560399
8.80960910162913,7.502395564531462,8.0,4.600933660314795,3.3024,3.2,3.1,3.080574935487551,6.325314718055995,7.709599999999999,2.268,3.0,2.6,1.5,3.4,3.32336,4.1048,2.0,2.5376,1.816686879553831,0.688150616256139
9.6,8.03539003515516,8.0,4.81414755436196,5.7824,3.2,3.1,3.2084936084372386,11.069314718055994,12.1,1.5,3.0,2.6,1.5,3.4,6.79536,9.0648,2.0,2.0,1.5831776616671935,0.7454982959730307
9.6,8.010679736565509,8.0,4.804263006329866,5.6,3.2,3.1,3.202563136775722,11.069314718055994,12.1,1.5,3.0,2.6,1.5,3.4,6.54,8.912641102913284,2.0,2.0,1.5831776616671935,0.7428212308810056
4.82028135258812,3.3465735902799727,8.0,2.8,2.0,3.2,3.1,2.0831776616671935,3.0693147180559945,2.5,2.204,3.0,2.6,1.5,3.4,1.5,1.5,2.0,2.4928,1.8077939228953843,0.418039883248154
7.947324186829057,6.950873759260072,8.0,4.380275470758523,2.432,3.2,3.1,2.9482097022224174,4.149314718055995,4.228,2.652,3.0,2.0,1.5,3.4,2.1048,2.8291078124958733,2.0,2.8064,1.8594878728264788,0.6297667418165509
8.163956132015366,7.09918219498381,8.0,4.439617849791223,2.58128,3.2,3.1,2.9838037267961144,4.522514718055994,4.82512,1.82,3.0,2.6,1.5,3.4,2.313792,2.66256,2.0,2.224,1.7335092178866376,0.6444345297718738
9.6,8.756572720386888,8.0,5.102627088584662,10.0,3.2,3.1,3.381577452892853,11.069314718055994,12.1,7.644,3.0,2.6,1.5,3.4,12.7,14.45522141910452,2.0,6.3008,2.0501960974404687,0.8238874934868614
8.413914537135124,7.258796555718782,8.0,4.5034786342837805,2.8,3.2,3.1,3.0221111733725077,5.0693147180559945,5.699999999999999,1.5,3.0,2.6,1.5,3.4,2.62,3.2223264745338462,2.0,2.0,1.5831776616671935,0.6613587967851907
5.010143901633052,3.3465735902799727,8.0,2.8,2.0,3.2,3.1,2.0831776616671935,3.0693147180559945,2.5,2.396,3.0,2.6,1.5,3.4,1.5,1.5,2.0,2.6272,1.8327106466687737,0.4308951600064046
9.035083177763202,7.642816678005807,8.0,4.657108120907823,3.7248,3.2,3.1,3.1142760027213936,7.381314718055995,9.3992,2.652,3.0,2.6,1.5,3.4,3.91472,4.956650377186105,2.0,2.8064,1.8594878728264788,0.7034170901610501
9.6,9.160097829066423,8.0,5.264038239476376,10.0,3.2,3.1,3.4784234789759414,11.069314718055994,12.1,1.692,3.0,2.6,1.5,3.4,12.7,14.3,2.0,2.1344,1.6931325494920921,0.8500000000000001
9.6,9.382957061140836,8.0,5.3531822531558975,10.0,3.2,3.1,3.531909694673801,11.069314718055994,12.1,2.7800000000000002,3.0,2.6,1.5,3.4,12.7,14.3,2.0,2.896,1.870925094402998,0.8500000000000001
7.712483061114908,6.800950979937583,8.0,4.3202804669167465,2.32,3.2,3.1,2.9122282351850197,3.8693147180559944,3.7800000000000002,2.524,3.0,2.6,1.5,3.4,1.948,2.14,2.0,2.7168,1.8468446109475396,0.6138660405963219
9.6,8.202161722336374,8.0,4.880858628603959,7.28,3.2,3.1,3.24851881336073,11.069314718055994,12.1,1.692,3.0,2.6,1.5,3.4,8.892,12.41130930125347,2.0,2.1344,1.6931325494920921,0.7635904934525892
9.6,8.612635029414783,8.0,5.0450513451525785,10.0,3.2,3.1,3.347032407059548,11.069314718055994,12.1,1.756,3.0,2.6,1.5,3.4,12.7,14.49033349510556,2.0,2.1792,1.7150111363073666,0.8080491816384789
9.066117197088122,7.666367490094895,8.0,4.66652929927203,3.808,3.2,3.1,3.119928197622775,7.589314718055994,9.732,1.5,3.0,2.6,1.5,3.4,4.0312,5.116,2.0,2.0,1.5831776616671935,0.705518351886175
9.6,8.227276300580808,8.0,4.890904756792702,7.552,3.2,3.1,3.2545463121393943,11.069314718055994,12.1,3.868,3.0,2.6,1.5,3.4,9.2728,12.604000000000001,2.0,3.6575999999999995,1.9396273975355576,0.7665747144188126
8.632337045518295,7.3922342270451775,8.0,4.5568630699805315,3.0448,3.2,3.1,3.0541362144908426,5.681314718055995,6.6792,2.012,3.0,2.6,1.5,3.4,2.96272,3.5896000000000003,2.0,2.3584,1.7763102111592854,0.6761478207903012
6.341802948125764,5.815408399421656,8.0,3.6837681215593197,2.01312,3.2,3.1,2.5316980158611977,3.1021147180559945,2.55248,2.204,3.7,2.6,1.5,3.4,1.518368,1.9081698533769733,2.0,2.4928,1.8077939228953843,0.4668929079460153
4.95172379362114,3.3465735902799727,8.0,2.8,2.0,3.2,3.1,2.0831776616671935,3.0693147180559945,2.5,2.332,3.0,2.6,1.5,3.4,1.5,1.5,2.0,2.5824,1.8249660241322652,0.4269396318597647
9.6,9.19420126781137,8.0,5.277679673796423,10.0,3.2,3.1,3.486608304274729,11.069314718055994,12.1,9.116,3.0,2.6,1.5,3.4,12.7,14.70629971843389,2.0,7.331199999999999,2.075494865471609,0.8500000000000001
9.6,8.601171586316058,8.0,5.040465906069297,10.0,3.2,3.1,3.344281180715854,11.069314718055994,12.1,1.948,3.0,2.6,1.5,3.4,12.7,14.670092127569593,2.0,2.3136,1.7636669492803463,0.8068187070639206
9.265578313238317,7.791020924965769,8.0,4.716394578309579,4.32,3.2,3.1,3.1498450219917844,8.869314718055994,11.78,1.5,3.0,2.6,1.5,3.4,4.747999999999999,6.14,2.0,2.0,1.5831776616671935,0.7190235316255111
9.20020037654874,7.785736768533416,8.0,4.474248427186387,2.6912000000000003,3.2,3.1,3.0045768244480198,4.797314718055994,5.264799999999999,9.116,3.7,2.6,1.5,3.4,2.46768,2.8824,2.0,7.331199999999999,2.075494865471609,0.660430233828821
9.170993208360873,7.7169419216558595,8.0,4.686760774420263,4.00048,3.2,3.1,3.1320660611974063,8.070514718055994,10.50192,6.364000000000001,3.0,2.6,1.5,3.4,4.3006720000000005,5.50096,2.0,5.4048,2.022805059202751,0.7126193318161007
9.2535722517319,7.778770285976186,8.0,4.711493980614277,4.26384,3.2,3.1,3.1469048686342846,8.728914718055995,11.55536,3.228,3.0,2.6,1.5,3.4,4.669376,6.02768,2.0,3.2096,1.9040754995983769,0.718210621211014
9.29727097987206,7.810827502436619,8.0,4.724317744968015,4.41376,3.2,3.1,3.1545986005847886,9.103714718055993,12.1,1.5,3.0,2.6,1.5,3.4,4.879263999999999,6.674174033140204,2.0,2.0,1.5831776616671935,0.7211693892621707
9.6,9.009705843568561,8.0,5.203881132205196,10.0,3.2,3.1,3.4423294024564544,11.069314718055994,12.1,3.548,3.0,2.6,1.5,3.4,12.7,14.3,2.0,3.4336,1.9231632629539392,0.8500000000000001
9.6,8.654228226960413,8.0,5.061688837022241,10.0,3.2,3.1,3.3570147744704992,11.069314718055994,12.1,2.716,3.0,2.6,1.5,3.4,12.7,14.3,2.0,2.8512,1.8653426925268106,0.8126038235663537
8.392679372861307,7.245013761671734,8.0,4.497964398924021,2.7782400000000003,3.2,3.1,3.0188033028012162,5.014914718055994,5.612959999999999,1.564,3.0,2.0,1.5,3.4,2.589536,3.5267485628801727,2.0,2.0448,1.6318334746401733,0.659920999204151
6.573284880867892,6.109300059845864,8.0,4.043321220216973,2.08,3.2,3.1,2.7462320143630077,3.2693147180559947,2.82,1.5,3.0,2.0,1.5,3.4,1.612,2.1764614658133095,2.0,2.0,1.5831776616671935,0.5367328304754302
5.943476503163552,5.038768721952859,8.0,3.612088602109284,2.00912,3.2,3.1,2.4893044932686865,3.0921147180559947,2.53648,3.676,3.0,2.6,1.5,3.4,1.512768,1.51824,2.0,3.5232,1.9300222726147331,0.4940895549016989
9.6,10.109729591730188,8.0,5.6438917031563465,10.0,3.2,3.1,3.706335102015245,11.069314718055994,12.1,14.3,3.0,2.0,1.5,3.4,12.7,14.724063298855086,2.0,12.4832,2.155659816603073,0.8500000000000001
9.6,8.23158024084805,8.0,4.892626382298393,7.6,3.2,3.1,3.2555792578035323,11.069314718055994,12.1,1.5,3.0,2.6,1.5,3.4,9.34,12.700000000000001,2.0,2.0,1.5831776616671935,0.7667529785391483
9.6,8.512598843447318,8.0,5.005036280129512,10.0,3.2,3.1,3.323023722427356,11.069314718055994,12.1,1.5,3.0,2.6,1.5,3.4,12.7,14.703087354771375,2.0,2.0,1.5831776616671935,0.7971973258684095
6.311102366666304,5.938867890889819,8.0,3.974986146170406,2.0568,3.2,3.1,2.7053282938135563,3.2113147180559944,2.7272,1.564,3.0,2.6,1.5,3.4,1.57952,1.6136,2.0,2.0448,1.6318334746401733,0.5189808894096977
9.6,9.052484860062496,8.0,5.220992837631425,10.0,3.2,3.1,3.4525963664149986,11.069314718055994,12.1,5.788,3.0,2.6,1.5,3.4,12.7,14.682608631649908,2.0,5.0016,2.008092780551671,0.8500000000000001
9.6,8.756577719262141,8.0,5.102629088154756,10.0,3.2,3.1,3.381578652622914,11.069314718055994,12.1,2.204,3.0,2.6,1.5,3.4,12.7,14.3,2.0,2.4928,1.8077939228953843,0.823658488303084
10.4,10.168892918761928,8.0,5.4275567736260415,10.0,3.2,3.1,3.576534300502863,11.069314718055994,12.1,2.14,3.7,2.6,1.5,3.4,12.7,14.3,2.0,2.448,1.7981887979745599,0.8500000000000001
9.6,10.472879227609614,8.0,5.789151626453198,10.0,3.2,3.1,3.7934910146263077,11.069314718055994,12.1,3.484,3.0,2.6,1.5,3.4,12.7,14.65647624234196,2.0,3.3888,1.9195809073759775,0.8500000000000001
9.6,9.642374599021757,8.0,5.456949499563153,10.0,3.2,3.1,3.5941699037652213,11.069314718055994,12.1,3.612,3.0,2.6,1.5,3.4,12.7,14.3,2.0,3.4783999999999997,1.9266417673787295,0.8500000000000001
9.6,9.1225817712827,8.0,5.249031746847475,10.0,3.2,3.1,3.469419625107848,11.069314718055994,12.1,2.7800000000000002,3.0,2.6,1.5,3.4,12.7,14.3,2.0,2.896,1.870925094402998,0.8500000000000001
8.676852152554305,7.419855689351738,8.0,4.56791330073159,3.1041600000000003,3.2,3.1,3.060765365444417,5.829714718055995,6.91664,2.076,3.0,2.0,1.5,3.4,3.0458239999999996,4.188919108141448,2.0,2.4032,1.7877474327358045,0.6791618644958644
9.6,8.219068559512559,8.0,4.887621564973567,7.4616,3.2,3.1,3.2525764542830142,11.069314718055994,12.1,1.5,3.0,2.0,1.5,3.4,9.146239999999999,12.914688742861953,2.0,2.0,1.5831776616671935,0.7653975071803412
7.461698633807433,6.6572764161620395,8.0,4.262777366326692,2.24,3.2,3.1,2.8777463398788896,3.6693147180559946,3.46,1.756,3.0,2.0,1.5,3.4,1.8359999999999999,2.4567430997710176,2.0,2.1792,1.7150111363073666,0.5968858449973784
9.52338981714134,7.951393653710867,8.0,4.780547454229085,5.19744,3.2,3.1,3.188334476890608,11.062914718055994,12.1,1.884,3.0,2.6,1.5,3.4,5.9764159999999995,7.894880000000001,2.0,2.2688,1.7495329850015804,0.7364795188689448
9.41518740735812,7.882801922586371,8.0,4.753109290284581,4.787520000000001,3.2,3.1,3.1718724614207288,10.038114718055994,12.1,2.268,3.0,2.6,1.5,3.4,5.402528,7.412867770323326,2.0,2.5376,1.816686879553831,0.7291533140398727
5.82656298299039,5.406092177686208,8.0,3.7608042089466514,2.01936,3.2,3.1,2.57746212264469,3.1177147180559945,2.57744,2.46,3.0,2.0,1.5,3.4,1.527104,1.9570626494832621,2.0,2.6719999999999997,1.839985601286746,0.4861735353066411
7.142830254531733,6.4023072600313125,8.0,4.160701051521667,2.144,3.2,3.1,2.816553742407515,3.4293147180559944,3.076,3.036,3.0,2.6,1.5,3.4,1.7016,1.788,2.0,3.0751999999999997,1.8909715845625779,0.5752957984839193
9.6,9.00169663367416,8.0,5.200677428786167,10.0,3.2,3.1,3.440407192081798,11.069314718055994,12.1,2.012,3.0,2.6,1.5,3.4,12.7,14.3,2.0,2.3584,1.7763102111592854,0.8500000000000001
6.24169470030165,5.902567484458244,8.0,3.960423675075413,2.0528,3.2,3.1,2.6966161962699786,3.2013147180559947,2.7112,1.5,3.0,2.6,1.5,3.4,1.57392,1.6056,2.0,2.0,1.5831776616671935,0.5142814119995909
8.71216657048797,7.545291267328268,8.0,4.378041642621993,2.4272,3.2,3.1,2.9468699041587842,4.137314718055994,4.2088,1.5,3.7,2.6,1.5,3.4,2.09808,2.3544,2.0,2.0,1.5831776616671935,0.6273862782101229
3.0334075753824443,3.3465735902799727,8.0,2.8,2.0,3.2,3.1,2.0831776616671935,3.0693147180559945,2.5,1.564,3.0,2.6,1.5,3.4,1.5,1.5,2.0,2.0448,1.6318334746401733,0.2970536379165196
8.986307469128862,7.616491051228504,8.0,4.646576867282215,3.63632,3.2,3.1,3.107957852294841,7.160114718055994,9.045279999999998,1.5,3.0,2.6,1.5,3.4,3.790848,4.77264,2.0,2.0,1.5831776616671935,0.7001145682222667
9.6,8.457562413594914,8.0,4.983021329173501,10.0,3.2,3.1,3.3098149792627796,11.069314718055994,12.1,1.5,3.0,2.6,1.5,3.4,12.7,14.3,2.0,2.0,1.5831776616671935,0.7912349433178232
9.6,8.409909141805151,8.0,4.963959656842057,10.0,3.2,3.1,3.2983781940332366,11.069314718055994,12.1,1.948,3.0,2.6,1.5,3.4,12.7,14.444202252096433,2.0,2.3136,1.7636669492803463,0.7861103097056259
9.6,9.479924576888916,8.0,5.391969360168992,10.0,3.2,3.1,3.55518189845334,11.069314718055994,12.1,7.772,3.0,2.6,1.5,3.4,12.7,14.3,2.0,6.3904,2.052620422318571,0.8500000000000001
9.6,8.978812053331156,8.0,5.191523539293508,10.0,3.2,3.1,3.4349148927994775,11.069314718055994,12.1,1.564,3.0,2.6,1.5,3.4,12.7,14.3,2.0,2.0448,1.6318334746401733,0.8477060279641526
7.518875947628167,6.80012872265441,8.0,4.079718986907041,2.096,3.2,3.1,2.7680308934370585,3.3093147180559948,2.884,1.5,3.7,2.6,1.5,3.4,1.6344,1.692,2.0,2.0,1.5831776616671935,0.5465905589539903
9.6,8.47319665702151,8.0,4.989275138486375,10.0,3.2,3.1,3.3135671976851624,11.069314718055994,12.1,4.828,3.0,2.6,1.5,3.4,12.7,14.568937858413653,2.0,4.329599999999999,1.9786780855877129,0.7931762897583043
9.416193466711013,7.876797231480755,8.0,4.750707275154525,4.754239999999999,3.2,3.1,3.1704313355553815,9.954914718055994,12.1,5.212,3.0,2.6,1.5,3.4,5.355936,7.0084800000000005,2.0,4.5984,1.991321347466652,0.7292214326418915
9.148449410468286,7.716821955245879,8.0,4.686712784018113,4.0,3.2,3.1,3.132037269259011,8.069314718055994,10.5,1.82,3.0,2.0,1.5,3.4,4.3,5.940168497849077,2.0,2.224,1.7335092178866376,0.7110929288337904
9.6,9.561316670480444,8.0,5.424526268299749,10.0,3.2,3.1,3.5747160009153065,11.069314718055994,12.1,6.364000000000001,3.0,2.6,1.5,3.4,12.7,14.63588140731327,2.0,5.4048,2.022805059202751,0.8500000000000001
9.312138269226114,7.816364073640128,8.0,4.726532519430154,4.44064,3.2,3.1,3.1559273776736307,9.170914718055995,12.1,2.9720000000000004,3.0,2.6,1.5,3.4,4.9168959999999995,6.644573900873337,2.0,3.0304,1.886265098984184,0.7221760286455181
1.6,3.3465735902799727,8.0,2.8,2.0,3.2,3.1,2.0831776616671935,3.0693147180559945,2.5,1.5,3.0,2.6,1.5,3.4,1.5,1.5,2.0,2.0,1.5831776616671935,0.2
9.6,10.534137048944025,8.0,5.813654762434777,10.0,3.2,3.1,3.808192891746566,11.069314718055994,12.1,5.404,3.0,2.6,1.5,3.4,12.7,14.630612173262119,2.0,4.732799999999999,1.9971761671669839,0.8500000000000001
9.6,8.072176568418978,8.0,4.828862767740529,6.0712,3.2,3.1,3.2173223764205545,11.069314718055994,12.1,2.332,3.0,2.6,1.5,3.4,7.19968,9.6424,2.0,2.5824,1.8249660241322652,0.7496218547452289
7.782380433684446,6.862002328338033,8.0,4.344712494455594,2.3616,3.2,3.1,2.9268805588011277,3.9733147180559945,3.9463999999999997,1.6280000000000001,3.0,2.6,1.5,3.4,2.00624,2.2232000000000003,2.0,2.0896,1.6663553233343869,0.6185986751973844
6.732077567337276,6.20012872265441,8.0,4.079718986907041,2.096,3.2,3.1,2.7680308934370585,3.3093147180559948,2.884,1.6280000000000001,3.0,2.0,1.5,3.4,1.6344,2.1912538188467567,2.0,2.0896,1.6663553233343869,0.5474844186217948
6.204593770869529,5.855213508687434,8.0,3.9414220529497754,2.048,3.2,3.1,2.685251242084984,3.1893147180559946,2.692,1.692,3.0,2.0,1.5,3.4,1.5672,2.0207281293776624,2.0,2.1344,1.6931325494920921,0.5117693699026244
7.4156933996865355,6.631664808738418,8.0,4.252525720194848,2.228,3.2,3.1,2.8715995540972203,3.6393147180559944,3.412,1.6280000000000001,3.0,2.6,1.5,3.4,1.8192,1.956,2.0,2.0896,1.6663553233343869,0.5937709072704426
6.229517905093367,5.855213508687434,8.0,3.9414220529497754,2.048,3.2,3.1,2.685251242084984,3.1893147180559946,2.692,1.82,3.0,2.0,1.5,3.4,1.5672,2.056570645115048,2.0,2.224,1.7335092178866376,0.5134569414906967
8.561742292503741,7.349924013000156,8.0,4.539936280197903,2.96,3.2,3.1,3.0439817631200374,5.469314718055995,6.34,1.692,3.0,2.0,1.5,3.4,2.844,3.8786285907076143,2.0,2.1344,1.6931325494920921,0.6713679677216073
8.384589323524498,7.2383938883906,8.0,4.4953159017061886,2.768,3.2,3.1,3.017214533213744,4.9893147180559945,5.572,1.756,3.0,2.0,1.5,3.4,2.5751999999999997,3.4678817568066083,2.0,2.1792,1.7150111363073666,0.6593732354469712
9.597072135640596,7.997166617917852,8.0,4.7988575153725135,5.504,3.2,3.1,3.1993199883002843,11.069314718055994,12.1,2.076,3.0,2.0,1.5,3.4,6.4056,8.965951615858256,2.0,2.4032,1.7877474327358045,0.7414684258506654
4.206477230417185,3.3465735902799727,8.0,2.8,2.0,3.2,3.1,2.0831776616671935,3.0693147180559945,2.5,1.82,3.0,2.0,1.5,3.4,1.5,1.9565259612036365,2.0,2.224,1.7335092178866376,0.3764802291428303
9.6,10.28581697306766,8.0,5.714326695330461,10.0,3.2,3.1,3.7485960735362385,11.069314718055994,12.1,4.508,3.0,2.6,1.5,3.4,12.7,14.651024643713395,2.0,4.1056,1.9670184357732752,0.8500000000000001
8.41790377448283,7.258796555718782,8.0,4.5034786342837805,2.8,3.2,3.1,3.0221111733725077,5.0693147180559945,5.699999999999999,1.82,3.0,2.6,1.5,3.4,2.62,3.1,2.0,2.224,1.7335092178866376,0.661628901397275
5.402872152885092,3.3465735902799727,8.0,2.8,2.0,3.2,3.1,2.0831776616671935,3.0693147180559945,2.5,2.9720000000000004,3.0,2.6,1.5,3.4,1.5,1.5,2.0,3.0304,1.886265098984184,0.45748613535159477
5.61382386945194,3.3465735902799727,8.0,2.8,2.0,3.2,3.1,2.0831776616671935,3.0693147180559945,2.5,3.42,3.0,2.6,1.5,3.4,1.5,1.5,2.0,3.344,1.9158883083359672,0.4717693244941417
7.235226317819748,6.454876640822405,8.0,4.181750955863044,2.16,3.2,3.1,2.8291703937973773,3.4693147180559945,3.14,3.356,3.0,2.6,1.5,3.4,1.724,1.82,2.0,3.2992,1.9120784645382176,0.5815517819357121
9.6,8.063355550325255,8.0,4.825334220610071,6.0,3.2,3.1,3.215205332078061,11.069314718055994,12.1,1.948,3.0,2.6,1.5,3.4,7.1,9.5,2.0,2.3136,1.7636669492803463,0.7486037953524154
9.6,8.400746053361484,8.0,4.9602943474855286,9.85472,3.2,3.1,3.296179052806756,11.069314718055994,12.1,4.0600000000000005,3.0,2.6,1.5,3.4,12.496608,14.3,2.0,3.792,1.9485203541940042,0.7852999404481635
7.5968778761407645,6.7483262190841415,8.0,4.299219469035191,2.288,3.2,3.1,2.899598292580194,3.7893147180559943,3.652,1.5,3.0,2.6,1.5,3.4,1.9032,2.076,2.0,2.0,1.5831776616671935,0.606038606197031
8.993936212351676,7.590043664402581,8.0,4.635996850392257,3.552,3.2,3.1,3.1016104794566193,6.949314718055994,8.707999999999998,9.5,3.0,2.6,1.5,3.4,3.6728,4.604,2.0,7.6,2.081302450375031,0.7006310977113115
8.61347242966841,7.389583983698038,8.0,4.315731370118953,2.3128,3.2,3.1,2.909500156087529,3.8513147180559946,3.7512,6.684000000000001,3.7,2.6,1.5,3.4,1.93792,2.1256,2.0,5.6288,2.0302608729355915,0.6207038624254653
10.4,9.525063003870345,8.0,5.170023774011674,10.0,3.2,3.1,3.422015120928883,11.069314718055994,12.1,14.3,3.7,2.0,1.5,3.4,12.7,14.750802666459178,2.0,13.2,2.228488527360299,0.8427082745612167
7.681121867666986,6.800950979937583,8.0,4.3202804669167465,2.32,3.2,3.1,2.9122282351850197,3.8693147180559944,3.7800000000000002,1.5,3.0,2.0,1.5,3.4,1.948,2.5991102721598662,2.0,2.0,1.5831776616671935,0.6117426264566189
8.648048873314732,7.2786874905245345,8.0,4.511436567926479,2.83248,3.2,3.1,3.0268849977258885,5.1505147180559945,5.8299199999999995,1.692,3.0,2.6,1.5,3.4,2.665472,3.1649599999999998,2.0,2.1344,1.6931325494920921,0.6636699757973517
1.6,3.3465735902799727,8.0,2.8,2.0,3.2,3.1,2.0831776616671935,3.0693147180559945,2.5,1.5,3.0,2.6,1.5,3.4,1.5,1.5,2.0,2.0,1.5831776616671935,0.2
9.8,9.44961241303881,8.0,5.379844465217398,10.0,3.2,3.1,3.5479069791293143,11.069314718055994,12.1,1.5,3.0,2.6,1.5,3.4,12.7,14.3,2.0,2.0,1.5831776616671935,0.8500000000000001
9.6,10.422645159716229,8.0,5.769057992469359,10.0,3.2,3.1,3.7814348383318945,11.069314718055994,12.1,5.276,3.0,2.6,1.5,3.4,12.7,14.3,2.0,4.6432,1.9933048637007973,0.8500000000000001
9.6,9.064385173086041,8.0,5.225752988862877,10.0,3.2,3.1,3.4554524415406496,11.069314718055994,12.1,3.9320000000000004,3.0,2.6,1.5,3.4,12.7,14.657516270881498,2.0,3.7024,1.9426655344936723,0.8500000000000001
9.6,9.907756278981136,8.0,5.563102311592755,10.0,3.2,3.1,3.6578615069554727,11.069314718055994,12.1,3.1,3.0,2.6,1.5,3.4,12.7,14.3,2.0,3.12,1.8955004239205195,0.8500000000000001
1.6,3.3465735902799727,8.0,2.8,2.0,3.2,3.1,2.0831776616671935,3.0693147180559945,2.5,1.5,3.0,2.6,1.5,3.4,1.5,1.5,2.0,2.0,1.5831776616671935,0.2
7.525503988855451,6.80012872265441,8.0,4.079718986907041,2.096,3.2,3.1,2.7680308934370585,3.3093147180559948,2.884,1.564,3.7,2.6,1.5,3.4,1.6344,1.692,2.0,2.0448,1.6318334746401733,0.5470393325787546
2.4000000000000004,3.946573590279973,8.0,2.8,2.0,3.2,3.1,2.0831776616671935,3.0693147180559945,2.5,1.5,3.7,2.6,1.5,3.4,1.5,1.5,2.0,2.0,1.5831776616671935,0.2
10.4,9.009909141805151,8.0,4.963959656842057,10.0,3.2,3.1,3.2983781940332366,11.069314718055994,12.1,2.14,3.7,2.6,1.5,3.4,12.7,14.3,2.0,2.448,1.7981887979745599,0.7861265455805364
9.6,8.55995625302565,8.0,5.02397953831314,10.0,3.2,3.1,3.3343895007261564,11.069314718055994,12.1,1.5,3.0,2.6,1.5,3.4,12.7,14.3,2.0,2.0,1.5831776616671935,0.8023277916264753
7.642006309627672,6.80012872265441,8.0,4.079718986907041,2.096,3.2,3.1,2.7680308934370585,3.3093147180559948,2.884,2.7800000000000002,3.7,2.6,1.5,3.4,1.6344,1.692,2.0,2.896,1.870925094402998,0.554927510547707
9.6,9.561235685786375,8.0,5.424493874357345,10.0,3.2,3.1,3.57469656458873,11.069314718055994,12.1,2.204,3.0,2.6,1.5,3.4,12.7,14.3,2.0,2.4928,1.8077939228953843,0.8500000000000001
1.6,3.3465735902799727,8.0,2.8,2.0,3.2,3.1,2.0831776616671935,3.0693147180559945,2.5,1.5,3.0,2.0,1.5,3.4,1.5,1.9760040827208643,2.0,2.0,1.5831776616671935,0.2
7.357948283277272,6.570226521550579,8.0,4.227932067192984,2.2016,3.2,3.1,2.856854365172139,3.5733147180559945,3.3064,2.46,3.0,2.6,1.5,3.4,1.78224,1.9032,2.0,2.6719999999999997,1.839985601286746,0.589861081680232
8.711887670218413,7.444309403650439,8.0,4.577696169544563,3.15952,3.2,3.1,3.0666342568761054,5.968114718055994,7.13808,1.6280000000000001,3.0,2.6,1.5,3.4,3.123328,3.81904,2.0,2.0896,1.6663553233343869,0.6815340610043717
3.818070977791825,3.3465735902799727,8.0,2.8,2.0,3.2,3.1,2.0831776616671935,3.0693147180559945,2.5,1.692,3.0,2.6,1.5,3.4,1.5,1.5,2.0,2.1344,1.6931325494920921,0.3501818891213215
9.988132113940326,8.324048317829119,8.0,4.689603558613486,4.02912,3.2,3.1,3.1337715962789887,8.142114718055995,10.61648,7.644,3.7,2.6,1.5,3.4,4.340768,5.762881605352858,2.0,6.3008,2.0501960974404687,0.7137797785480429
10.4,10.190742376131974,8.0,5.436296573415492,10.0,3.2,3.1,3.5817781702716736,11.069314718055994,12.1,4.380000000000001,3.7,2.6,1.5,3.4,12.7,14.3,2.0,4.016,1.962017712205207,0.8500000000000001
9.6,9.214612098406192,8.0,5.2858440393672765,10.0,3.2,3.1,3.491506903617486,11.069314718055994,12.1,1.5,3.0,2.6,1.5,3.4,12.7,14.3,2.0,2.0,1.5831776616671935,0.8500000000000001
9.472000852674714,8.02007293897497,8.0,4.568000213168679,3.10464,3.2,3.1,3.0608175053539926,5.830914718055994,6.918559999999999,1.5,3.7,2.6,1.5,3.4,3.0464960000000003,3.70928,2.0,2.0,1.5831776616671935,0.6788333910665172
9.150363134369474,7.719016778994482,8.0,4.687590783592369,4.0088,3.2,3.1,3.1325640269586756,8.091314718055994,10.5352,1.5,3.0,2.6,1.5,3.4,4.31232,5.517600000000001,2.0,2.0,1.5831776616671935,0.7112225038895998
9.6,9.939243617529087,8.0,5.5756972592184715,10.0,3.2,3.1,3.6654184682069806,11.069314718055994,12.1,4.7,3.0,2.6,1.5,3.4,12.7,14.3,2.0,4.24,1.9741492462297714,0.8500000000000001
9.6,8.80639444966183,8.0,5.12255596993455,10.0,3.2,3.1,3.393534667918839,11.069314718055994,12.1,5.724,3.0,2.6,1.5,3.4,12.7,14.3,2.0,4.956799999999999,2.006340924621133,0.8291870973676572
9.6,8.063355550325255,8.0,4.825334220610071,6.0,3.2,3.1,3.215205332078061,11.069314718055994,12.1,2.9720000000000004,3.0,2.6,1.5,3.4,7.1,9.5,2.0,3.0304,1.886265098984184,0.7487766034960084
9.6,9.74350463438308,8.0,5.497401575976032,10.0,3.2,3.1,3.618441112251939,11.069314718055994,12.1,3.612,3.0,2.6,1.5,3.4,12.7,14.3,2.0,3.4783999999999997,1.9266417673787295,0.8500000000000001
9.8,8.959201953161418,8.0,5.183679447944567,10.0,3.2,3.1,3.4302084687587406,11.069314718055994,12.1,3.036,3.0,2.6,1.5,3.4,12.7,14.3,2.0,3.0751999999999997,1.8909715845625779,0.84562316620557
9.6,10.760129506919498,8.0,5.904051766404173,10.0,3.2,3.1,3.8624310816606795,11.069314718055994,12.1,3.868,3.0,2.6,1.5,3.4,12.7,14.3,2.0,3.6575999999999995,1.9396273975355576,0.8500000000000001
10.4,9.559201953161418,8.0,5.183679447944567,10.0,3.2,3.1,3.4302084687587406,11.069314718055994,12.1,3.228,3.7,2.6,1.5,3.4,12.7,14.3,2.0,3.2096,1.9040754995983769,0.845628578235935
9.6,8.409909141805151,8.0,4.963959656842057,10.0,3.2,3.1,3.2983781940332366,11.069314718055994,12.1,2.14,3.0,2.6,1.5,3.4,12.7,14.3,2.0,2.448,1.7981887979745599,0.7861265455805364
9.6,9.305772210141392,8.0,5.322308217393223,10.0,3.2,3.1,3.513385330433934,11.069314718055994,12.1,5.66,3.0,2.6,1.5,3.4,12.7,14.3,2.0,4.912,2.004563114326916,0.8500000000000001
9.6,8.509330964751609,8.0,5.00372910729274,10.0,3.2,3.1,3.322239431540386,11.069314718055994,12.1,3.036,3.0,2.6,1.5,3.4,12.7,14.3,2.0,3.0751999999999997,1.8909715845625779,0.7969497508521681
9.6,11.261780446199904,8.0,6.10471216514663,10.0,3.2,3.1,3.9828273070879767,11.069314718055994,12.1,3.036,3.0,2.6,1.5,3.4,12.7,14.3,2.0,3.0751999999999997,1.8909715845625779,0.8500000000000001
6.066797047025359,3.3465735902799727,8.0,2.8,2.0,3.2,3.1,2.0831776616671935,3.0693147180559945,2.5,4.892,3.0,2.6,1.5,3.4,1.5,1.5,2.0,4.3744,1.9808799822278966,0.5024393833923421
9.6,9.508503653090536,8.0,5.403401016793251,10.0,3.2,3.1,3.5620408767417286,11.069314718055994,12.1,3.868,3.0,2.6,1.5,3.4,12.7,14.3,2.0,3.6575999999999995,1.9396273975355576,0.8500000000000001
9.6,8.312526053728785,8.0,4.925005561519458,8.58416,3.2,3.1,3.275006252894908,11.069314718055994,12.1,3.612,3.0,2.6,1.5,3.4,10.717823999999998,14.3,2.0,3.4783999999999997,1.9266417673787295,0.7757390879788137
8.252257420302055,7.1577832417821385,8.0,4.463064355075513,2.6536,3.2,3.1,2.9978679780277133,4.703314718055995,5.1144,1.5,3.0,2.6,1.5,3.4,2.41504,2.8072,2.0,2.0,1.5831776616671935,0.6504132628329516
8.882115037216646,7.551377580648123,8.0,4.620528759304162,3.43648,3.2,3.1,3.0923306193555495,6.660514718055995,8.24592,1.5,3.0,2.6,1.5,3.4,3.511072,4.372960000000001,2.0,2.0,1.5831776616671935,0.6930598723115439
9.448264043239902,7.899119070908515,8.0,4.759636518178141,4.88,3.2,3.1,3.175788577018044,10.269314718055993,12.1,4.316000000000001,3.0,2.6,1.5,3.4,5.532,7.260000000000001,2.0,3.9711999999999996,1.9594369675786913,0.7313928779277017
8.481121867666987,7.4009509799375826,8.0,4.3202804669167465,2.32,3.2,3.1,2.9122282351850197,3.8693147180559944,3.7800000000000002,1.5,3.7,2.6,1.5,3.4,1.948,2.14,2.0,2.0,1.5831776616671935,0.6117426264566189
8.697877583186425,7.435191033035069,8.0,4.574048313459854,3.13856,3.2,3.1,3.0644458479284165,5.915714718055995,7.05424,1.692,3.0,2.6,1.5,3.4,3.093984,3.77712,2.0,2.1344,1.6931325494920921,0.6805854613615809
5.402872152885092,3.3465735902799727,8.0,2.8,2.0,3.2,3.1,2.0831776616671935,3.0693147180559945,2.5,2.9720000000000004,3.0,2.6,1.5,3.4,1.5,1.5,2.0,3.0304,1.886265098984184,0.45748613535159477
5.402872152885092,3.3465735902799727,8.0,2.8,2.0,3.2,3.1,2.0831776616671935,3.0693147180559945,2.5,2.9720000000000004,3.0,2.6,1.5,3.4,1.5,1.5,2.0,3.0304,1.886265098984184,0.45748613535159477
9.293051425827237,7.83316043052124,8.0,4.493222080237384,2.76,3.2,3.1,3.0159585033250975,4.969314718055995,5.539999999999999,11.356000000000002,3.7,2.6,1.5,3.4,2.564,3.02,2.0,8.8992,2.105982720869944,0.666717023623719
6.978868081561905,6.455213508687434,8.0,3.9414220529497754,2.048,3.2,3.1,2.685251242084984,3.1893147180559946,2.692,1.564,3.7,2.6,1.5,3.4,1.5672,1.596,2.0,2.0448,1.6318334746401733,0.510027526355754
7.297994247611509,6.59822604430951,8.0,3.998792285461314,2.064,3.2,3.1,2.719574250634283,3.2293147180559947,2.7560000000000002,2.204,3.7,2.6,1.5,3.4,1.5896,1.6280000000000001,2.0,2.4928,1.8077939228953843,0.5316350271820294
5.006477230417186,3.946573590279973,8.0,2.8,2.0,3.2,3.1,2.0831776616671935,3.0693147180559945,2.5,1.82,3.7,2.6,1.5,3.4,1.5,1.5,2.0,2.224,1.7335092178866376,0.3764802291428303
8.011997515478642,7.003517006096704,8.0,4.401340169088074,2.48,3.2,3.1,2.960844081463209,4.269314718055995,4.42,1.82,3.0,2.6,1.5,3.4,2.1719999999999997,2.46,2.0,2.224,1.7335092178866376,0.634145665110533
7.142830254531733,6.454876640822405,8.0,4.181750955863044,2.16,3.2,3.1,2.8291703937973773,3.4693147180559945,3.14,1.756,3.0,2.0,1.5,3.4,1.724,2.2958211440101453,2.0,2.1792,1.7150111363073666,0.5752957984839193
9.114196206905152,7.6964142907747295,8.0,4.678549051726288,3.92,3.2,3.1,3.127139429785935,7.869314718055994,10.18,1.5,3.0,2.6,1.5,3.4,4.188,5.34,2.0,2.0,1.5831776616671935,0.708773701509203
8.59980272501955,7.475092081128918,8.0,4.349950681254888,2.3712,3.2,3.1,2.9300220994709405,3.9973147180559945,3.9848,1.5,3.7,2.6,1.5,3.4,2.01968,2.2424,2.0,2.0,1.5831776616671935,0.6197783095065321
9.6,8.689708464613672,8.0,5.075881100170366,10.0,3.2,3.1,3.365530031507281,11.069314718055994,12.1,1.884,3.0,2.6,1.5,3.4,12.7,14.3,2.0,2.2688,1.7495329850015804,0.8164030326629299
10.4,8.754509662544416,8.0,4.861797198684417,6.8,3.2,3.1,3.23708231901066,11.069314718055994,12.1,2.268,3.7,2.6,1.5,3.4,8.219999999999999,11.100000000000001,2.0,2.5376,1.816686879553831,0.7585116295174743
8.010674545109337,7.003517006096704,8.0,4.401340169088074,2.48,3.2,3.1,2.960844081463209,4.269314718055995,4.42,1.756,3.0,2.6,1.5,3.4,2.1719999999999997,2.46,2.0,2.1792,1.7150111363073666,0.6340560889917781
9.522830041028936,7.95179377376823,8.0,4.780707510257234,5.2,3.2,3.1,3.188430505704375,11.069314718055994,12.1,1.5,3.0,2.6,1.5,3.4,5.9799999999999995,7.9,2.0,2.0,1.5831776616671935,0.7364416173613344
8.623769032163576,7.389932550431926,8.0,4.5559422580408935,3.04,3.2,3.1,3.0535838121036623,5.669314718055994,6.66,1.5,3.0,2.6,1.5,3.4,2.956,3.58,2.0,2.0,1.5831776616671935,0.6755676948860755
9.6,9.561183688698165,8.0,5.424473075480466,10.0,3.2,3.1,3.574684085287559,11.069314718055994,12.1,7.516,3.0,2.6,1.5,3.4,12.7,14.3,2.0,6.2112,2.04772178297614,0.8500000000000001
9.6,9.692365359395081,8.0,5.476945836066435,10.0,3.2,3.1,3.6061676862548193,11.069314718055994,12.1,7.58,3.0,2.6,1.5,3.4,12.7,14.3,2.0,6.255999999999999,2.048965317420406,0.8500000000000001
9.6,9.262266824674768,8.0,5.304906002601147,10.0,3.2,3.1,3.502944037921944,11.069314718055994,12.1,14.3,3.0,2.6,1.5,3.4,12.7,14.3,2.0,13.2,2.184453896958744,0.8500000000000001
9.46628037834935,7.912817056665632,8.0,4.76511601273192,4.96,3.2,3.1,3.1790760935997517,10.469314718055994,12.1,3.228,3.0,2.6,1.5,3.4,5.644,7.420000000000001,2.0,3.2096,1.9040754995983769,0.7326127339507373
9.6,9.047576128972416,8.0,5.219029334279893,10.0,3.2,3.1,3.4514182709533796,11.069314718055994,12.1,3.7399999999999998,3.0,2.6,1.5,3.4,12.7,14.3,2.0,3.568,1.9333101495173068,0.8500000000000001
5.500157858560922,3.3465735902799727,8.0,2.8,2.0,3.2,3.1,2.0831776616671935,3.0693147180559945,2.5,3.164,3.0,2.6,1.5,3.4,1.5,1.5,2.0,3.1647999999999996,1.8998645412210244,0.4640731883400624
9.6,10.548222479490871,8.0,5.819288936240816,10.0,3.2,3.1,3.811573395077809,11.069314718055994,12.1,4.508,3.0,2.6,1.5,3.4,12.7,14.3,2.0,4.1056,1.9670184357732752,0.8500000000000001
8.246362036216816,7.147274757571839,8.0,4.458859921771447,2.64,3.2,3.1,2.9953459418172415,4.669314718055994,5.0600000000000005,2.204,3.0,2.6,1.5,3.4,2.396,2.7800000000000002,2.0,2.4928,1.8077939228953843,0.6500140962021803
9.6,8.880611005343859,8.0,5.152242841874327,10.0,3.2,3.1,3.4113466412825257,11.069314718055994,12.1,2.7800000000000002,3.0,2.6,1.5,3.4,12.7,14.3,2.0,2.896,1.870925094402998,0.837108010493284
9.6,9.234894920264061,8.0,5.293957199913392,10.0,3.2,3.1,3.4963747808633747,11.069314718055994,12.1,1.5,3.0,2.6,1.5,3.4,12.7,14.3,2.0,2.0,1.5831776616671935,0.8500000000000001
9.52920425930377,7.95179377376823,8.0,4.780707510257234,5.2,3.2,3.1,3.188430505704375,11.069314718055994,12.1,3.548,3.0,2.6,1.5,3.4,5.9799999999999995,8.154050292959257,2.0,3.4336,1.9231632629539392,0.7368732050570261
9.00164637226244,7.62583711773458,8.0,4.650315655998486,3.6672000000000002,3.2,3.1,3.1102009082562994,7.237314718055995,9.168800000000001,1.564,3.0,2.6,1.5,3.4,3.8340799999999997,4.8344000000000005,2.0,2.0448,1.6318334746401733,0.7011531397886028
6.265505981826813,5.81200875309367,8.0,3.9240801731434303,2.044,3.2,3.1,2.6748821007424803,3.1793147180559944,2.676,2.332,3.0,2.6,1.5,3.4,1.5616,1.588,2.0,2.5824,1.8249660241322652,0.5158936341861905
9.8,9.49726727566933,8.0,5.398906455723827,10.0,3.2,3.1,3.559344146160639,11.069314718055994,12.1,3.868,3.0,2.6,1.5,3.4,12.7,14.3,2.0,3.6575999999999995,1.9396273975355576,0.8500000000000001
8.30818473845326,7.289816076304776,8.0,4.275801625525661,2.25616,3.2,3.1,2.8855558583131464,3.7097147180559946,3.5246399999999998,1.6280000000000001,3.7,2.0,1.5,3.4,1.858624,2.488141144010145,2.0,2.0896,1.6663553233343869,0.6000333416661061
5.292096413473008,5.203359623632126,8.0,3.678889830934488,2.0128,3.2,3.1,2.5288063096717104,3.1013147180559946,2.5512,1.756,3.0,2.6,1.5,3.4,1.51792,1.5256,2.0,2.1792,1.7150111363073666,0.4499856946622349
9.59235324066149,8.094347848392854,8.0,4.5977141752430235,3.2816,3.2,3.1,3.078643483614285,6.273314718055995,7.6264,1.692,3.7,2.6,1.5,3.4,3.2942400000000003,4.0632,2.0,2.1344,1.6931325494920921,0.6869822506697884
3.833407575382444,3.946573590279973,8.0,2.8,2.0,3.2,3.1,2.0831776616671935,3.0693147180559945,2.5,1.564,3.7,2.6,1.5,3.4,1.5,1.5,2.0,2.0448,1.6318334746401733,0.2970536379165196
8.731109371884866,7.5525364247493325,8.0,4.38094078277475,2.43344,3.2,3.1,2.94860874193984,4.152914718055994,4.23376,1.82,3.7,2.0,1.5,3.4,2.106816,2.8543862011947807,2.0,2.224,1.7335092178866376,0.6286688637213711
5.718530161214202,5.70133869093614,8.0,3.8796325403035503,2.0352,3.2,3.1,2.6483212858246734,3.1573147180559946,3.3407999999999998,1.5,3.0,2.6,1.5,3.4,1.54928,1.5704,2.7,2.0,1.5831776616671935,0.49240047966554495
6.897124521411307,6.3113681619749205,8.0,4.124281130352827,2.12,3.2,3.1,2.794728358873981,3.3693147180559944,2.98,1.5,3.0,2.6,1.5,3.4,1.668,1.74,2.0,2.0,1.5831776616671935,0.5586594728038907
9.6,9.17292164175985,8.0,5.269167787144394,10.0,3.2,3.1,3.4815011940223637,11.069314718055994,12.1,2.588,3.0,2.6,1.5,3.4,12.7,14.3,2.0,2.7616,1.8533326774999728,0.8500000000000001
6.111102366666305,5.945822105912885,8.0,3.9777755916665765,2.0576,3.2,3.1,2.7069973054190926,3.2133147180559947,3.4303999999999997,1.5,3.0,2.6,1.5,3.4,1.58064,1.87987508025332,2.7,2.0,1.5831776616671935,0.5189808894096977
4.82028135258812,3.3465735902799727,8.0,2.8,2.0,3.2,3.1,2.0831776616671935,3.0693147180559945,2.5,2.204,3.0,2.6,1.5,3.4,1.5,1.5,2.0,2.4928,1.8077939228953843,0.418039883248154
9.6,8.61916535603247,8.0,5.0476635104011445,10.0,3.2,3.1,3.348599685447793,11.069314718055994,12.1,2.588,3.0,2.6,1.5,3.4,12.7,14.3,2.0,2.7616,1.8533326774999728,0.8088027583743778
7.029517905093367,6.455213508687434,8.0,3.9414220529497754,2.048,3.2,3.1,2.685251242084984,3.1893147180559946,2.692,1.82,3.7,2.6,1.5,3.4,1.5672,1.596,2.0,2.224,1.7335092178866376,0.5134569414906967
8.347223160124376,7.217123135297656,8.0,4.486805790031093,2.7359999999999998,3.2,3.1,3.012109552471437,4.909314718055994,5.443999999999999,1.5,3.0,2.6,1.5,3.4,2.5304,2.9720000000000004,2.0,2.0,1.5831776616671935,0.6568432348000879
9.6,8.237261797350552,8.0,4.894899069462091,7.664,3.2,3.1,3.256942831364132,11.069314718055994,12.1,1.5,3.0,2.6,1.5,3.4,9.429599999999999,12.828000000000001,2.0,2.0,1.5831776616671935,0.7673684979793163
7.85313358695344,6.892028501319965,8.0,4.35672811924425,2.384,3.2,3.1,2.9340868403167915,4.0293147180559945,4.036,2.524,3.0,2.6,1.5,3.4,2.0376,2.268,2.0,2.7168,1.8468446109475396,0.6233892532833059
4.570857653363447,3.3465735902799727,8.0,2.8,2.0,3.2,3.1,2.0831776616671935,3.0693147180559945,2.5,2.012,3.0,2.6,1.5,3.4,1.5,1.5,2.0,2.3584,1.7763102111592854,0.4011518202798167
9.8,9.063774391912954,8.0,5.22550867507309,10.0,3.2,3.1,3.455305854059109,11.069314718055994,12.1,14.3,3.0,2.6,1.5,3.4,12.7,14.3,2.0,13.2,2.1828431345188872,0.8500000000000001
9.6,8.50393325763262,8.0,5.001569988859184,10.0,3.2,3.1,3.3209439818318285,11.069314718055994,12.1,1.5,3.0,2.6,1.5,3.4,12.7,14.3,2.0,2.0,1.5831776616671935,0.7962585386493624
9.6,9.0086048703464,8.0,5.203440740259565,10.0,3.2,3.1,3.4420651688831354,11.069314718055994,12.1,3.804,3.0,2.6,1.5,3.4,12.7,14.3,2.0,3.6128,1.9365103391671663,0.8500000000000001
8.974329309978,7.605270175989425,8.0,4.642088073395303,3.6,3.2,3.1,3.105264842237462,7.0693147180559945,8.899999999999999,2.46,3.0,2.6,1.5,3.4,3.7399999999999998,4.7,2.0,2.6719999999999997,1.839985601286746,0.6993035470297605
9.6,10.371998311769154,8.0,5.748799245677348,10.0,3.2,3.1,3.7692795948245967,11.069314718055994,12.1,14.3,3.0,2.6,1.5,3.4,12.7,14.3,2.0,13.2,2.165889130187426,0.8500000000000001
5.670077068185908,5.385342312232833,8.0,3.752434786959551,2.01856,3.2,3.1,2.57248215493588,3.1157147180559948,2.57424,2.076,3.0,2.6,1.5,3.4,1.525984,1.53712,2.0,2.4032,1.7877474327358045,0.4755781348250875
9.6,8.101833108158596,8.0,4.84072583626753,6.32,3.2,3.1,3.224439945958063,11.069314718055994,12.1,1.5,3.0,2.6,1.5,3.4,7.548,10.14,2.0,2.0,1.5831776616671935,0.7526965806557893
7.681121867666986,6.800950979937583,8.0,4.3202804669167465,2.32,3.2,3.1,2.9122282351850197,3.8693147180559944,3.7800000000000002,1.5,3.0,2.0,1.5,3.4,1.948,2.5483176934458,2.0,2.0,1.5831776616671935,0.6117426264566189
9.6,9.175869431225912,8.0,5.270346908042304,10.0,3.2,3.1,3.482208663494219,11.069314718055994,12.1,1.5,3.0,2.6,1.5,3.4,12.7,14.3,2.0,2.0,1.5831776616671935,0.8500000000000001
8.884072769005668,7.552601026926439,8.0,4.621018192251417,3.44,3.2,3.1,3.0926242464623455,6.669314718055994,8.26,1.5,3.0,2.6,1.5,3.4,3.516,4.380000000000001,2.0,2.0,1.5831776616671935,0.6931924270680921
9.6,8.668571242507928,8.0,5.067426112630351,10.0,3.2,3.1,3.360457098201903,11.069314718055994,12.1,2.7800000000000002,3.0,2.6,1.5,3.4,12.7,14.3,2.0,2.896,1.870925094402998,0.8141591108558881
5.3307512752896535,3.3465735902799727,8.0,2.8,2.0,3.2,3.1,2.0831776616671935,3.0693147180559945,2.5,2.8440000000000003,3.0,2.6,1.5,3.4,1.5,1.5,2.0,2.9408,1.876259305911498,0.45260295093107034
9.6,8.752381118149138,8.0,5.100950430856213,10.0,3.2,3.1,3.380571468355793,11.069314718055994,12.1,1.5,3.0,2.6,1.5,3.4,12.7,14.3,2.0,2.0,1.5831776616671935,0.8231740750235579
8.992308092413069,7.717680321876673,8.0,4.447019099451671,2.6032,3.2,3.1,2.9882432772504015,4.5773147180559945,4.912800000000001,1.756,3.7,2.6,1.5,3.4,2.34448,2.7064000000000004,2.0,2.1792,1.7150111363073666,0.6463541937571348
9.8,8.324815163874009,8.0,4.929921323572436,8.748000000000001,3.2,3.1,3.277955639329762,11.069314718055994,12.1,1.564,3.0,2.6,1.5,3.4,10.9472,14.3,2.0,2.0448,1.6318334746401733,0.7768601129238015
3.833407575382444,3.946573590279973,8.0,2.8,2.0,3.2,3.1,2.0831776616671935,3.0693147180559945,2.5,1.564,3.7,2.6,1.5,3.4,1.5,1.5,2.0,2.0448,1.6318334746401733,0.2970536379165196
5.963477837002806,3.946573590279973,8.0,2.8,2.0,3.2,3.1,2.0831776616671935,3.0693147180559945,2.5,2.588,3.7,2.6,1.5,3.4,1.5,1.5,2.0,2.7616,1.8533326774999728,0.4412771452137316
6.612240970190168,6.133600274270681,8.0,4.053060242547542,2.084,3.2,3.1,2.7520640658249635,3.2793147180559945,2.836,1.5,3.0,2.0,1.5,3.4,1.6176,2.144004082720864,2.0,2.0,1.5831776616671935,0.539370482356626
7.685109911818122,6.800950979937583,8.0,4.3202804669167465,2.32,3.2,3.1,2.9122282351850197,3.8693147180559944,3.7800000000000002,1.6280000000000001,3.0,2.6,1.5,3.4,1.948,2.14,2.0,2.0896,1.6663553233343869,0.612012650279352
9.6,8.05417246308151,8.0,4.821660837431491,5.9272,3.2,3.1,3.2130013911395623,11.069314718055994,12.1,1.884,3.0,2.6,1.5,3.4,6.99808,9.3544,2.0,2.2688,1.7495329850015804,0.7475993052804841
3.833407575382444,3.946573590279973,8.0,2.8,2.0,3.2,3.1,2.0831776616671935,3.0693147180559945,2.5,1.564,3.7,2.6,1.5,3.4,1.5,1.5,2.0,2.0448,1.6318334746401733,0.2970536379165196
8.005360676352293,7.003517006096704,8.0,4.401340169088074,2.48,3.2,3.1,2.960844081463209,4.269314718055995,4.42,1.5,3.0,2.0,1.5,3.4,2.1719999999999997,2.936004082720864,2.0,2.0,1.5831776616671935,0.6336962957946866
9.6,8.405893217240365,8.0,4.96235325476002,9.936,3.2,3.1,3.2974143721376876,11.069314718055994,12.1,4.764,3.0,2.6,1.5,3.4,12.610399999999998,14.3,2.0,4.2848,1.9764350296262547,0.7859150986666477
9.4853287496138,8.026975550757305,8.0,4.570761654995439,3.12,3.2,3.1,3.0624741321817535,5.869314718055994,6.9799999999999995,1.756,3.7,2.6,1.5,3.4,3.068,3.7399999999999998,2.0,2.1792,1.7150111363073666,0.6797358007551011
8.318006678776205,7.198866875689455,8.0,4.479501669694051,2.7096,3.2,3.1,3.0077280501654693,4.843314718055995,5.3384,1.5,3.0,2.6,1.5,3.4,2.49344,2.9192,2.0,2.0,1.5831776616671935,0.6548650355421389
8.313485360083952,7.194907131043204,8.0,4.477917413362218,2.7039999999999997,3.2,3.1,3.006777711450369,4.829314718055994,5.316,1.6280000000000001,3.0,2.6,1.5,3.4,2.4856,2.9080000000000004,2.0,2.0896,1.6663553233343869,0.6545589045890177
10.4,9.0295187291812,8.0,4.971803645629577,10.0,3.2,3.1,3.303084495003488,11.069314718055994,12.1,4.508,3.7,2.6,1.5,3.4,12.7,14.59602319375975,2.0,4.1056,1.9670184357732752,0.7884410561975994
9.6,8.703793585643858,8.0,5.081515212072357,10.0,3.2,3.1,3.3689104605545257,11.069314718055994,12.1,1.5,3.0,2.6,1.5,3.4,12.7,14.3,2.0,2.0,1.5831776616671935,0.8179103699362633
8.72152898110369,7.440014558734221,8.0,4.575977993534693,3.1496,3.2,3.1,3.065603494096213,5.943314718055995,7.0984,3.548,3.0,2.6,1.5,3.4,3.1094399999999998,4.188474384764392,2.0,3.4336,1.9231632629539392,0.6821868580955623
9.6,8.776125970880553,8.0,5.110448465469436,10.0,3.2,3.1,3.386270233011333,11.069314718055994,12.1,3.228,3.0,2.6,1.5,3.4,12.7,14.3,2.0,3.2096,1.9040754995983769,0.8258167195505055
9.6,9.955420368784301,8.0,5.5821679656990915,10.0,3.2,3.1,3.669300888508232,11.069314718055994,12.1,4.1240000000000006,3.0,2.6,1.5,3.4,12.7,14.3,2.0,3.8368,1.9513440138832274,0.8500000000000001
5.530123908588842,3.3465735902799727,8.0,2.8,2.0,3.2,3.1,2.0831776616671935,3.0693147180559945,2.5,3.228,3.0,2.6,1.5,3.4,1.5,1.5,2.0,3.2096,1.9040754995983769,0.4661021396440362
9.6,9.246012862066582,8.0,5.298404393527355,10.0,3.2,3.1,3.4990430868959796,11.069314718055994,12.1,3.9960000000000004,3.0,2.6,1.5,3.4,12.7,14.3,2.0,3.7472,1.9456286480045168,0.8500000000000001
9.542275860969362,8.057313063913568,8.0,4.582898342038268,3.19008,3.2,3.1,3.0697551353392565,6.044514718055995,7.26032,2.7800000000000002,3.7,2.6,1.5,3.4,3.166112,3.88016,2.0,2.896,1.870925094402998,0.6835915947531339
9.330557188428864,7.931684650786919,8.0,4.532639297107216,2.9256,3.2,3.1,3.0396043161888606,5.383314718055995,6.2024,1.5,3.7,2.6,1.5,3.4,2.79584,3.3512000000000004,2.0,2.0,1.5831776616671935,0.669256476299871
9.480238179217608,7.9231939802477775,8.0,4.769267004206364,5.02208,3.2,3.1,3.1815665552594665,10.624514718055993,12.1,2.46,3.0,2.6,1.5,3.4,5.730911999999999,7.544160000000001,2.0,2.6719999999999997,1.839985601286746,0.7335577933845256
9.6,8.104418811320658,8.0,4.84176015573877,6.3424,3.2,3.1,3.225060514716958,11.069314718055994,12.1,1.756,3.0,2.6,1.5,3.4,7.579359999999999,10.184800000000001,2.0,2.1792,1.7150111363073666,0.7530166091583297
9.914196206905153,8.29641429077473,8.0,4.678549051726288,3.92,3.2,3.1,3.127139429785935,7.869314718055994,10.18,1.5,3.7,2.6,1.5,3.4,4.188,5.34,2.0,2.0,1.5831776616671935,0.708773701509203
9.6,8.600898667993732,8.0,5.040356737250659,10.0,3.2,3.1,3.344215680318496,11.069314718055994,12.1,2.14,3.0,2.6,1.5,3.4,12.7,14.3,2.0,2.448,1.7981887979745599,0.8068002386782083
6.934956175216378,6.454876640822405,8.0,4.181750955863044,2.16,3.2,3.1,2.8291703937973773,3.4693147180559945,3.84,1.6280000000000001,3.0,2.6,1.5,3.4,1.724,1.82,2.7,2.0896,1.6663553233343869,0.5747626576969422
9.528410253978304,7.95179377376823,8.0,4.780707510257234,5.2,3.2,3.1,3.188430505704375,11.069314718055994,12.1,3.2920000000000003,3.0,2.6,1.5,3.4,5.9799999999999995,8.162910168964133,2.0,3.2544,1.9081436857994587,0.7368194442797811
10.323429786165356,8.55179377376823,8.0,4.780707510257234,5.2,3.2,3.1,3.188430505704375,11.069314718055994,12.1,1.692,3.7,2.6,1.5,3.4,5.9799999999999995,7.9,2.0,2.1344,1.6931325494920921,0.7364822251049459
9.6,8.766373849958658,8.0,5.106547579227984,10.0,3.2,3.1,3.383929723990078,11.069314718055994,12.1,1.6280000000000001,3.0,2.6,1.5,3.4,12.7,14.3,2.0,2.0896,1.6663553233343869,0.8246952795194047
5.370857653363447,5.468834809141684,8.0,3.5427144133408612,2.0064,3.2,3.1,2.448520354194004,3.0853147180559946,2.5256,1.5,3.7,2.6,1.5,3.4,1.50896,1.5128,2.0,2.0,1.5831776616671935,0.4011518202798167
9.522830041028936,7.95179377376823,8.0,4.780707510257234,5.2,3.2,3.1,3.188430505704375,11.069314718055994,12.1,1.5,3.0,2.6,1.5,3.4,5.9799999999999995,7.9,2.0,2.0,1.5831776616671935,0.7364416173613344
7.940476157688375,7.055873650125837,8.0,4.182150157592387,2.16032,3.2,3.1,2.8294096760302008,3.4701147180559944,3.14128,1.692,3.7,2.6,1.5,3.4,1.724448,1.82064,2.0,2.1344,1.6931325494920921,0.5751364065101503
7.479898963790669,6.6572764161620395,8.0,4.262777366326692,2.24,3.2,3.1,2.8777463398788896,3.6693147180559946,3.46,2.204,3.0,2.6,1.5,3.4,1.8359999999999999,1.98,2.0,2.4928,1.8077939228953843,0.59811815900666
8.817267626764085,7.605179794459891,8.0,4.402005505696347,2.4816,3.2,3.1,2.961243150670374,4.273314718055994,4.4264,1.948,3.7,2.6,1.5,3.4,2.17424,2.4632,2.0,2.3136,1.7636669492803463,0.6345024955621517
9.6,8.322736257589685,8.0,4.9290897413011745,8.719999999999999,3.2,3.1,3.277456701821525,11.069314718055994,12.1,1.5,3.0,2.6,1.5,3.4,10.908,14.3,2.0,2.0,1.5831776616671935,0.7766284716024014
6.178868081561905,5.855213508687434,8.0,3.9414220529497754,2.048,3.2,3.1,2.685251242084984,3.1893147180559946,2.692,1.564,3.0,2.0,1.5,3.4,1.5672,2.0640599637764896,2.0,2.0448,1.6318334746401733,0.510027526355754
9.8,8.23158024084805,8.0,4.892626382298393,7.6,3.2,3.1,3.2555792578035323,11.069314718055994,12.1,1.5,3.0,2.0,1.5,3.4,9.34,13.122343406603072,2.0,2.0,1.5831776616671935,0.7667529785391483
5.688699091338649,3.946573590279973,8.0,2.8,2.0,3.2,3.1,2.0831776616671935,3.0693147180559945,2.5,2.268,3.7,2.6,1.5,3.4,1.5,1.5,2.0,2.5376,1.816686879553831,0.4226723343093877
8.16391400816374,7.054876640822405,8.0,4.181750955863044,2.16,3.2,3.1,2.8291703937973773,3.4693147180559945,3.14,5.9159999999999995,3.7,2.6,1.5,3.4,1.724,2.141714811038365,2.0,5.091200000000001,2.011521585244958,0.5902650109694199
7.883118374817505,6.800950979937583,8.0,4.3202804669167465,2.32,3.2,3.1,2.9122282351850197,3.8693147180559944,3.7800000000000002,1.564,3.0,2.6,1.5,3.4,1.948,2.4255098631196508,2.0,2.0448,1.6318334746401733,0.6118778066282686
8.491054947846903,7.4009509799375826,8.0,4.3202804669167465,2.32,3.2,3.1,2.9122282351850197,3.8693147180559944,3.7800000000000002,1.82,3.7,2.6,1.5,3.4,1.948,2.14,2.0,2.224,1.7335092178866376,0.6124151787604675
9.6,8.409909141805151,8.0,4.963959656842057,10.0,3.2,3.1,3.2983781940332366,11.069314718055994,12.1,1.692,3.0,2.0,1.5,3.4,12.7,14.74831638301426,2.0,2.1344,1.6931325494920921,0.7860886542994818
9.293230835728142,7.807969402264791,8.0,4.723174428905778,4.4,3.2,3.1,3.15391265654355,9.069314718055994,12.1,1.6280000000000001,3.0,2.6,1.5,3.4,4.859999999999999,6.300000000000001,2.0,2.0896,1.6663553233343869,0.7208958378357595
9.6,8.620131679637417,8.0,5.048050044924994,10.0,3.2,3.1,3.3488316031129797,11.069314718055994,12.1,1.884,3.0,2.6,1.5,3.4,12.7,14.3,2.0,2.2688,1.7495329850015804,0.808868226909284
5.147189763588117,3.946573590279973,8.0,2.8,2.0,3.2,3.1,2.0831776616671935,3.0693147180559945,2.5,1.884,3.7,2.6,1.5,3.4,1.5,1.5,2.0,2.2688,1.7495329850015804,0.3860076402429454
8.972739800216067,7.605270175989425,8.0,4.642088073395303,3.6,3.2,3.1,3.105264842237462,7.0693147180559945,8.899999999999999,2.204,3.0,2.6,1.5,3.4,3.7399999999999998,4.7,2.0,2.4928,1.8077939228953843,0.6991959239729628
9.6,10.07667057865363,8.0,5.630668088798179,10.0,3.2,3.1,3.698400938876871,11.069314718055994,12.1,2.7800000000000002,3.0,2.6,1.5,3.4,12.7,14.3,2.0,2.896,1.870925094402998,0.8500000000000001
9.722830041028937,7.95179377376823,8.0,4.780707510257234,5.2,3.2,3.1,3.188430505704375,11.069314718055994,12.1,1.5,3.0,2.6,1.5,3.4,5.9799999999999995,7.9,2.0,2.0,1.5831776616671935,0.7364416173613344
9.6,8.719596403496357,8.0,5.087836408349017,10.0,3.2,3.1,3.3727031368391254,11.069314718055994,12.1,3.1,3.0,2.6,1.5,3.4,12.7,14.3,2.0,3.12,1.8955004239205195,0.8196952016855408
8.435439687085788,7.147274757571839,8.0,4.458859921771447,2.64,3.2,3.1,2.9953459418172415,4.669314718055994,5.0600000000000005,1.5,3.0,2.6,1.5,3.4,2.396,3.095758073484112,2.0,2.0,1.5831776616671935,0.6492745621464335
2.4000000000000004,3.946573590279973,8.0,2.8,2.0,3.2,3.1,2.0831776616671935,3.0693147180559945,2.5,1.5,3.7,2.6,1.5,3.4,1.5,1.5,2.0,2.0,1.5831776616671935,0.2
7.346738420584572,6.454876640822405,8.0,4.181750955863044,2.16,3.2,3.1,2.8291703937973773,3.4693147180559945,3.14,1.82,3.0,2.6,1.5,3.4,1.724,2.079586752587309,2.0,2.224,1.7335092178866376,0.5755604138937471
9.8,9.276851908783485,8.0,5.310740057152793,10.0,3.2,3.1,3.506444458108036,11.069314718055994,12.1,1.692,3.0,2.0,1.5,3.4,12.7,14.709967669854931,2.0,2.1344,1.6931325494920921,0.8500000000000001
8.473246618697235,7.294477778821564,8.0,4.517753877981092,2.8592,3.2,3.1,3.030674666917175,5.217314718055994,5.9368,1.692,3.0,2.6,1.5,3.4,2.70288,3.2184,2.0,2.1344,1.6931325494920921,0.6653760731409587
8.884072769005668,7.552601026926439,8.0,4.621018192251417,3.44,3.2,3.1,3.0926242464623455,6.669314718055994,8.26,1.5,3.0,2.6,1.5,3.4,3.516,4.380000000000001,2.0,2.0,1.5831776616671935,0.6931924270680921
4.206477230417185,3.3465735902799727,8.0,2.8,2.0,3.2,3.1,2.0831776616671935,3.0693147180559945,2.5,1.82,3.0,2.6,1.5,3.4,1.5,1.5,2.0,2.224,1.7335092178866376,0.3764802291428303
9.6,8.136265347005162,8.0,4.854499224726736,6.628,3.2,3.1,3.232703683281239,11.069314718055994,12.1,2.012,3.0,2.6,1.5,3.4,7.9792,10.756,2.0,2.3584,1.7763102111592854,0.7565017253987101
8.518727724341018,7.169152865678282,8.0,4.46761330510376,2.66864,3.2,3.1,3.000596687762788,4.740914718055994,5.17456,4.828,3.0,2.6,1.5,3.4,2.436096,2.83728,2.0,4.329599999999999,1.9786780855877129,0.6549138563355896
9.799074548682304,7.99944431864969,8.0,4.799768637170576,5.52,3.2,3.1,3.1998666364759254,11.069314718055994,12.1,1.5,3.0,2.6,1.5,3.4,6.428,8.540000000000001,2.0,2.0,1.5831776616671935,0.7416040059003643
9.8,8.154509662544417,8.0,4.861797198684417,6.8,3.2,3.1,3.23708231901066,11.069314718055994,12.1,1.756,3.0,2.6,1.5,3.4,8.219999999999999,11.299858025915448,2.0,2.1792,1.7150111363073666,0.7584395058535889
10.4,9.687505081664177,8.0,5.235001001113056,10.0,3.2,3.1,3.4610012195994027,11.069314718055994,12.1,12.892000000000001,3.7,2.6,1.5,3.4,12.7,14.693887241160592,2.0,9.9744,2.1231548221068253,0.8500000000000001
5.609739147838205,5.385342312232833,8.0,3.752434786959551,2.01856,3.2,3.1,2.57248215493588,3.1157147180559948,2.57424,1.5,3.0,2.0,1.5,3.4,1.525984,2.0132394268204368,2.0,2.0,1.5831776616671935,0.4579510881348785
9.496422117135742,7.807969402264791,8.0,4.723174428905778,4.4,3.2,3.1,3.15391265654355,9.069314718055994,12.1,2.396,3.0,2.6,1.5,3.4,4.859999999999999,6.300000000000001,2.0,2.6272,1.8327106466687737,0.7211119141810658
9.8,8.628642274031622,8.0,5.051454327018045,10.0,3.2,3.1,3.3508741457675892,11.069314718055994,12.1,4.1240000000000006,3.0,2.6,1.5,3.4,12.7,14.3,2.0,3.8368,1.9513440138832274,0.8099120795110268
9.6,8.941906465418008,8.0,5.1767612059192425,10.0,3.2,3.1,3.426057551700322,11.069314718055994,12.1,3.7399999999999998,3.0,2.6,1.5,3.4,12.7,14.3,2.0,3.568,1.9333101495173068,0.843771538692828
9.8,8.501066586991014,8.0,5.0004233015464035,10.0,3.2,3.1,3.3202559808778433,11.069314718055994,12.1,2.588,3.0,2.6,1.5,3.4,12.7,14.3,2.0,2.7616,1.8533326774999728,0.7960246580326926
9.8,8.501066586991014,8.0,5.0004233015464035,10.0,3.2,3.1,3.3202559808778433,11.069314718055994,12.1,2.7800000000000002,3.0,2.6,1.5,3.4,12.7,14.3,2.0,2.896,1.870925094402998,0.7960381786298323
9.8,8.882277699514754,8.0,5.152909524735009,10.0,3.2,3.1,3.411746647883541,11.069314718055994,12.1,3.2920000000000003,3.0,2.6,1.5,3.4,12.7,14.3,2.0,3.2544,1.9081436857994587,0.8373052608804976
9.6,8.657377487360959,8.0,5.062948556589054,10.0,3.2,3.1,3.3577705969666303,11.069314718055994,12.1,5.212,3.0,2.0,1.5,3.4,12.7,14.716671014829315,2.0,4.5984,1.991321347466652,0.8130730766363474
9.6,8.501066586991014,8.0,5.0004233015464035,10.0,3.2,3.1,3.3202559808778433,11.069314718055994,12.1,2.524,3.0,2.6,1.5,3.4,12.7,14.3,2.0,2.7168,1.8468446109475396,0.7960201504168998
9.8,8.357231106104638,8.0,4.942887998145554,9.2,3.2,3.1,3.2857354654651134,11.069314718055994,12.1,2.716,3.0,2.6,1.5,3.4,11.58,14.3,2.0,2.8512,1.8653426925268106,0.7804797282787432
9.6,9.683831431622615,8.0,5.473532259660735,10.0,3.2,3.1,3.6041195435894275,11.069314718055994,12.1,3.9320000000000004,3.0,2.6,1.5,3.4,12.7,14.3,2.0,3.7024,1.9426655344936723,0.8500000000000001
8.05151970704359,6.892028501319965,8.0,4.35672811924425,2.384,3.2,3.1,2.9340868403167915,4.0293147180559945,4.036,2.46,3.0,2.6,1.5,3.4,2.0376,2.268,2.0,2.6719999999999997,1.839985601286746,0.6232799801644098
9.6,8.501066586991014,8.0,5.0004233015464035,10.0,3.2,3.1,3.3202559808778433,11.069314718055994,12.1,2.076,3.0,2.6,1.5,3.4,12.7,14.3,2.0,2.4032,1.7877474327358045,0.7959885865988243
8.800287845750603,7.500241582493854,8.0,4.600071961437651,3.2968,3.2,3.1,3.080057979798525,6.3113147180559945,7.6872,1.5,3.0,2.6,1.5,3.4,3.31552,4.0936,2.0,2.0,1.5831776616671935,0.6875194895560304
8.941178641971685,7.588288370911687,8.0,4.635294660492921,3.54656,3.2,3.1,3.1011892090188047,6.935714718055995,8.68624,1.5,3.0,2.6,1.5,3.4,3.6651839999999996,4.894822062339582,2.0,2.0,1.5831776616671935,0.6970589705501662
8.072727857663988,7.145871057547576,8.0,4.218181964415996,2.192,3.2,3.1,2.8510090538114183,3.5493147180559945,3.268,1.5,3.7,2.6,1.5,3.4,1.7688,1.884,2.0,2.0,1.5831776616671935,0.5840909486959991
9.776628503870178,8.209699608232265,8.0,4.643860022669531,3.6142399999999997,3.2,3.1,3.1063279059757436,7.104914718055994,8.956959999999999,1.692,3.7,2.6,1.5,3.4,3.7599359999999997,4.728479999999999,2.0,2.1344,1.6931325494920921,0.6994592216162099
5.115559323737951,3.3465735902799727,8.0,2.8,2.0,3.2,3.1,2.0831776616671935,3.0693147180559945,2.5,2.524,3.0,2.6,1.5,3.4,1.5,1.5,2.0,2.7168,1.8468446109475396,0.43803266254475715
8.174382562520586,7.086364552432736,8.0,4.434489363668556,2.56656,3.2,3.1,2.9807274925838563,4.485714718055995,4.76624,3.612,3.0,2.6,1.5,3.4,2.293184,2.63312,2.0,3.4783999999999997,1.9266417673787295,0.645140486003998
9.2235945845316,7.63250896663344,8.0,4.652984649949294,3.6896,3.2,3.1,3.1118021519920256,7.293314718055995,9.258399999999998,3.484,3.0,2.6,1.5,3.4,3.86544,4.879200000000001,2.0,3.3888,1.9195809073759775,0.7026392166609938
5.40868760521348,3.3465735902799727,8.0,2.8,2.0,3.2,3.1,2.0831776616671935,3.0693147180559945,2.5,2.652,3.0,2.6,1.5,3.4,1.5,1.5,2.0,2.8064,1.8594878728264788,0.4443382232696627
9.8,9.050361620460865,8.0,5.220143537082494,10.0,3.2,3.1,3.4520867889106075,11.069314718055994,12.1,1.5,3.0,2.6,1.5,3.4,12.7,14.3,2.0,2.0,1.5831776616671935,0.8500000000000001
10.36033507777645,8.574994693093775,8.0,4.789988331381602,5.352,3.2,3.1,3.193998726342506,11.069314718055994,12.1,1.6280000000000001,3.7,2.6,1.5,3.4,6.192799999999999,8.204,2.0,2.0896,1.6663553233343869,0.7389810208911138
6.020362351305426,5.764714543755712,8.0,3.905090587826357,2.04,3.2,3.1,2.663531490501371,3.1693147180559946,2.66,1.5,3.0,2.6,1.5,3.4,1.556,1.58,2.0,2.0,1.5831776616671935,0.49929536753630493
7.302154959477919,6.5395921973048345,8.0,4.215668315911534,2.1896,3.2,3.1,2.84950212735316,3.5433147180559947,3.2584,2.268,3.0,2.6,1.5,3.4,1.76544,1.8792,2.0,2.5376,1.816686879553831,0.5860834087146507
3.0334075753824443,3.3465735902799727,8.0,2.8,2.0,3.2,3.1,2.0831776616671935,3.0693147180559945,2.5,1.564,3.0,2.6,1.5,3.4,1.5,1.5,2.0,2.0448,1.6318334746401733,0.2970536379165196
9.8,9.128862687656541,8.0,5.251544125401764,10.0,3.2,3.1,3.4709270450375698,11.069314718055994,12.1,1.5,3.0,2.6,1.5,3.4,12.7,14.3,2.0,2.0,1.5831776616671935,0.8500000000000001
6.0920964134730085,3.946573590279973,8.0,2.8,2.0,3.2,3.1,2.0831776616671935,3.0693147180559945,2.5,2.7800000000000002,3.7,2.0,1.5,3.4,1.5,1.9740901646503093,2.0,2.896,1.870925094402998,0.4499856946622349
9.80890283104663,8.221016409354336,8.0,4.648387186713187,3.6512000000000002,3.2,3.1,3.1090439382450406,7.197314718055995,9.1048,4.0600000000000005,3.7,2.0,1.5,3.4,3.81168,5.2727484034572285,2.0,3.792,1.9485203541940042,0.7016444625187823
8.633664725539214,7.258796555718782,8.0,4.5034786342837805,2.8,3.2,3.1,3.0221111733725077,5.0693147180559945,5.699999999999999,3.1,3.0,2.6,1.5,3.4,2.62,3.365731735132913,2.0,3.12,1.8955004239205195,0.662696049125051
6.59688541238525,6.109300059845864,8.0,4.043321220216973,2.08,3.2,3.1,2.7462320143630077,3.2693147180559947,2.82,1.692,3.0,2.6,1.5,3.4,1.612,1.6600000000000001,2.0,2.1344,1.6931325494920921,0.5383307831302513
9.02132631163431,7.511583532225602,8.0,4.604609294711134,3.3265599999999997,3.2,3.1,3.0827800477341443,6.385714718055994,7.80624,1.884,3.0,2.6,1.5,3.4,3.3571839999999997,4.1531199999999995,2.0,2.2688,1.7495329850015804,0.6889439690169064
9.6,8.47405936366886,8.0,4.989620227221039,10.0,3.2,3.1,3.3137742472805267,11.069314718055994,12.1,1.6280000000000001,3.0,2.6,1.5,3.4,12.7,14.3,2.0,2.0896,1.6663553233343869,0.793031672702448
9.8,8.148271320283804,8.0,4.8593017780839896,6.74048,3.2,3.1,3.2355851168681133,11.069314718055994,12.1,2.076,3.0,2.6,1.5,3.4,8.136671999999999,10.980960000000001,2.0,2.4032,1.7877474327358045,0.7578097698609985
9.4,9.10053507695369,8.0,5.240213025763926,10.0,3.2,3.1,3.464128418468886,11.069314718055994,12.799999999999999,1.5,3.0,2.6,1.5,3.4,12.7,14.554595457424764,2.7,2.0,1.5831776616671935,0.8500000000000001
9.6,8.357231106104638,8.0,4.942887998145554,9.2,3.2,3.1,3.2857354654651134,11.069314718055994,12.1,1.884,3.0,2.6,1.5,3.4,11.58,14.67254559955286,2.0,2.2688,1.7495329850015804,0.7804015977752587
9.8,8.676683427640565,8.0,5.070671025056449,10.0,3.2,3.1,3.3624040226337355,11.069314718055994,12.1,1.5,3.0,2.6,1.5,3.4,12.7,14.3,2.0,2.0,1.5831776616671935,0.8149734026194548
9.8,9.787993034346187,8.0,5.515196959609352,10.0,3.2,3.1,3.629118328243085,11.069314718055994,12.1,2.652,3.0,2.6,1.5,3.4,12.7,14.3,2.0,2.8064,1.8594878728264788,0.8500000000000001
5.469025525561182,3.3465735902799727,8.0,2.8,2.0,3.2,3.1,2.0831776616671935,3.0693147180559945,2.5,3.1,3.0,2.6,1.5,3.4,1.5,1.5,2.0,3.12,1.8955004239205195,0.46196526995987175
9.6,11.216813977612818,8.0,6.086725576457116,10.0,3.2,3.1,3.972035354627076,11.069314718055994,12.1,14.3,3.0,2.0,1.5,3.4,12.7,14.712936124390524,2.0,13.2,2.182437042760778,0.8500000000000001
8.919282450003994,7.552601026926439,8.0,4.621018192251417,3.44,3.2,3.1,3.0926242464623455,6.669314718055994,8.26,6.684000000000001,3.0,2.6,1.5,3.4,3.516,4.7712468329200135,2.0,5.6288,2.0302608729355915,0.6955764158856872
7.2727278576639875,6.454876640822405,8.0,4.181750955863044,2.16,3.2,3.1,2.8291703937973773,3.4693147180559945,3.14,4.0600000000000005,3.0,2.6,1.5,3.4,1.724,1.82,2.0,3.792,1.9485203541940042,0.5840909486959991
9.8,10.201926867325824,8.0,5.680770635881005,10.0,3.2,3.1,3.7284624481581976,11.069314718055994,12.1,14.3,3.0,2.6,1.5,3.4,12.7,14.618953785228864,2.0,13.2,2.1947952205076704,0.8500000000000001
8.607349950806237,7.4305281911809145,8.0,4.332117092340651,2.33952,3.2,3.1,2.9193267658834197,3.9181147180559943,3.85808,4.316000000000001,3.7,2.0,1.5,3.4,1.975328,2.620483015667214,2.0,3.9711999999999996,1.9594369675786913,0.620289319585839
6.787837546792524,6.254133848700603,8.0,3.860660981611815,2.032,3.2,3.1,2.6369921236881444,3.1493147180559946,2.628,2.012,3.7,2.6,1.5,3.4,1.5448,1.871577811929234,2.0,2.3584,1.7763102111592854,0.4970931672307438
9.639656351293084,7.899119070908515,8.0,4.759636518178141,4.88,3.2,3.1,3.175788577018044,10.269314718055993,12.1,1.82,3.0,2.0,1.5,3.4,5.532,7.676054140213416,2.0,2.224,1.7335092178866376,0.7308100654521359
4.347189763588117,3.3465735902799727,8.0,2.8,2.0,3.2,3.1,2.0831776616671935,3.0693147180559945,2.5,1.884,3.0,2.6,1.5,3.4,1.5,1.5,2.0,2.2688,1.7495329850015804,0.3860076402429454
9.8,8.078133786489321,8.0,4.831245748057856,6.12,3.2,3.1,3.218752108757437,11.069314718055994,12.1,1.5,3.0,2.6,1.5,3.4,7.268,9.74,2.0,2.0,1.5831776616671935,0.7501290567656693
6.1656882117991,5.855213508687434,8.0,3.9414220529497754,2.048,3.2,3.1,2.685251242084984,3.1893147180559946,2.692,1.5,3.0,2.6,1.5,3.4,1.5672,1.596,2.0,2.0,1.5831776616671935,0.5091351393405641
9.6,8.063355550325255,8.0,4.825334220610071,6.0,3.2,3.1,3.215205332078061,11.069314718055994,12.1,1.6280000000000001,3.0,2.6,1.5,3.4,7.1,9.5,2.0,2.0896,1.6663553233343869,0.7485496795500974
8.789857450280099,7.49372339470859,8.0,4.597464362570025,3.2800000000000002,3.2,3.1,3.0784936147300614,6.269314718055995,7.62,1.5,3.0,2.6,1.5,3.4,3.292,4.312837071471492,2.0,2.0,1.5831776616671935,0.6868132648627151
9.615828008204101,8.109650462281254,8.0,4.6038359733030045,3.32144,3.2,3.1,3.0823161109475006,6.372914718055994,7.78576,1.564,3.7,2.6,1.5,3.4,3.350016,4.14288,2.0,2.0448,1.6318334746401733,0.688571688055486
8.72553239094287,7.550873759260072,8.0,4.380275470758523,2.432,3.2,3.1,2.9482097022224174,4.149314718055995,4.228,1.692,3.7,2.6,1.5,3.4,2.1048,2.364,2.0,2.1344,1.6931325494920921,0.6282912556367568
9.063919434396581,7.751008904875602,8.0,4.460353952623433,2.6448,3.2,3.1,2.996242137170144,4.681314718055995,5.0792,2.9720000000000004,3.7,2.0,1.5,3.4,2.40272,3.2326914886282783,2.0,3.0304,1.886265098984184,0.6512028783706018
5.210143901633052,3.3465735902799727,8.0,2.8,2.0,3.2,3.1,2.0831776616671935,3.0693147180559945,2.5,2.396,3.0,2.6,1.5,3.4,1.5,1.5,2.0,2.6272,1.8327106466687737,0.4308951600064046
10.227132333916227,8.490716453264412,8.0,4.7562752828282315,4.832,3.2,3.1,3.173771948783459,10.149314718055994,12.1,2.076,3.7,2.6,1.5,3.4,5.464799999999999,7.164000000000001,2.0,2.4032,1.7877474327358045,0.7299620851089113
8.487096503353008,7.4009509799375826,8.0,4.3202804669167465,2.32,3.2,3.1,2.9122282351850197,3.8693147180559944,3.7800000000000002,1.692,3.7,2.6,1.5,3.4,1.948,2.14,2.0,2.1344,1.6931325494920921,0.6121471590811933
10.4,9.14108665881759,8.0,5.016431586674963,10.0,3.2,3.1,3.3298607981162216,11.069314718055994,12.1,5.212,3.7,2.6,1.5,3.4,12.7,14.3,2.0,4.5984,1.991321347466652,0.8005246801853323
5.810143901633053,5.575621859290713,8.0,3.586365126544865,2.008,3.2,3.1,2.4741492462297714,3.0893147180559946,2.532,1.756,3.7,2.6,1.5,3.4,1.5112,1.516,2.0,2.1792,1.7150111363073666,0.4308951600064046
7.373284880867892,6.709300059845864,8.0,4.043321220216973,2.08,3.2,3.1,2.7462320143630077,3.2693147180559947,2.82,1.5,3.7,2.6,1.5,3.4,1.612,1.6600000000000001,2.0,2.0,1.5831776616671935,0.5367328304754302
9.6,8.357741933467228,8.0,4.943092333628857,9.207360000000001,3.2,3.1,3.2858580640321344,11.069314718055994,12.1,2.8440000000000003,3.0,2.6,1.5,3.4,11.590304,14.3,2.0,2.9408,1.876259305911498,0.780546950460346
9.95828807138792,8.323575057027103,8.0,4.689414239359782,4.027200000000001,3.2,3.1,3.133658013686505,8.137314718055993,10.6088,1.6280000000000001,3.7,2.6,1.5,3.4,4.33808,5.5544,2.0,2.0896,1.6663553233343869,0.7117590881668903
8.2850239012406,7.257276416162039,8.0,4.262777366326692,2.24,3.2,3.1,2.8777463398788896,3.6693147180559946,3.46,2.332,3.7,2.6,1.5,3.4,1.8359999999999999,1.98,2.0,2.5824,1.8249660241322652,0.5984651599798323
9.6,9.19586307261605,8.0,5.278344398483361,10.0,3.2,3.1,3.487007137427852,11.069314718055994,12.1,8.668000000000001,3.0,2.6,1.5,3.4,12.7,14.438817607441674,2.0,7.0176,2.0683438138073393,0.8500000000000001
8.022503247545407,7.003517006096704,8.0,4.401340169088074,2.48,3.2,3.1,2.960844081463209,4.269314718055995,4.42,2.332,3.0,2.6,1.5,3.4,2.1719999999999997,2.53312562774253,2.0,2.5824,1.8249660241322652,0.6348569907192203
9.8,8.387411379304211,8.0,4.9549603677525615,9.648,3.2,3.1,3.2929787310330103,11.069314718055994,12.1,1.5,3.0,2.6,1.5,3.4,12.207199999999998,14.3,2.0,2.0,1.5831776616671935,0.7836350995996522
5.86512349198757,5.477913528800631,8.0,3.7897519780756337,2.0224,3.2,3.1,2.5946992469121515,3.1253147180559946,2.5896,1.756,3.0,2.6,1.5,3.4,1.53136,1.5448,2.0,2.1792,1.7150111363073666,0.47524273643665843
10.4,8.642946219595693,8.0,4.817170155025743,5.84,3.2,3.1,3.2103070927029664,11.069314718055994,12.1,3.164,3.7,2.6,1.5,3.4,6.8759999999999994,9.18,2.0,3.1647999999999996,1.8998645412210244,0.746609515830545
9.6,9.683553577525647,8.0,5.473421117847969,10.0,3.2,3.1,3.6040528586061553,11.069314718055994,12.1,14.3,3.0,2.6,1.5,3.4,12.7,14.673178672569762,2.0,13.2,2.1761747523803097,0.8500000000000001
8.006692456250336,7.003517006096704,8.0,4.401340169088074,2.48,3.2,3.1,2.960844081463209,4.269314718055995,4.42,1.564,3.0,2.6,1.5,3.4,2.1719999999999997,2.46,2.0,2.0448,1.6318334746401733,0.6337864683919499
7.891054947846903,6.800950979937583,8.0,4.3202804669167465,2.32,3.2,3.1,2.9122282351850197,3.8693147180559944,3.7800000000000002,1.82,3.0,2.6,1.5,3.4,1.948,2.14,2.0,2.224,1.7335092178866376,0.6124151787604675
8.005360676352293,7.003517006096704,8.0,4.401340169088074,2.48,3.2,3.1,2.960844081463209,4.269314718055995,4.42,1.5,3.0,2.6,1.5,3.4,2.1719999999999997,2.8374378137083034,2.0,2.0,1.5831776616671935,0.6336962957946866
9.6,9.043776857084477,8.0,5.217509617002435,10.0,3.2,3.1,3.4505064457002743,11.069314718055994,12.1,11.740000000000002,3.0,2.6,1.5,3.4,12.7,14.3,2.0,9.168,2.110511560227886,0.8500000000000001
9.239504589362484,7.773477727768571,8.0,4.709376806923585,4.24,3.2,3.1,3.145634654664457,8.669314718055993,11.459999999999999,1.948,3.0,2.6,1.5,3.4,4.636,5.9799999999999995,2.0,2.3136,1.7636669492803463,0.7172581232380848
9.6,10.149494311443512,8.0,5.659797601250374,10.0,3.2,3.1,3.715878634746443,11.069314718055994,12.1,11.036,3.0,2.6,1.5,3.4,12.7,14.681602655067266,2.0,8.6752,2.102073580417791,0.8500000000000001
5.915559323737952,3.946573590279973,8.0,2.8,2.0,3.2,3.1,2.0831776616671935,3.0693147180559945,2.5,2.524,3.7,2.6,1.5,3.4,1.5,1.5,2.0,2.7168,1.8468446109475396,0.43803266254475715
6.395169141845255,5.998226044309511,8.0,3.998792285461314,2.064,3.2,3.1,2.719574250634283,3.2293147180559947,2.7560000000000002,1.5,3.0,2.0,1.5,3.4,1.5896,2.091783632099051,2.0,2.0,1.5831776616671935,0.5246729106457726
5.530751275289654,5.312486406642135,8.0,3.7230241033682523,2.016,3.2,3.1,2.5549967375941125,3.1093147180559946,2.564,1.564,3.0,2.0,1.5,3.4,1.5224,1.9994822123598208,2.0,2.0448,1.6318334746401733,0.45260295093107034
8.185952126776268,7.115022155063057,8.0,4.445955550016377,2.6,3.2,3.1,2.9876053172151336,4.5693147180559945,4.9,1.6280000000000001,3.0,2.6,1.5,3.4,2.34,2.7,2.0,2.0896,1.6663553233343869,0.6459238419171432
9.6,8.687055786526592,8.0,5.074820016776919,10.0,3.2,3.1,3.364893388766382,11.069314718055994,12.1,3.228,3.0,2.6,1.5,3.4,12.7,14.645330712982485,2.0,3.2096,1.9040754995983769,0.8161810378166812
9.6,8.758568292870846,8.0,5.103425325542955,10.0,3.2,3.1,3.3820563902890033,11.069314718055994,12.1,4.892,3.0,2.6,1.5,3.4,12.7,14.599201673917701,2.0,4.3744,1.9808799822278966,0.8239871106207493
9.6,8.756472732385117,8.0,5.102587092984046,10.0,3.2,3.1,3.3815534557724276,11.069314718055994,12.1,1.5,3.0,2.6,1.5,3.4,12.7,14.3,2.0,2.0,1.5831776616671935,0.8236173376831792
9.224245464449297,7.861786399190138,8.0,4.504674810098264,2.8048,3.2,3.1,3.0228287358056334,5.081314718055995,5.7192,1.948,3.7,2.0,1.5,3.4,2.6267199999999997,3.579043077323964,2.0,2.3136,1.7636669492803463,0.6620582866554212
5.2086876052134805,3.3465735902799727,8.0,2.8,2.0,3.2,3.1,2.0831776616671935,3.0693147180559945,2.5,2.652,3.0,2.6,1.5,3.4,1.5,1.5,2.0,2.8064,1.8594878728264788,0.4443382232696627
4.945460506179461,3.3465735902799727,8.0,2.8,2.0,3.2,3.1,2.0831776616671935,3.0693147180559945,2.5,2.14,3.0,2.0,1.5,3.4,1.5,1.9479846509504235,2.0,2.448,1.7981887979745599,0.4129738884392343
9.262329541160755,7.865449419236175,8.0,4.506140308288206,2.81072,3.2,3.1,3.023707860616682,5.096114718055994,5.7428799999999995,4.636,3.7,2.0,1.5,3.4,2.635008,3.564107370263824,2.0,4.1952,1.971819075926919,0.6646368960160928
6.0920964134730085,3.946573590279973,8.0,2.8,2.0,3.2,3.1,2.0831776616671935,3.0693147180559945,2.5,2.7800000000000002,3.7,2.6,1.5,3.4,1.5,1.5,2.0,2.896,1.870925094402998,0.4499856946622349
9.8,10.134064785832862,8.0,5.653625787141029,10.0,3.2,3.1,3.7121755485998866,11.069314718055994,12.1,14.3,3.0,2.0,1.5,3.4,12.7,14.74563825146816,2.0,12.662399999999998,2.157676670801039,0.8500000000000001
5.66512349198757,3.3465735902799727,8.0,2.8,2.0,3.2,3.1,2.0831776616671935,3.0693147180559945,2.5,3.548,3.0,2.6,1.5,3.4,1.5,1.5,2.0,3.4336,1.9231632629539392,0.47524273643665843
8.128643136763731,7.080544756422898,8.0,4.432160784190933,2.56,3.2,3.1,2.979330741541496,4.469314718055995,4.74,1.5,3.0,2.6,1.5,3.4,2.284,2.62,2.0,2.0,1.5831776616671935,0.6420435457183777
9.722830041028937,7.95179377376823,8.0,4.780707510257234,5.2,3.2,3.1,3.188430505704375,11.069314718055994,12.1,1.5,3.0,2.6,1.5,3.4,5.9799999999999995,7.9,2.0,2.0,1.5831776616671935,0.7364416173613344
8.173086665908924,7.108314246566722,8.0,4.443271666477231,2.592,3.2,3.1,2.985995419176013,4.549314718055995,4.868,1.5,3.0,2.0,1.5,3.4,2.3287999999999998,3.093411745596625,2.0,2.0,1.5831776616671935,0.6450527430042501
9.6,8.911864091706361,8.0,5.164744170960291,10.0,3.2,3.1,3.4188473820095266,11.069314718055994,12.1,2.268,3.0,2.0,1.5,3.4,12.7,14.712150787284271,2.0,2.5376,1.816686879553831,0.8404753591405463
9.6,8.950476373716688,8.0,5.180189192694404,10.0,3.2,3.1,3.428114329692005,11.069314718055994,12.1,1.5,3.0,2.6,1.5,3.4,12.7,14.3,2.0,2.0,1.5831776616671935,0.8446345730214011
8.076722826368881,7.041201126963122,8.0,4.416418655635677,2.5176,3.2,3.1,2.969888270471149,4.363314718055995,4.570399999999999,2.076,3.0,2.6,1.5,3.4,2.22464,2.5352,2.0,2.4032,1.7877474327358045,0.6385281080353931
9.8,8.855896358511822,8.0,5.142356904080622,10.0,3.2,3.1,3.405415126042837,11.069314718055994,12.1,2.012,3.0,2.6,1.5,3.4,12.7,14.3,2.0,2.3584,1.7763102111592854,0.8344060846950547
9.8,8.328653206314403,8.0,4.9314565768094925,8.8,3.2,3.1,3.2788767695154566,11.069314718055994,12.1,2.9720000000000004,3.0,2.6,1.5,3.4,11.02,14.3,2.0,3.0304,1.886265098984184,0.7774158567989953
9.8,8.52489708353345,8.0,5.0099556553041955,10.0,3.2,3.1,3.325975300048028,11.069314718055994,12.1,2.076,3.0,2.6,1.5,3.4,12.7,14.3,2.0,2.4032,1.7877474327358045,0.7985683763161273
7.064699387716944,6.391096028003396,8.0,4.156211525187236,2.1408,3.2,3.1,2.8138630467208148,3.4213147180559944,3.0632,2.076,3.0,2.6,1.5,3.4,1.69712,1.7816,2.0,2.4032,1.7877474327358045,0.5700056877100015
8.210674545109338,7.003517006096704,8.0,4.401340169088074,2.48,3.2,3.1,2.960844081463209,4.269314718055995,4.42,1.756,3.0,2.6,1.5,3.4,2.1719999999999997,2.810805060126144,2.0,2.1792,1.7150111363073666,0.6340560889917781
7.883118374817505,6.800950979937583,8.0,4.3202804669167465,2.32,3.2,3.1,2.9122282351850197,3.8693147180559944,3.7800000000000002,1.564,3.0,2.0,1.5,3.4,1.948,2.62341664045001,2.0,2.0448,1.6318334746401733,0.6118778066282686
7.453769926687871,6.6572764161620395,8.0,4.262777366326692,2.24,3.2,3.1,2.8777463398788896,3.6693147180559946,3.46,1.564,3.0,2.6,1.5,3.4,1.8359999999999999,1.98,2.0,2.0448,1.6318334746401733,0.5963490054528247
8.115046381417187,7.070594896728846,8.0,4.428179692121571,2.54896,3.2,3.1,2.9769427752149227,4.441714718055994,4.6958400000000005,1.6280000000000001,3.0,2.6,1.5,3.4,2.268544,2.5979200000000002,2.0,2.0896,1.6663553233343869,0.6411229320751222
5.088699091338649,3.3465735902799727,8.0,2.8,2.0,3.2,3.1,2.0831776616671935,3.0693147180559945,2.5,2.268,3.0,2.6,1.5,3.4,1.5,1.5,2.0,2.5376,1.816686879553831,0.4226723343093877
4.82028135258812,3.3465735902799727,8.0,2.8,2.0,3.2,3.1,2.0831776616671935,3.0693147180559945,2.5,2.204,3.0,2.6,1.5,3.4,1.5,1.5,2.0,2.4928,1.8077939228953843,0.418039883248154
9.8,8.049218684739778,8.0,4.819679244967111,5.8884799999999995,3.2,3.1,3.2118124843375466,11.069314718055994,12.1,2.14,3.0,2.6,1.5,3.4,6.943872,9.276959999999999,2.0,2.448,1.7981887979745599,0.7471077834119599
9.558989056620792,7.849398839940083,8.0,4.739747264155198,4.60736,3.2,3.1,3.1638557215856196,9.587714718055993,12.1,1.5,3.0,2.6,1.5,3.4,5.150304,6.71472,2.0,2.0,1.5831776616671935,0.725348217375366
9.8,9.8550761322631,8.0,5.542030230683388,10.0,3.2,3.1,3.6452182717431443,11.069314718055994,12.1,1.5,3.0,2.6,1.5,3.4,12.7,14.3,2.0,2.0,1.5831776616671935,0.8500000000000001
6.513330845202129,6.111940260423138,8.0,3.803455967362985,2.024,3.2,3.1,2.602865662501553,3.1293147180559946,2.596,1.756,3.7,2.6,1.5,3.4,1.5336,1.548,2.0,2.1792,1.7150111363073666,0.47850677597722746
7.502706970397371,6.689504063814152,8.0,4.275676742599343,2.2560000000000002,3.2,3.1,2.8854809753153967,3.7093147180559947,3.524,1.5,3.0,2.6,1.5,3.4,1.8584,2.012,2.0,2.0,1.5831776616671935,0.5996624511206554
8.921964473765506,7.448567671146658,8.0,4.579399710548765,3.16944,3.2,3.1,3.067656241075198,5.992914718055995,7.17776,2.012,3.0,2.6,1.5,3.4,3.137216,3.83888,2.0,2.3584,1.7763102111592854,0.6822163445778728
10.323229921073251,8.55179377376823,8.0,4.780707510257234,5.2,3.2,3.1,3.188430505704375,11.069314718055994,12.1,1.6280000000000001,3.7,2.6,1.5,3.4,5.9799999999999995,7.9,2.0,2.0896,1.6663553233343869,0.736468692572668
5.292096413473008,3.3465735902799727,8.0,2.8,2.0,3.2,3.1,2.0831776616671935,3.0693147180559945,2.5,2.7800000000000002,3.0,2.6,1.5,3.4,1.5,1.5,2.0,2.896,1.870925094402998,0.4499856946622349
8.475619627482049,7.297354816922033,8.0,4.518904906870512,2.86416,3.2,3.1,3.0313651560612875,5.229714718055995,5.95664,1.5,3.0,2.0,1.5,3.4,2.7098240000000002,3.686465685936668,2.0,2.0,1.5831776616671935,0.6655367456107637
8.475619627482049,7.297354816922033,8.0,4.518904906870512,2.86416,3.2,3.1,3.0313651560612875,5.229714718055995,5.95664,1.5,3.0,2.0,1.5,3.4,2.7098240000000002,3.6856682698820693,2.0,2.0,1.5831776616671935,0.6655367456107637
8.62867627036897,7.389932550431926,8.0,4.5559422580408935,3.04,3.2,3.1,3.0535838121036623,5.669314718055994,6.66,2.012,3.0,2.6,1.5,3.4,2.956,3.58,2.0,2.3584,1.7763102111592854,0.6758999558062324
9.6,8.389498977844331,8.0,4.955795424601271,9.68,3.2,3.1,3.2934797546826395,11.069314718055994,12.1,1.5,3.0,2.6,1.5,3.4,12.251999999999999,14.3,2.0,2.0,1.5831776616671935,0.7838612608295108
8.623455496971262,7.258796555718782,8.0,4.5034786342837805,2.8,3.2,3.1,3.0221111733725077,5.0693147180559945,5.699999999999999,2.268,3.0,2.6,1.5,3.4,2.62,3.325217231561629,2.0,2.5376,1.816686879553831,0.6620047992740958
6.051478553174269,3.946573590279973,8.0,2.8,2.0,3.2,3.1,2.0831776616671935,3.0693147180559945,2.5,2.716,3.7,2.6,1.5,3.4,1.5,1.5,2.0,2.8512,1.8653426925268106,0.44723552703784114
9.91951139961565,8.29641429077473,8.0,4.678549051726288,3.92,3.2,3.1,3.127139429785935,7.869314718055994,10.18,2.524,3.7,2.6,1.5,3.4,4.188,5.34,2.0,2.7168,1.8468446109475396,0.7091335843489763
8.475413885010116,7.153482932684287,8.0,4.461343808640538,2.648,3.2,3.1,2.9968359038442287,4.689314718055995,5.0920000000000005,3.484,3.0,2.0,1.5,3.4,2.4072,3.2462312368926045,2.0,3.3888,1.9195809073759775,0.6519811484642266
6.918875947628166,6.20012872265441,8.0,4.079718986907041,2.096,3.2,3.1,2.7680308934370585,3.3093147180559948,2.884,1.5,3.0,2.6,1.5,3.4,1.6344,1.692,2.0,2.0,1.5831776616671935,0.5465905589539903
9.9247915111848,8.29641429077473,8.0,4.678549051726288,3.92,3.2,3.1,3.127139429785935,7.869314718055994,10.18,3.548,3.7,2.0,1.5,3.4,4.188,5.785108030986413,2.0,3.4336,1.9231632629539392,0.7094910919031374
9.168352293581213,7.605270175989425,8.0,4.642088073395303,3.6,3.2,3.1,3.105264842237462,7.0693147180559945,8.899999999999999,1.5,3.0,2.0,1.5,3.4,3.7399999999999998,5.129074893100211,2.0,2.0,1.5831776616671935,0.698898853211228
7.801868130641834,6.876382404425664,8.0,4.350467032660458,2.37216,3.2,3.1,2.9303317770621593,3.9997147180559947,3.98864,1.5,3.0,2.0,1.5,3.4,2.0210239999999997,2.6837580943206056,2.0,2.0,1.5831776616671935,0.6199181546788741
9.6,8.021668223826264,8.0,4.808658594445401,5.68,3.2,3.1,3.205200373718303,11.069314718055994,12.1,1.6280000000000001,3.0,2.6,1.5,3.4,6.652,8.86,2.0,2.0896,1.6663553233343869,0.7440352472452394
9.6,8.36052011808614,8.0,4.944203632077222,9.24752,3.2,3.1,3.2865248283406734,11.069314718055994,12.1,1.5,3.0,2.6,1.5,3.4,11.646527999999998,14.3,2.0,2.0,1.5831776616671935,0.780721817020914
10.101185296065264,8.407969402264792,8.0,4.723174428905778,4.4,3.2,3.1,3.15391265654355,9.069314718055994,12.1,3.548,3.7,2.6,1.5,3.4,4.859999999999999,6.685317276597008,2.0,3.4336,1.9231632629539392,0.7214344210877524
5.567624161049867,5.312486406642135,8.0,3.7230241033682523,2.016,3.2,3.1,2.5549967375941125,3.1093147180559946,2.564,1.6280000000000001,3.0,2.6,1.5,3.4,1.5224,1.9158955460837306,2.0,2.0896,1.6663553233343869,0.45509955257108475
5.363477837002806,3.3465735902799727,8.0,2.8,2.0,3.2,3.1,2.0831776616671935,3.0693147180559945,2.5,2.588,3.0,2.6,1.5,3.4,1.5,1.5,2.0,2.7616,1.8533326774999728,0.4412771452137316
6.41382386945194,3.946573590279973,8.0,2.8,2.0,3.2,3.1,2.0831776616671935,3.0693147180559945,2.5,3.42,3.7,2.6,1.5,3.4,1.5,1.5,2.0,3.344,1.9158883083359672,0.4717693244941417
4.547189763588117,3.3465735902799727,8.0,2.8,2.0,3.2,3.1,2.0831776616671935,3.0693147180559945,2.5,1.884,3.0,2.6,1.5,3.4,1.5,1.5,2.0,2.2688,1.7495329850015804,0.3860076402429454
6.43988480579963,3.946573590279973,8.0,2.8,2.0,3.2,3.1,2.0831776616671935,3.0693147180559945,2.5,3.484,3.7,2.6,1.5,3.4,1.5,1.5,2.0,3.3888,1.9195809073759775,0.4735338670593499
8.532305540215644,7.206138510733338,8.0,4.4824109746585865,2.7199999999999998,3.2,3.1,3.0094732425760014,4.869314718055994,5.38,1.692,3.0,2.0,1.5,3.4,2.508,3.4108862143313123,2.0,2.1344,1.6931325494920921,0.6558331876187675
9.320819631239807,7.915439477910026,8.0,4.526140086441966,2.896,3.2,3.1,3.0357054746984065,5.309314718055995,6.084,2.9720000000000004,3.7,2.6,1.5,3.4,2.7544,3.5710337398848777,2.0,3.0304,1.886265098984184,0.6685971625318619
6.881695056703761,3.946573590279973,8.0,2.8,2.0,3.2,3.1,2.0831776616671935,3.0693147180559945,2.5,4.956,3.7,2.6,1.5,3.4,1.5,1.5,2.0,4.4192,1.983042202888218,0.5034481027976505
8.745889723471802,7.560949205511898,8.0,4.38430712642671,2.4408,3.2,3.1,2.9506278093228557,4.171314718055995,4.2632,1.884,3.7,2.6,1.5,3.4,2.11712,2.3816,2.0,2.2688,1.7495329850015804,0.6296696166934033
7.7483504158516405,6.671713114573683,8.0,4.268555837866369,2.24704,3.2,3.1,2.881211147497684,3.6869147180559945,3.4881599999999997,3.42,3.0,2.6,1.5,3.4,1.845856,2.310732563758319,2.0,3.344,1.9158883083359672,0.6027528927399548
9.217254446402382,7.7608206550132985,8.0,4.704313611600595,4.184,3.2,3.1,3.1425969572031915,8.529314718055995,11.236,1.5,3.0,2.6,1.5,3.4,4.5576,5.868,2.0,2.0,1.5831776616671935,0.7157516031418278
9.6,8.593050271500191,8.0,5.037217335463451,10.0,3.2,3.1,3.3423320651600457,11.069314718055994,12.1,1.5,3.0,2.6,1.5,3.4,12.7,14.3,2.0,2.0,1.5831776616671935,0.8059130283546847
6.324793448655882,5.820953535469057,8.0,3.9276709338667493,2.0448,3.2,3.1,2.677028848512574,3.1813147180559946,2.6792,1.564,3.0,2.0,1.5,3.4,1.56272,2.0314093219142735,2.0,2.0448,1.6318334746401733,0.5063662230860754
1.6,3.3465735902799727,8.0,2.8,2.0,3.2,3.1,2.0831776616671935,3.0693147180559945,2.5,1.5,3.0,2.6,1.5,3.4,1.5,1.5,2.0,2.0,1.5831776616671935,0.2
9.6,10.228682748383847,8.0,5.691472994090463,10.0,3.2,3.1,3.7348838596121228,11.069314718055994,12.1,8.284,3.0,2.6,1.5,3.4,12.7,14.702833577888363,2.0,6.748799999999999,2.0618557472549064,0.8500000000000001
3.0334075753824443,3.3465735902799727,8.0,2.8,2.0,3.2,3.1,2.0831776616671935,3.0693147180559945,2.5,1.564,3.0,2.6,1.5,3.4,1.5,1.5,2.0,2.0448,1.6318334746401733,0.2970536379165196
8.663533227677096,7.287919693424485,8.0,4.515130152197561,2.848,3.2,3.1,3.0291007264218766,5.189314718055995,5.8919999999999995,1.756,3.0,2.6,1.5,3.4,2.6872,3.196,2.0,2.1792,1.7150111363073666,0.66471839562397
5.636632436477393,5.402010522366629,8.0,3.7591581091193484,2.0192,3.2,3.1,2.576482525367991,3.1173147180559946,2.5768,1.5,3.0,2.6,1.5,3.4,1.52688,1.8668724612131997,2.0,2.0,1.5831776616671935,0.45977198788649015
6.41382386945194,3.946573590279973,8.0,2.8,2.0,3.2,3.1,2.0831776616671935,3.0693147180559945,2.5,3.42,3.7,2.6,1.5,3.4,1.5,1.5,2.0,3.344,1.9158883083359672,0.4717693244941417
9.8,8.414884109219816,8.0,4.9659496834095185,10.0,3.2,3.1,3.299572186212756,11.069314718055994,12.1,1.692,3.0,2.6,1.5,3.4,12.7,14.667765063013169,2.0,2.1344,1.6931325494920921,0.786627458991495
9.6,8.230049415725626,8.0,4.8920140347279695,7.58288,3.2,3.1,3.25521185977415,11.069314718055994,12.1,2.46,3.0,2.6,1.5,3.4,9.316032,12.66576,2.0,2.6719999999999997,1.839985601286746,0.7667034334925802
6.3656882117991005,5.855213508687434,8.0,3.9414220529497754,2.048,3.2,3.1,2.685251242084984,3.1893147180559946,2.692,1.5,3.0,2.0,1.5,3.4,1.5672,2.106309298706452,2.0,2.0,1.5831776616671935,0.5091351393405641
5.66512349198757,5.312486406642135,8.0,3.7230241033682523,2.016,3.2,3.1,2.5549967375941125,3.1093147180559946,2.564,2.268,3.0,2.6,1.5,3.4,1.5224,1.532,2.0,2.5376,1.816686879553831,0.47524273643665843
9.8,9.223335486026212,8.0,5.289333408251598,10.0,3.2,3.1,3.4936005166462905,11.069314718055994,12.1,3.1,3.0,2.6,1.5,3.4,12.7,14.3,2.0,3.12,1.8955004239205195,0.8500000000000001
10.4,9.749102527145718,8.0,5.259640098871821,10.0,3.2,3.1,3.475784606514972,11.069314718055994,12.1,1.82,3.7,2.6,1.5,3.4,12.7,14.705830827726695,2.0,2.224,1.7335092178866376,0.8500000000000001
9.6,8.347130205940257,8.0,4.938847547382962,9.056000000000001,3.2,3.1,3.2833112494256618,11.069314718055994,12.1,2.268,3.0,2.6,1.5,3.4,11.3784,14.3,2.0,2.5376,1.816686879553831,0.779344855137865
9.8,8.258010514550914,8.0,4.903198785986484,7.904,3.2,3.1,3.261922523492219,11.069314718055994,12.1,2.9720000000000004,3.0,2.6,1.5,3.4,9.7656,13.308,2.0,3.0304,1.886265098984184,0.769784882906787
9.8,8.959201953161418,8.0,5.183679447944567,10.0,3.2,3.1,3.4302084687587406,11.069314718055994,12.1,3.676,3.0,2.6,1.5,3.4,12.7,14.3,2.0,3.5232,1.9300222726147331,0.8456412042043069
9.3413929939384,7.708758564884157,8.0,4.683487167773757,3.968,3.2,3.1,3.1301020555721975,7.9893147180559945,10.372,2.9720000000000004,3.0,2.6,1.5,3.4,4.2552,5.436,2.0,3.0304,1.886265098984184,0.7106151506312459
8.019889720229129,7.003517006096704,8.0,4.401340169088074,2.48,3.2,3.1,2.960844081463209,4.269314718055995,4.42,2.204,3.0,2.6,1.5,3.4,2.1719999999999997,2.46,2.0,2.4928,1.8077939228953843,0.634680033140514
9.6,8.389498977844331,8.0,4.955795424601271,9.68,3.2,3.1,3.2934797546826395,11.069314718055994,12.1,2.7800000000000002,3.0,2.6,1.5,3.4,12.251999999999999,14.3,2.0,2.896,1.870925094402998,0.7839739883195038
5.363477837002806,3.3465735902799727,8.0,2.8,2.0,3.2,3.1,2.0831776616671935,3.0693147180559945,2.5,2.588,3.0,2.6,1.5,3.4,1.5,1.5,2.0,2.7616,1.8533326774999728,0.4412771452137316
9.8,9.00685643701069,8.0,5.202741362694083,10.0,3.2,3.1,3.441645544882565,11.069314718055994,12.1,5.852,3.0,2.6,1.5,3.4,12.7,14.706068890647245,2.0,5.0464,2.009819429045923,0.8500000000000001
9.8,11.954927576759854,8.0,6.381971027370608,10.0,3.2,3.1,4.149182618422365,11.069314718055994,12.1,14.3,3.0,2.0,1.5,3.4,12.7,14.720808487642634,2.0,13.2,2.180798792060579,0.8500000000000001
9.8,9.41734331913583,8.0,5.366936794323132,10.0,3.2,3.1,3.5401623965925992,11.069314718055994,12.1,14.3,3.0,2.6,1.5,3.4,12.7,14.3,2.0,13.2,2.180798792060579,0.8500000000000001
5.507783190583709,5.152032546602085,8.0,3.658091888229678,2.01152,3.2,3.1,2.5164878111845006,3.0981147180559945,2.54608,1.884,3.0,2.6,1.5,3.4,1.516128,1.52304,2.0,2.2688,1.7495329850015804,0.45104782019577194
7.764570259115542,6.848560658641313,8.0,4.339333416305292,2.352,3.2,3.1,2.923654558073915,3.9493147180559944,3.908,1.756,3.0,2.6,1.5,3.4,1.9928,2.204,2.0,2.1792,1.7150111363073666,0.6173927779609482
5.492096413473008,3.3465735902799727,8.0,2.8,2.0,3.2,3.1,2.0831776616671935,3.0693147180559945,2.5,2.7800000000000002,3.0,2.6,1.5,3.4,1.5,1.5,2.0,2.896,1.870925094402998,0.4499856946622349
5.210143901633052,3.3465735902799727,8.0,2.8,2.0,3.2,3.1,2.0831776616671935,3.0693147180559945,2.5,2.396,3.0,2.6,1.5,3.4,1.5,1.5,2.0,2.6272,1.8327106466687737,0.4308951600064046
9.6,9.705809855029008,8.0,5.482323642483285,10.0,3.2,3.1,3.609394365206962,11.069314718055994,12.1,14.3,3.0,2.6,1.5,3.4,12.7,14.3,2.0,13.2,2.2549882967469985,0.8500000000000001
9.78810443262672,8.205270175989424,8.0,4.642088073395303,3.6,3.2,3.1,3.105264842237462,7.0693147180559945,8.899999999999999,4.7,3.7,2.6,1.5,3.4,3.7399999999999998,4.7,2.0,4.24,1.9741492462297714,0.7002362376257676
8.701614316497919,7.538698593176643,8.0,4.375403579124479,2.4215999999999998,3.2,3.1,2.9452876623623943,4.123314718055995,4.1864,1.5,3.7,2.6,1.5,3.4,2.0902399999999997,2.3432,2.0,2.0,1.5831776616671935,0.6266718026795466
8.305459828005757,7.066059386477903,8.0,4.426364957001439,2.544,3.2,3.1,2.9758542527546967,4.429314718055995,4.676,1.5,3.0,2.6,1.5,3.4,2.2616,2.588,2.0,2.0,1.5831776616671935,0.6404738425212231
9.6,10.421134729598261,8.0,5.768453820206105,10.0,3.2,3.1,3.7810723351035826,11.069314718055994,12.1,2.46,3.0,2.6,1.5,3.4,12.7,14.673965531519558,2.0,2.6719999999999997,1.839985601286746,0.8500000000000001
9.771943859447994,8.205270175989424,8.0,4.642088073395303,3.6,3.2,3.1,3.105264842237462,7.0693147180559945,8.899999999999999,2.076,3.7,2.6,1.5,3.4,3.7399999999999998,4.772497310306789,2.0,2.4032,1.7877474327358045,0.6991420321501245
9.6,8.042007917854495,8.0,4.816794818676871,5.832800000000001,3.2,3.1,3.2100819002850787,11.069314718055994,12.1,1.5,3.0,2.6,1.5,3.4,6.86592,9.165600000000001,2.0,2.0,1.5831776616671935,0.7462152633916523
8.86195771946496,7.6166670079400305,8.0,4.406601899719334,2.4928,3.2,3.1,2.964000081905607,4.301314718055995,4.4712,3.2920000000000003,3.7,2.6,1.5,3.4,2.18992,2.7767290328761116,2.0,3.2544,1.9081436857994587,0.63752838725544
10.4,10.151082375855566,8.0,5.420432542180211,10.0,3.2,3.1,3.572259770205336,11.069314718055994,12.1,7.9,3.7,2.6,1.5,3.4,12.7,14.3,2.0,6.4799999999999995,2.0549967375941125,0.8500000000000001
4.645329991816256,4.629048269010741,8.0,3.4437751649736406,2.00384,3.2,3.1,2.390971584562578,3.0789147180559944,2.51536,1.756,3.0,2.6,1.5,3.4,1.505376,1.50768,2.0,2.1792,1.7150111363073666,0.4061942181958923
4.466815150764888,3.3465735902799727,8.0,2.8,2.0,3.2,3.1,2.0831776616671935,3.0693147180559945,2.5,1.948,3.0,2.0,1.5,3.4,1.5,1.9875115143200226,2.0,2.3136,1.7636669492803463,0.3941072758330393
4.945460506179461,3.3465735902799727,8.0,2.8,2.0,3.2,3.1,2.0831776616671935,3.0693147180559945,2.5,2.14,3.0,2.6,1.5,3.4,1.5,1.7504212630910676,2.0,2.448,1.7981887979745599,0.4129738884392343
6.718530161214202,6.254133848700603,8.0,3.860660981611815,2.032,3.2,3.1,2.6369921236881444,3.1493147180559946,2.628,1.756,3.7,2.0,1.5,3.4,1.5448,2.02006576247059,2.0,2.1792,1.7150111363073666,0.49240047966554495
5.402872152885092,3.3465735902799727,8.0,2.8,2.0,3.2,3.1,2.0831776616671935,3.0693147180559945,2.5,2.9720000000000004,3.0,2.6,1.5,3.4,1.5,1.5,2.0,3.0304,1.886265098984184,0.45748613535159477
9.6,8.392407049687094,8.0,4.956958677501464,9.7248,3.2,3.1,3.2941776919249026,11.069314718055994,12.1,1.82,3.0,2.6,1.5,3.4,12.31472,14.3,2.0,2.224,1.7335092178866376,0.7842043488411019
9.65517118997238,7.909373162040518,8.0,4.7637383801662825,4.93968,3.2,3.1,3.1782495588897244,10.418514718055993,12.1,1.564,3.0,2.6,1.5,3.4,5.615552,7.37936,2.0,2.0448,1.6318334746401733,0.7318605493210466
7.963497818025493,6.965822010727155,8.0,4.386256952305178,2.44512,3.2,3.1,2.951797282574517,4.1821147180559946,4.28048,2.332,3.0,2.6,1.5,3.4,2.1231679999999997,2.7692419982039045,2.0,2.5824,1.8249660241322652,0.6308618314288095
9.8,8.00103255794856,8.0,4.800403961720074,5.5312,3.2,3.1,3.2002478139076547,11.069314718055994,12.1,1.884,3.0,2.6,1.5,3.4,6.44368,8.5624,2.0,2.2688,1.7495329850015804,0.741849648998175
8.211997515478641,7.003517006096704,8.0,4.401340169088074,2.48,3.2,3.1,2.960844081463209,4.269314718055995,4.42,1.82,3.0,2.6,1.5,3.4,2.1719999999999997,2.46,2.0,2.224,1.7335092178866376,0.634145665110533
9.8,9.508503653090536,8.0,5.403401016793251,10.0,3.2,3.1,3.5620408767417286,11.069314718055994,12.1,1.884,3.0,2.6,1.5,3.4,12.7,14.3,2.0,2.2688,1.7495329850015804,0.8500000000000001
7.986596517223836,6.86684178538795,8.0,4.346649129305959,2.36512,3.2,3.1,2.928042028493108,3.9821147180559944,3.96048,1.5,3.0,2.6,1.5,3.4,2.011168,2.2302400000000002,2.0,2.0,1.5831776616671935,0.6188841391870306
9.8,10.142757718604614,8.0,5.6571029624419635,10.0,3.2,3.1,3.7142618524651074,11.069314718055994,12.1,14.3,3.0,2.6,1.5,3.4,12.7,14.3,2.0,13.2,2.1654212933375474,0.8500000000000001
6.978868081561905,3.946573590279973,8.0,2.8,2.0,3.2,3.1,2.0831776616671935,3.0693147180559945,2.5,5.404,3.7,2.0,1.5,3.4,1.5,1.9168287671737554,2.0,4.732799999999999,1.9971761671669839,0.510027526355754
9.8,8.756472732385117,8.0,5.102587092984046,10.0,3.2,3.1,3.3815534557724276,11.069314718055994,12.1,2.652,3.0,2.0,1.5,3.4,12.7,14.718580016365436,2.0,2.8064,1.8594878728264788,0.823666065271776
9.8,8.756472732385117,8.0,5.102587092984046,10.0,3.2,3.1,3.3815534557724276,11.069314718055994,12.1,13.276000000000002,3.0,2.6,1.5,3.4,12.7,14.3,2.0,10.2432,2.127089600845584,0.824113387708665
8.253217192375995,7.003517006096704,8.0,4.401340169088074,2.48,3.2,3.1,2.960844081463209,4.269314718055995,4.42,3.868,3.0,2.6,1.5,3.4,2.1719999999999997,2.46,2.0,3.6575999999999995,1.9396273975355576,0.6369365807337913
8.241837199630918,7.003517006096704,8.0,4.401340169088074,2.48,3.2,3.1,2.960844081463209,4.269314718055995,4.42,3.2920000000000003,3.0,2.6,1.5,3.4,2.1719999999999997,2.825757575038084,2.0,3.2544,1.9081436857994587,0.6361660603916768
5.913330845202128,3.3465735902799727,8.0,2.8,2.0,3.2,3.1,2.0831776616671935,3.0693147180559945,2.5,3.676,3.0,2.6,1.5,3.4,1.5,1.5,2.0,3.5232,1.9300222726147331,0.47850677597722746
10.4,10.85432936926186,8.0,5.701731647704819,10.0,3.2,3.1,3.741039048622846,11.069314718055994,12.1,4.7,3.7,2.6,1.5,3.4,12.7,14.3,2.0,4.24,1.9741492462297714,0.8500000000000001
9.34876868253223,7.716821955245879,8.0,4.686712784018113,4.0,3.2,3.1,3.132037269259011,8.069314718055994,10.5,1.884,3.0,2.6,1.5,3.4,4.3,5.5,2.0,2.2688,1.7495329850015804,0.7111145462131196
9.8,8.646855840995933,8.0,5.058739846188012,10.0,3.2,3.1,3.355245401839024,11.069314718055994,12.1,2.012,3.0,2.6,1.5,3.4,12.7,14.455339079080234,2.0,2.3584,1.7763102111592854,0.8117690124070107
9.8,8.780867338288651,8.0,5.112345030580767,10.0,3.2,3.1,3.3874081611892763,11.069314718055994,12.1,2.14,3.0,2.6,1.5,3.4,12.7,14.3,2.0,2.448,1.7981887979745599,0.8262858997148204
9.8,8.154509662544417,8.0,4.861797198684417,6.8,3.2,3.1,3.23708231901066,11.069314718055994,12.1,1.5,3.0,2.6,1.5,3.4,8.219999999999999,11.100000000000001,2.0,2.0,1.5831776616671935,0.7584034079770294
9.6,8.042946219595693,8.0,4.817170155025743,5.84,3.2,3.1,3.2103070927029664,11.069314718055994,12.1,1.82,3.0,2.6,1.5,3.4,6.8759999999999994,9.18,2.0,2.224,1.7335092178866376,0.7463733088819049
9.100348691908591,7.548137707844105,8.0,4.619232665382757,3.4272,3.2,3.1,3.091553049882585,6.637314718055994,8.2088,4.892,3.0,2.6,1.5,3.4,3.49808,4.614984726059386,2.0,4.3744,1.9808799822278966,0.6942944426813109
7.569245386651041,6.60614723425017,8.0,4.242311346662761,2.21664,3.2,3.1,2.8654753362200407,3.6109147180559944,3.3665599999999998,1.5,3.0,2.6,1.5,3.4,1.803296,1.9332799999999999,2.0,2.0,1.5831776616671935,0.5906259897211643
8.531419309926717,7.206138510733338,8.0,4.4824109746585865,2.7199999999999998,3.2,3.1,3.0094732425760014,4.869314718055994,5.38,1.6280000000000001,3.0,2.6,1.5,3.4,2.508,3.002521130447183,2.0,2.0896,1.6663553233343869,0.6557731824429549
9.510496060324005,7.943450374465865,8.0,4.777369982276621,5.1470400000000005,3.2,3.1,3.1864280898718076,10.936914718055993,12.1,1.82,3.0,2.6,1.5,3.4,5.905856,7.794080000000001,2.0,2.224,1.7335092178866376,0.7356065040844377
9.8,8.784440188557337,8.0,5.113774184250455,10.0,3.2,3.1,3.388265645253761,11.069314718055994,12.1,1.5,3.0,2.6,1.5,3.4,12.7,14.3,2.0,2.0,1.5831776616671935,0.826647174901165
6.405082527681387,5.998226044309511,8.0,3.998792285461314,2.064,3.2,3.1,2.719574250634283,3.2293147180559947,2.7560000000000002,1.564,3.0,2.6,1.5,3.4,1.5896,1.6280000000000001,2.0,2.0448,1.6318334746401733,0.5253441294784271
8.764397455910192,7.349924013000156,8.0,4.539936280197903,2.96,3.2,3.1,3.0439817631200374,5.469314718055995,6.34,1.948,3.0,2.0,1.5,3.4,2.844,3.859326918587214,2.0,2.3136,1.7636669492803463,0.671547744410586
7.1389029025107416,6.454876640822405,8.0,4.181750955863044,2.16,3.2,3.1,2.8291703937973773,3.4693147180559945,3.14,1.692,3.0,2.6,1.5,3.4,1.724,1.82,2.0,2.1344,1.6931325494920921,0.5750298840241648
9.183800612396805,7.605270175989425,8.0,4.642088073395303,3.6,3.2,3.1,3.105264842237462,7.0693147180559945,8.899999999999999,3.9960000000000004,3.0,2.6,1.5,3.4,3.7399999999999998,4.7,2.0,3.7472,1.9456286480045168,0.6999448331310336
9.8,8.089232126245179,8.0,4.835685254455608,6.21248,3.2,3.1,3.2214157102988428,11.069314718055994,12.1,1.82,3.0,2.6,1.5,3.4,7.397472,9.92496,2.0,2.224,1.7335092178866376,0.7513828311931983
9.515358843668452,7.822131676450415,8.0,4.7288397109171125,4.46896,3.2,3.1,3.1573116023481,9.241714718055993,12.1,1.5,3.0,2.6,1.5,3.4,4.956544,6.43792,2.0,2.0,1.5831776616671935,0.7223940883733848
8.76714119444009,7.569044363448476,8.0,4.387546355052022,2.448,3.2,3.1,2.9525706472276343,4.189314718055995,4.292,2.268,3.7,2.6,1.5,3.4,2.1272,2.396,2.0,2.5376,1.816686879553831,0.6311085183735476
8.759745120791612,7.349924013000156,8.0,4.539936280197903,2.96,3.2,3.1,3.0439817631200374,5.469314718055995,6.34,1.5,3.0,2.6,1.5,3.4,2.844,3.42,2.0,2.0,1.5831776616671935,0.6712327425535987
9.8,8.063355550325255,8.0,4.825334220610071,6.0,3.2,3.1,3.215205332078061,11.069314718055994,12.1,1.5,3.0,2.6,1.5,3.4,7.1,9.717558271855063,2.0,2.0,1.5831776616671935,0.7485280180818945
6.673047905662158,6.046784885022568,8.0,4.018261976415539,2.07056,3.2,3.1,2.7312283724054165,3.2457147180559947,2.78224,1.5,3.0,2.6,1.5,3.4,1.598784,1.64112,2.0,2.0,1.5831776616671935,0.5299459519458753
6.595169141845255,5.998226044309511,8.0,3.998792285461314,2.064,3.2,3.1,2.719574250634283,3.2293147180559947,2.7560000000000002,1.5,3.0,2.6,1.5,3.4,1.5896,1.8544861050654027,2.0,2.0,1.5831776616671935,0.5246729106457726
9.732776339392196,8.179628790873434,8.0,4.63183046704135,3.52,3.2,3.1,3.0991109098096237,6.869314718055994,8.579999999999998,2.332,3.7,2.6,1.5,3.4,3.6279999999999997,4.54,2.0,2.5824,1.8249660241322652,0.6964900646463466
10.4,8.83158024084805,8.0,4.892626382298393,7.6,3.2,3.1,3.2555792578035323,11.069314718055994,12.1,1.6280000000000001,3.7,2.6,1.5,3.4,9.34,13.098670577686727,2.0,2.0896,1.6663553233343869,0.7667684520771232
8.811997515478641,7.603517006096704,8.0,4.401340169088074,2.48,3.2,3.1,2.960844081463209,4.269314718055995,4.42,1.82,3.7,2.6,1.5,3.4,2.1719999999999997,2.8607086246726148,2.0,2.224,1.7335092178866376,0.634145665110533
8.768363750598821,7.349924013000156,8.0,4.539936280197903,2.96,3.2,3.1,3.0439817631200374,5.469314718055995,6.34,2.332,3.0,2.6,1.5,3.4,2.844,3.781788555427003,2.0,2.5824,1.8249660241322652,0.6718162956134619
8.76174229250374,7.349924013000156,8.0,4.539936280197903,2.96,3.2,3.1,3.0439817631200374,5.469314718055995,6.34,1.692,3.0,2.6,1.5,3.4,2.844,3.42,2.0,2.1344,1.6931325494920921,0.6713679677216073
8.808022022785387,7.603517006096704,8.0,4.401340169088074,2.48,3.2,3.1,2.960844081463209,4.269314718055995,4.42,1.6280000000000001,3.7,2.6,1.5,3.4,2.1719999999999997,2.46,2.0,2.0896,1.6663553233343869,0.6338764911260939
9.8,9.00685643701069,8.0,5.202741362694083,10.0,3.2,3.1,3.441645544882565,11.069314718055994,12.1,4.508,3.0,2.6,1.5,3.4,12.7,14.3,2.0,4.1056,1.9670184357732752,0.8500000000000001
8.845618364740382,7.397563956206569,8.0,4.558995286337754,3.056,3.2,3.1,3.0554153494895764,5.709314718055995,6.724,2.524,3.0,2.6,1.5,3.4,2.9783999999999997,3.935948911050995,2.0,2.7168,1.8468446109475396,0.6770470767792968
9.8,9.535073776176517,8.0,5.414029089028918,10.0,3.2,3.1,3.568417706282364,11.069314718055994,12.1,1.82,3.0,2.6,1.5,3.4,12.7,14.3,2.0,2.224,1.7335092178866376,0.8500000000000001
9.8,9.42088671480534,8.0,5.368354156357187,10.0,3.2,3.1,3.5410128115532813,11.069314718055994,12.1,2.396,3.0,2.6,1.5,3.4,12.7,14.670116721001413,2.0,2.6272,1.8327106466687737,0.8500000000000001
9.180104365959055,7.606418626087385,8.0,4.642547499315181,3.6036799999999998,3.2,3.1,3.1055404702609724,7.078514718055994,8.914719999999999,3.1,3.0,2.6,1.5,3.4,3.745152,4.7073599999999995,2.0,3.12,1.8955004239205195,0.6996945664451444
9.861929634849616,8.232082729335545,8.0,4.65281413887943,3.68816,3.2,3.1,3.1116998550405306,7.289714718055994,9.25264,10.331999999999999,3.7,2.6,1.5,3.4,3.863424,4.87632,2.0,8.182400000000001,2.0929970907131166,0.7052348190262763
6.965688211799101,6.455213508687434,8.0,3.9414220529497754,2.048,3.2,3.1,2.685251242084984,3.1893147180559946,2.692,1.5,3.7,2.0,1.5,3.4,1.5672,2.0666403306330836,2.0,2.0,1.5831776616671935,0.5091351393405641
9.8,8.861058062933102,8.0,5.144421602685562,10.0,3.2,3.1,3.4066539351039444,11.069314718055994,12.1,4.7,3.0,2.6,1.5,3.4,12.7,14.3,2.0,4.24,1.9741492462297714,0.8350572625257731
8.81988972022913,7.603517006096704,8.0,4.401340169088074,2.48,3.2,3.1,2.960844081463209,4.269314718055995,4.42,2.204,3.7,2.6,1.5,3.4,2.1719999999999997,2.46,2.0,2.4928,1.8077939228953843,0.634680033140514
9.120173322539397,7.6964142907747295,8.0,4.678549051726288,3.92,3.2,3.1,3.127139429785935,7.869314718055994,10.18,2.652,3.0,2.6,1.5,3.4,4.188,5.34,2.0,2.8064,1.8594878728264788,0.7091784020469385
10.4,8.810902521030206,8.0,4.88435505310665,7.37312,3.2,3.1,3.2506166050472496,11.069314718055994,12.1,2.9080000000000004,3.7,2.6,1.5,3.4,9.022368,12.24624,2.0,2.9856,1.8813664596417534,0.7646899580633537
4.318316218238697,3.946573590279973,8.0,2.8,2.0,3.2,3.1,2.0831776616671935,3.0693147180559945,2.5,1.6280000000000001,3.7,2.6,1.5,3.4,1.5,1.5,2.0,2.0896,1.6663553233343869,0.3298859939432451
8.223806816352658,6.996809997413872,8.0,4.398656465620318,2.4736000000000002,3.2,3.1,2.959234399379329,4.253314718055995,4.3944,2.9080000000000004,3.0,2.6,1.5,3.4,2.16304,2.4472,2.0,2.9856,1.8813664596417534,0.6349452531905446
8.432415213375787,7.196268293408341,8.0,4.478462001853909,2.70592,3.2,3.1,3.007104390418002,4.834114718055995,5.3236799999999995,10.524,3.0,2.6,1.5,3.4,2.488288,2.9118399999999998,2.0,8.316799999999999,2.095541355631189,0.6626114467389856
4.945460506179461,3.3465735902799727,8.0,2.8,2.0,3.2,3.1,2.0831776616671935,3.0693147180559945,2.5,2.14,3.0,2.6,1.5,3.4,1.5,1.5,2.0,2.448,1.7981887979745599,0.4129738884392343
8.821197551156331,7.586577716722067,8.0,4.394562156824281,2.464,3.2,3.1,2.9567786520132957,4.229314718055995,4.356,3.548,3.7,2.6,1.5,3.4,2.1496,2.428,2.0,3.4336,1.9231632629539392,0.6347685841928765
5.718271839960729,3.8047189562170503,8.0,3.077258872223978,2.00048,3.2,3.1,2.193132549492092,3.0705147180559944,2.50192,3.164,3.0,2.6,1.5,3.4,1.500672,1.50096,2.0,3.1647999999999996,1.8998645412210244,0.4652996558306744
7.430286848129428,5.784723926233511,8.0,3.6713417653379183,2.01232,3.2,3.1,2.524333742296043,3.1001147180559947,2.54928,7.388000000000001,3.7,2.0,1.5,3.4,1.517248,1.9656334374998066,2.0,6.1216,2.0451953738724002,0.54059233867543
7.570423565536537,6.610511674674763,8.0,4.003718642899247,2.0656,3.2,3.1,2.722522801921943,3.2333147180559947,2.7624,4.444000000000001,3.7,2.0,1.5,3.4,1.59184,2.082915597564147,2.0,4.0608,1.964544121308947,0.5500807622498697
8.835981145351017,7.397563956206569,8.0,4.558995286337754,3.056,3.2,3.1,3.0554153494895764,5.709314718055995,6.724,1.5,3.0,2.6,1.5,3.4,2.9783999999999997,3.612,2.0,2.0,1.5831776616671935,0.6763945567164751
9.169151813935587,7.605270175989425,8.0,4.642088073395303,3.6,3.2,3.1,3.105264842237462,7.0693147180559945,8.899999999999999,1.6280000000000001,3.0,2.6,1.5,3.4,3.7399999999999998,4.7,2.0,2.0896,1.6663553233343869,0.6989529874018887
9.8,10.024539787381034,8.0,5.60981575661176,10.0,3.2,3.1,3.685889548971448,11.069314718055994,12.1,3.164,3.0,2.6,1.5,3.4,12.7,14.3,2.0,3.1647999999999996,1.8998645412210244,0.8500000000000001
9.8,10.03893818044606,8.0,5.615575118332448,10.0,3.2,3.1,3.6893451633070544,11.069314718055994,12.1,2.716,3.0,2.6,1.5,3.4,12.7,14.3,2.0,2.8512,1.8653426925268106,0.8500000000000001
3.711245863692207,3.8047189562170503,8.0,3.077258872223978,2.00048,3.2,3.1,2.193132549492092,3.0705147180559944,2.50192,1.6280000000000001,3.0,2.6,1.5,3.4,1.500672,1.50096,2.0,2.0896,1.6663553233343869,0.3429489386874932
3.518316218238697,3.3465735902799727,8.0,2.8,2.0,3.2,3.1,2.0831776616671935,3.0693147180559945,2.5,1.6280000000000001,3.0,2.6,1.5,3.4,1.5,1.5,2.0,2.0896,1.6663553233343869,0.3298859939432451
6.178868081561905,5.855213508687434,8.0,3.9414220529497754,2.048,3.2,3.1,2.685251242084984,3.1893147180559946,2.692,1.564,3.0,2.0,1.5,3.4,1.5672,2.0749898286483095,2.0,2.0448,1.6318334746401733,0.510027526355754
6.3656882117991005,5.855213508687434,8.0,3.9414220529497754,2.048,3.2,3.1,2.685251242084984,3.1893147180559946,2.692,1.5,3.0,2.6,1.5,3.4,1.5672,1.596,2.0,2.0,1.5831776616671935,0.5091351393405641
8.25697483197589,7.03576544677833,8.0,4.414243707993973,2.512,3.2,3.1,2.968583707226799,4.349314718055995,4.548,1.5,3.0,2.0,1.5,3.4,2.2168,3.0418263474539486,2.0,2.0,1.5831776616671935,0.6371910042483676
9.009218810122425,7.5058227505321415,8.0,4.602304702530606,3.31136,3.2,3.1,3.081397460127714,6.347714718055994,7.745439999999999,1.5,3.0,2.6,1.5,3.4,3.335904,4.12272,2.0,2.0,1.5831776616671935,0.6881241902687059
6.453688927970563,3.3465735902799727,8.0,2.8,2.0,3.2,3.1,2.0831776616671935,3.0693147180559945,2.5,5.788,3.0,2.6,1.5,3.4,1.5,1.5,2.0,5.0016,2.008092780551671,0.5150935211646737
9.8,8.063355550325255,8.0,4.825334220610071,6.0,3.2,3.1,3.215205332078061,11.069314718055994,12.1,1.5,3.0,2.6,1.5,3.4,7.1,9.5,2.0,2.0,1.5831776616671935,0.7485280180818945
7.330989880527747,6.410553736128232,8.0,4.164003272934826,2.1464,3.2,3.1,2.8185328966707757,3.4353147180559946,3.0856,2.652,3.0,2.6,1.5,3.4,1.70496,1.7928,2.0,2.8064,1.8594878728264788,0.5744941064940663
4.618070977791826,3.946573590279973,8.0,2.8,2.0,3.2,3.1,2.0831776616671935,3.0693147180559945,2.5,1.692,3.7,2.6,1.5,3.4,1.5,1.5,2.0,2.1344,1.6931325494920921,0.3501818891213215
9.220303014524324,7.636563680037474,8.0,4.654606688262922,3.70336,3.2,3.1,3.1127752832089937,7.3277147180559945,9.31344,1.82,3.0,2.6,1.5,3.4,3.8847039999999997,4.90672,2.0,2.224,1.7335092178866376,0.7024163499417511
9.483046619981758,8.026975550757305,8.0,4.570761654995439,3.12,3.2,3.1,3.0624741321817535,5.869314718055994,6.9799999999999995,1.5,3.7,2.6,1.5,3.4,3.068,3.7399999999999998,2.0,2.0,1.5831776616671935,0.6795812815612648
8.332140087690636,7.306382008713281,8.0,4.282432066989041,2.2648,3.2,3.1,2.8895316820911874,3.7313147180559945,3.5591999999999997,1.564,3.7,2.6,1.5,3.4,1.87072,2.0296000000000003,2.0,2.0448,1.6318334746401733,0.6016553184373868
5.462913117191277,3.946573590279973,8.0,2.8,2.0,3.2,3.1,2.0831776616671935,3.0693147180559945,2.5,2.076,3.7,2.6,1.5,3.4,1.5,1.5,2.0,2.4032,1.7877474327358045,0.407384742309826
8.875584414768303,7.419783251828974,8.0,4.5678843215241205,3.104,3.2,3.1,3.0607479804389537,5.829314718055994,6.916,1.948,3.0,2.6,1.5,3.4,3.0456000000000003,3.7079999999999997,2.0,2.3136,1.7636669492803463,0.6790760280832705
7.5578446900329705,6.80012872265441,8.0,4.079718986907041,2.096,3.2,3.1,2.7680308934370585,3.3093147180559948,2.884,1.884,3.7,2.6,1.5,3.4,1.6344,1.692,2.0,2.2688,1.7495329850015804,0.5492290675543157
9.799074548682304,7.99944431864969,8.0,4.799768637170576,5.52,3.2,3.1,3.1998666364759254,11.069314718055994,12.1,1.5,3.0,2.6,1.5,3.4,6.428,8.540000000000001,2.0,2.0,1.5831776616671935,0.7416040059003643
6.536387196030521,6.111940260423138,8.0,3.803455967362985,2.024,3.2,3.1,2.602865662501553,3.1293147180559946,2.596,1.82,3.7,2.6,1.5,3.4,1.5336,1.548,2.0,2.224,1.7335092178866376,0.48006788306456655
9.8,9.30843508881373,8.0,5.323373372403213,10.0,3.2,3.1,3.514024421315295,11.069314718055994,12.1,14.3,3.0,2.6,1.5,3.4,12.7,14.3,2.0,11.0944,2.138761197496609,0.8500000000000001
10.4,9.703051322540091,8.0,5.241219529043536,10.0,3.2,3.1,3.464732317409622,11.069314718055994,12.1,12.444,3.7,2.6,1.5,3.4,12.7,14.3,2.0,9.6608,2.1183949913397333,0.8500000000000001
9.36394580359701,7.726721700514998,8.0,4.690672995776708,4.04,3.2,3.1,3.1344132081235996,8.169314718055993,10.66,1.756,3.0,2.6,1.5,3.4,4.356,5.58,2.0,2.1792,1.7150111363073666,0.7121421637852141
9.8,9.637409167295996,8.0,5.454963323479077,10.0,3.2,3.1,3.5929782001510384,11.069314718055994,12.1,2.396,3.0,2.6,1.5,3.4,12.7,14.642160665796318,2.0,2.6272,1.8327106466687737,0.8500000000000001
9.8,9.112942538349932,8.0,5.2451760349550245,10.0,3.2,3.1,3.4671062092039837,11.069314718055994,12.1,1.756,3.0,2.6,1.5,3.4,12.7,14.645530185093994,2.0,2.1792,1.7150111363073666,0.8500000000000001
10.4,8.610679736565508,8.0,4.804263006329866,5.6,3.2,3.1,3.202563136775722,11.069314718055994,12.1,1.692,3.7,2.6,1.5,3.4,6.54,8.7,2.0,2.1344,1.6931325494920921,0.7428573283566289
8.968352293581214,7.605270175989425,8.0,4.642088073395303,3.6,3.2,3.1,3.105264842237462,7.0693147180559945,8.899999999999999,1.5,3.0,2.6,1.5,3.4,3.7399999999999998,4.7,2.0,2.0,1.5831776616671935,0.698898853211228
6.100222726147332,5.654133848700603,8.0,3.860660981611815,2.032,3.2,3.1,2.6369921236881444,3.1493147180559946,2.628,1.692,3.0,2.0,1.5,3.4,1.5448,2.0485650215481863,2.0,2.1344,1.6931325494920921,0.491160913749559
10.4,9.043232248802656,8.0,4.977289157531259,10.0,3.2,3.1,3.3063757397126374,11.069314718055994,12.1,1.5,3.7,2.6,1.5,3.4,12.7,14.3,2.0,2.0,1.5831776616671935,0.7896824801647162
9.8,8.49178120660289,8.0,4.996709086911286,10.0,3.2,3.1,3.3180274895846935,11.069314718055994,12.1,1.692,3.0,2.6,1.5,3.4,12.7,14.518910579582792,2.0,2.1344,1.6931325494920921,0.7949558378851103
9.8,8.118817830946625,8.0,4.847519972773143,6.46928,3.2,3.1,3.2285162794271898,11.069314718055994,12.1,2.332,3.0,2.6,1.5,3.4,7.756992,10.696822872155083,2.0,2.5824,1.8249660241322652,0.7546625540210006
5.020281352588119,3.3465735902799727,8.0,2.8,2.0,3.2,3.1,2.0831776616671935,3.0693147180559945,2.5,2.204,3.0,2.6,1.5,3.4,1.5,1.5,2.0,2.4928,1.8077939228953843,0.418039883248154
5.264586672229065,3.3465735902799727,8.0,2.8,2.0,3.2,3.1,2.0831776616671935,3.0693147180559945,2.5,2.46,3.0,2.0,1.5,3.4,1.5,1.9326571422612273,2.0,2.6719999999999997,1.839985601286746,0.4345813892655096
4.4064772304171855,3.3465735902799727,8.0,2.8,2.0,3.2,3.1,2.0831776616671935,3.0693147180559945,2.5,1.82,3.0,2.6,1.5,3.4,1.5,1.5,2.0,2.224,1.7335092178866376,0.3764802291428303
9.8,8.578139546025955,8.0,5.031252961328748,10.0,3.2,3.1,3.3387534910462295,11.069314718055994,12.1,2.332,3.0,2.0,1.5,3.4,12.7,14.729200004096208,2.0,2.5824,1.8249660241322652,0.8043479505897033
3.0334075753824443,3.3465735902799727,8.0,2.8,2.0,3.2,3.1,2.0831776616671935,3.0693147180559945,2.5,1.564,3.0,2.6,1.5,3.4,1.5,1.5,2.0,2.0448,1.6318334746401733,0.2970536379165196
10.363572637840607,8.57618647513297,8.0,4.790465066923885,5.359999999999999,3.2,3.1,3.1942847540319126,11.069314718055994,12.1,2.076,3.7,2.6,1.5,3.4,6.204,8.22,2.0,2.4032,1.7877474327358045,0.7392002306871244
9.218351610986163,7.634634719752735,8.0,4.6538350315394155,3.6968,3.2,3.1,3.1123123327406566,7.3113147180559945,9.287199999999999,2.012,3.0,2.0,1.5,3.4,3.87552,5.332300406938243,2.0,2.3584,1.7763102111592854,0.7022842236605213
1.8,3.3465735902799727,8.0,2.8,2.0,3.2,3.1,2.0831776616671935,3.0693147180559945,2.5,1.5,3.0,2.6,1.5,3.4,1.5,1.5,2.0,2.0,1.5831776616671935,0.2
9.6,9.699707321265667,8.0,5.4798826252997825,10.0,3.2,3.1,3.60792975710376,11.069314718055994,12.1,3.7399999999999998,3.0,2.6,1.5,3.4,12.7,14.654181076312069,2.0,3.568,1.9333101495173068,0.8500000000000001
9.8,9.619737983069585,8.0,5.447894837433501,10.0,3.2,3.1,3.5887371159367003,11.069314718055994,12.1,3.228,3.0,2.6,1.5,3.4,12.7,14.3,2.0,3.2096,1.9040754995983769,0.8500000000000001
9.8,9.118645132673766,8.0,5.247457083802538,10.0,3.2,3.1,3.4684748318417036,11.069314718055994,12.1,2.8440000000000003,3.0,2.6,1.5,3.4,12.7,14.3,2.0,2.9408,1.876259305911498,0.8500000000000001
6.847934622581213,6.118184795101852,8.0,4.046882145143674,2.08144,3.2,3.1,2.7483643508244446,3.2729147180559943,2.82576,2.012,3.0,2.6,1.5,3.4,1.614016,1.66288,2.0,2.3584,1.7763102111592854,0.541787240070603
10.4,8.750325817802453,8.0,4.860123604770847,6.76,3.2,3.1,3.2360781962725884,11.069314718055994,12.1,2.7800000000000002,3.7,2.6,1.5,3.4,8.164,11.020000000000001,2.0,2.896,1.870925094402998,0.7581319043677612
7.881921068532654,6.754393585317138,8.0,4.301647754935733,2.2915200000000002,3.2,3.1,2.901054460476113,3.7981147180559947,3.66608,3.804,3.0,2.6,1.5,3.4,1.908128,2.08304,2.0,3.6128,1.9365103391671663,0.6117967390152319
10.362126877234061,8.576234087378875,8.0,4.790484112729061,5.36032,3.2,3.1,3.19429618097093,11.069314718055994,12.1,1.564,3.7,2.0,1.5,3.4,6.204448,8.698907283283871,2.0,2.0448,1.6318334746401733,0.7391023406460564
10.4,8.75865878848796,8.0,4.863456904152765,6.84,3.2,3.1,3.2380781092371103,11.069314718055994,12.1,2.204,3.7,2.6,1.5,3.4,8.276,11.464247479497963,2.0,2.4928,1.8077939228953843,0.7589513037168725
9.8,8.29554720691578,8.0,4.918213854924638,8.36432,3.2,3.1,3.270931329659787,11.069314718055994,12.1,1.5,3.0,2.6,1.5,3.4,10.410048,14.22864,2.0,2.0,1.5831776616671935,0.7736829190420895
8.005360676352293,7.003517006096704,8.0,4.401340169088074,2.48,3.2,3.1,2.960844081463209,4.269314718055995,4.42,1.5,3.0,2.6,1.5,3.4,2.1719999999999997,2.46,2.0,2.0,1.5831776616671935,0.6336962957946866
9.084517040689214,7.552601026926439,8.0,4.621018192251417,3.44,3.2,3.1,3.0926242464623455,6.669314718055994,8.26,1.564,3.0,2.0,1.5,3.4,3.516,4.86114338767206,2.0,2.0448,1.6318334746401733,0.6932225079633323
9.8,10.94747617482204,8.0,5.9789904449288205,10.0,3.2,3.1,3.9073942819572896,11.069314718055994,12.1,10.716,3.0,2.6,1.5,3.4,12.7,14.3,2.0,8.4512,2.0980327946050004,0.8500000000000001
9.6,8.681208239725468,8.0,5.072480971025175,10.0,3.2,3.1,3.363489977534112,11.069314718055994,12.1,1.5,3.0,2.6,1.5,3.4,12.7,14.3,2.0,2.0,1.5831776616671935,0.815463596319318
8.269374336243125,7.0435127353338505,8.0,4.417343584060781,2.52,3.2,3.1,2.970443056480124,4.369314718055994,4.58,1.5,3.0,2.6,1.5,3.4,2.2279999999999998,2.54,2.0,2.0,1.5831776616671935,0.6380305540164616
9.6,8.776755315724468,8.0,5.110700205825803,10.0,3.2,3.1,3.3864212757738725,11.069314718055994,12.1,2.396,3.0,2.6,1.5,3.4,12.7,14.57597934455603,2.0,2.6272,1.8327106466687737,0.8258510358180433
4.835617950178738,3.946573590279973,8.0,2.8,2.0,3.2,3.1,2.0831776616671935,3.0693147180559945,2.5,1.756,3.7,2.0,1.5,3.4,1.5,1.9707329553912873,2.0,2.1792,1.7150111363073666,0.3649116320433521
7.235669264701198,6.392228531318821,8.0,4.156665040120792,2.14112,3.2,3.1,2.814134847516517,3.4221147180559948,3.06448,1.6280000000000001,3.0,2.6,1.5,3.4,1.697568,1.78224,2.0,2.0896,1.6663553233343869,0.5680401064641437
9.972358078796628,8.332181121467665,8.0,4.692856934488621,4.0624,3.2,3.1,3.1357234691522393,8.225314718055992,10.7496,1.692,3.7,2.6,1.5,3.4,4.387359999999999,5.6248,2.0,2.1344,1.6931325494920921,0.7127117449185219
8.205360676352294,7.003517006096704,8.0,4.401340169088074,2.48,3.2,3.1,2.960844081463209,4.269314718055995,4.42,1.5,3.0,2.6,1.5,3.4,2.1719999999999997,2.46,2.0,2.0,1.5831776616671935,0.6336962957946866
9.550451299389646,7.843752897124769,8.0,4.737488747667428,4.57808,3.2,3.1,3.1625006953099444,9.514514718055993,12.1,1.6280000000000001,3.0,2.0,1.5,3.4,5.109311999999999,7.136292989560957,2.0,2.0896,1.6663553233343869,0.7247701400628406
8.328643136763732,7.080544756422898,8.0,4.432160784190933,2.56,3.2,3.1,2.979330741541496,4.469314718055995,4.74,1.5,3.0,2.6,1.5,3.4,2.284,2.8833668882485948,2.0,2.0,1.5831776616671935,0.6420435457183777
8.808022022785387,7.603517006096704,8.0,4.401340169088074,2.48,3.2,3.1,2.960844081463209,4.269314718055995,4.42,1.6280000000000001,3.7,2.0,1.5,3.4,2.1719999999999997,2.877069023521078,2.0,2.0896,1.6663553233343869,0.6338764911260939
7.48265765002089,6.5458710575475765,8.0,4.218181964415996,2.192,3.2,3.1,2.8510090538114183,3.5493147180559945,3.268,1.692,3.0,2.0,1.5,3.4,1.7688,2.316978479199115,2.0,2.1344,1.6931325494920921,0.5847632783868312
8.017004944115197,7.007498447174151,8.0,4.402933274092988,2.48384,3.2,3.1,2.9617996273217964,4.2789147180559945,4.43536,1.756,3.0,2.6,1.5,3.4,2.1773759999999998,2.46768,2.0,2.1792,1.7150111363073666,0.6344847097577999
9.52994766454268,7.827577195074129,8.0,4.73101805874945,4.496,3.2,3.1,3.158618526817791,9.309314718055994,12.1,2.9720000000000004,3.0,2.6,1.5,3.4,4.9944,6.492000000000001,2.0,3.0304,1.886265098984184,0.7233818731200774
9.140681953214008,7.584863344545443,8.0,4.633924507739525,3.536,3.2,3.1,3.100367202690906,6.909314718055994,8.644,2.268,3.0,2.6,1.5,3.4,3.6504,4.572,2.0,2.5376,1.816686879553831,0.6970253405821984
9.8,8.224386286176845,8.0,4.889748717621325,7.52,3.2,3.1,3.2538527086824427,11.069314718055994,12.1,2.204,3.0,2.6,1.5,3.4,9.227999999999998,12.540000000000001,2.0,2.4928,1.8077939228953843,0.766059892421767
9.6,8.128864769616579,8.0,4.851538890672097,6.56,3.2,3.1,3.2309275447079786,11.069314718055994,12.1,1.564,3.0,2.6,1.5,3.4,7.8839999999999995,10.620000000000001,2.0,2.0448,1.6318334746401733,0.7556346179808113
8.722581446984588,7.550873759260072,8.0,4.380275470758523,2.432,3.2,3.1,2.9482097022224174,4.149314718055995,4.228,1.564,3.7,2.6,1.5,3.4,2.1048,2.364,2.0,2.0448,1.6318334746401733,0.6280914521395815
9.78679959240441,7.990270590989209,8.0,4.7960989777793825,5.4559999999999995,3.2,3.1,3.1976649418374103,11.069314718055994,12.1,2.332,3.0,2.6,1.5,3.4,6.3384,8.412,2.0,2.5824,1.8249660241322652,0.7407728890690486
9.8,8.51341248679552,8.0,5.005361742765003,10.0,3.2,3.1,3.3232189968309247,11.069314718055994,12.1,2.524,3.0,2.0,1.5,3.4,12.7,14.72767401111846,2.0,2.7168,1.8468446109475396,0.7973558857708698
9.8,8.270058645130451,8.0,4.908018167256841,8.048,3.2,3.1,3.264814074831308,11.069314718055994,12.1,2.652,3.0,2.6,1.5,3.4,9.9672,13.596,2.0,2.8064,1.8594878728264788,0.7710503985253325
4.745460506179461,3.3465735902799727,8.0,2.8,2.0,3.2,3.1,2.0831776616671935,3.0693147180559945,2.5,2.14,3.0,2.6,1.5,3.4,1.5,1.5,2.0,2.448,1.7981887979745599,0.4129738884392343
9.8,11.150209020542631,8.0,6.0600835915503986,10.0,3.2,3.1,3.9560501649302315,11.069314718055994,12.1,6.492000000000001,3.0,2.6,1.5,3.4,12.7,14.3,2.0,5.4944,2.025843196160866,0.8500000000000001
9.8,8.357231106104638,8.0,4.942887998145554,9.2,3.2,3.1,3.2857354654651134,11.069314718055994,12.1,4.0600000000000005,3.0,2.6,1.5,3.4,11.58,14.3,2.0,3.792,1.9485203541940042,0.7806057015129257
9.8,8.624492980231675,8.0,5.049794587976865,10.0,3.2,3.1,3.3498783152556024,11.069314718055994,12.1,2.012,3.0,2.6,1.5,3.4,12.7,14.3,2.0,2.3584,1.7763102111592854,0.8093475716712037
7.883118374817505,6.800950979937583,8.0,4.3202804669167465,2.32,3.2,3.1,2.9122282351850197,3.8693147180559944,3.7800000000000002,1.564,3.0,2.6,1.5,3.4,1.948,2.3340555238642477,2.0,2.0448,1.6318334746401733,0.6118778066282686
9.8,8.0764027724099,8.0,4.8305533154909925,6.10576,3.2,3.1,3.2183366653783763,11.069314718055994,12.1,1.5,3.0,2.6,1.5,3.4,7.248063999999999,9.835259108968096,2.0,2.0,1.5831776616671935,0.7499415229454773
8.02119755115633,7.003517006096704,8.0,4.401340169088074,2.48,3.2,3.1,2.960844081463209,4.269314718055995,4.42,2.268,3.0,2.6,1.5,3.4,2.1719999999999997,2.46,2.0,2.5376,1.816686879553831,0.6347685841928765
6.3709862444074945,5.633929079531664,8.0,3.8525380377809775,2.03072,3.2,3.1,2.6321429790875994,3.1461147180559945,2.62288,2.9080000000000004,3.0,2.6,1.5,3.4,1.543008,1.56144,2.0,2.9856,1.8813664596417534,0.5094938602984241
6.1656882117991,5.712475008740702,8.0,3.884106999854457,2.036,3.2,3.1,2.650994002097768,3.1593147180559944,2.644,2.46,3.0,2.6,1.5,3.4,1.5504,1.572,2.0,2.6719999999999997,1.839985601286746,0.5091351393405641
7.346738420584572,6.109300059845864,8.0,4.043321220216973,2.08,3.2,3.1,2.7462320143630077,3.2693147180559947,2.82,8.22,3.0,2.6,1.5,3.4,1.612,1.6600000000000001,2.0,6.704,2.0607394601354287,0.5755604138937471
6.489590230685235,6.1437981676161915,8.0,3.8162808729968924,2.0256,3.2,3.1,2.610511560227886,3.1333147180559946,2.6024,1.564,3.7,2.0,1.5,3.4,1.53584,2.0310938989990293,2.0,2.0448,1.6318334746401733,0.47689933853597943
8.614554153399459,7.2591962359958595,8.0,4.503638538349865,2.80064,3.2,3.1,3.022207096639006,5.070914718055994,5.70256,1.5,3.0,2.6,1.5,3.4,2.620896,3.10128,2.0,2.0,1.5831776616671935,0.6614021041364216
9.724029082020783,7.95179377376823,8.0,4.780707510257234,5.2,3.2,3.1,3.188430505704375,11.069314718055994,12.1,1.884,3.0,2.6,1.5,3.4,5.9799999999999995,7.9,2.0,2.2688,1.7495329850015804,0.7365228024284907
6.725503988855451,6.20012872265441,8.0,4.079718986907041,2.096,3.2,3.1,2.7680308934370585,3.3093147180559948,2.884,1.564,3.0,2.6,1.5,3.4,1.6344,1.692,2.0,2.0448,1.6318334746401733,0.5470393325787546
9.8,9.907756278981136,8.0,5.563102311592755,10.0,3.2,3.1,3.6578615069554727,11.069314718055994,12.1,1.5,3.0,2.6,1.5,3.4,12.7,14.3,2.0,2.0,1.5831776616671935,0.8500000000000001
9.378064016912951,7.951919359845123,8.0,4.540734551671771,2.9638400000000003,3.2,3.1,3.0444606463628294,5.478914718055995,6.35536,2.9720000000000004,3.7,2.0,1.5,3.4,2.849376,3.886458957467682,2.0,3.0304,1.886265098984184,0.6724730844784811
5.689590230685235,5.543798167616192,8.0,3.8162808729968924,2.0256,3.2,3.1,2.610511560227886,3.1333147180559946,2.6024,1.564,3.0,2.6,1.5,3.4,1.53584,1.5512,2.0,2.0448,1.6318334746401733,0.47689933853597943
9.174726194443153,7.609253467321288,8.0,4.643681548610788,3.6128,3.2,3.1,3.106220832157109,7.101314718055995,8.9512,1.5,3.0,2.6,1.5,3.4,3.75792,4.7256,2.0,2.0,1.5831776616671935,0.6993304194154217
7.327003823452176,6.454876640822405,8.0,4.181750955863044,2.16,3.2,3.1,2.8291703937973773,3.4693147180559945,3.14,1.5,3.0,2.6,1.5,3.4,1.724,1.82,2.0,2.0,1.5831776616671935,0.5742242172129077
9.8,8.176022039037619,8.0,4.870402430020948,7.01104,3.2,3.1,3.242245289369029,11.069314718055994,12.1,1.5,3.0,2.6,1.5,3.4,8.515456,11.52208,2.0,2.0,1.5831776616671935,0.7607339914640068
8.278427804940858,7.049169423094528,8.0,4.419606951235214,2.52592,3.2,3.1,2.971800661542687,4.3841147180559945,4.603680000000001,1.5,3.0,2.6,1.5,3.4,2.236288,2.5518400000000003,2.0,2.0,1.5831776616671935,0.6386435492928706
8.075258518455481,7.04718922248648,8.0,4.418814629613871,2.52384,3.2,3.1,2.9713254133967553,4.378914718055994,4.5953599999999994,1.5,3.0,2.6,1.5,3.4,2.233376,2.744147005656261,2.0,2.0,1.5831776616671935,0.63842896218709
9.8,8.409909141805151,8.0,4.963959656842057,10.0,3.2,3.1,3.2983781940332366,11.069314718055994,12.1,1.82,3.0,2.6,1.5,3.4,12.7,14.3,2.0,2.224,1.7335092178866376,0.7860994830847614
6.727276310793546,5.920320828686699,8.0,3.9675460894331875,2.05472,3.2,3.1,2.700876998884808,3.2061147180559946,2.71888,3.164,3.0,2.6,1.5,3.4,1.576608,1.60944,2.0,3.1647999999999996,1.8998645412210244,0.5336176668766464
6.662113794679227,5.998226044309511,8.0,3.998792285461314,2.064,3.2,3.1,2.719574250634283,3.2293147180559947,2.7560000000000002,1.948,3.0,2.6,1.5,3.4,1.5896,1.9790321826899047,2.0,2.3136,1.7636669492803463,0.5292056215147394
6.795003071881348,6.236173147250451,8.0,4.09415990075652,2.1032,3.2,3.1,2.776681555340108,3.3273147180559945,2.9128,1.692,3.0,2.6,1.5,3.4,1.64448,1.7064,2.0,2.1344,1.6931325494920921,0.551744999658633
9.8,8.378706699606777,8.0,4.951478422394838,9.516,3.2,3.1,3.2908896079056262,11.069314718055994,12.1,2.012,3.0,2.6,1.5,3.4,12.0224,14.3,2.0,2.3584,1.7763102111592854,0.7827381759491765
9.8,10.404381535857512,8.0,5.761752540268971,10.0,3.2,3.1,3.777051568605803,11.069314718055994,12.1,7.964,3.0,2.6,1.5,3.4,12.7,14.3,2.0,6.5248,2.0561674785875566,0.8500000000000001
9.367757864085037,7.7298876286222304,8.0,4.691939466021259,4.052960000000001,3.2,3.1,3.1351730308693355,8.201714718055994,10.71184,1.5,3.0,2.6,1.5,3.4,4.374143999999999,5.60592,2.0,2.0,1.5831776616671935,0.7124002720474243
9.8,8.756472732385117,8.0,5.102587092984046,10.0,3.2,3.1,3.3815534557724276,11.069314718055994,12.1,1.884,3.0,2.6,1.5,3.4,12.7,14.3,2.0,2.2688,1.7495329850015804,0.8236335850837169
9.8,11.330210029031372,8.0,6.132083999984643,10.0,3.2,3.1,3.999250406967529,11.069314718055994,12.1,14.3,3.0,2.6,1.5,3.4,12.7,14.3,2.0,13.2,2.2495328118577875,0.8500000000000001
9.056163678063104,7.747274757571839,8.0,4.458859921771447,2.64,3.2,3.1,2.9953459418172415,4.669314718055994,5.0600000000000005,2.8440000000000003,3.7,2.6,1.5,3.4,2.396,3.0851737569839037,2.0,2.9408,1.876259305911498,0.6506777490355227
5.935072486237279,4.919528664807629,8.0,3.3129898714923076,2.00192,3.2,3.1,2.316686879553831,3.0741147180559945,2.50768,2.396,3.7,2.6,1.5,3.4,1.502688,1.50384,2.0,2.6272,1.8327106466687737,0.4393538662556491
9.8,9.58079396835203,8.0,5.432317202726536,10.0,3.2,3.1,3.579390552404487,11.069314718055994,12.1,14.3,3.0,2.6,1.5,3.4,12.7,14.3,2.0,13.2,2.1787190172983824,0.8500000000000001
5.839884805799629,3.3465735902799727,8.0,2.8,2.0,3.2,3.1,2.0831776616671935,3.0693147180559945,2.5,3.484,3.0,2.6,1.5,3.4,1.5,1.5,2.0,3.3888,1.9195809073759775,0.4735338670593499
9.6,10.183259562050093,8.0,5.673303709546361,10.0,3.2,3.1,3.7239822948920223,11.069314718055994,12.1,6.300000000000001,3.0,2.6,1.5,3.4,12.7,14.3,2.0,5.359999999999999,2.0212566506224423,0.8500000000000001
7.232203769021932,6.54443897916644,8.0,3.977220806290031,2.05744,3.2,3.1,2.7066653549999455,3.2129147180559947,2.72976,2.268,3.7,2.6,1.5,3.4,1.580416,1.61488,2.0,2.5376,1.816686879553831,0.5271804635275266
6.614874571596987,5.998226044309511,8.0,3.998792285461314,2.064,3.2,3.1,2.719574250634283,3.2293147180559947,2.7560000000000002,1.6280000000000001,3.0,2.6,1.5,3.4,1.5896,1.8883824984003184,2.0,2.0896,1.6663553233343869,0.5260071324518794
9.317190346882933,7.6964142907747295,8.0,4.678549051726288,3.92,3.2,3.1,3.127139429785935,7.869314718055994,10.18,2.076,3.0,2.6,1.5,3.4,4.188,5.603458062577947,2.0,2.4032,1.7877474327358045,0.7089764297368653
10.4,8.663575484348593,8.0,4.825422197737438,6.00176,3.2,3.1,3.2152581162436626,11.069314718055994,12.1,1.948,3.7,2.6,1.5,3.4,7.1024639999999994,9.50352,2.0,2.3136,1.7636669492803463,0.7486275891883643
9.413721786063096,7.882457451336094,8.0,4.75297149387332,4.7856000000000005,3.2,3.1,3.1717897883206625,10.033314718055994,12.1,2.012,3.0,2.6,1.5,3.4,5.399839999999999,7.071200000000001,2.0,2.3584,1.7763102111592854,0.7290540792646889
9.6,9.275578842624805,8.0,5.310230828888539,10.0,3.2,3.1,3.5061389222299533,11.069314718055994,12.1,1.756,3.0,2.6,1.5,3.4,12.7,14.3,2.0,2.1792,1.7150111363073666,0.8500000000000001
8.589394945962797,7.466403765211011,8.0,4.346473844456877,2.3648,3.2,3.1,2.9279369036506426,3.9813147180559945,3.9592,1.6280000000000001,3.7,2.6,1.5,3.4,2.01072,2.2296,2.0,2.0896,1.6663553233343869,0.6190736161328977
6.681486506780853,3.946573590279973,8.0,2.8,2.0,3.2,3.1,2.0831776616671935,3.0693147180559945,2.5,4.188000000000001,3.7,2.0,1.5,3.4,1.5,1.956992869233459,2.0,3.8815999999999997,1.9541027560701913,0.48989231556328694
8.516318159542907,7.4009509799375826,8.0,4.3202804669167465,2.32,3.2,3.1,2.9122282351850197,3.8693147180559944,3.7800000000000002,2.652,3.7,2.6,1.5,3.4,1.948,2.14,2.0,2.8064,1.8594878728264788,0.614125708719051
7.1951691418452555,6.59822604430951,8.0,3.998792285461314,2.064,3.2,3.1,2.719574250634283,3.2293147180559947,2.7560000000000002,1.5,3.7,2.6,1.5,3.4,1.5896,1.6280000000000001,2.0,2.0,1.5831776616671935,0.5246729106457726
6.642643926447261,6.254133848700603,8.0,3.860660981611815,2.032,3.2,3.1,2.6369921236881444,3.1493147180559946,2.628,1.5,3.7,2.0,1.5,3.4,1.5448,2.0657479685503266,2.0,2.0,1.5831776616671935,0.48726234918653333
7.130989880527748,6.454876640822405,8.0,4.181750955863044,2.16,3.2,3.1,2.8291703937973773,3.4693147180559945,3.14,1.564,3.0,2.0,1.5,3.4,1.724,2.299815894197858,2.0,2.0448,1.6318334746401733,0.5744941064940663
8.039030626827358,6.994101798511288,8.0,4.397572819217137,2.47104,3.2,3.1,2.9585844316427092,4.2469147180559945,4.38416,3.868,3.0,2.6,1.5,3.4,2.159456,2.44208,2.0,3.6575999999999995,1.9396273975355576,0.6359760320247692
8.683046619981758,7.426975550757305,8.0,4.570761654995439,3.12,3.2,3.1,3.0624741321817535,5.869314718055994,6.9799999999999995,1.5,3.0,2.0,1.5,3.4,3.068,4.234514555367332,2.0,2.0,1.5831776616671935,0.6795812815612648
9.6,8.063355550325255,8.0,4.825334220610071,6.0,3.2,3.1,3.215205332078061,11.069314718055994,12.1,3.164,3.0,2.6,1.5,3.4,7.1,9.669447173557229,2.0,3.1647999999999996,1.8998645412210244,0.7488089437361873
9.8,8.465865511768676,8.0,4.986342628329448,10.0,3.2,3.1,3.3118077228244824,11.069314718055994,12.1,1.5,3.0,2.6,1.5,3.4,12.7,14.3,2.0,2.0,1.5831776616671935,0.7921344618392254
9.178840346002781,7.736429235382207,8.0,4.694556311312434,4.08,3.2,3.1,3.13674301649173,8.269314718055993,10.82,1.6280000000000001,3.0,2.6,1.5,3.4,4.412,5.66,2.0,2.0896,1.6663553233343869,0.7131506484272716
8.687380221490185,7.304703837702024,8.0,4.521845055372546,2.87696,3.2,3.1,3.033128921048486,5.261714718055995,6.00784,1.5,3.0,2.6,1.5,3.4,2.727744,3.453388073162762,2.0,2.0,1.5831776616671935,0.6663330358300645
8.336601139006028,7.080544756422898,8.0,4.432160784190933,2.56,3.2,3.1,2.979330741541496,4.469314718055995,4.74,1.948,3.0,2.6,1.5,3.4,2.284,2.849012668563929,2.0,2.3136,1.7636669492803463,0.6425823687868665
6.95861444329233,6.343554303933257,8.0,4.137172189413672,2.128,3.2,3.1,2.8024530329439816,3.3893147180559944,3.012,1.6280000000000001,3.0,2.6,1.5,3.4,1.6792,2.1579437876799528,2.0,2.0896,1.6663553233343869,0.5628228529312516
9.6,8.71478279746266,8.0,5.085910945107464,10.0,3.2,3.1,3.3715478713910385,11.069314718055994,12.1,1.692,3.0,2.6,1.5,3.4,12.7,14.3,2.0,2.1344,1.6931325494920921,0.8191097116724833
8.06019623314542,6.912822366109994,8.0,4.365049058286355,2.40032,3.2,3.1,2.939077367866399,4.0701147180559945,4.10128,1.5,3.0,2.6,1.5,3.4,2.060448,2.30064,2.0,2.0,1.5831776616671935,0.6238674532858879
9.8,10.173109402913308,8.0,5.669243643527641,10.0,3.2,3.1,3.721546256699194,11.069314718055994,12.1,12.764000000000001,3.0,2.0,1.5,3.4,12.7,14.720657409357067,2.0,9.884799999999998,2.12181402603505,0.8500000000000001
8.767043836093828,7.349924013000156,8.0,4.539936280197903,2.96,3.2,3.1,3.0439817631200374,5.469314718055995,6.34,2.204,3.0,2.0,1.5,3.4,2.844,3.837835638824311,2.0,2.4928,1.8077939228953843,0.6717269264021863
7.957333665221169,6.848560658641313,8.0,4.339333416305292,2.352,3.2,3.1,2.923654558073915,3.9493147180559944,3.908,1.5,3.0,2.0,1.5,3.4,1.9928,2.662597347800867,2.0,2.0,1.5831776616671935,0.61690280024935
9.423093462178356,7.763195609239204,8.0,4.705263662716562,4.1944,3.2,3.1,3.1431669462174088,8.555314718055994,11.2776,1.948,3.0,2.6,1.5,3.4,4.57216,5.8888,2.0,2.3136,1.7636669492803463,0.7161469531683262
8.026407598877334,7.003517006096704,8.0,4.401340169088074,2.48,3.2,3.1,2.960844081463209,4.269314718055995,4.42,2.524,3.0,2.6,1.5,3.4,2.1719999999999997,2.46,2.0,2.7168,1.8468446109475396,0.6351213478406529
9.8,9.119064163985152,8.0,5.247624697139062,10.0,3.2,3.1,3.4685753993564363,11.069314718055994,12.1,5.0840000000000005,3.0,2.6,1.5,3.4,12.7,14.643545008063214,2.0,4.5088,1.9872531612655702,0.8500000000000001
6.918875947628166,6.109300059845864,8.0,4.043321220216973,2.08,3.2,3.1,2.7462320143630077,3.2693147180559947,2.82,2.7800000000000002,3.0,2.6,1.5,3.4,1.612,1.6600000000000001,2.0,2.896,1.870925094402998,0.5465905589539903
9.168352293581213,7.605270175989425,8.0,4.642088073395303,3.6,3.2,3.1,3.105264842237462,7.0693147180559945,8.899999999999999,1.5,3.0,2.6,1.5,3.4,3.7399999999999998,4.97697852863347,2.0,2.0,1.5831776616671935,0.698898853211228
6.100222726147332,5.654133848700603,8.0,3.860660981611815,2.032,3.2,3.1,2.6369921236881444,3.1493147180559946,2.628,1.692,3.0,2.6,1.5,3.4,1.5448,1.9681466411961281,2.0,2.1344,1.6931325494920921,0.491160913749559
9.8,8.506453944960416,8.0,5.002578280456487,10.0,3.2,3.1,3.3215489467904997,11.069314718055994,12.1,2.332,3.0,2.6,1.5,3.4,12.7,14.3,2.0,2.5824,1.8249660241322652,0.7965896372446155
8.857474519687326,7.485111602079392,8.0,4.353960199200779,2.37872,3.2,3.1,2.932426784499054,4.016114718055994,4.01488,12.188,3.7,2.6,1.5,3.4,2.030208,2.25744,2.0,9.4816,2.1155878457907686,0.6372248372704961
9.31452944304943,7.6964142907747295,8.0,4.678549051726288,3.92,3.2,3.1,3.127139429785935,7.869314718055994,10.18,1.564,3.0,2.6,1.5,3.4,4.188,5.569092681368709,2.0,2.0448,1.6318334746401733,0.7087962643731385
9.8,9.41867487075341,8.0,5.367469416388593,10.0,3.2,3.1,3.5404819689808185,11.069314718055994,12.1,2.46,3.0,2.6,1.5,3.4,12.7,14.3,2.0,2.6719999999999997,1.839985601286746,0.8500000000000001
9.8,10.201789424936226,8.0,5.680715658894636,10.0,3.2,3.1,3.728429461984694,11.069314718055994,12.1,13.276000000000002,3.0,2.6,1.5,3.4,12.7,14.610654990947266,2.0,10.2432,2.127089600845584,0.8500000000000001
9.8,9.359451129982432,8.0,5.343779853193266,10.0,3.2,3.1,3.526268271195783,11.069314718055994,12.1,2.332,3.0,2.6,1.5,3.4,12.7,14.568824841999522,2.0,2.5824,1.8249660241322652,0.8500000000000001
9.5898574502801,8.09372339470859,8.0,4.597464362570025,3.2800000000000002,3.2,3.1,3.0784936147300614,6.269314718055995,7.62,1.5,3.7,2.6,1.5,3.4,3.292,4.366008719967004,2.0,2.0,1.5831776616671935,0.6868132648627151
9.8,10.110488499702441,8.0,5.644195266547777,10.0,3.2,3.1,3.706517239928586,11.069314718055994,12.1,2.076,3.0,2.6,1.5,3.4,12.7,14.3,2.0,2.4032,1.7877474327358045,0.8500000000000001
10.130253027482961,8.431439943735137,8.0,4.7325632568707405,4.515359999999999,3.2,3.1,3.1595455864964332,9.357714718055993,12.1,1.5,3.7,2.6,1.5,3.4,5.021503999999999,6.5307200000000005,2.0,2.0,1.5831776616671935,0.7234025487358255
6.774880095753383,6.090008326826286,8.0,4.03558882281012,2.07696,3.2,3.1,2.7416019984383087,3.2617147180559947,2.80784,1.756,3.0,2.6,1.5,3.4,1.607744,2.049641295397637,2.0,2.1792,1.7150111363073666,0.5368408398166353
6.100222726147332,5.654133848700603,8.0,3.860660981611815,2.032,3.2,3.1,2.6369921236881444,3.1493147180559946,2.628,1.692,3.0,2.0,1.5,3.4,1.5448,1.9864626651646586,2.0,2.1344,1.6931325494920921,0.491160913749559
9.392979511941572,7.743948174064477,8.0,4.697564116388674,4.1115200000000005,3.2,3.1,3.1385475617754746,8.348114718055994,10.94608,2.076,3.0,2.6,1.5,3.4,4.456128,6.005812459794876,2.0,2.4032,1.7877474327358045,0.7141079877877106
9.8,9.843801091820875,8.0,5.537520209438447,10.0,3.2,3.1,3.64251226203701,11.069314718055994,12.1,14.3,3.0,2.6,1.5,3.4,12.7,14.3,2.0,13.2,2.182437042760778,0.8500000000000001
9.6,8.463409693545152,8.0,4.9853602834308015,10.0,3.2,3.1,3.311218326450837,11.069314718055994,12.1,3.1,3.0,2.6,1.5,3.4,12.7,14.3,2.0,3.12,1.8955004239205195,0.7919899461828259
8.254993802153919,7.1564356971713075,8.0,4.462525205134993,2.65184,3.2,3.1,2.9975445673211136,4.6989147180559945,5.10736,1.82,3.0,2.6,1.5,3.4,2.412576,3.20754043049906,2.0,2.224,1.7335092178866376,0.6505985386875051
7.042006309627672,6.276966702012905,8.0,4.110501577406918,2.112,3.2,3.1,2.786472008483097,3.349314718055995,2.948,1.5,3.0,2.6,1.5,3.4,1.6568,1.724,2.0,2.0,1.5831776616671935,0.554927510547707
9.6,9.431148235992762,8.0,5.3724587755896875,10.0,3.2,3.1,3.5434755766382624,11.069314718055994,12.1,2.9080000000000004,3.0,2.6,1.5,3.4,12.7,14.3,2.0,2.9856,1.8813664596417534,0.8500000000000001
9.8,9.65649352139632,8.0,5.462597077980835,10.0,3.2,3.1,3.5975584451351166,11.069314718055994,12.1,2.076,3.0,2.6,1.5,3.4,12.7,14.643360778110926,2.0,2.4032,1.7877474327358045,0.8500000000000001
9.6,10.201649166988442,8.0,5.680659555684358,10.0,3.2,3.1,3.728395800077226,11.069314718055994,12.1,7.644,3.0,2.6,1.5,3.4,12.7,14.564607217883157,2.0,6.3008,2.0501960974404687,0.8500000000000001
9.8,9.907756278981136,8.0,5.563102311592755,10.0,3.2,3.1,3.6578615069554727,11.069314718055994,12.1,2.9720000000000004,3.0,2.6,1.5,3.4,12.7,14.3,2.0,3.0304,1.886265098984184,0.8500000000000001
9.547319401650318,7.842105756374203,8.0,4.73682985041258,4.569599999999999,3.2,3.1,3.162105381529809,9.493314718055993,12.1,1.5,3.0,2.6,1.5,3.4,5.09744,6.639200000000001,2.0,2.0,1.5831776616671935,0.7245580844867403
6.084136148790474,4.98629436111989,8.0,3.3416100402204423,2.00224,3.2,3.1,2.3327106466687737,3.0749147180559944,2.50896,2.588,3.7,2.6,1.5,3.4,1.503136,1.50448,2.0,2.7616,1.8533326774999728,0.44944671840768835
5.993397612047714,5.623512036080243,8.0,3.8483494030119285,2.03008,3.2,3.1,2.629642888659258,3.1445147180559947,2.62032,1.5,3.0,2.6,1.5,3.4,1.542112,1.56016,2.0,2.0,1.5831776616671935,0.4839279633157306
6.642643926447261,6.254133848700603,8.0,3.860660981611815,2.032,3.2,3.1,2.6369921236881444,3.1493147180559946,2.628,1.5,3.7,2.6,1.5,3.4,1.5448,1.564,2.0,2.0,1.5831776616671935,0.48726234918653333
6.0920964134730085,5.9124864066421345,8.0,3.7230241033682523,2.016,3.2,3.1,2.5549967375941125,3.1093147180559946,2.564,1.5,3.7,2.0,1.5,3.4,1.5224,2.030858894218228,2.0,2.0,1.5831776616671935,0.4499856946622349
4.466815150764888,3.3465735902799727,8.0,2.8,2.0,3.2,3.1,2.0831776616671935,3.0693147180559945,2.5,1.948,3.0,2.6,1.5,3.4,1.5,1.5,2.0,2.3136,1.7636669492803463,0.3941072758330393
5.913330845202128,5.138333059508028,8.0,3.652535975408263,2.0112,3.2,3.1,2.5131999342819267,3.0973147180559946,2.5448,2.7800000000000002,3.0,2.6,1.5,3.4,1.51568,1.5224,2.0,2.896,1.870925094402998,0.47850677597722746
6.1656882117991,5.855213508687434,8.0,3.9414220529497754,2.048,3.2,3.1,2.685251242084984,3.1893147180559946,2.692,1.5,3.0,2.6,1.5,3.4,1.5672,1.596,2.0,2.0,1.5831776616671935,0.5091351393405641
5.545460506179461,3.946573590279973,8.0,2.8,2.0,3.2,3.1,2.0831776616671935,3.0693147180559945,2.5,2.14,3.7,2.0,1.5,3.4,1.5,1.9456587629249142,2.0,2.448,1.7981887979745599,0.4129738884392343
8.640693793976384,7.400508916770357,8.0,4.560173448494096,3.06224,3.2,3.1,3.0561221400248857,5.724914718055994,6.748959999999999,1.5,3.0,2.0,1.5,3.4,2.987136,4.061118481199447,2.0,2.0,1.5831776616671935,0.6767136423004843
6.723886475213134,5.998226044309511,8.0,3.998792285461314,2.064,3.2,3.1,2.719574250634283,3.2293147180559947,2.7560000000000002,2.396,3.0,2.6,1.5,3.4,1.5896,1.6280000000000001,2.0,2.6272,1.8327106466687737,0.5333881467592226
9.8,8.31674844891432,8.0,4.926694560462804,8.64,3.2,3.1,3.2760196277394367,11.069314718055994,12.1,2.012,3.0,2.6,1.5,3.4,10.796,14.61734541532234,2.0,2.3584,1.7763102111592854,0.7760319592258196
9.103631220893954,7.766995623597487,8.0,4.466750201390716,2.66576,3.2,3.1,3.000078949663397,4.733714718055995,5.16304,3.9960000000000004,3.7,2.6,1.5,3.4,2.432064,2.8315200000000003,2.0,3.7472,1.9456286480045168,0.6538916972480281
8.456942645992225,7.16010229878944,8.0,4.4639922043773055,2.65664,3.2,3.1,2.9984245517094656,4.710914718055995,5.12656,1.564,3.0,2.6,1.5,3.4,2.419296,2.81328,2.0,2.0448,1.6318334746401733,0.6507304916557235
9.8,8.298817116714577,8.0,4.91952185161846,8.40608,3.2,3.1,3.271716108011499,11.069314718055994,12.1,6.300000000000001,3.0,2.6,1.5,3.4,10.468512,14.3,2.0,5.359999999999999,2.0212566506224423,0.7745421250060616
6.245462449359629,4.151292546497023,8.0,3.239444915467244,2.00128,3.2,3.1,2.2763102111592857,3.0725147180559946,2.50512,4.7,3.0,2.6,1.5,3.4,1.501792,1.50256,2.0,4.24,1.9741492462297714,0.5009948533420583
8.504365334274214,7.147274757571839,8.0,4.458859921771447,2.64,3.2,3.1,2.9953459418172415,4.669314718055994,5.0600000000000005,6.108,3.0,2.0,1.5,3.4,2.396,3.227731360169427,2.0,5.2256,2.0164878111845006,0.6539414028414832
5.40868760521348,3.3465735902799727,8.0,2.8,2.0,3.2,3.1,2.0831776616671935,3.0693147180559945,2.5,2.652,3.0,2.6,1.5,3.4,1.5,1.5,2.0,2.8064,1.8594878728264788,0.4443382232696627
5.62028135258812,3.946573590279973,8.0,2.8,2.0,3.2,3.1,2.0831776616671935,3.0693147180559945,2.5,2.204,3.7,2.6,1.5,3.4,1.5,1.5,2.0,2.4928,1.8077939228953843,0.418039883248154
6.948688757654688,6.343554303933257,8.0,4.137172189413672,2.128,3.2,3.1,2.8024530329439816,3.3893147180559944,3.012,1.5,3.0,2.0,1.5,3.4,1.6792,2.2228092552090413,2.0,2.0,1.5831776616671935,0.5621508012995362
6.753934168417435,6.254133848700603,8.0,3.860660981611815,2.032,3.2,3.1,2.6369921236881444,3.1493147180559946,2.628,1.884,3.7,2.0,1.5,3.4,1.5448,2.0080859227702748,2.0,2.2688,1.7495329850015804,0.49479762598659716
8.815953350141893,7.603517006096704,8.0,4.401340169088074,2.48,3.2,3.1,2.960844081463209,4.269314718055995,4.42,2.012,3.7,2.6,1.5,3.4,2.1719999999999997,2.773160126129894,2.0,2.3584,1.7763102111592854,0.634413508082524
9.8,8.357231106104638,8.0,4.942887998145554,9.2,3.2,3.1,3.2857354654651134,11.069314718055994,12.1,1.5,3.0,2.6,1.5,3.4,11.58,14.3,2.0,2.0,1.5831776616671935,0.7803654994977542
9.592821955870184,7.8705431315886525,8.0,4.748205488967546,4.720000000000001,3.2,3.1,3.1689303515812766,9.869314718055994,12.1,1.5,3.0,2.6,1.5,3.4,5.308,6.94,2.0,2.0,1.5831776616671935,0.727638986595377
8.20729290247768,7.229909805181593,8.0,4.25182322561942,2.2272,3.2,3.1,2.8711783532435824,3.6373147180559946,3.4088,1.5,3.7,2.6,1.5,3.4,1.81808,1.9544,2.0,2.0,1.5831776616671935,0.5932021236052596
6.918875947628166,6.20012872265441,8.0,4.079718986907041,2.096,3.2,3.1,2.7680308934370585,3.3093147180559948,2.884,1.5,3.0,2.6,1.5,3.4,1.6344,2.053400593025007,2.0,2.0,1.5831776616671935,0.5465905589539903
5.210143901633052,3.3465735902799727,8.0,2.8,2.0,3.2,3.1,2.0831776616671935,3.0693147180559945,2.5,2.396,3.0,2.6,1.5,3.4,1.5,1.5,2.0,2.6272,1.8327106466687737,0.4308951600064046
9.4434844142145,7.773477727768571,8.0,4.709376806923585,4.24,3.2,3.1,3.145634654664457,8.669314718055993,11.459999999999999,2.8440000000000003,3.0,2.6,1.5,3.4,4.636,6.378428304574326,2.0,2.9408,1.876259305911498,0.7175275905457734
9.8,8.409909141805151,8.0,4.963959656842057,10.0,3.2,3.1,3.2983781940332366,11.069314718055994,12.1,1.5,3.0,2.6,1.5,3.4,12.7,14.3,2.0,2.0,1.5831776616671935,0.7860724070613905
9.928466962723249,8.3041035700528,8.0,4.6816250177647,3.94976,3.2,3.1,3.128984856812672,7.943714718055994,10.29904,1.884,3.7,2.6,1.5,3.4,4.229664,5.7413565165060785,2.0,2.2688,1.7495329850015804,0.7097399506010533
8.479208958540802,7.174623900283395,8.0,4.4698022396352,2.676,3.2,3.1,3.001909736068015,4.759314718055994,5.204000000000001,1.5,3.0,2.6,1.5,3.4,2.4464,2.8520000000000003,2.0,2.0,1.5831776616671935,0.6522381065678668
6.281695056703761,5.764714543755712,8.0,3.905090587826357,2.04,3.2,3.1,2.663531490501371,3.1693147180559946,2.66,1.756,3.0,2.6,1.5,3.4,1.556,1.97451330057689,2.0,2.1792,1.7150111363073666,0.5034481027976505
7.338902902510742,6.454876640822405,8.0,4.181750955863044,2.16,3.2,3.1,2.8291703937973773,3.4693147180559945,3.14,1.692,3.0,2.6,1.5,3.4,1.724,2.2233852576769126,2.0,2.1344,1.6931325494920921,0.5750298840241648
6.918875947628166,6.20012872265441,8.0,4.079718986907041,2.096,3.2,3.1,2.7680308934370585,3.3093147180559948,2.884,1.5,3.0,2.0,1.5,3.4,1.6344,2.1641627918079793,2.0,2.0,1.5831776616671935,0.5465905589539903
9.914196206905153,8.29641429077473,8.0,4.678549051726288,3.92,3.2,3.1,3.127139429785935,7.869314718055994,10.18,1.5,3.7,2.6,1.5,3.4,4.188,5.527173551078184,2.0,2.0,1.5831776616671935,0.708773701509203
9.37551316930305,7.734734318504951,8.0,4.6938782923257625,4.07296,3.2,3.1,3.1363362364411884,8.251714718055995,10.79184,1.5,3.0,2.6,1.5,3.4,4.402144,5.64592,2.0,2.0,1.5831776616671935,0.7129253708382273
9.8,8.021668223826264,8.0,4.808658594445401,5.68,3.2,3.1,3.205200373718303,11.069314718055994,12.1,1.5,3.0,2.6,1.5,3.4,6.652,9.061554177676737,2.0,2.0,1.5831776616671935,0.7440117026622961
8.734969471244119,7.334441852328335,8.0,4.53374236781103,2.93072,3.2,3.1,3.0402660445588,5.396114718055995,6.22288,1.5,3.0,2.6,1.5,3.4,2.803008,3.36144,2.0,2.0,1.5831776616671935,0.6695552246154872
8.435439687085788,7.147274757571839,8.0,4.458859921771447,2.64,3.2,3.1,2.9953459418172415,4.669314718055994,5.0600000000000005,1.5,3.0,2.0,1.5,3.4,2.396,3.2723525897266907,2.0,2.0,1.5831776616671935,0.6492745621464335
9.8,10.069159940308152,8.0,5.627663831300826,10.0,3.2,3.1,3.6965983856739566,11.069314718055994,12.1,1.692,3.0,2.6,1.5,3.4,12.7,14.3,2.0,2.1344,1.6931325494920921,0.8500000000000001
9.8,8.578139546025955,8.0,5.031252961328748,10.0,3.2,3.1,3.3387534910462295,11.069314718055994,12.1,1.82,3.0,2.6,1.5,3.4,12.7,14.70141592588886,2.0,2.224,1.7335092178866376,0.8043170185346888
9.8,9.508503653090536,8.0,5.403401016793251,10.0,3.2,3.1,3.5620408767417286,11.069314718055994,12.1,8.668000000000001,3.0,2.6,1.5,3.4,12.7,14.3,2.0,7.0176,2.0683438138073393,0.8500000000000001
9.6,8.245664885725326,8.0,4.898260398966046,7.76,3.2,3.1,3.258959572574078,11.069314718055994,12.1,2.204,3.0,2.6,1.5,3.4,9.564,13.020000000000001,2.0,2.4928,1.8077939228953843,0.7683615472367347
8.76107712243133,7.349924013000156,8.0,4.539936280197903,2.96,3.2,3.1,3.0439817631200374,5.469314718055995,6.34,1.6280000000000001,3.0,2.6,1.5,3.4,2.844,3.42,2.0,2.0896,1.6663553233343869,0.6713229301646213
9.8,9.16193228501797,8.0,5.264772025124225,10.0,3.2,3.1,3.478863748404313,11.069314718055994,12.1,6.428000000000001,3.0,2.6,1.5,3.4,12.7,14.3,2.0,5.4496,2.024333742296043,0.8500000000000001
9.8,10.116782049116368,8.0,5.6467126879811085,10.0,3.2,3.1,3.7080276917879287,11.069314718055994,12.1,2.524,3.0,2.6,1.5,3.4,12.7,14.3,2.0,2.7168,1.8468446109475396,0.8500000000000001
9.279455519406108,7.6707720287957635,8.0,4.668291269966744,3.824,3.2,3.1,3.120985286910983,7.629314718055994,9.796,2.652,3.0,2.6,1.5,3.4,4.053599999999999,5.148,2.0,2.8064,1.8594878728264788,0.7064214674597886
5.210143901633052,3.3465735902799727,8.0,2.8,2.0,3.2,3.1,2.0831776616671935,3.0693147180559945,2.5,2.396,3.0,2.6,1.5,3.4,1.5,1.5,2.0,2.6272,1.8327106466687737,0.4308951600064046
9.8,8.501066586991014,8.0,5.0004233015464035,10.0,3.2,3.1,3.3202559808778433,11.069314718055994,12.1,2.268,3.0,2.6,1.5,3.4,12.7,14.3,2.0,2.5376,1.816686879553831,0.7960021162016655
9.8,8.868801918921504,8.0,5.147519170016053,10.0,3.2,3.1,3.4085124605411607,11.069314718055994,12.1,1.564,3.0,2.6,1.5,3.4,12.7,14.3,2.0,2.0448,1.6318334746401733,0.8357886051971983
7.325583188468444,6.679547694245966,8.0,4.031395797117111,2.07536,3.2,3.1,2.7390914466190317,3.2577147180559947,2.80144,1.5,3.7,2.6,1.5,3.4,1.605504,1.65072,2.0,2.0,1.5831776616671935,0.5335030283858843
9.8,8.063355550325255,8.0,4.825334220610071,6.0,3.2,3.1,3.215205332078061,11.069314718055994,12.1,2.7800000000000002,3.0,2.6,1.5,3.4,7.1,9.5,2.0,2.896,1.870925094402998,0.7487442439355343
9.8,9.636485321946946,8.0,5.4545937847043,10.0,3.2,3.1,3.592756477267267,11.069314718055994,12.1,10.972,3.0,2.0,1.5,3.4,12.7,14.759635646778904,2.0,8.630399999999998,2.1012762352915506,0.8500000000000001
9.545074801244002,7.832678629456797,8.0,4.733058762635109,4.521599999999999,3.2,3.1,3.1598428710696314,9.373314718055994,12.1,4.764,3.0,2.6,1.5,3.4,5.030239999999999,6.752953837987465,2.0,4.2848,1.9764350296262547,0.7244061063342293
8.92641465822791,7.45407680666076,8.0,4.581603664556978,3.1824,3.2,3.1,3.0689784335985824,6.025314718055994,7.2296,1.5,3.0,2.6,1.5,3.4,3.15536,4.239378983599604,2.0,2.0,1.5831776616671935,0.6825176591508482
8.896530403524817,7.4339954490910465,8.0,4.573570012605881,3.13584,3.2,3.1,3.064158907781851,5.908914718055994,7.04336,1.756,3.0,2.6,1.5,3.4,3.0901759999999996,3.77168,2.0,2.1792,1.7150111363073666,0.6804942460719928
7.677839760594531,6.649222550754073,8.0,4.259553656506276,2.23616,3.2,3.1,2.8758134121809777,3.6597147180559944,3.4446399999999997,2.46,3.0,2.6,1.5,3.4,1.830624,1.97232,2.0,2.6719999999999997,1.839985601286746,0.5979787337902548
7.93577580873966,6.960041599526617,8.0,4.383943952184915,2.44,3.2,3.1,2.950409983886388,4.169314718055994,4.26,1.5,3.0,2.0,1.5,3.4,2.116,2.8677743583886457,2.0,2.0,1.5831776616671935,0.6289848203834145
8.033828937551796,7.12157995799417,8.0,4.208457234387948,2.18288,3.2,3.1,2.8451791899186007,3.5265147180559944,3.23152,1.5,3.7,2.6,1.5,3.4,1.756032,1.86576,2.0,2.0,1.5831776616671935,0.5814571676467362
9.8,8.756472732385117,8.0,5.102587092984046,10.0,3.2,3.1,3.3815534557724276,11.069314718055994,12.1,3.676,3.0,2.6,1.5,3.4,12.7,14.594373471473387,2.0,3.5232,1.9300222726147331,0.8237093419150117
10.4,9.224785855559771,8.0,5.049911739633029,10.0,3.2,3.1,3.3499486053343452,11.069314718055994,12.1,1.6280000000000001,3.7,2.6,1.5,3.4,12.7,14.653266186145977,2.0,2.0896,1.6663553233343869,0.8093581444215185
5.492096413473008,5.312486406642135,8.0,3.7230241033682523,2.016,3.2,3.1,2.5549967375941125,3.1093147180559946,2.564,1.5,3.0,2.6,1.5,3.4,1.5224,1.532,2.0,2.0,1.5831776616671935,0.4499856946622349
8.880528735213721,7.423248469279419,8.0,4.569270608662865,3.11168,3.2,3.1,3.0615796326270606,5.848514718055994,6.94672,1.884,3.0,2.6,1.5,3.4,3.056352,3.72336,2.0,2.2688,1.7495329850015804,0.6794107997800958
5.6690255255611826,3.3465735902799727,8.0,2.8,2.0,3.2,3.1,2.0831776616671935,3.0693147180559945,2.5,3.1,3.0,2.6,1.5,3.4,1.5,1.5,2.0,3.12,1.8955004239205195,0.46196526995987175
9.8,8.315904404051864,8.0,4.926356934375774,8.6288,3.2,3.1,3.275817056972447,11.069314718055994,12.1,2.7800000000000002,3.0,2.6,1.5,3.4,10.78032,14.3,2.0,2.896,1.870925094402998,0.7760189183295059
8.614713977593375,7.2532683056138545,8.0,4.501266889616272,2.7912,3.2,3.1,3.0207843933473253,5.047314718055994,5.6648,2.268,3.0,2.6,1.5,3.4,2.60768,3.0824,2.0,2.5376,1.816686879553831,0.6614129255662181
7.755866619113754,6.672036425286533,8.0,4.268685245829474,2.2472,3.2,3.1,2.881288742068768,3.6873147180559944,3.4888,3.612,3.0,2.6,1.5,3.4,1.84608,1.9944,2.0,3.4783999999999997,1.9266417673787295,0.6032618023358272
9.8,8.063355550325255,8.0,4.825334220610071,6.0,3.2,3.1,3.215205332078061,11.069314718055994,12.1,1.692,3.0,2.6,1.5,3.4,7.1,9.5,2.0,2.1344,1.6931325494920921,0.7485605070366244
8.27672282636888,7.011776196202174,8.0,4.404644936943334,2.488,3.2,3.1,2.9628262870885216,4.289314718055994,4.452,4.444000000000001,3.0,2.6,1.5,3.4,2.1832,2.476,2.0,4.0608,1.964544121308947,0.6385281080353931
6.251616325858155,3.3465735902799727,8.0,2.8,2.0,3.2,3.1,2.0831776616671935,3.0693147180559945,2.5,4.828,3.0,2.6,1.5,3.4,1.5,1.5,2.0,4.329599999999999,1.9786780855877129,0.5014115220633126
9.900954988850266,8.284952470823761,8.0,4.6739639373043005,3.87648,3.2,3.1,3.124388592997702,7.760514718055995,10.00592,2.46,3.7,2.6,1.5,3.4,4.127072,5.25296,2.0,2.6719999999999997,1.839985601286746,0.7078771607034033
10.4,12.080262310183329,8.0,6.192104915460068,10.0,3.2,3.1,4.035262954443999,11.069314718055994,12.1,14.3,3.7,2.6,1.5,3.4,12.7,14.3,2.0,13.2,2.247184400314496,0.8500000000000001
8.691310717978174,7.30305970030532,8.0,4.521187280250125,2.87408,3.2,3.1,3.0327343280732766,5.254514718055995,5.996320000000001,2.076,3.0,2.6,1.5,3.4,2.723712,3.2481600000000004,2.0,2.4032,1.7877474327358045,0.6665991631964389
8.205360676352294,7.003517006096704,8.0,4.401340169088074,2.48,3.2,3.1,2.960844081463209,4.269314718055995,4.42,1.5,3.0,2.6,1.5,3.4,2.1719999999999997,2.741371994907602,2.0,2.0,1.5831776616671935,0.6336962957946866
9.8,8.756472732385117,8.0,5.102587092984046,10.0,3.2,3.1,3.3815534557724276,11.069314718055994,12.1,2.7800000000000002,3.0,2.6,1.5,3.4,12.7,14.3,2.0,2.896,1.870925094402998,0.8236714767434343
9.31526207432904,7.696455948762672,8.0,4.678565716309892,3.92016,3.2,3.1,3.127149427703041,7.869714718055994,10.18064,1.692,3.0,2.6,1.5,3.4,4.188224,5.34032,2.0,2.1344,1.6931325494920921,0.7088458696160287
8.822503247545407,7.603517006096704,8.0,4.401340169088074,2.48,3.2,3.1,2.960844081463209,4.269314718055995,4.42,2.332,3.7,2.6,1.5,3.4,2.1719999999999997,2.46,2.0,2.5824,1.8249660241322652,0.6348569907192203
10.329799246563761,8.55179377376823,8.0,4.780707510257234,5.2,3.2,3.1,3.188430505704375,11.069314718055994,12.1,3.7399999999999998,3.7,2.6,1.5,3.4,5.9799999999999995,7.9,2.0,3.568,1.9333101495173068,0.7369134906527546
9.503355142488255,8.036523899485534,8.0,4.574581534851969,3.1416,3.2,3.1,3.064765735876528,5.923314718055995,7.0664,2.076,3.7,2.0,1.5,3.4,3.0982399999999997,4.233226520174721,2.0,2.4032,1.7877474327358045,0.6809563377726422
10.4,8.663355550325255,8.0,4.825334220610071,6.0,3.2,3.1,3.215205332078061,11.069314718055994,12.1,2.8440000000000003,3.7,2.6,1.5,3.4,7.1,9.5,2.0,2.9408,1.876259305911498,0.7487550326038168
5.688699091338649,3.946573590279973,8.0,2.8,2.0,3.2,3.1,2.0831776616671935,3.0693147180559945,2.5,2.268,3.7,2.0,1.5,3.4,1.5,1.933855976835738,2.0,2.5376,1.816686879553831,0.4226723343093877
5.8432520745633365,5.2094379124341,8.0,3.4356107660695896,2.00368,3.2,3.1,2.3862650989841843,3.0785147180559944,2.51472,2.14,3.7,2.6,1.5,3.4,1.505152,1.50736,2.0,2.448,1.7981887979745599,0.43313685921522593
9.8,10.110522498501163,8.0,5.644208866076331,10.0,3.2,3.1,3.706525399640279,11.069314718055994,12.1,14.3,3.0,2.0,1.5,3.4,12.7,14.750176678541584,2.0,13.0208,2.161611449539798,0.8500000000000001
5.443101513280433,4.716993602242573,8.0,3.4802394763324314,2.00464,3.2,3.1,2.4120784645382174,3.0809147180559946,2.51856,2.332,3.0,2.6,1.5,3.4,1.506496,1.50928,2.0,2.5824,1.8249660241322652,0.4466683316283626
6.359007912302535,5.405458956322112,8.0,3.516703787691222,2.0056,3.2,3.1,2.433310149517307,3.0833147180559943,2.5224,2.8440000000000003,3.7,2.6,1.5,3.4,1.50784,1.5112,2.0,2.9408,1.876259305911498,0.4680578273954842
6.595169141845255,5.998226044309511,8.0,3.998792285461314,2.064,3.2,3.1,2.719574250634283,3.2293147180559947,2.7560000000000002,1.5,3.0,2.0,1.5,3.4,1.5896,2.112888396833311,2.0,2.0,1.5831776616671935,0.5246729106457726
6.171065444020488,3.3465735902799727,8.0,2.8,2.0,3.2,3.1,2.0831776616671935,3.0693147180559945,2.5,4.508,3.0,2.6,1.5,3.4,1.5,1.5,2.0,4.1056,1.9670184357732752,0.4959575561055539
5.264586672229065,3.3465735902799727,8.0,2.8,2.0,3.2,3.1,2.0831776616671935,3.0693147180559945,2.5,2.46,3.0,2.6,1.5,3.4,1.5,1.5,2.0,2.6719999999999997,1.839985601286746,0.4345813892655096
9.8,9.13025674060421,8.0,5.252101749224905,10.0,3.2,3.1,3.4712616177450104,11.069314718055994,12.1,6.108,3.0,2.6,1.5,3.4,12.7,14.3,2.0,5.2256,2.0164878111845006,0.8500000000000001
3.233407575382444,3.3465735902799727,8.0,2.8,2.0,3.2,3.1,2.0831776616671935,3.0693147180559945,2.5,1.564,3.0,2.6,1.5,3.4,1.5,1.5,2.0,2.0448,1.6318334746401733,0.2970536379165196
9.424836888700117,7.740260084645911,8.0,4.696088768430734,4.096,3.2,3.1,3.1376624203150185,8.309314718055994,10.883999999999999,10.204,3.0,2.6,1.5,3.4,4.4344,5.692,2.0,8.0928,2.091270442218865,0.7162649976724038
9.095807194995956,7.558838343556381,8.0,4.623513394364766,3.45808,3.2,3.1,3.0941212024535316,6.7145147180559945,8.33232,1.756,3.0,2.6,1.5,3.4,3.541312,4.728408423665816,2.0,2.1792,1.7150111363073666,0.6939869454945178
6.642643926447261,6.254133848700603,8.0,3.860660981611815,2.032,3.2,3.1,2.6369921236881444,3.1493147180559946,2.628,1.5,3.7,2.6,1.5,3.4,1.5448,1.9099941242294067,2.0,2.0,1.5831776616671935,0.48726234918653333
6.3788680815619045,5.855213508687434,8.0,3.9414220529497754,2.048,3.2,3.1,2.685251242084984,3.1893147180559946,2.692,1.564,3.0,2.6,1.5,3.4,1.5672,1.8996632307216503,2.0,2.0448,1.6318334746401733,0.510027526355754
9.197755635927638,7.848699282044029,8.0,4.49943890898191,2.784,3.2,3.1,3.019687827690567,5.0293147180559945,5.635999999999999,1.5,3.7,2.6,1.5,3.4,2.5976,3.2453754419411993,2.0,2.0,1.5831776616671935,0.6602647045159338
9.314862540443592,7.6964142907747295,8.0,4.678549051726288,3.92,3.2,3.1,3.127139429785935,7.869314718055994,10.18,1.6280000000000001,3.0,2.6,1.5,3.4,4.188,5.532350104104332,2.0,2.0896,1.6663553233343869,0.708818817842535
9.387402464273572,7.74216455864798,8.0,4.696850616068393,4.104,3.2,3.1,3.1381194940755153,8.329314718055993,10.916,1.5,3.0,2.6,1.5,3.4,4.4456,5.708,2.0,2.0,1.5831776616671935,0.7137303751851898
6.718530161214202,6.0020105223666285,8.0,3.7591581091193484,2.0192,3.2,3.1,2.576482525367991,3.1173147180559946,2.5768,2.7800000000000002,3.7,2.6,1.5,3.4,1.52688,1.5384,2.0,2.896,1.870925094402998,0.49240047966554495
9.619401382890388,8.112186087131015,8.0,4.604850345722597,3.32816,3.2,3.1,3.0829246609114436,6.389714718055994,7.81264,1.5,3.7,2.6,1.5,3.4,3.3594239999999997,4.15632,2.0,2.0,1.5831776616671935,0.68881363529987
9.8,8.626766390490449,8.0,5.05070396389402,10.0,3.2,3.1,3.3504239337177077,11.069314718055994,12.1,2.204,3.0,2.6,1.5,3.4,12.7,14.3,2.0,2.4928,1.8077939228953843,0.80960425788167
9.8,8.528625342834543,8.0,5.011446982634317,10.0,3.2,3.1,3.32687008228029,11.069314718055994,12.1,1.948,3.0,2.6,1.5,3.4,12.7,14.3,2.0,2.3136,1.7636669492803463,0.7989634518085016
5.088699091338649,3.3465735902799727,8.0,2.8,2.0,3.2,3.1,2.0831776616671935,3.0693147180559945,2.5,2.268,3.0,2.6,1.5,3.4,1.5,1.5,2.0,2.5376,1.816686879553831,0.4226723343093877
9.8,8.802533496766886,8.0,5.121011574746298,10.0,3.2,3.1,3.3926080392240525,11.069314718055994,12.1,2.524,3.0,2.6,1.5,3.4,12.7,14.669305177392015,2.0,2.7168,1.8468446109475396,0.8286468064078241
8.240918244684826,7.224962768358994,8.0,4.249843011422878,2.22496,3.2,3.1,2.8699910644061584,3.6317147180559948,3.39984,2.46,3.7,2.0,1.5,3.4,1.814944,2.371853654136178,2.0,2.6719999999999997,1.839985601286746,0.5954788394838684
5.492096413473008,5.312486406642135,8.0,3.7230241033682523,2.016,3.2,3.1,2.5549967375941125,3.1093147180559946,2.564,1.5,3.0,2.6,1.5,3.4,1.5224,1.532,2.0,2.0,1.5831776616671935,0.4499856946622349
9.379454974182982,7.736429235382207,8.0,4.694556311312434,4.08,3.2,3.1,3.13674301649173,8.269314718055993,10.82,1.756,3.0,2.6,1.5,3.4,4.412,5.66,2.0,2.1792,1.7150111363073666,0.7131922638769728
9.8,8.889449297129897,8.0,5.155778185926639,10.0,3.2,3.1,3.4134678313111753,11.069314718055994,12.1,3.804,3.0,2.6,1.5,3.4,12.7,14.3,2.0,3.6128,1.9365103391671663,0.8380979375811062
9.562955399864107,7.836218914825411,8.0,4.7344749663144485,4.5395199999999996,3.2,3.1,3.1606925395580987,9.418114718055994,12.1,7.964,3.0,2.6,1.5,3.4,5.055327999999999,6.57904,2.0,6.5248,2.0561674785875566,0.7256167718657989
9.8,10.234525315365072,8.0,5.693810022105809,10.0,3.2,3.1,3.736286075687617,11.069314718055994,12.1,14.236,3.0,2.6,1.5,3.4,12.7,14.605021344493327,2.0,10.9152,2.136396588967089,0.8500000000000001
8.660520608790245,7.258796555718782,8.0,4.5034786342837805,2.8,3.2,3.1,3.0221111733725077,5.0693147180559945,5.699999999999999,5.34,3.0,2.6,1.5,3.4,2.62,3.1,2.0,4.688,1.995256126205411,0.6645144162201728
9.8,8.314333101963369,8.0,4.925728398346211,8.608,3.2,3.1,3.2754399444712083,11.069314718055994,12.1,1.5,3.0,2.6,1.5,3.4,10.751199999999999,14.3,2.0,2.0,1.5831776616671935,0.775718107885432
8.413914537135124,7.258796555718782,8.0,4.5034786342837805,2.8,3.2,3.1,3.0221111733725077,5.0693147180559945,5.699999999999999,1.5,3.0,2.0,1.5,3.4,2.62,3.5087531386108446,2.0,2.0,1.5831776616671935,0.6613587967851907
9.8,9.050361620460865,8.0,5.220143537082494,10.0,3.2,3.1,3.4520867889106075,11.069314718055994,12.1,2.204,3.0,2.6,1.5,3.4,12.7,14.3,2.0,2.4928,1.8077939228953843,0.8500000000000001
6.595169141845255,5.998226044309511,8.0,3.998792285461314,2.064,3.2,3.1,2.719574250634283,3.2293147180559947,2.7560000000000002,1.5,3.0,2.6,1.5,3.4,1.5896,1.6280000000000001,2.0,2.0,1.5831776616671935,0.5246729106457726
8.251109465306769,7.257276416162039,8.0,4.262777366326692,2.24,3.2,3.1,2.8777463398788896,3.6693147180559946,3.46,1.5,3.7,2.6,1.5,3.4,1.8359999999999999,1.98,2.0,2.0,1.5831776616671935,0.5961688700468125
7.992879272028293,6.8707667946409146,8.0,4.348219818007073,2.368,3.2,3.1,2.9289840307138193,3.9893147180559945,3.9719999999999995,1.5,3.0,2.0,1.5,3.4,2.0152,2.717124750625837,2.0,2.0,1.5831776616671935,0.6193095340435824
8.302706970397372,7.289504063814151,8.0,4.275676742599343,2.2560000000000002,3.2,3.1,2.8854809753153967,3.7093147180559947,3.524,1.5,3.7,2.6,1.5,3.4,1.8584,2.012,2.0,2.0,1.5831776616671935,0.5996624511206554
8.369186333156053,7.104518132887535,8.0,4.441752809163933,2.58752,3.2,3.1,2.9850843518930086,4.538114718055994,4.85008,1.6280000000000001,3.0,2.0,1.5,3.4,2.322528,3.1733918786599293,2.0,2.0896,1.6663553233343869,0.6447886579741078
9.269155399017526,7.666500192356035,8.0,4.666582384872873,3.8084800000000003,3.2,3.1,3.119960046165448,7.590514718055995,9.733920000000001,2.012,3.0,2.6,1.5,3.4,4.031872,5.116960000000001,2.0,2.3584,1.7763102111592854,0.7057240634751452
4.945460506179461,3.3465735902799727,8.0,2.8,2.0,3.2,3.1,2.0831776616671935,3.0693147180559945,2.5,2.14,3.0,2.6,1.5,3.4,1.5,1.5,2.0,2.448,1.7981887979745599,0.4129738884392343
10.4,8.683944101849269,8.0,4.833569963933258,6.16816,3.2,3.1,3.2201465844438246,11.069314718055994,12.1,3.036,3.7,2.6,1.5,3.4,7.335424,9.83632,2.0,3.0751999999999997,1.8909715845625779,0.7510074600327716
6.740693816084609,5.945822105912885,8.0,3.9777755916665765,2.0576,3.2,3.1,2.7069973054190926,3.2133147180559947,2.7304,3.036,3.0,2.6,1.5,3.4,1.58064,1.7431860928090217,2.0,3.0751999999999997,1.8909715845625779,0.5345261437973954
6.757389897333049,6.32551922678285,8.0,3.8893474743332623,2.03696,3.2,3.1,2.654124614427884,3.1617147180559946,2.64784,1.5,3.7,2.6,1.5,3.4,1.551744,1.57392,2.0,2.0,1.5831776616671935,0.49503160763192516
9.6,9.729419235582158,8.0,5.49176740851919,10.0,3.2,3.1,3.6150606165397177,11.069314718055994,12.1,1.82,3.0,2.6,1.5,3.4,12.7,14.3,2.0,2.224,1.7335092178866376,0.8500000000000001
6.266797047025359,5.654133848700603,8.0,3.860660981611815,2.032,3.2,3.1,2.6369921236881444,3.1493147180559946,2.628,2.332,3.0,2.0,1.5,3.4,1.5448,2.0269432958946667,2.0,2.5824,1.8249660241322652,0.5024393833923421
9.8,8.971424505955383,8.0,5.188568501260261,10.0,3.2,3.1,3.4331418814292918,11.069314718055994,12.1,2.7800000000000002,3.0,2.6,1.5,3.4,12.7,14.3,2.0,2.896,1.870925094402998,0.8469391964662911
10.4,9.212635029414782,8.0,5.0450513451525785,10.0,3.2,3.1,3.347032407059548,11.069314718055994,12.1,1.6280000000000001,3.7,2.6,1.5,3.4,12.7,14.3,2.0,2.0896,1.6663553233343869,0.808041960956658
9.8,8.612635029414783,8.0,5.0450513451525785,10.0,3.2,3.1,3.347032407059548,11.069314718055994,12.1,2.268,3.0,2.6,1.5,3.4,12.7,14.556861583594804,2.0,2.5376,1.816686879553831,0.8080780547440873
9.8,8.454516904042347,8.0,4.981803103136122,10.0,3.2,3.1,3.309084056970163,11.069314718055994,12.1,2.9720000000000004,3.0,2.6,1.5,3.4,12.7,14.3,2.0,3.0304,1.886265098984184,0.7910188348905571
8.13577580873966,6.960041599526617,8.0,4.383943952184915,2.44,3.2,3.1,2.950409983886388,4.169314718055994,4.26,1.5,3.0,2.6,1.5,3.4,2.116,2.688119876497288,2.0,2.0,1.5831776616671935,0.6289848203834145
10.4,9.178567921651885,8.0,5.031424314025897,10.0,3.2,3.1,3.3388563011964525,11.069314718055994,12.1,2.9720000000000004,3.7,2.6,1.5,3.4,12.7,14.63415646194494,2.0,3.0304,1.886265098984184,0.8044329227742875
8.726398454405807,7.3264735561969285,8.0,4.530554497131612,2.916,3.2,3.1,3.038353653487263,5.359314718055995,6.164,1.884,3.0,2.6,1.5,3.4,2.7824,3.332,2.0,2.2688,1.7495329850015804,0.6689748953503931
9.8,8.959201953161418,8.0,5.183679447944567,10.0,3.2,3.1,3.4302084687587406,11.069314718055994,12.1,1.5,3.0,2.6,1.5,3.4,12.7,14.3,2.0,2.0,1.5831776616671935,0.8455798504849872
10.4,8.754509662544416,8.0,4.861797198684417,6.8,3.2,3.1,3.23708231901066,11.069314718055994,12.1,1.884,3.7,2.6,1.5,3.4,8.219999999999999,11.100000000000001,2.0,2.2688,1.7495329850015804,0.7584575457747131
9.541721128258203,7.836250411880446,8.0,4.734487565930165,4.539680000000001,3.2,3.1,3.160700098851307,9.418514718055993,12.1,2.46,3.0,2.6,1.5,3.4,5.0555520000000005,6.891608423665817,2.0,2.6719999999999997,1.839985601286746,0.7241790347258159
4.206477230417185,3.3465735902799727,8.0,2.8,2.0,3.2,3.1,2.0831776616671935,3.0693147180559945,2.5,1.82,3.0,2.6,1.5,3.4,1.5,1.5,2.0,2.224,1.7335092178866376,0.3764802291428303
4.318316218238697,3.946573590279973,8.0,2.8,2.0,3.2,3.1,2.0831776616671935,3.0693147180559945,2.5,1.6280000000000001,3.7,2.6,1.5,3.4,1.5,1.5,2.0,2.0896,1.6663553233343869,0.3298859939432451
7.70070571857201,6.68825406316311,8.0,4.275176429643002,2.25536,3.2,3.1,2.8851809751591464,3.7077147180559944,3.52144,1.5,3.0,2.6,1.5,3.4,1.857504,2.01072,2.0,2.0,1.5831776616671935,0.5995269496949798
7.934956175216378,7.054876640822405,8.0,4.181750955863044,2.16,3.2,3.1,2.8291703937973773,3.4693147180559945,3.14,1.6280000000000001,3.7,2.6,1.5,3.4,1.724,2.124486432537784,2.0,2.0896,1.6663553233343869,0.5747626576969422
9.143987401569026,7.590043664402581,8.0,4.635996850392257,3.552,3.2,3.1,3.1016104794566193,6.949314718055994,8.707999999999998,1.5,3.0,2.6,1.5,3.4,3.6728,4.604,2.0,2.0,1.5831776616671935,0.6972491469812362
10.187771046629955,8.462479396990435,8.0,4.744979803866256,4.67648,3.2,3.1,3.166995055277704,9.760514718055994,12.1,3.612,3.7,2.6,1.5,3.4,5.247072,6.85296,2.0,3.4783999999999997,1.9266417673787295,0.727296997948903
8.772966376921483,7.349924013000156,8.0,4.539936280197903,2.96,3.2,3.1,3.0439817631200374,5.469314718055995,6.34,2.7800000000000002,3.0,2.6,1.5,3.4,2.844,3.42,2.0,2.896,1.870925094402998,0.6721279317707254
10.4,9.38086733828865,8.0,5.112345030580767,10.0,3.2,3.1,3.3874081611892763,11.069314718055994,12.1,2.396,3.7,2.6,1.5,3.4,12.7,14.3,2.0,2.6272,1.8327106466687737,0.8262962111846959
4.618070977791826,3.946573590279973,8.0,2.8,2.0,3.2,3.1,2.0831776616671935,3.0693147180559945,2.5,1.692,3.7,2.6,1.5,3.4,1.5,1.5,2.0,2.1344,1.6931325494920921,0.3501818891213215
5.936387196030521,3.3465735902799727,8.0,2.8,2.0,3.2,3.1,2.0831776616671935,3.0693147180559945,2.5,3.7399999999999998,3.0,2.6,1.5,3.4,1.5,1.5,2.0,3.568,1.9333101495173068,0.48006788306456655
6.41382386945194,3.946573590279973,8.0,2.8,2.0,3.2,3.1,2.0831776616671935,3.0693147180559945,2.5,3.42,3.7,2.6,1.5,3.4,1.5,1.5,2.0,3.344,1.9158883083359672,0.4717693244941417
9.8,8.884179034290753,8.0,5.153670064547623,10.0,3.2,3.1,3.4122029682297805,11.069314718055994,12.1,5.532,3.0,2.0,1.5,3.4,12.7,14.737029349624613,2.0,4.8224,2.0009264723874765,0.8375843121380162
7.573367589367566,6.578478182307818,8.0,4.231235327496123,2.20496,3.2,3.1,2.8588347637538765,3.5817147180559945,3.31984,2.524,3.0,2.6,1.5,3.4,1.786944,1.90992,2.0,2.7168,1.8468446109475396,0.5909050971967623
7.62002372627477,6.766639814069845,8.0,4.066300369978738,2.08976,3.2,3.1,2.759993555376763,3.2937147180559947,2.8590400000000002,3.036,3.7,2.0,1.5,3.4,1.625664,2.126301741034079,2.0,3.0751999999999997,1.8909715845625779,0.553439106466521
7.452490690878173,6.490967338578194,8.0,4.196201148144346,2.172,3.2,3.1,2.8378321612587665,3.4993147180559947,3.188,2.716,3.0,2.6,1.5,3.4,1.7408,1.844,2.0,2.8512,1.8653426925268106,0.582720723861543
9.87281415649424,8.26147725817266,8.0,4.664573032563606,3.7904,3.2,3.1,3.118754541961438,7.5453147180559945,9.6616,4.1240000000000006,3.7,2.6,1.5,3.4,4.00656,5.0808,2.0,3.8368,1.9513440138832274,0.705971791845964
9.095140139797708,7.778159982914076,8.0,4.471217006204296,2.6808,3.2,3.1,3.002758395899378,4.7713147180559945,5.2232,2.204,3.7,2.6,1.5,3.4,2.4531199999999997,2.8616,2.0,2.4928,1.8077939228953843,0.6533167802988031
7.920134960676,6.825322275718449,8.0,4.330033740169,2.336,3.2,3.1,2.9180773461724274,3.9093147180559944,3.8440000000000003,1.5,3.0,2.6,1.5,3.4,1.9704,2.172,2.0,2.0,1.5831776616671935,0.6143841379624375
7.80130756630673,6.7483262190841415,8.0,4.299219469035191,2.288,3.2,3.1,2.899598292580194,3.7893147180559943,3.652,1.6280000000000001,3.0,2.6,1.5,3.4,1.9032,2.076,2.0,2.0896,1.6663553233343869,0.6063385331353516
9.8,8.178124823543225,8.0,4.871243570622281,7.03216,3.2,3.1,3.242749957650374,11.069314718055994,12.1,1.756,3.0,2.6,1.5,3.4,8.545024,11.56432,2.0,2.1792,1.7150111363073666,0.760996233450729
8.961523914524065,7.600246017960684,8.0,4.640078208224503,3.584,3.2,3.1,3.104059044310564,7.0293147180559945,8.836,1.692,3.0,2.6,1.5,3.4,3.7176,4.668,2.0,2.1344,1.6931325494920921,0.6984365150459002
9.8,10.921829534207209,8.0,5.9687317873670995,10.0,3.2,3.1,3.9012390882097305,11.069314718055994,12.1,8.796,3.0,2.6,1.5,3.4,12.7,14.3,2.0,7.1072,2.0704308229327637,0.8500000000000001
9.8,9.361751206923923,8.0,5.344699886718112,10.0,3.2,3.1,3.5268202896617415,11.069314718055994,12.1,5.34,3.0,2.6,1.5,3.4,12.7,14.3,2.0,4.688,1.995256126205411,0.8500000000000001
9.43750722769434,7.773477727768571,8.0,4.709376806923585,4.24,3.2,3.1,3.145634654664457,8.669314718055993,11.459999999999999,1.5,3.0,2.6,1.5,3.4,4.636,5.9799999999999995,2.0,2.0,1.5831776616671935,0.717122885208471
6.725503988855451,6.20012872265441,8.0,4.079718986907041,2.096,3.2,3.1,2.7680308934370585,3.3093147180559948,2.884,1.564,3.0,2.6,1.5,3.4,1.6344,1.692,2.0,2.0448,1.6318334746401733,0.5470393325787546
6.460139052187062,6.140702182492231,8.0,3.815034763046765,2.02544,3.2,3.1,2.6097685237981354,3.1329147180559946,2.60176,1.5,3.7,2.0,1.5,3.4,1.535616,2.0269597892900713,2.0,2.0,1.5831776616671935,0.4749052483251656
10.4,8.754509662544416,8.0,4.861797198684417,6.8,3.2,3.1,3.23708231901066,11.069314718055994,12.1,1.948,3.7,2.6,1.5,3.4,8.219999999999999,11.100000000000001,2.0,2.3136,1.7636669492803463,0.7584665634827379
7.576299069379159,6.588127266008572,8.0,4.2350979427248445,2.20896,3.2,3.1,2.861150543842057,3.5917147180559947,3.33584,2.268,3.0,2.6,1.5,3.4,1.792544,2.3179529610820273,2.0,2.5376,1.816686879553831,0.5911035828225473
7.021195887656632,6.2566150554561535,8.0,4.102349065928945,2.10752,3.2,3.1,2.781587613309477,3.3381147180559947,2.93008,1.6280000000000001,3.0,2.6,1.5,3.4,1.650528,1.7150400000000001,2.0,2.0896,1.6663553233343869,0.5535184715600845
6.3656882117991005,5.855213508687434,8.0,3.9414220529497754,2.048,3.2,3.1,2.685251242084984,3.1893147180559946,2.692,1.5,3.0,2.0,1.5,3.4,1.5672,2.0579508468579206,2.0,2.0,1.5831776616671935,0.5091351393405641
9.169950536046663,7.605270175989425,8.0,4.642088073395303,3.6,3.2,3.1,3.105264842237462,7.0693147180559945,8.899999999999999,1.756,3.0,2.6,1.5,3.4,3.7399999999999998,4.7,2.0,2.1792,1.7150111363073666,0.6990070675448262
8.538481814413315,7.206138510733338,8.0,4.4824109746585865,2.7199999999999998,3.2,3.1,3.0094732425760014,4.869314718055994,5.38,2.14,3.0,2.6,1.5,3.4,2.508,2.9400000000000004,2.0,2.448,1.7981887979745599,0.6562513728509014
5.088699091338649,3.3465735902799727,8.0,2.8,2.0,3.2,3.1,2.0831776616671935,3.0693147180559945,2.5,2.268,3.0,2.6,1.5,3.4,1.5,1.5,2.0,2.5376,1.816686879553831,0.4226723343093877
4.945460506179461,3.3465735902799727,8.0,2.8,2.0,3.2,3.1,2.0831776616671935,3.0693147180559945,2.5,2.14,3.0,2.6,1.5,3.4,1.5,1.5,2.0,2.448,1.7981887979745599,0.4129738884392343
8.403415016072147,7.118077830841562,8.0,4.447178145185699,2.6036799999999998,3.2,3.1,2.988338679401975,4.578514718055994,4.91472,2.396,3.0,2.6,1.5,3.4,2.3451519999999997,2.7073600000000004,2.0,2.6272,1.8327106466687737,0.6471062250465516
9.8,9.4915529538807,8.0,5.3966207217837505,10.0,3.2,3.1,3.557972708931368,11.069314718055994,12.1,2.268,3.0,2.6,1.5,3.4,12.7,14.3,2.0,2.5376,1.816686879553831,0.8500000000000001
9.70278191162557,7.939136151697532,8.0,4.775644205057648,5.12,3.2,3.1,3.1853926764074076,10.869314718055994,12.1,1.564,3.0,2.6,1.5,3.4,5.867999999999999,7.74,2.0,2.0448,1.6318334746401733,0.7350841919329811
9.8,8.356319204426189,8.0,4.942523229361165,9.18688,3.2,3.1,3.2855166090622854,11.069314718055994,12.1,1.5,3.0,2.6,1.5,3.4,11.561632,14.3,2.0,2.0,1.5831776616671935,0.7802667079519825
6.639786764185566,6.026044584462209,8.0,4.009946691046392,2.06768,3.2,3.1,2.72625070027093,3.2385147180559946,2.77072,1.5,3.0,2.6,1.5,3.4,1.594752,1.63536,2.0,2.0,1.5831776616671935,0.5276938954917311
6.95784469003297,6.20012872265441,8.0,4.079718986907041,2.096,3.2,3.1,2.7680308934370585,3.3093147180559948,2.884,1.884,3.0,2.6,1.5,3.4,1.6344,2.0837464147222198,2.0,2.2688,1.7495329850015804,0.5492290675543157
5.020281352588119,3.3465735902799727,8.0,2.8,2.0,3.2,3.1,2.0831776616671935,3.0693147180559945,2.5,2.204,3.0,2.6,1.5,3.4,1.5,1.5,2.0,2.4928,1.8077939228953843,0.418039883248154
5.210143901633052,3.3465735902799727,8.0,2.8,2.0,3.2,3.1,2.0831776616671935,3.0693147180559945,2.5,2.396,3.0,2.6,1.5,3.4,1.5,1.5,2.0,2.6272,1.8327106466687737,0.4308951600064046
9.8,9.396932432986208,8.0,5.358772417641243,10.0,3.2,3.1,3.53526378391669,11.069314718055994,12.1,2.588,3.0,2.6,1.5,3.4,12.7,14.3,2.0,2.7616,1.8533326774999728,0.8500000000000001
9.8,10.659794199592447,8.0,5.863917635392549,10.0,3.2,3.1,3.8383506079021874,11.069314718055994,12.1,14.3,3.0,2.6,1.5,3.4,12.7,14.3,2.0,13.2,2.185251242084984,0.8500000000000001
10.140616849001425,8.435872316204227,8.0,4.734336318128653,4.5377600000000005,3.2,3.1,3.1606093558890147,9.413714718055994,12.1,2.332,3.7,2.6,1.5,3.4,5.052864,6.575520000000001,2.0,2.5824,1.8249660241322652,0.7241042658178047
9.073165079866977,7.6707720287957635,8.0,4.668291269966744,3.824,3.2,3.1,3.120985286910983,7.629314718055994,9.796,1.5,3.0,2.6,1.5,3.4,4.053599999999999,5.148,2.0,2.0,1.5831776616671935,0.70599555228266
8.759745120791612,7.349924013000156,8.0,4.539936280197903,2.96,3.2,3.1,3.0439817631200374,5.469314718055995,6.34,1.5,3.0,2.6,1.5,3.4,2.844,3.42,2.0,2.0,1.5831776616671935,0.6712327425535987
9.084072769005669,7.552601026926439,8.0,4.621018192251417,3.44,3.2,3.1,3.0926242464623455,6.669314718055994,8.26,1.5,3.0,2.6,1.5,3.4,3.516,4.380000000000001,2.0,2.0,1.5831776616671935,0.6931924270680921
9.8,8.02707321441062,8.0,4.810820684168651,5.720000000000001,3.2,3.1,3.2064975714585486,11.069314718055994,12.1,2.7800000000000002,3.0,2.6,1.5,3.4,6.708,8.940000000000001,2.0,2.896,1.870925094402998,0.744829733973009
7.7591328820353604,6.703962161279799,8.0,4.281463542093883,2.2635199999999998,3.2,3.1,2.8889509187071516,3.728114718055995,3.55408,2.396,3.0,2.6,1.5,3.4,1.868928,2.02704,2.0,2.6272,1.8327106466687737,0.6034829555544776
5.40868760521348,3.3465735902799727,8.0,2.8,2.0,3.2,3.1,2.0831776616671935,3.0693147180559945,2.5,2.652,3.0,2.6,1.5,3.4,1.5,1.5,2.0,2.8064,1.8594878728264788,0.4443382232696627
9.8,9.13452841715942,8.0,5.253810427903244,10.0,3.2,3.1,3.472286820118261,11.069314718055994,12.1,1.5,3.0,2.6,1.5,3.4,12.7,14.393927011085491,2.0,2.0,1.5831776616671935,0.8500000000000001
9.6,8.298342365923057,8.0,4.919331946556716,8.4,3.2,3.1,3.2716021678215337,11.069314718055994,12.1,1.5,3.0,2.6,1.5,3.4,10.459999999999999,14.3,2.0,2.0,1.5831776616671935,0.7739857355257771
5.010143901633052,5.102346309695482,8.0,3.637930948405285,2.0104,3.2,3.1,2.504563114326916,3.0953147180559943,2.5416,1.564,3.0,2.6,1.5,3.4,1.51456,1.5208,2.0,2.0448,1.6318334746401733,0.4308951600064046
9.476863079920252,7.796029543177173,8.0,4.718398163063662,4.3433600000000006,3.2,3.1,3.1510470903625216,8.927714718055993,11.87344,2.268,3.0,2.6,1.5,3.4,4.780704,6.18672,2.0,2.5376,1.816686879553831,0.7197876043696003
9.6,9.44947989614213,8.0,5.379791458326193,10.0,3.2,3.1,3.547875175074111,11.069314718055994,12.1,4.252000000000001,3.0,2.6,1.5,3.4,12.7,14.3,2.0,3.9263999999999997,1.9567994987724384,0.8500000000000001
10.4,9.814612098406192,8.0,5.2858440393672765,10.0,3.2,3.1,3.491506903617486,11.069314718055994,12.1,2.204,3.7,2.6,1.5,3.4,12.7,14.3,2.0,2.4928,1.8077939228953843,0.8500000000000001
8.223806816352658,7.003517006096704,8.0,4.401340169088074,2.48,3.2,3.1,2.960844081463209,4.269314718055995,4.42,2.396,3.0,2.6,1.5,3.4,2.1719999999999997,2.46,2.0,2.6272,1.8327106466687737,0.6349452531905446
10.4,9.703041322740086,8.0,5.241215529103535,10.0,3.2,3.1,3.4647299174576207,11.069314718055994,12.1,1.5,3.7,2.6,1.5,3.4,12.7,14.3,2.0,2.0,1.5831776616671935,0.8500000000000001
7.938902902510742,7.054876640822405,8.0,4.181750955863044,2.16,3.2,3.1,2.8291703937973773,3.4693147180559945,3.14,1.692,3.7,2.6,1.5,3.4,1.724,1.82,2.0,2.1344,1.6931325494920921,0.5750298840241648
5.681624211135693,5.322195449570686,8.0,3.726945797645927,2.01632,3.2,3.1,2.5573269078969645,3.1101147180559945,2.56528,1.82,3.0,2.6,1.5,3.4,1.522848,1.53264,2.0,2.224,1.7335092178866376,0.4628183059623126
8.627869301271067,7.267516554772285,8.0,4.506967325317767,2.81408,3.2,3.1,3.0242039731453483,5.104514718055994,5.7563200000000005,1.5,3.0,2.6,1.5,3.4,2.6397120000000003,3.1281600000000003,2.0,2.0,1.5831776616671935,0.6623036506068951
5.7517237936211405,3.946573590279973,8.0,2.8,2.0,3.2,3.1,2.0831776616671935,3.0693147180559945,2.5,2.332,3.7,2.6,1.5,3.4,1.5,1.5,2.0,2.5824,1.8249660241322652,0.4269396318597647
9.8,8.084921919136578,8.0,4.833961105846827,6.17632,3.2,3.1,3.2203812605927786,11.069314718055994,12.1,2.716,3.0,2.6,1.5,3.4,7.346847999999999,9.85264,2.0,2.8512,1.8653426925268106,0.7510612440102031
8.243872176880819,7.02118900258664,8.0,4.408411282011751,2.49728,3.2,3.1,2.9650853606207934,4.312514718055994,4.48912,2.012,3.0,2.6,1.5,3.4,2.196192,2.49456,2.0,2.3584,1.7763102111592854,0.6363038453096388
8.169835574800274,7.195338017166103,8.0,4.237984434149162,2.212,3.2,3.1,2.862881124119865,3.599314718055995,3.348,1.884,3.7,2.6,1.5,3.4,1.7968,1.924,2.0,2.2688,1.7495329850015804,0.5906659503771018
9.8,10.457061756649413,8.0,5.782824635993133,10.0,3.2,3.1,3.7896948215958592,11.069314718055994,12.1,14.3,3.0,2.6,1.5,3.4,12.7,14.3,2.0,13.2,2.40607934917264,0.8500000000000001
6.417152898504012,5.063567192522546,8.0,3.6221747728346623,2.0096,3.2,3.1,2.495256126205411,3.0933147180559946,2.5384,4.828,3.0,2.6,1.5,3.4,1.51344,1.5192,2.0,4.329599999999999,1.9786780855877129,0.5126197275028759
9.8,8.111007004141445,8.0,4.844395529325976,6.4,3.2,3.1,3.226641680993947,11.069314718055994,12.1,2.268,3.0,2.6,1.5,3.4,7.66,10.3,2.0,2.5376,1.816686879553831,0.7538085046508938
9.8,8.063355550325255,8.0,4.825334220610071,6.0,3.2,3.1,3.215205332078061,11.069314718055994,12.1,3.228,3.0,2.6,1.5,3.4,7.1,9.5,2.0,3.2096,1.9040754995983769,0.7488197195268345
9.623291278157097,7.8850352195478886,8.0,4.754002660227232,4.8,3.2,3.1,3.172408452691493,10.069314718055994,12.1,3.548,3.0,2.6,1.5,3.4,5.42,7.1000000000000005,2.0,3.4336,1.9231632629539392,0.7297020136252201
10.4,9.097218612434446,8.0,4.998884085972073,10.0,3.2,3.1,3.319332466984267,11.069314718055994,12.1,14.3,3.7,2.6,1.5,3.4,12.7,14.3,2.0,11.2288,2.140504569564158,0.7964601234400279
7.981675587823873,6.861560046133166,8.0,4.344535503293601,2.36128,3.2,3.1,2.9267744110719596,3.9725147180559945,3.94512,1.6280000000000001,3.0,2.6,1.5,3.4,2.005792,2.22256,2.0,2.0896,1.6663553233343869,0.6185509512589081
9.383866412182202,7.736506140711898,8.0,4.694587075810264,4.08032,3.2,3.1,3.1367614737708553,8.270114718055995,10.82128,2.652,3.0,2.6,1.5,3.4,4.4124479999999995,5.66064,2.0,2.8064,1.8594878728264788,0.7134909549915032
9.8,8.4295187291812,8.0,4.971803645629577,10.0,3.2,3.1,3.303084495003488,11.069314718055994,12.1,1.564,3.0,2.6,1.5,3.4,12.7,14.3,2.0,2.0448,1.6318334746401733,0.7882020286741438
9.121829952422052,7.576196706010666,8.0,4.630457488105513,3.5096,3.2,3.1,3.0982872094425598,6.843314718055995,8.5384,1.5,3.0,2.6,1.5,3.4,3.6134399999999998,4.5192,2.0,2.0,1.5831776616671935,0.6957489030285765
9.225034652636015,7.858796555718782,8.0,4.5034786342837805,2.8,3.2,3.1,3.0221111733725077,5.0693147180559945,5.699999999999999,2.396,3.7,2.6,1.5,3.4,2.62,3.1,2.0,2.6272,1.8327106466687737,0.6621117212722303
10.4,10.162292453988494,8.0,5.424916582482625,10.0,3.2,3.1,3.5749501889572386,11.069314718055994,12.1,5.724,3.7,2.6,1.5,3.4,12.7,14.552411671105446,2.0,4.956799999999999,2.006340924621133,0.8500000000000001
8.109165816782152,6.941534675652877,8.0,4.3765384412578054,2.424,3.2,3.1,2.9459683221566904,4.129314718055995,4.196,1.6280000000000001,3.0,2.6,1.5,3.4,2.0936,2.348,2.0,2.0896,1.6663553233343869,0.6271831021779581
9.8,9.017045721265227,8.0,5.206817100847055,10.0,3.2,3.1,3.444090973103654,11.069314718055994,12.1,2.076,3.0,2.6,1.5,3.4,12.7,14.3,2.0,2.4032,1.7877474327358045,0.8500000000000001
9.8,8.501066586991014,8.0,5.0004233015464035,10.0,3.2,3.1,3.3202559808778433,11.069314718055994,12.1,1.884,3.0,2.6,1.5,3.4,12.7,14.3,2.0,2.2688,1.7495329850015804,0.7959750536157513
9.8,8.46204212210975,8.0,4.984813245013028,10.0,3.2,3.1,3.3108901093063396,11.069314718055994,12.1,1.6280000000000001,3.0,2.6,1.5,3.4,12.7,14.3,2.0,2.0896,1.6663553233343869,0.7917300134416327
5.574799097036076,5.34106561356211,8.0,3.7345657668923815,2.01696,3.2,3.1,2.5618557472549064,3.1117147180559948,2.56784,1.564,3.0,2.6,1.5,3.4,1.523744,1.53392,2.0,2.0448,1.6318334746401733,0.4555853555284843
4.862913117191276,4.545521226679158,8.0,3.4089044875446843,2.0032,3.2,3.1,2.370925094402998,3.0773147180559945,2.5128,1.82,3.0,2.6,1.5,3.4,1.50448,1.5064,2.0,2.224,1.7335092178866376,0.407384742309826
9.8,11.059101722574159,8.0,6.023640669031818,10.0,3.2,3.1,3.934184413417798,11.069314718055994,12.1,5.9799999999999995,3.0,2.6,1.5,3.4,12.7,14.3,2.0,5.136,2.0131999342819267,0.8500000000000001
8.748332659064552,7.33854935446293,8.0,4.53538564990748,2.9384,3.2,3.1,3.0412518450711032,5.415314718055995,6.2536000000000005,2.14,3.0,2.6,1.5,3.4,2.8137600000000003,3.3768000000000002,2.0,2.448,1.7981887979745599,0.670460023790829
7.472727857663987,6.5458710575475765,8.0,4.218181964415996,2.192,3.2,3.1,2.8510090538114183,3.5493147180559945,3.268,1.5,3.0,2.6,1.5,3.4,1.7688,1.884,2.0,2.0,1.5831776616671935,0.5840909486959991
6.932077567337276,6.20012872265441,8.0,4.079718986907041,2.096,3.2,3.1,2.7680308934370585,3.3093147180559948,2.884,1.6280000000000001,3.0,2.0,1.5,3.4,1.6344,2.131282271743271,2.0,2.0896,1.6663553233343869,0.5474844186217948
6.417152898504012,5.802901033147998,8.0,3.92042376417594,2.0432,3.2,3.1,2.6726962479555194,3.1773147180559946,2.6728,2.14,3.0,2.0,1.5,3.4,1.56048,2.040236755313004,2.0,2.448,1.7981887979745599,0.5126197275028759
6.384079826378859,5.858513850703111,8.0,3.942746561101874,2.04832,3.2,3.1,2.6860433241687467,3.1901147180559946,2.69328,1.564,3.0,2.0,1.5,3.4,1.567648,2.0372547885814893,2.0,2.0448,1.6318334746401733,0.5103804049110686
10.4,9.780128090980252,8.0,5.27205037927557,10.0,3.2,3.1,3.4832307418352606,11.069314718055994,12.1,7.260000000000001,3.7,2.6,1.5,3.4,12.7,14.368370583797734,2.0,6.032,2.042614629245885,0.8500000000000001
9.8,9.568627965388508,8.0,5.427450792067897,10.0,3.2,3.1,3.5764707116932417,11.069314718055994,12.1,2.716,3.0,2.6,1.5,3.4,12.7,14.3,2.0,2.8512,1.8653426925268106,0.8500000000000001
9.724827445442164,7.952543136949912,8.0,4.781007270505196,5.2048000000000005,3.2,3.1,3.188610352867979,11.069314718055994,12.1,1.756,3.0,2.6,1.5,3.4,5.98672,8.314704124027532,2.0,2.1792,1.7150111363073666,0.7365768582851464
4.862913117191276,3.3465735902799727,8.0,2.8,2.0,3.2,3.1,2.0831776616671935,3.0693147180559945,2.5,2.076,3.0,2.6,1.5,3.4,1.5,1.5,2.0,2.4032,1.7877474327358045,0.407384742309826
9.54302422339659,7.839421437547825,8.0,4.735756055849147,4.55584,3.2,3.1,3.161461145011478,9.458914718055993,12.1,1.5,3.0,2.6,1.5,3.4,5.078175999999999,6.61168,2.0,2.0,1.5831776616671935,0.7242672651258106
9.8,9.895441896602943,8.0,5.558176553654571,10.0,3.2,3.1,3.654906055184706,11.069314718055994,12.1,5.34,3.0,2.6,1.5,3.4,12.7,14.642846704645075,2.0,4.688,1.995256126205411,0.8500000000000001
8.030900852500025,6.8945202008287385,8.0,4.357725213125006,2.38592,3.2,3.1,2.934684848198897,4.034114718055994,4.04368,1.5,3.0,2.6,1.5,3.4,2.040288,2.27184,2.0,2.0,1.5831776616671935,0.6218839118880226
9.493230835728141,7.807969402264791,8.0,4.723174428905778,4.4,3.2,3.1,3.15391265654355,9.069314718055994,12.1,1.6280000000000001,3.0,2.6,1.5,3.4,4.859999999999999,6.5111466100566195,2.0,2.0896,1.6663553233343869,0.7208958378357595
8.448331995350634,7.155330452953613,8.0,4.4620829988376585,2.6504,3.2,3.1,2.997279308708867,4.695314718055994,5.1015999999999995,1.5,3.0,2.6,1.5,3.4,2.41056,2.8007999999999997,2.0,2.0,1.5831776616671935,0.6501474788518659
7.327003823452176,6.454876640822405,8.0,4.181750955863044,2.16,3.2,3.1,2.8291703937973773,3.4693147180559945,3.14,1.5,3.0,2.6,1.5,3.4,1.724,1.82,2.0,2.0,1.5831776616671935,0.5742242172129077
7.796877876140765,6.7483262190841415,8.0,4.299219469035191,2.288,3.2,3.1,2.899598292580194,3.7893147180559943,3.652,1.5,3.0,2.6,1.5,3.4,1.9032,2.076,2.0,2.0,1.5831776616671935,0.606038606197031
6.894549749080394,6.116224008275261,8.0,4.046096289515696,2.08112,3.2,3.1,2.7478937619860626,3.2721147180559944,2.82448,2.46,3.0,2.6,1.5,3.4,1.613568,1.66224,2.0,2.6719999999999997,1.839985601286746,0.544943472593985
8.820563109254191,7.387929157398763,8.0,4.5551407773135475,3.0358400000000003,3.2,3.1,3.053102997775703,5.658914718055994,6.6433599999999995,1.5,3.0,2.6,1.5,3.4,2.950176,3.57168,2.0,2.0,1.5831776616671935,0.6753506271890859
9.8,8.211170433994674,8.0,4.884462221482637,7.376,3.2,3.1,3.2506809041587217,11.069314718055994,12.1,1.692,3.0,2.6,1.5,3.4,9.026399999999999,12.252,2.0,2.1344,1.6931325494920921,0.7645660270837591
5.824350337113948,5.484906649788,8.0,3.792568926051981,2.02272,3.2,3.1,2.5963775959491198,3.1261147180559945,2.59088,1.6280000000000001,3.0,2.6,1.5,3.4,1.531808,1.54544,2.0,2.0896,1.6663553233343869,0.4724820540754236
8.214636910812416,7.003517006096704,8.0,4.401340169088074,2.48,3.2,3.1,2.960844081463209,4.269314718055995,4.42,1.948,3.0,2.6,1.5,3.4,2.1719999999999997,2.8416085581156,2.0,2.3136,1.7636669492803463,0.6343243741695908
6.79688541238525,6.109300059845864,8.0,4.043321220216973,2.08,3.2,3.1,2.7462320143630077,3.2693147180559947,2.82,1.692,3.0,2.0,1.5,3.4,1.612,2.0829809679158804,2.0,2.1344,1.6931325494920921,0.5383307831302513
6.863776724418156,6.109300059845864,8.0,4.043321220216973,2.08,3.2,3.1,2.7462320143630077,3.2693147180559947,2.82,2.268,3.0,2.0,1.5,3.4,1.612,2.144430250645643,2.0,2.5376,1.816686879553831,0.5428598823824794
6.771065444020489,6.254133848700603,8.0,3.860660981611815,2.032,3.2,3.1,2.6369921236881444,3.1493147180559946,2.628,1.948,3.7,2.6,1.5,3.4,1.5448,1.564,2.0,2.3136,1.7636669492803463,0.4959575561055539
5.5959457026906,4.716993602242573,8.0,3.4802394763324314,2.00464,3.2,3.1,2.4120784645382174,3.0809147180559946,2.51856,2.588,3.0,2.6,1.5,3.4,1.506496,1.50928,2.0,2.7616,1.8533326774999728,0.45701715695300943
5.40868760521348,3.3465735902799727,8.0,2.8,2.0,3.2,3.1,2.0831776616671935,3.0693147180559945,2.5,2.652,3.0,2.6,1.5,3.4,1.5,1.5,2.0,2.8064,1.8594878728264788,0.4443382232696627
9.8,8.48468500829066,8.0,4.993870559048816,10.0,3.2,3.1,3.316324401989758,11.069314718055994,12.1,3.2920000000000003,3.0,2.6,1.5,3.4,12.7,14.655780712481702,2.0,3.2544,1.9081436857994587,0.7943037154925634
9.8,8.525460875450761,8.0,5.010181175652714,10.0,3.2,3.1,3.3261106101081825,11.069314718055994,12.1,2.14,3.0,2.6,1.5,3.4,12.7,14.3,2.0,2.448,1.7981887979745599,0.7986337067585074
8.785972678679903,7.366313549830197,8.0,4.546493169669976,2.992,3.2,3.1,3.0479152519592474,5.549314718055995,6.468,1.5,3.0,2.6,1.5,3.4,2.8888,3.484,2.0,2.0,1.5831776616671935,0.6730085667856185
8.04340110682249,6.768715018293254,8.0,4.307379425913234,2.3,3.2,3.1,2.904491604390381,3.8193147180559945,3.7,8.86,3.0,2.6,1.5,3.4,1.92,2.1,2.0,7.152,2.071460872175731,0.6227302832744395
9.8,8.660537324330063,8.0,5.064212506737809,10.0,3.2,3.1,3.3585289578392152,11.069314718055994,12.1,9.116,3.0,2.6,1.5,3.4,12.7,14.3,2.0,7.331199999999999,2.075494865471609,0.8136132777905747
9.8,9.103041322740086,8.0,5.241215529103535,10.0,3.2,3.1,3.4647299174576207,11.069314718055994,12.1,4.828,3.0,2.6,1.5,3.4,12.7,14.3,2.0,4.329599999999999,1.9786780855877129,0.8500000000000001
9.8,8.021668223826264,8.0,4.808658594445401,5.68,3.2,3.1,3.205200373718303,11.069314718055994,12.1,1.5,3.0,2.6,1.5,3.4,6.652,8.86,2.0,2.0,1.5831776616671935,0.7440117026622961
9.669065821878977,7.916586189310551,8.0,4.766623746973849,4.9824,3.2,3.1,3.1799806854345323,10.525314718055993,12.1,2.268,3.0,2.6,1.5,3.4,5.67536,7.4648,2.0,2.5376,1.816686879553831,0.7328013316897224
9.8,8.434303271546103,8.0,4.973717499203471,10.0,3.2,3.1,3.304232785171065,11.069314718055994,12.1,2.268,3.0,2.6,1.5,3.4,12.7,14.3,2.0,2.5376,1.816686879553831,0.7887770242711876
4.547189763588117,3.3465735902799727,8.0,2.8,2.0,3.2,3.1,2.0831776616671935,3.0693147180559945,2.5,1.884,3.0,2.6,1.5,3.4,1.5,1.5,2.0,2.2688,1.7495329850015804,0.3860076402429454
5.3155593237379515,3.3465735902799727,8.0,2.8,2.0,3.2,3.1,2.0831776616671935,3.0693147180559945,2.5,2.524,3.0,2.6,1.5,3.4,1.5,1.5,2.0,2.7168,1.8468446109475396,0.43803266254475715
6.0920964134730085,3.946573590279973,8.0,2.8,2.0,3.2,3.1,2.0831776616671935,3.0693147180559945,2.5,2.7800000000000002,3.7,2.6,1.5,3.4,1.5,1.5,2.0,2.896,1.870925094402998,0.4499856946622349
8.066710278100237,6.9859677779198,8.0,4.154157884781796,2.13936,3.2,3.1,2.812632266700752,3.4177147180559944,3.05744,5.596,3.7,2.6,1.5,3.4,1.695104,1.77872,2.0,4.8672,2.002758569043171,0.5836835084130368
5.3155593237379515,3.3465735902799727,8.0,2.8,2.0,3.2,3.1,2.0831776616671935,3.0693147180559945,2.5,2.524,3.0,2.6,1.5,3.4,1.5,1.5,2.0,2.7168,1.8468446109475396,0.43803266254475715
5.020281352588119,3.3465735902799727,8.0,2.8,2.0,3.2,3.1,2.0831776616671935,3.0693147180559945,2.5,2.204,3.0,2.6,1.5,3.4,1.5,1.5,2.0,2.4928,1.8077939228953843,0.418039883248154
5.724219822750744,3.8958797346140273,8.0,3.1218875824868197,2.00064,3.2,3.1,2.215011136307367,3.0709147180559944,2.50256,3.164,3.0,2.6,1.5,3.4,1.500896,1.50128,2.0,3.1647999999999996,1.8998645412210244,0.4657023838320816
5.797769819011291,4.589026915173973,8.0,3.4270988431858296,2.00352,3.2,3.1,2.3813664596417534,3.0781147180559945,2.51408,3.1,3.0,2.6,1.5,3.4,1.504928,1.50704,2.0,3.12,1.8955004239205195,0.47068233149555627
6.359007912302535,3.946573590279973,8.0,2.8,2.0,3.2,3.1,2.0831776616671935,3.0693147180559945,2.5,3.2920000000000003,3.7,2.6,1.5,3.4,1.5,1.5,2.0,3.2544,1.9081436857994587,0.4680578273954842
7.111102366666305,6.5318155877990485,8.0,3.9721572446931734,2.056,3.2,3.1,2.7036357410717713,3.2093147180559947,2.724,1.6280000000000001,3.7,2.6,1.5,3.4,1.5784,1.612,2.0,2.0896,1.6663553233343869,0.5189808894096977
9.6,9.12409649841019,8.0,5.249637640607392,10.0,3.2,3.1,3.469783159618445,11.069314718055994,12.1,2.9720000000000004,3.0,2.6,1.5,3.4,12.7,14.3,2.0,3.0304,1.886265098984184,0.8500000000000001
9.8,9.323125765462514,8.0,5.329249662262747,10.0,3.2,3.1,3.5175501837110037,11.069314718055994,12.1,2.524,3.0,2.6,1.5,3.4,12.7,14.3,2.0,2.7168,1.8468446109475396,0.8500000000000001
7.683118374817505,6.800950979937583,8.0,4.3202804669167465,2.32,3.2,3.1,2.9122282351850197,3.8693147180559944,3.7800000000000002,1.564,3.0,2.6,1.5,3.4,1.948,2.14,2.0,2.0448,1.6318334746401733,0.6118778066282686
7.24280420608667,6.4023072600313125,8.0,4.160701051521667,2.144,3.2,3.1,2.816553742407515,3.4293147180559944,3.076,1.5,3.0,2.6,1.5,3.4,1.7016,2.0298200334824656,2.0,2.0,1.5831776616671935,0.568523201453785
9.050863192464623,7.5168612590494535,8.0,4.606720638695226,3.34064,3.2,3.1,3.084046702171869,6.420914718055994,7.862559999999999,4.764,3.0,2.6,1.5,3.4,3.376896,4.18128,2.0,4.2848,1.9764350296262547,0.6909438619897923
4.945460506179461,3.3465735902799727,8.0,2.8,2.0,3.2,3.1,2.0831776616671935,3.0693147180559945,2.5,2.14,3.0,2.6,1.5,3.4,1.5,1.5,2.0,2.448,1.7981887979745599,0.4129738884392343
9.8,8.357231106104638,8.0,4.942887998145554,9.2,3.2,3.1,3.2857354654651134,11.069314718055994,12.1,1.5,3.0,2.6,1.5,3.4,11.58,14.577712545531698,2.0,2.0,1.5831776616671935,0.7803654994977542
6.558427991344517,5.94857693381837,8.0,3.97888056685297,2.05792,3.2,3.1,2.7076584641164088,3.2141147180559946,2.73168,1.756,3.0,2.0,1.5,3.4,1.581088,2.096104428751599,2.0,2.1792,1.7150111363073666,0.5221852285806183
9.168352293581213,7.605270175989425,8.0,4.642088073395303,3.6,3.2,3.1,3.105264842237462,7.0693147180559945,8.899999999999999,1.5,3.0,2.6,1.5,3.4,3.7399999999999998,4.7,2.0,2.0,1.5831776616671935,0.698898853211228
8.883046619981759,7.426975550757305,8.0,4.570761654995439,3.12,3.2,3.1,3.0624741321817535,5.869314718055994,6.9799999999999995,1.5,3.0,2.6,1.5,3.4,3.068,3.7399999999999998,2.0,2.0,1.5831776616671935,0.6795812815612648
9.8,8.205032081006351,8.0,4.882006806763446,7.3104,3.2,3.1,3.2492076994415244,11.069314718055994,12.1,3.484,3.0,2.0,1.5,3.4,8.934559999999998,12.632407515957595,2.0,3.3888,1.9195809073759775,0.764129209806522
5.834740093535397,4.386294361119891,8.0,3.3416100402204423,2.00224,3.2,3.1,2.3327106466687737,3.0749147180559944,2.50896,3.2920000000000003,3.0,2.6,1.5,3.4,1.503136,1.50448,2.0,3.2544,1.9081436857994587,0.47318552716645923
8.6862119116805,7.296613938846117,8.0,4.518608500739935,2.86288,3.2,3.1,3.031187345323068,5.226514718055994,5.95152,2.524,3.0,2.6,1.5,3.4,2.708032,3.22576,2.0,2.7168,1.8468446109475396,0.6662539315200338
6.951480296880079,6.170179651863876,8.0,4.067718815640637,2.0904,3.2,3.1,2.7608431164473304,3.2953147180559945,2.8616,2.268,3.0,2.6,1.5,3.4,1.62656,1.6808,2.0,2.5376,1.816686879553831,0.5487981451012554
7.4359240937034965,6.5074071756377725,8.0,4.202783094962106,2.17776,3.2,3.1,2.8417777221530653,3.5137147180559944,3.21104,1.948,3.0,2.6,1.5,3.4,1.748864,1.85552,2.0,2.3136,1.7636669492803463,0.581599027177841
6.44410797513319,5.804735897592479,8.0,3.9211604132591997,2.04336,3.2,3.1,2.6731366154221954,3.1777147180559946,2.67344,2.268,3.0,2.0,1.5,3.4,1.560704,2.001781668030899,2.0,2.5376,1.816686879553831,0.5144448108163098
4.790135694626695,4.818793079863193,8.0,3.522183582528845,2.00576,3.2,3.1,2.436510339167166,3.0837147180559947,2.52304,1.564,3.0,2.6,1.5,3.4,1.508064,1.8830779558268296,2.0,2.0448,1.6318334746401733,0.4024571043236824
9.08389499122716,7.550820477526421,8.0,4.620305893223601,3.4348799999999997,3.2,3.1,3.092196914606341,6.656514718055995,8.239519999999999,1.884,3.0,2.6,1.5,3.4,3.508832,4.720331471011605,2.0,2.2688,1.7495329850015804,0.6931803900310056
9.090517833775952,7.681616559039663,8.0,4.672629458443988,3.864,3.2,3.1,3.123587974169519,7.729314718055995,9.956,1.5,3.0,2.6,1.5,3.4,4.1096,5.228,2.0,2.0,1.5831776616671935,0.7071704783285802
8.672652265029482,7.2955005592804785,8.0,4.518163066257371,2.86096,3.2,3.1,3.0309201342273147,5.221714718055995,5.94384,1.5,3.0,2.6,1.5,3.4,2.7053439999999997,3.22192,2.0,2.0,1.5831776616671935,0.6653358304447046
9.219493916131391,7.858796555718782,8.0,4.5034786342837805,2.8,3.2,3.1,3.0221111733725077,5.0693147180559945,5.699999999999999,1.948,3.7,2.6,1.5,3.4,2.62,3.1,2.0,2.3136,1.7636669492803463,0.6617365672380628
10.4,10.161183688698165,8.0,5.424473075480466,10.0,3.2,3.1,3.574684085287559,11.069314718055994,12.1,2.588,3.7,2.6,1.5,3.4,12.7,14.3,2.0,2.7616,1.8533326774999728,0.8500000000000001
4.945460506179461,3.3465735902799727,8.0,2.8,2.0,3.2,3.1,2.0831776616671935,3.0693147180559945,2.5,2.14,3.0,2.6,1.5,3.4,1.5,1.5,2.0,2.448,1.7981887979745599,0.4129738884392343
7.575713632104589,6.454876640822405,8.0,4.181750955863044,2.16,3.2,3.1,2.8291703937973773,3.4693147180559945,3.14,6.172,3.0,2.6,1.5,3.4,1.724,1.82,2.0,5.2703999999999995,2.018098573624357,0.5910639438404148
8.330924940934747,7.080544756422898,8.0,4.432160784190933,2.56,3.2,3.1,2.979330741541496,4.469314718055995,4.74,1.6280000000000001,3.0,2.6,1.5,3.4,2.284,2.62,2.0,2.0896,1.6663553233343869,0.6421980428757901
5.15172379362114,3.3465735902799727,8.0,2.8,2.0,3.2,3.1,2.0831776616671935,3.0693147180559945,2.5,2.332,3.0,2.6,1.5,3.4,1.5,1.5,2.0,2.5824,1.8249660241322652,0.4269396318597647
10.4,9.783248942393682,8.0,5.2732987251741585,10.0,3.2,3.1,3.4839797461744837,11.069314718055994,12.1,1.692,3.7,2.6,1.5,3.4,12.7,14.3,2.0,2.1344,1.6931325494920921,0.8500000000000001
9.8,9.729419235582158,8.0,5.49176740851919,10.0,3.2,3.1,3.6150606165397177,11.069314718055994,12.1,1.5,3.0,2.6,1.5,3.4,12.7,14.3,2.0,2.0,1.5831776616671935,0.8500000000000001
6.153078305783315,5.758744056768155,8.0,3.660813018640834,2.01168,3.2,3.1,2.518098573624357,3.0985147180559944,2.54672,1.948,3.7,2.6,1.5,3.4,1.516352,1.52336,2.0,2.3136,1.7636669492803463,0.4541146769540786
8.136601139006029,7.080544756422898,8.0,4.432160784190933,2.56,3.2,3.1,2.979330741541496,4.469314718055995,4.74,1.948,3.0,2.0,1.5,3.4,2.284,3.078105359535712,2.0,2.3136,1.7636669492803463,0.6425823687868665
9.8,8.975625680562615,8.0,5.1902489819898685,10.0,3.2,3.1,3.4341501633350275,11.069314718055994,12.1,2.268,3.0,2.6,1.5,3.4,12.7,14.3,2.0,2.5376,1.816686879553831,0.8473800616214855
9.8,8.543557391098318,8.0,5.017419894754021,10.0,3.2,3.1,3.330453773863596,11.069314718055994,12.1,1.692,3.0,2.6,1.5,3.4,12.7,14.57356501708826,2.0,2.1344,1.6931325494920921,0.8005636582597748
9.8,9.01418420623569,8.0,5.205672488018726,10.0,3.2,3.1,3.443404209496566,11.069314718055994,12.1,2.076,3.0,2.6,1.5,3.4,12.7,14.3,2.0,2.4032,1.7877474327358045,0.8500000000000001
10.4,9.512439054873202,8.0,5.164974157911538,10.0,3.2,3.1,3.4189853731695683,11.069314718055994,12.1,1.564,3.7,2.6,1.5,3.4,12.7,14.3,2.0,2.0448,1.6318334746401733,0.8405158169564604
9.012044119032295,7.506066652976002,8.0,4.602402275407282,3.3120000000000003,3.2,3.1,3.0814559967142405,6.349314718055994,7.747999999999999,1.82,3.0,2.6,1.5,3.4,3.3368,4.1240000000000006,2.0,2.224,1.7335092178866376,0.688315487226145
10.4,9.977533252856569,8.0,5.351012723611199,10.0,3.2,3.1,3.530607980685576,11.069314718055994,12.1,6.492000000000001,3.7,2.6,1.5,3.4,12.7,14.645206769648375,2.0,5.4944,2.025843196160866,0.8500000000000001
8.785714614161536,7.366152285516591,8.0,4.546428653540384,2.99168,3.2,3.1,3.047876548523982,5.548514718055995,6.4667200000000005,1.5,3.0,2.6,1.5,3.4,2.8883520000000003,3.4833600000000002,2.0,2.0,1.5831776616671935,0.6729910936671873
9.8,9.18367465186419,8.0,5.273469009687278,10.0,3.2,3.1,3.4840819164474053,11.069314718055994,12.1,1.6280000000000001,3.0,2.6,1.5,3.4,12.7,14.3,2.0,2.0896,1.6663553233343869,0.8500000000000001
9.456323252388517,8.008797018137896,8.0,4.563489184208374,3.08,3.2,3.1,3.058111284353095,5.769314718055995,6.82,1.756,3.7,2.0,1.5,3.4,3.012,4.116072269667551,2.0,2.1792,1.7150111363073666,0.6777718868804725
9.8,8.985181485078419,8.0,5.194071328220599,10.0,3.2,3.1,3.4364435564188205,11.069314718055994,12.1,2.716,3.0,2.6,1.5,3.4,12.7,14.3,2.0,2.8512,1.8653426925268106,0.8484268766318821
6.83614195558365,6.30133869093614,8.0,3.8796325403035503,2.0352,3.2,3.1,2.6483212858246734,3.1573147180559946,2.6408,1.948,3.7,2.6,1.5,3.4,1.54928,1.5704,2.0,2.3136,1.7636669492803463,0.5003637782426429
10.09296432008454,8.407969402264792,8.0,4.723174428905778,4.4,3.2,3.1,3.15391265654355,9.069314718055994,12.1,1.564,3.7,2.6,1.5,3.4,4.859999999999999,6.300000000000001,2.0,2.0448,1.6318334746401733,0.7208777925057239
6.236632436477393,5.738333059508028,8.0,3.652535975408263,2.0112,3.2,3.1,2.5131999342819267,3.0973147180559946,2.5448,2.14,3.7,2.0,1.5,3.4,1.51568,1.9887306254183006,2.0,2.448,1.7981887979745599,0.45977198788649015
9.8,8.543005988028096,8.0,5.0171993301476006,10.0,3.2,3.1,3.3303214371267433,11.069314718055994,12.1,5.66,3.0,2.6,1.5,3.4,12.7,14.3,2.0,4.912,2.004563114326916,0.8007606071096969
8.57541012612695,7.233160430521241,8.0,4.493222080237384,2.76,3.2,3.1,3.0159585033250975,4.969314718055995,5.539999999999999,1.692,3.0,2.6,1.5,3.4,2.564,3.02,2.0,2.1344,1.6931325494920921,0.6587517272898455
8.672250386656131,7.512422845513427,8.0,4.364889186175524,2.4,3.2,3.1,2.938981482923223,4.0693147180559945,4.1,2.012,3.7,2.6,1.5,3.4,2.06,2.3,2.0,2.3584,1.7763102111592854,0.6246836199298422
9.38338827972742,7.949924013000156,8.0,4.539936280197903,2.96,3.2,3.1,3.0439817631200374,5.469314718055995,6.34,3.804,3.7,2.6,1.5,3.4,2.844,3.42,2.0,3.6128,1.9365103391671663,0.6728335814398774
6.536387196030521,5.9124864066421345,8.0,3.7230241033682523,2.016,3.2,3.1,2.5549967375941125,3.1093147180559946,2.564,2.46,3.7,2.6,1.5,3.4,1.5224,1.532,2.0,2.6719999999999997,1.839985601286746,0.48006788306456655
8.582096333037132,7.2383938883906,8.0,4.4953159017061886,2.768,3.2,3.1,3.017214533213744,4.9893147180559945,5.572,1.564,3.0,2.6,1.5,3.4,2.5751999999999997,3.036,2.0,2.0448,1.6318334746401733,0.6592044392160558
4.745460506179461,3.3465735902799727,8.0,2.8,2.0,3.2,3.1,2.0831776616671935,3.0693147180559945,2.5,2.14,3.0,2.6,1.5,3.4,1.5,1.5,2.0,2.448,1.7981887979745599,0.4129738884392343
8.617903774482832,7.258796555718782,8.0,4.5034786342837805,2.8,3.2,3.1,3.0221111733725077,5.0693147180559945,5.699999999999999,1.82,3.0,2.6,1.5,3.4,2.62,3.1,2.0,2.224,1.7335092178866376,0.661628901397275
5.40868760521348,3.3465735902799727,8.0,2.8,2.0,3.2,3.1,2.0831776616671935,3.0693147180559945,2.5,2.652,3.0,2.6,1.5,3.4,1.5,1.5,2.0,2.8064,1.8594878728264788,0.4443382232696627
5.210143901633052,3.3465735902799727,8.0,2.8,2.0,3.2,3.1,2.0831776616671935,3.0693147180559945,2.5,2.396,3.0,2.6,1.5,3.4,1.5,1.5,2.0,2.6272,1.8327106466687737,0.4308951600064046
7.691054947846903,6.800950979937583,8.0,4.3202804669167465,2.32,3.2,3.1,2.9122282351850197,3.8693147180559944,3.7800000000000002,1.82,3.0,2.6,1.5,3.4,1.948,2.14,2.0,2.224,1.7335092178866376,0.6124151787604675
8.76041139883462,7.349924013000156,8.0,4.539936280197903,2.96,3.2,3.1,3.0439817631200374,5.469314718055995,6.34,1.564,3.0,2.6,1.5,3.4,2.844,3.42,2.0,2.0448,1.6318334746401733,0.6712778551294274
6.938597570826816,6.20012872265441,8.0,4.079718986907041,2.096,3.2,3.1,2.7680308934370585,3.3093147180559948,2.884,1.692,3.0,2.6,1.5,3.4,1.6344,1.692,2.0,2.1344,1.6931325494920921,0.5479258771913991
8.990357231642015,7.49372339470859,8.0,4.597464362570025,3.2800000000000002,3.2,3.1,3.0784936147300614,6.269314718055995,7.62,1.564,3.0,2.6,1.5,3.4,3.292,4.0600000000000005,2.0,2.0448,1.6318334746401733,0.6868471042257615
8.679460816763807,7.299755116952726,8.0,4.5198652041909515,2.8683199999999998,3.2,3.1,3.0319412280686544,5.240114718055994,5.97328,1.5,3.0,2.6,1.5,3.4,2.715648,3.23664,2.0,2.0,1.5831776616671935,0.6657968261350495
6.281695056703761,5.802901033147998,8.0,3.92042376417594,2.0432,3.2,3.1,2.6726962479555194,3.1773147180559946,2.6728,1.5,3.0,2.0,1.5,3.4,1.56048,2.0299188493272897,2.0,2.0,1.5831776616671935,0.5034481027976505
8.928144622410633,7.455157888163008,8.0,4.582036155602658,3.1849600000000002,3.2,3.1,3.069237893159122,6.031714718055995,7.23984,1.5,3.0,2.6,1.5,3.4,3.158944,3.86992,2.0,2.0,1.5831776616671935,0.6826347921423865
7.893026849264308,6.800950979937583,8.0,4.3202804669167465,2.32,3.2,3.1,2.9122282351850197,3.8693147180559944,3.7800000000000002,1.884,3.0,2.6,1.5,3.4,1.948,2.4371187718686693,2.0,2.2688,1.7495329850015804,0.6125486929189375
9.8,8.513737573767733,8.0,5.005491779667554,10.0,3.2,3.1,3.323297017704256,11.069314718055994,12.1,2.268,3.0,2.6,1.5,3.4,12.7,14.3,2.0,2.5376,1.816686879553831,0.7973734749209542
8.300204622407804,7.257276416162039,8.0,4.262777366326692,2.24,3.2,3.1,2.8777463398788896,3.6693147180559946,3.46,2.716,3.7,2.6,1.5,3.4,1.8359999999999999,1.98,2.0,2.8512,1.8653426925268106,0.5994930213088617
9.8,8.251875802808009,8.0,4.9007448343805455,7.832,3.2,3.1,3.2604501926739218,11.069314718055994,12.1,2.14,3.0,2.6,1.5,3.4,9.6648,13.164000000000001,2.0,2.448,1.7981887979745599,0.769025975724676
9.8,8.087843949568601,8.0,4.835129962665975,6.2008,3.2,3.1,3.221082547896464,11.069314718055994,12.1,1.692,3.0,2.6,1.5,3.4,7.38112,9.9016,2.0,2.1344,1.6931325494920921,0.7512119680269764
6.310683735466996,5.793624329200124,8.0,3.9166992617563396,2.0424,3.2,3.1,2.67046983900803,3.1753147180559944,2.6696,1.692,3.0,2.6,1.5,3.4,1.55936,1.5848,2.0,2.1344,1.6931325494920921,0.5054108779222446
4.547189763588117,3.3465735902799727,8.0,2.8,2.0,3.2,3.1,2.0831776616671935,3.0693147180559945,2.5,1.884,3.0,2.6,1.5,3.4,1.5,1.5,2.0,2.2688,1.7495329850015804,0.3860076402429454
10.4,9.244903456671762,8.0,5.057958882715579,10.0,3.2,3.1,3.3547768296012226,11.069314718055994,12.1,2.012,3.7,2.6,1.5,3.4,12.7,14.3,2.0,2.3584,1.7763102111592854,0.8115576069618571
6.863776724418156,6.109300059845864,8.0,4.043321220216973,2.08,3.2,3.1,2.7462320143630077,3.2693147180559947,2.82,2.268,3.0,2.0,1.5,3.4,1.612,2.134635427915416,2.0,2.5376,1.816686879553831,0.5428598823824794
4.235617950178739,3.3465735902799727,8.0,2.8,2.0,3.2,3.1,2.0831776616671935,3.0693147180559945,2.5,1.756,3.0,2.6,1.5,3.4,1.5,1.5,2.0,2.1792,1.7150111363073666,0.3649116320433521
7.252886472082999,6.455213508687434,8.0,3.9414220529497754,2.048,3.2,3.1,2.685251242084984,3.1893147180559946,2.692,3.164,3.7,2.6,1.5,3.4,1.5672,1.9707225218964115,2.0,3.1647999999999996,1.8998645412210244,0.5285808548806197
6.558797625012661,5.9124864066421345,8.0,3.7230241033682523,2.016,3.2,3.1,2.5549967375941125,3.1093147180559946,2.564,2.524,3.7,2.6,1.5,3.4,1.5224,1.532,2.0,2.7168,1.8468446109475396,0.48158525586023226
10.380869795960379,8.562795725721527,8.0,4.7851085086633915,5.2712,3.2,3.1,3.1910709741731664,11.069314718055994,12.1,14.3,3.7,2.6,1.5,3.4,6.07968,8.0424,2.0,11.497599999999998,2.1439171218026223,0.7403713924348172
10.252249489305921,8.499979345853635,8.0,4.759980647255912,4.8849599999999995,3.2,3.1,3.1759950430048725,10.281714718055992,12.1,5.0840000000000005,3.7,2.6,1.5,3.4,5.538944,7.26992,2.0,4.5088,1.9872531612655702,0.7316627258384218
4.4064772304171855,3.3465735902799727,8.0,2.8,2.0,3.2,3.1,2.0831776616671935,3.0693147180559945,2.5,1.82,3.0,2.6,1.5,3.4,1.5,1.5,2.0,2.224,1.7335092178866376,0.3764802291428303
9.293051425827237,7.906433470742259,8.0,4.522537034575092,2.88,3.2,3.1,3.033544032978142,5.269314718055995,6.02,1.756,3.7,2.6,1.5,3.4,2.732,3.2600000000000002,2.0,2.1792,1.7150111363073666,0.666717023623719
9.169551274671903,7.605270175989425,8.0,4.642088073395303,3.6,3.2,3.1,3.105264842237462,7.0693147180559945,8.899999999999999,1.692,3.0,2.6,1.5,3.4,3.7399999999999998,4.7,2.0,2.1344,1.6931325494920921,0.6989800342225767
9.826203241988182,8.234398970773876,8.0,4.65374072305462,3.6959999999999997,3.2,3.1,3.11225575298573,7.309314718055995,9.283999999999999,3.42,3.7,2.6,1.5,3.4,3.8743999999999996,5.181548671746306,2.0,3.344,1.9158883083359672,0.7028158445096166
8.209349383302278,7.003517006096704,8.0,4.401340169088074,2.48,3.2,3.1,2.960844081463209,4.269314718055995,4.42,1.692,3.0,2.6,1.5,3.4,2.1719999999999997,2.46,2.0,2.1344,1.6931325494920921,0.6339663644944251
3.233407575382444,3.3465735902799727,8.0,2.8,2.0,3.2,3.1,2.0831776616671935,3.0693147180559945,2.5,1.564,3.0,2.6,1.5,3.4,1.5,1.5,2.0,2.0448,1.6318334746401733,0.2970536379165196
9.8,10.755404617844086,8.0,5.902161810428751,10.0,3.2,3.1,3.8612971082825807,11.069314718055994,12.1,14.3,3.0,2.6,1.5,3.4,12.7,14.3,2.0,13.2,2.1668193674039444,0.8500000000000001
8.68646737775933,7.426975550757305,8.0,4.570761654995439,3.12,3.2,3.1,3.0624741321817535,5.869314718055994,6.9799999999999995,1.884,3.0,2.6,1.5,3.4,3.068,3.7399999999999998,2.0,2.2688,1.7495329850015804,0.6798128953691214
8.075706115571744,6.9146162687717965,8.0,4.365766905517618,2.40176,3.2,3.1,2.939507904505231,4.073714718055995,4.10704,2.012,3.0,2.6,1.5,3.4,2.062464,2.30352,2.0,2.3584,1.7763102111592854,0.6249176015751702
9.8,8.233006693943818,8.0,4.893196979815323,7.616,3.2,3.1,3.255921606546516,11.069314718055994,12.1,2.652,3.0,2.6,1.5,3.4,9.3624,12.732,2.0,2.8064,1.8594878728264788,0.7670462225499413
10.092697715623112,8.407969402264792,8.0,4.723174428905778,4.4,3.2,3.1,3.15391265654355,9.069314718055994,12.1,1.5,3.7,2.6,1.5,3.4,4.859999999999999,6.300000000000001,2.0,2.0,1.5831776616671935,0.7208597411619815
5.922633275598224,5.518476301206815,8.0,3.8060875842784867,2.02432,3.2,3.1,2.6044343122896354,3.1301147180559945,2.59728,1.756,3.0,2.6,1.5,3.4,1.534048,1.54864,2.0,2.1792,1.7150111363073666,0.4791366280352964
8.660520608790245,7.258796555718782,8.0,4.5034786342837805,2.8,3.2,3.1,3.0221111733725077,5.0693147180559945,5.699999999999999,5.34,3.0,2.6,1.5,3.4,2.62,3.1,2.0,4.688,1.995256126205411,0.6645144162201728
9.267319726161976,7.653461234911213,8.0,4.661366334432989,3.76192,3.2,3.1,3.116830696378691,7.474114718055994,9.54768,5.404,3.0,2.6,1.5,3.4,3.9666879999999995,5.40076960710354,2.0,4.732799999999999,1.9971761671669839,0.7055997731255503
7.02236633409804,6.246119917510235,8.0,4.098144706900501,2.10528,3.2,3.1,2.7790687802024565,3.3325147180559944,2.92112,1.82,3.0,2.6,1.5,3.4,1.647392,1.71056,2.0,2.224,1.7335092178866376,0.5535977205378881
6.678459425732992,5.915941238641759,8.0,3.9657891235220415,2.05424,3.2,3.1,2.699825897274022,3.2049147180559947,2.71696,2.8440000000000003,3.0,2.6,1.5,3.4,1.575936,1.60848,2.0,2.9408,1.876259305911498,0.5303123569506714
9.761860267695543,7.97618647513297,8.0,4.790465066923885,5.359999999999999,3.2,3.1,3.1942847540319126,11.069314718055994,12.1,1.5,3.0,2.6,1.5,3.4,6.204,8.552907752289011,2.0,2.0,1.5831776616671935,0.7390842889585523
9.639611969722521,7.8997852195581775,8.0,4.75990299243063,4.88384,3.2,3.1,3.1759484526939623,10.278914718055994,12.1,1.5,3.0,2.6,1.5,3.4,5.537376,7.26768,2.0,2.0,1.5831776616671935,0.7308070604499624
9.8,8.711664465579236,8.0,5.08466359875391,10.0,3.2,3.1,3.3707994717390166,11.069314718055994,12.1,2.332,3.0,2.6,1.5,3.4,12.7,14.3,2.0,2.5824,1.8249660241322652,0.8188015532477495
9.8,8.101833108158596,8.0,4.84072583626753,6.32,3.2,3.1,3.224439945958063,11.069314718055994,12.1,1.5,3.0,2.6,1.5,3.4,7.548,10.14,2.0,2.0,1.5831776616671935,0.7526965806557893
9.150312194510873,7.5932287157564256,8.0,4.637271001845134,3.5619199999999998,3.2,3.1,3.102374891781542,6.974114718055994,8.747679999999999,1.692,3.0,2.6,1.5,3.4,3.6866879999999997,4.6238399999999995,2.0,2.1344,1.6931325494920921,0.6976773881700071
9.8,8.063355550325255,8.0,4.825334220610071,6.0,3.2,3.1,3.215205332078061,11.069314718055994,12.1,1.564,3.0,2.6,1.5,3.4,7.1,9.5,2.0,2.0448,1.6318334746401733,0.7485388498988095
9.8,8.09063539640433,8.0,4.836246583808385,6.22432,3.2,3.1,3.2217524951370393,11.069314718055994,12.1,1.5,3.0,2.6,1.5,3.4,7.414047999999999,9.948640000000001,2.0,2.0,1.5831776616671935,0.7514834497814373
9.17458649249377,7.733961998301965,8.0,4.69356934038358,4.0697600000000005,3.2,3.1,3.1361508795924715,8.243714718055994,10.77904,1.564,3.0,2.6,1.5,3.4,4.397664,5.63952,2.0,2.0448,1.6318334746401733,0.7128626270959324
7.905533210457001,6.816200563300727,8.0,4.32638330261425,2.32992,3.2,3.1,2.9158881351921746,3.8941147180559943,3.81968,1.5,3.0,2.6,1.5,3.4,1.961888,2.455276503487196,2.0,2.0,1.5831776616671935,0.6133954777913595
9.8,8.22974842243872,8.0,4.8918936339617956,7.57952,3.2,3.1,3.255139621385293,11.069314718055994,12.1,1.692,3.0,2.6,1.5,3.4,9.311328,12.659040000000001,2.0,2.1344,1.6931325494920921,0.7665778196824744
9.8,8.605923699424055,8.0,5.0423667771217024,10.0,3.2,3.1,3.3454216878617733,11.069314718055994,12.1,1.692,3.0,2.6,1.5,3.4,12.7,14.3,2.0,2.1344,1.6931325494920921,0.8073186472725216
9.8,10.62529777972198,8.0,5.850119064269761,10.0,3.2,3.1,3.8300714671332754,11.069314718055994,12.1,14.3,3.0,2.6,1.5,3.4,12.7,14.3,2.0,13.2,2.177028848512574,0.8500000000000001
9.8,11.05904792547915,8.0,6.023619150191663,10.0,3.2,3.1,3.9341715021149963,11.069314718055994,12.1,2.9080000000000004,3.0,2.6,1.5,3.4,12.7,14.3,2.0,2.9856,1.8813664596417534,0.8500000000000001
5.980597338970561,5.402010522366629,8.0,3.7591581091193484,2.0192,3.2,3.1,2.576482525367991,3.1173147180559946,2.5768,2.332,3.0,2.6,1.5,3.4,1.52688,1.5384,2.0,2.5824,1.8249660241322652,0.4830612781594651
6.7067184343973185,3.3465735902799727,8.0,2.8,2.0,3.2,3.1,2.0831776616671935,3.0693147180559945,2.5,7.388000000000001,3.0,2.6,1.5,3.4,1.5,1.5,2.0,6.1216,2.0451953738724002,0.5322257273289852
6.743476503163553,6.134452101110115,8.0,3.8125190066053936,2.02512,3.2,3.1,2.6082685042664275,3.1321147180559947,2.60048,2.396,3.7,2.6,1.5,3.4,1.535168,1.55024,2.0,2.6272,1.8327106466687737,0.4940895549016989
9.8,8.091732510301178,8.0,4.836685445969949,6.2336,3.2,3.1,3.2220158024722827,11.069314718055994,12.1,1.5,3.0,2.6,1.5,3.4,7.42704,9.9672,2.0,2.0,1.5831776616671935,0.7516023082835281
9.8,8.154509662544417,8.0,4.861797198684417,6.8,3.2,3.1,3.23708231901066,11.069314718055994,12.1,2.204,3.0,2.6,1.5,3.4,8.219999999999999,11.100000000000001,2.0,2.4928,1.8077939228953843,0.7585026193095812
9.8,8.54872016178987,8.0,5.019485034481787,10.0,3.2,3.1,3.3316928388295683,11.069314718055994,12.1,1.5,3.0,2.6,1.5,3.4,12.7,14.3,2.0,2.0,1.5831776616671935,0.8011105301721504
5.492096413473008,3.3465735902799727,8.0,2.8,2.0,3.2,3.1,2.0831776616671935,3.0693147180559945,2.5,2.7800000000000002,3.0,2.6,1.5,3.4,1.5,1.5,2.0,2.896,1.870925094402998,0.4499856946622349
5.2442784491915315,5.2290482690107405,8.0,3.4437751649736406,2.00384,3.2,3.1,2.390971584562578,3.0789147180559944,2.51536,1.6280000000000001,3.7,2.6,1.5,3.4,1.505376,1.50768,2.0,2.0896,1.6663553233343869,0.39258135333067656
9.672353000654795,7.917041941198624,8.0,4.766806057504182,4.98512,3.2,3.1,3.18009006588767,10.532114718055993,12.1,3.036,3.0,2.6,1.5,3.4,5.679168,7.47024,2.0,3.0751999999999997,1.8909715845625779,0.7330239010860018
9.8,8.675215032303704,8.0,5.070083660021827,10.0,3.2,3.1,3.362051607752889,11.069314718055994,12.1,2.9080000000000004,3.0,2.6,1.5,3.4,12.7,14.3,2.0,2.9856,1.8813664596417534,0.8148843764863924
5.443101513280433,3.8958797346140273,8.0,3.1218875824868197,2.00064,3.2,3.1,2.215011136307367,3.0709147180559944,2.50256,2.652,3.0,2.6,1.5,3.4,1.500896,1.50128,2.0,2.8064,1.8594878728264788,0.4466683316283626
9.8,8.717925008644961,8.0,5.087167843199185,10.0,3.2,3.1,3.3723020020747905,11.069314718055994,12.1,4.828,3.0,2.6,1.5,3.4,12.7,14.3,2.0,4.329599999999999,1.9786780855877129,0.8195931967089403
9.8,8.599121058507752,8.0,5.039645683733368,10.0,3.2,3.1,3.3437890540418604,11.069314718055994,12.1,1.5,3.0,2.6,1.5,3.4,12.7,14.3,2.0,2.0,1.5831776616671935,0.8065707060111205
9.6,8.237572417754182,8.0,4.8950233211321885,7.66752,3.2,3.1,3.2570173802610034,11.069314718055994,12.1,2.332,3.0,2.6,1.5,3.4,9.434528,12.83504,2.0,2.5824,1.8249660241322652,0.7675014523831301
6.773284880867892,6.109300059845864,8.0,4.043321220216973,2.08,3.2,3.1,2.7462320143630077,3.2693147180559947,2.82,1.5,3.0,2.6,1.5,3.4,1.612,1.6600000000000001,2.0,2.0,1.5831776616671935,0.5367328304754302
9.8,8.154509662544417,8.0,4.861797198684417,6.8,3.2,3.1,3.23708231901066,11.069314718055994,12.1,1.5,3.0,2.6,1.5,3.4,8.219999999999999,11.100000000000001,2.0,2.0,1.5831776616671935,0.7584034079770294
9.8,8.804126913213725,8.0,5.121648947128464,10.0,3.2,3.1,3.392990459171294,11.069314718055994,12.1,2.012,3.0,2.6,1.5,3.4,12.7,14.617552524131407,2.0,2.3584,1.7763102111592854,0.8287996163909268
6.338658613737194,5.838376901134141,8.0,3.9346646534342984,2.0464,3.2,3.1,2.681210456272194,3.1853147180559946,2.6856,1.5,3.0,2.6,1.5,3.4,1.56496,1.5928,2.0,2.0,1.5831776616671935,0.5073050103051225
10.346475917831029,8.561694107121232,8.0,4.784667839647746,5.263999999999999,3.2,3.1,3.1908065857090957,11.069314718055994,12.1,4.0600000000000005,3.7,2.0,1.5,3.4,6.069599999999999,8.453237142097054,2.0,3.792,1.9485203541940042,0.7380426402698093
9.8,9.148418070588514,8.0,5.259366314999652,10.0,3.2,3.1,3.475620336941243,11.069314718055994,12.1,2.268,3.0,2.6,1.5,3.4,12.7,14.3,2.0,2.5376,1.816686879553831,0.8500000000000001
9.8,9.913154027311805,8.0,5.565261413072506,10.0,3.2,3.1,3.6591569665548334,11.069314718055994,12.1,1.5,3.0,2.6,1.5,3.4,12.7,14.3,2.0,2.0,1.5831776616671935,0.8500000000000001
6.642643926447261,6.254133848700603,8.0,3.860660981611815,2.032,3.2,3.1,2.6369921236881444,3.1493147180559946,2.628,1.5,3.7,2.6,1.5,3.4,1.5448,1.564,2.0,2.0,1.5831776616671935,0.48726234918653333
7.254740470595289,6.623686089523138,8.0,4.009001062807203,2.06736,3.2,3.1,2.725684661485553,3.2377147180559946,2.76944,1.6280000000000001,3.7,2.6,1.5,3.4,1.594304,1.63472,2.0,2.0896,1.6663553233343869,0.5287063860298893
6.124793448655883,5.82974110787981,8.0,3.93119836216397,2.0456,3.2,3.1,2.6791378658911547,3.1833147180559944,2.6824,1.5,3.0,2.6,1.5,3.4,1.56384,1.5912,2.0,2.0,1.5831776616671935,0.5063662230860754
5.753313938087443,5.474379945189084,8.0,3.7883284845218608,2.02224,3.2,3.1,2.59385118684538,3.1249147180559946,2.58896,1.5,3.0,2.6,1.5,3.4,1.531136,1.54448,2.0,2.0,1.5831776616671935,0.46767229789133735
8.63491228914487,7.271917561181329,8.0,4.5087280722862175,2.82128,3.2,3.1,3.025260214683519,5.122514718055995,5.78512,1.5,3.0,2.6,1.5,3.4,2.6497919999999997,3.14256,2.0,2.0,1.5831776616671935,0.6627805195775172
6.100222726147332,5.654133848700603,8.0,3.860660981611815,2.032,3.2,3.1,2.6369921236881444,3.1493147180559946,2.628,1.692,3.0,2.6,1.5,3.4,1.5448,1.564,2.0,2.1344,1.6931325494920921,0.491160913749559
4.235617950178739,3.3465735902799727,8.0,2.8,2.0,3.2,3.1,2.0831776616671935,3.0693147180559945,2.5,1.756,3.0,2.6,1.5,3.4,1.5,1.5,2.0,2.1792,1.7150111363073666,0.3649116320433521
7.477911367724809,6.7745694956898985,8.0,4.069477841931202,2.0912,3.2,3.1,2.7618966789655754,3.2973147180559947,2.8648,1.5,3.7,2.6,1.5,3.4,1.62768,1.6824,2.0,2.0,1.5831776616671935,0.5438169155230339
8.640130456314369,7.492028501319965,8.0,4.35672811924425,2.384,3.2,3.1,2.9340868403167915,4.0293147180559945,4.036,2.012,3.7,2.6,1.5,3.4,2.0376,2.268,2.0,2.3584,1.7763102111592854,0.6225088329796187
9.545074801244002,7.840234496705035,8.0,4.736081299853775,4.5600000000000005,3.2,3.1,3.1616562792092084,9.469314718055994,12.1,1.692,3.0,2.6,1.5,3.4,5.084,6.620000000000001,2.0,2.1344,1.6931325494920921,0.7244061063342293
8.449315158802383,7.155944779115179,8.0,4.462328789700596,2.6512000000000002,3.2,3.1,2.997426746987643,4.697314718055995,5.104799999999999,1.5,3.0,2.6,1.5,3.4,2.41168,2.8024,2.0,2.0,1.5831776616671935,0.6502140472105781
9.8,8.405298129167699,8.0,4.962115214729097,9.92656,3.2,3.1,3.2972715510002475,11.069314718055994,12.1,1.5,3.0,2.6,1.5,3.4,12.597184,14.3,2.0,2.0,1.5831776616671935,0.7855728706557972
9.62577877203447,7.890716453264411,8.0,4.7562752828282315,4.832,3.2,3.1,3.173771948783459,10.149314718055994,12.1,1.692,3.0,2.6,1.5,3.4,5.464799999999999,7.164000000000001,2.0,2.1344,1.6931325494920921,0.729870437689834
9.8,8.154542992544764,8.0,4.861810531128925,6.80032,3.2,3.1,3.2370903182107433,11.069314718055994,12.1,1.564,3.0,2.6,1.5,3.4,8.220448000000001,11.10064,2.0,2.0448,1.6318334746401733,0.7584160449704267
8.613914537135123,7.258796555718782,8.0,4.5034786342837805,2.8,3.2,3.1,3.0221111733725077,5.0693147180559945,5.699999999999999,1.5,3.0,2.6,1.5,3.4,2.62,3.1,2.0,2.0,1.5831776616671935,0.6613587967851907
5.786885297366669,3.3465735902799727,8.0,2.8,2.0,3.2,3.1,2.0831776616671935,3.0693147180559945,2.5,3.356,3.0,2.6,1.5,3.4,1.5,1.5,2.0,3.2992,1.9120784645382176,0.46994535867586823
9.8,10.03893818044606,8.0,5.615575118332448,10.0,3.2,3.1,3.6893451633070544,11.069314718055994,12.1,14.3,3.0,2.6,1.5,3.4,12.7,14.3,2.0,13.2,2.407459395747078,0.8500000000000001
9.8,8.959201953161418,8.0,5.183679447944567,10.0,3.2,3.1,3.4302084687587406,11.069314718055994,12.1,11.228000000000002,3.0,2.6,1.5,3.4,12.7,14.3,2.0,8.8096,2.1044343122896354,0.8458536001893213
9.8,8.804126913213725,8.0,5.121648947128464,10.0,3.2,3.1,3.392990459171294,11.069314718055994,12.1,1.82,3.0,2.6,1.5,3.4,12.7,14.3,2.0,2.224,1.7335092178866376,0.8287922322760777
7.62395469648127,6.762550373062901,8.0,4.304912245257072,2.29632,3.2,3.1,2.903012089535096,3.8101147180559947,3.6852799999999997,1.6280000000000001,3.0,2.6,1.5,3.4,1.9148479999999999,2.0926400000000003,2.0,2.0896,1.6663553233343869,0.6078719325742528
10.247385453288327,8.50464337856865,8.0,4.761846363322082,4.912,3.2,3.1,3.177114410856476,10.349314718055995,12.1,1.5,3.7,2.6,1.5,3.4,5.5767999999999995,7.324000000000001,2.0,2.0,1.5831776616671935,0.7313333900663972
8.907023089170789,7.441958735603985,8.0,4.576755772292697,3.15408,3.2,3.1,3.0660700965449563,5.954514718055995,7.11632,1.5,3.0,2.6,1.5,3.4,3.115712,3.8081600000000004,2.0,2.0,1.5831776616671935,0.6812046883292722
9.168352293581213,7.605270175989425,8.0,4.642088073395303,3.6,3.2,3.1,3.105264842237462,7.0693147180559945,8.899999999999999,1.5,3.0,2.6,1.5,3.4,3.7399999999999998,4.7,2.0,2.0,1.5831776616671935,0.698898853211228
6.236632436477393,5.9124864066421345,8.0,3.7230241033682523,2.016,3.2,3.1,2.5549967375941125,3.1093147180559946,2.564,1.756,3.7,2.6,1.5,3.4,1.5224,1.532,2.0,2.1792,1.7150111363073666,0.45977198788649015
10.4,8.898342365923057,8.0,4.919331946556716,8.4,3.2,3.1,3.2716021678215337,11.069314718055994,12.1,1.6280000000000001,3.7,2.6,1.5,3.4,10.459999999999999,14.3,2.0,2.0896,1.6663553233343869,0.773999275161569
8.402790422676723,7.122298378191249,8.0,4.448866809571219,2.6088,3.2,3.1,2.9893516107658997,4.591314718055995,4.9352,1.948,3.0,2.6,1.5,3.4,2.3523199999999997,2.7176,2.0,2.3136,1.7636669492803463,0.6470639348687365
9.037654700388805,7.6485800319643715,8.0,4.659413675097201,3.7447999999999997,3.2,3.1,3.115659207671449,7.431314718055995,9.479199999999999,1.5,3.0,2.6,1.5,3.4,3.9427199999999996,4.9896,2.0,2.0,1.5831776616671935,0.7035912036721588
7.94524829004763,6.830528191180915,8.0,4.332117092340651,2.33952,3.2,3.1,2.9193267658834197,3.9181147180559943,3.85808,2.076,3.0,2.6,1.5,3.4,1.975328,2.17904,2.0,2.4032,1.7877474327358045,0.6160845196386415
9.916725327148022,8.296539254327676,8.0,4.678599041312052,3.92048,3.2,3.1,3.1271694210386425,7.870514718055994,10.18192,1.948,3.7,2.6,1.5,3.4,4.188672,5.34096,2.0,2.3136,1.7636669492803463,0.7089449440256472
9.8,8.672909780391318,8.0,5.069161548383709,10.0,3.2,3.1,3.3614983472939164,11.069314718055994,12.1,1.5,3.0,2.6,1.5,3.4,12.7,14.3,2.0,2.0,1.5831776616671935,0.8145645860205879
10.4,8.920792098939783,8.0,4.928312059289813,8.69392,3.2,3.1,3.2769901037455478,11.069314718055994,12.1,1.756,3.7,2.6,1.5,3.4,10.871488,14.3,2.0,2.1792,1.7150111363073666,0.7764437367297874
9.174329309978,7.605270175989425,8.0,4.642088073395303,3.6,3.2,3.1,3.105264842237462,7.0693147180559945,8.899999999999999,2.46,3.0,2.6,1.5,3.4,3.7399999999999998,4.7,2.0,2.6719999999999997,1.839985601286746,0.6993035470297605
10.4,8.663355550325255,8.0,4.825334220610071,6.0,3.2,3.1,3.215205332078061,11.069314718055994,12.1,1.5,3.7,2.6,1.5,3.4,7.1,9.5,2.0,2.0,1.5831776616671935,0.7485280180818945
5.545460506179461,3.946573590279973,8.0,2.8,2.0,3.2,3.1,2.0831776616671935,3.0693147180559945,2.5,2.14,3.7,2.6,1.5,3.4,1.5,1.5,2.0,2.448,1.7981887979745599,0.4129738884392343
7.812275656944348,6.757944542607563,8.0,4.303068914236087,2.2936,3.2,3.1,2.901906690225815,3.8033147180559945,3.6744,1.5,3.0,2.6,1.5,3.4,1.91104,2.0872,2.0,2.0,1.5831776616671935,0.6070811642722737
9.8,8.826352399249254,8.0,5.130539220591951,10.0,3.2,3.1,3.398324575819821,11.069314718055994,12.1,1.884,3.0,2.6,1.5,3.4,12.7,14.3,2.0,2.2688,1.7495329850015804,0.8312018340461493
9.8,8.813136003630326,8.0,5.12525261576176,10.0,3.2,3.1,3.395152640871278,11.069314718055994,12.1,2.14,3.0,2.6,1.5,3.4,12.7,14.3,2.0,2.448,1.7981887979745599,0.8297800927045598
9.495838001083108,7.792191805038003,8.0,4.716862962598595,4.32544,3.2,3.1,3.150126033209121,8.882914718055995,11.80176,8.22,3.0,2.6,1.5,3.4,4.755616,6.15088,2.0,6.704,2.0607394601354287,0.7210723646566688
9.8,8.612635029414783,8.0,5.0450513451525785,10.0,3.2,3.1,3.347032407059548,11.069314718055994,12.1,2.14,3.0,2.6,1.5,3.4,12.7,14.3,2.0,2.448,1.7981887979745599,0.8080708379104236
9.8,8.470909455159653,8.0,4.988360241582887,10.0,3.2,3.1,3.313018269238317,11.069314718055994,12.1,1.564,3.0,2.6,1.5,3.4,12.7,14.3,2.0,2.0448,1.6318334746401733,0.7926856929936157
9.8,8.804126913213725,8.0,5.121648947128464,10.0,3.2,3.1,3.392990459171294,11.069314718055994,12.1,1.6280000000000001,3.0,2.6,1.5,3.4,12.7,14.3,2.0,2.0896,1.6663553233343869,0.828784847154473
7.8811218676669865,6.800950979937583,8.0,4.3202804669167465,2.32,3.2,3.1,2.9122282351850197,3.8693147180559944,3.7800000000000002,1.5,3.0,2.6,1.5,3.4,1.948,2.14,2.0,2.0,1.5831776616671935,0.6117426264566189
10.4,8.63158999563486,8.0,4.812627474013133,5.75376,3.2,3.1,3.207581598952366,11.069314718055994,12.1,1.5,3.7,2.6,1.5,3.4,6.755264,9.00752,2.0,2.0,1.5831776616671935,0.7450866075452236
8.597755635927639,7.248699282044029,8.0,4.49943890898191,2.784,3.2,3.1,3.019687827690567,5.0293147180559945,5.635999999999999,1.5,3.0,2.6,1.5,3.4,2.5976,3.068,2.0,2.0,1.5831776616671935,0.6602647045159338
7.354497938255542,6.454876640822405,8.0,4.181750955863044,2.16,3.2,3.1,2.8291703937973773,3.4693147180559945,3.14,1.948,3.0,2.6,1.5,3.4,1.724,1.82,2.0,2.3136,1.7636669492803463,0.5760857979027191
5.681624211135693,4.589026915173973,8.0,3.4270988431858296,2.00352,3.2,3.1,2.3813664596417534,3.0781147180559945,2.51408,2.8440000000000003,3.0,2.6,1.5,3.4,1.504928,1.50704,2.0,2.9408,1.876259305911498,0.4628183059623126
9.8,9.093327671993245,8.0,5.237330049187656,10.0,3.2,3.1,3.4623986412783787,11.069314718055994,12.1,1.756,3.0,2.6,1.5,3.4,12.7,14.3,2.0,2.1792,1.7150111363073666,0.8500000000000001
9.8,8.042946219595693,8.0,4.817170155025743,5.84,3.2,3.1,3.2103070927029664,11.069314718055994,12.1,1.5,3.0,2.6,1.5,3.4,6.8759999999999994,9.18,2.0,2.0,1.5831776616671935,0.746316916986139
8.07256516139952,6.912622645715887,8.0,4.364969138205371,2.40016,3.2,3.1,2.939029434971813,4.0697147180559945,4.10064,2.012,3.0,2.0,1.5,3.4,2.060224,2.741258365758796,2.0,2.3584,1.7763102111592854,0.6247049328030925
7.672149468256092,6.6572764161620395,8.0,4.262777366326692,2.24,3.2,3.1,2.8777463398788896,3.6693147180559946,3.46,2.012,3.0,2.6,1.5,3.4,1.8359999999999999,1.98,2.0,2.3584,1.7763102111592854,0.5975934535798396
5.266815150764888,3.946573590279973,8.0,2.8,2.0,3.2,3.1,2.0831776616671935,3.0693147180559945,2.5,1.948,3.7,2.6,1.5,3.4,1.5,1.5,2.0,2.3136,1.7636669492803463,0.3941072758330393
6.59688541238525,6.119162312519753,8.0,4.047273918040741,2.0816,3.2,3.1,2.748598955004741,3.2733147180559947,2.8264,1.564,3.0,2.6,1.5,3.4,1.61424,1.6632,2.0,2.0448,1.6318334746401733,0.5383307831302513
6.86679704702536,6.364714543755712,8.0,3.905090587826357,2.04,3.2,3.1,2.663531490501371,3.1693147180559946,2.66,1.692,3.7,2.6,1.5,3.4,1.556,1.58,2.0,2.1344,1.6931325494920921,0.5024393833923421
5.842643926447261,5.654133848700603,8.0,3.860660981611815,2.032,3.2,3.1,2.6369921236881444,3.1493147180559946,2.628,1.5,3.0,2.6,1.5,3.4,1.5448,1.564,2.0,2.0,1.5831776616671935,0.48726234918653333
9.8,9.214840044614835,8.0,5.285935218215363,10.0,3.2,3.1,3.4915616107075604,11.069314718055994,12.1,6.748,3.0,2.0,1.5,3.4,12.7,14.739561053249613,2.0,5.6736,2.0316980158611977,0.8500000000000001
9.8,8.202161722336374,8.0,4.880858628603959,7.28,3.2,3.1,3.24851881336073,11.069314718055994,12.1,1.5,3.0,2.6,1.5,3.4,8.892,12.06,2.0,2.0,1.5831776616671935,0.7635658785802388
9.8,9.802800154493443,8.0,5.521119815083757,10.0,3.2,3.1,3.632672037078426,11.069314718055994,12.1,14.3,3.0,2.6,1.5,3.4,12.7,14.396437018371365,2.0,13.2,2.1791378658911547,0.8500000000000001
9.8,8.789581271371691,8.0,5.115830636722007,10.0,3.2,3.1,3.389499505129206,11.069314718055994,12.1,4.0600000000000005,3.0,2.6,1.5,3.4,12.7,14.674153642916984,2.0,3.792,1.9485203541940042,0.8273054270891107
7.777078890094359,6.859786994629791,8.0,4.3438259681813465,2.36,3.2,3.1,2.9263488787111496,3.9693147180559945,3.94,1.564,3.0,2.6,1.5,3.4,2.004,2.22,2.0,2.0448,1.6318334746401733,0.6182397165168056
7.8811218676669865,6.800950979937583,8.0,4.3202804669167465,2.32,3.2,3.1,2.9122282351850197,3.8693147180559944,3.7800000000000002,1.5,3.0,2.6,1.5,3.4,1.948,2.14,2.0,2.0,1.5831776616671935,0.6117426264566189
6.595169141845255,5.998226044309511,8.0,3.998792285461314,2.064,3.2,3.1,2.719574250634283,3.2293147180559947,2.7560000000000002,1.5,3.0,2.6,1.5,3.4,1.5896,1.6280000000000001,2.0,2.0,1.5831776616671935,0.5246729106457726
8.907976051961125,7.5675389437378175,8.0,4.626994012990282,3.48368,3.2,3.1,3.0962093464970764,6.778514718055995,8.434719999999999,1.5,3.0,2.6,1.5,3.4,3.577152,4.46736,2.0,2.0,1.5831776616671935,0.6948108785182012
7.479361394842473,6.55001358331463,8.0,4.219840348710618,2.1936,3.2,3.1,2.852003259995511,3.5533147180559945,3.2744,1.5,3.0,2.6,1.5,3.4,1.77104,2.292333469046837,2.0,2.0,1.5831776616671935,0.5845400944424591
9.084072769005669,7.552601026926439,8.0,4.621018192251417,3.44,3.2,3.1,3.0926242464623455,6.669314718055994,8.26,1.5,3.0,2.6,1.5,3.4,3.516,4.380000000000001,2.0,2.0,1.5831776616671935,0.6931924270680921
9.108752039519947,7.568023883697164,8.0,4.627188009879987,3.48512,3.2,3.1,3.096325732087319,6.782114718055994,8.44048,1.5,3.0,2.6,1.5,3.4,3.5791679999999997,4.47024,2.0,2.0,1.5831776616671935,0.6948634193424964
9.225831097031014,7.639092959435625,8.0,4.655618494805401,3.7119999999999997,3.2,3.1,3.1133823102645497,7.349314718055995,9.347999999999999,2.076,3.0,2.6,1.5,3.4,3.8968,4.924,2.0,2.4032,1.7877474327358045,0.7027906471948082
8.632102530158987,7.268693949350879,8.0,4.507438375584585,2.816,3.2,3.1,3.024486547844211,5.109314718055995,5.764,1.692,3.0,2.6,1.5,3.4,2.6424,3.132,2.0,2.1344,1.6931325494920921,0.6625902754795148
9.8,8.703793585643858,8.0,5.081515212072357,10.0,3.2,3.1,3.3689104605545257,11.069314718055994,12.1,3.228,3.0,2.6,1.5,3.4,12.7,14.3,2.0,3.2096,1.9040754995983769,0.8179915581582169
10.030332806471712,8.368994036185505,8.0,4.707583201617928,4.220000000000001,3.2,3.1,3.144558568684521,8.619314718055994,11.38,1.5,3.7,2.6,1.5,3.4,4.6080000000000005,5.94,2.0,2.0,1.5831776616671935,0.7166371171048556
7.498938228163685,6.558197072046733,8.0,4.223116425236891,2.1968,3.2,3.1,2.8539672972912156,3.5613147180559945,3.2872,1.6280000000000001,3.0,2.0,1.5,3.4,1.77552,2.375896129011564,2.0,2.0896,1.6663553233343869,0.585865609198583
9.916858217513777,8.29641429077473,8.0,4.678549051726288,3.92,3.2,3.1,3.127139429785935,7.869314718055994,10.18,2.012,3.7,2.6,1.5,3.4,4.188,5.34,2.0,2.3584,1.7763102111592854,0.7089539418108286
9.057873499055114,7.535654081640312,8.0,4.614238648113205,3.392,3.2,3.1,3.088556979593675,6.549314718055995,8.068,1.6280000000000001,3.0,2.6,1.5,3.4,3.4487999999999994,4.652140369465932,2.0,2.0896,1.6663553233343869,0.6914185181651901
9.8,8.942251407205518,8.0,5.176899183586131,10.0,3.2,3.1,3.4261403377293242,11.069314718055994,12.1,2.9080000000000004,3.0,2.6,1.5,3.4,12.7,14.3,2.0,2.9856,1.8813664596417534,0.8437846049800326
10.4,8.663355550325255,8.0,4.825334220610071,6.0,3.2,3.1,3.215205332078061,11.069314718055994,12.1,1.5,3.7,2.6,1.5,3.4,7.1,9.5,2.0,2.0,1.5831776616671935,0.7485280180818945
7.327003823452176,6.454876640822405,8.0,4.181750955863044,2.16,3.2,3.1,2.8291703937973773,3.4693147180559945,3.14,1.5,3.0,2.6,1.5,3.4,1.724,1.82,2.0,2.0,1.5831776616671935,0.5742242172129077
9.8,8.837857928809274,8.0,5.135141471977913,10.0,3.2,3.1,3.4010859029142257,11.069314718055994,12.1,14.3,3.0,2.6,1.5,3.4,12.7,14.3,2.0,13.2,2.233109709931724,0.8334555204711616
8.026912476977003,6.892028501319965,8.0,4.35672811924425,2.384,3.2,3.1,2.9340868403167915,4.0293147180559945,4.036,1.5,3.0,2.6,1.5,3.4,2.0376,2.268,2.0,2.0,1.5831776616671935,0.6216138656286512
6.3656882117991005,5.855213508687434,8.0,3.9414220529497754,2.048,3.2,3.1,2.685251242084984,3.1893147180559946,2.692,1.5,3.0,2.6,1.5,3.4,1.5672,1.596,2.0,2.0,1.5831776616671935,0.5091351393405641
9.8,9.678804698753085,8.0,5.471521563350433,10.0,3.2,3.1,3.6029131277007407,11.069314718055994,12.1,6.172,3.0,2.6,1.5,3.4,12.7,14.3,2.0,5.2703999999999995,2.018098573624357,0.8500000000000001
9.8,8.4100291226088,8.0,4.964007650123228,10.0,3.2,3.1,3.2984069894261117,11.069314718055994,12.1,2.14,3.0,2.6,1.5,3.4,12.7,14.3,2.0,2.448,1.7981887979745599,0.7861395307774741
6.417152898504012,5.855213508687434,8.0,3.9414220529497754,2.048,3.2,3.1,2.685251242084984,3.1893147180559946,2.692,1.756,3.0,2.6,1.5,3.4,1.5672,1.596,2.0,2.1792,1.7150111363073666,0.5126197275028759
5.813823869451939,3.3465735902799727,8.0,2.8,2.0,3.2,3.1,2.0831776616671935,3.0693147180559945,2.5,3.42,3.0,2.6,1.5,3.4,1.5,1.5,2.0,3.344,1.9158883083359672,0.4717693244941417
9.8,9.086327729644617,8.0,5.234530057873362,10.0,3.2,3.1,3.460718655114708,11.069314718055994,12.1,11.420000000000002,3.0,2.6,1.5,3.4,12.7,14.3,2.0,8.943999999999999,2.106749496641797,0.8500000000000001
5.602872152885092,5.312486406642135,8.0,3.7230241033682523,2.016,3.2,3.1,2.5549967375941125,3.1093147180559946,2.564,1.692,3.0,2.6,1.5,3.4,1.5224,1.9026462459964189,2.0,2.1344,1.6931325494920921,0.45748613535159477
9.240038022629747,7.842128345584986,8.0,4.496809994564597,2.7737600000000002,3.2,3.1,3.018110802940397,5.003714718055995,5.59504,5.724,3.7,2.6,1.5,3.4,2.583264,3.04752,2.0,4.956799999999999,2.006340924621133,0.6631275744488891
6.36302597972496,5.5992485156329135,8.0,3.838591370178042,2.02864,3.2,3.1,2.623819643751899,3.1409147180559946,2.61456,3.036,3.0,2.6,1.5,3.4,1.540096,1.55728,2.0,3.0751999999999997,1.8909715845625779,0.5089548840438776
8.61949391613139,7.258796555718782,8.0,4.5034786342837805,2.8,3.2,3.1,3.0221111733725077,5.0693147180559945,5.699999999999999,1.948,3.0,2.6,1.5,3.4,2.62,3.1,2.0,2.3136,1.7636669492803463,0.6617365672380628
9.8,10.126938225240451,8.0,5.650775161078197,10.0,3.2,3.1,3.710465174057708,11.069314718055994,12.1,14.3,3.0,2.6,1.5,3.4,12.7,14.3,2.0,13.2,2.222522801921943,0.8500000000000001
5.862300935031666,5.511940260423138,8.0,3.803455967362985,2.024,3.2,3.1,2.602865662501553,3.1293147180559946,2.596,2.204,3.0,2.6,1.5,3.4,1.5336,1.548,2.0,2.4928,1.8077939228953843,0.48859329247610234
9.6,8.501066586991014,8.0,5.0004233015464035,10.0,3.2,3.1,3.3202559808778433,11.069314718055994,12.1,1.5,3.0,2.6,1.5,3.4,12.7,14.3,2.0,2.0,1.5831776616671935,0.795947977502151
6.771065444020489,6.254133848700603,8.0,3.860660981611815,2.032,3.2,3.1,2.6369921236881444,3.1493147180559946,2.628,1.948,3.7,2.6,1.5,3.4,1.5448,1.564,2.0,2.3136,1.7636669492803463,0.4959575561055539
7.107706686289348,6.276966702012905,8.0,4.110501577406918,2.112,3.2,3.1,2.786472008483097,3.349314718055995,2.948,2.268,3.0,2.6,1.5,3.4,1.6568,1.724,2.0,2.5376,1.816686879553831,0.5593759735508413
6.787837546792524,6.344468863078343,8.0,3.896959386698131,2.0384,3.2,3.1,2.658672527138802,3.1653147180559946,2.6536,1.5,3.7,2.6,1.5,3.4,1.55376,1.5768,2.0,2.0,1.5831776616671935,0.4970931672307438
9.428186898890184,7.986924442631447,8.0,4.5547388292768884,3.03376,3.2,3.1,3.0528618662315474,5.653714718055995,6.63504,2.46,3.7,2.6,1.5,3.4,2.9472639999999997,3.56752,2.0,2.6719999999999997,1.839985601286746,0.6758668212790229
7.449387847322332,6.756774023138547,8.0,4.062346961830583,2.088,3.2,3.1,2.7576257655532515,3.2893147180559947,2.852,1.5,3.7,2.6,1.5,3.4,1.6232,1.9361019496541223,2.0,2.0,1.5831776616671935,0.5418856354957828
8.64528495501846,7.278399223004299,8.0,4.511321238754615,2.832,3.2,3.1,3.026815813521032,5.149314718055995,5.827999999999999,1.5,3.0,2.0,1.5,3.4,2.6647999999999996,3.658275110040877,2.0,2.0,1.5831776616671935,0.6634828354960415
8.787261754047442,7.349924013000156,8.0,4.539936280197903,2.96,3.2,3.1,3.0439817631200374,5.469314718055995,6.34,4.188000000000001,3.0,2.6,1.5,3.4,2.844,3.42,2.0,3.8815999999999997,1.9541027560701913,0.6730958479302956
9.088504422261737,7.552601026926439,8.0,4.621018192251417,3.44,3.2,3.1,3.0926242464623455,6.669314718055994,8.26,2.14,3.0,2.6,1.5,3.4,3.516,4.380000000000001,2.0,2.448,1.7981887979745599,0.6934924869239718
7.485023901240599,6.673649850371582,8.0,4.269331032635308,2.248,3.2,3.1,2.8816759640891796,3.6893147180559946,3.492,1.692,3.0,2.6,1.5,3.4,1.8472,1.996,2.0,2.1344,1.6931325494920921,0.5984651599798323
10.172327566903835,8.4467534938741,8.0,4.738689060628315,4.5936,3.2,3.1,3.1632208385297838,9.553314718055994,12.1,6.108,3.7,2.6,1.5,3.4,5.13104,6.687200000000001,2.0,5.2256,2.0164878111845006,0.7262513456757804
6.909503455490116,6.107304049211096,8.0,4.042521219150304,2.07968,3.2,3.1,2.745752971810663,3.2685147180559944,2.81872,2.716,3.0,2.6,1.5,3.4,1.611552,1.65936,2.0,2.8512,1.8653426925268106,0.5459559631321433
8.654004804231862,7.282419922441795,8.0,4.512929826514506,2.83872,3.2,3.1,3.027780781386031,5.1661147180559945,5.85488,1.692,3.0,2.6,1.5,3.4,2.674208,3.3145162857496793,2.0,2.1344,1.6931325494920921,0.664073241953199
4.862913117191276,3.3465735902799727,8.0,2.8,2.0,3.2,3.1,2.0831776616671935,3.0693147180559945,2.5,2.076,3.0,2.6,1.5,3.4,1.5,1.5,2.0,2.4032,1.7877474327358045,0.407384742309826
6.842095180595924,6.114255501795592,8.0,4.045307333857493,2.0808,3.2,3.1,2.747421320430942,3.2713147180559945,2.8232,2.012,3.0,2.6,1.5,3.4,1.6131199999999999,1.6616,2.0,2.3584,1.7763102111592854,0.5413918611861823
6.938597570826816,6.20012872265441,8.0,4.079718986907041,2.096,3.2,3.1,2.7680308934370585,3.3093147180559948,2.884,1.692,3.0,2.6,1.5,3.4,1.6344,1.692,2.0,2.1344,1.6931325494920921,0.5479258771913991
9.595405861572457,7.8705431315886525,8.0,4.748205488967546,4.720000000000001,3.2,3.1,3.1689303515812766,9.869314718055994,12.1,2.204,3.0,2.6,1.5,3.4,5.308,6.94,2.0,2.4928,1.8077939228953843,0.7278139385439684
8.9511734909191,7.69462226286795,8.0,4.437793372729775,2.576,3.2,3.1,2.9827093430883083,4.509314718055994,4.804,1.5,3.7,2.6,1.5,3.4,2.3064,2.652,2.0,2.0,1.5831776616671935,0.6435690384476475
6.03614195558365,5.764714543755712,8.0,3.905090587826357,2.04,3.2,3.1,2.663531490501371,3.1693147180559946,2.66,1.564,3.0,2.6,1.5,3.4,1.556,1.58,2.0,2.0448,1.6318334746401733,0.5003637782426429
9.6,9.080019589089066,8.0,5.232006788523431,10.0,3.2,3.1,3.459204701381376,11.069314718055994,12.1,1.884,3.0,2.6,1.5,3.4,12.7,14.3,2.0,2.2688,1.7495329850015804,0.8500000000000001
9.8,9.90776627886114,8.0,5.563106311548755,10.0,3.2,3.1,3.657863906926673,11.069314718055994,12.1,3.164,3.0,2.6,1.5,3.4,12.7,14.545749106146532,2.0,3.1647999999999996,1.8998645412210244,0.8500000000000001
6.700222726147333,6.254133848700603,8.0,3.860660981611815,2.032,3.2,3.1,2.6369921236881444,3.1493147180559946,2.628,1.692,3.7,2.6,1.5,3.4,1.5448,1.564,2.0,2.1344,1.6931325494920921,0.491160913749559
9.8,9.928327210339702,8.0,5.571330692197578,10.0,3.2,3.1,3.6627985304815285,11.069314718055994,12.1,1.5,3.0,2.6,1.5,3.4,12.7,14.3,2.0,2.0,1.5831776616671935,0.8500000000000001
9.8,8.298342365923057,8.0,4.919331946556716,8.4,3.2,3.1,3.2716021678215337,11.069314718055994,12.1,1.692,3.0,2.6,1.5,3.4,10.459999999999999,14.3,2.0,2.1344,1.6931325494920921,0.7740060437105258
9.8,8.811638253604633,8.0,5.1246535103944035,10.0,3.2,3.1,3.3947931808651117,11.069314718055994,12.1,1.692,3.0,2.6,1.5,3.4,12.7,14.3,2.0,2.1344,1.6931325494920921,0.8296009347393372
9.8,9.840998154024978,8.0,5.5363990330423505,10.0,3.2,3.1,3.6418395569659947,11.069314718055994,12.1,11.420000000000002,3.0,2.6,1.5,3.4,12.7,14.3,2.0,8.943999999999999,2.106749496641797,0.8500000000000001
8.121101883034093,6.94901984538231,8.0,4.3795336301453816,2.4304,3.2,3.1,2.947764762891754,4.145314718055995,4.2216000000000005,1.6280000000000001,3.0,2.6,1.5,3.4,2.10256,2.3608000000000002,2.0,2.0896,1.6663553233343869,0.6279912733304334
10.4,8.898342365923057,8.0,4.919331946556716,8.4,3.2,3.1,3.2716021678215337,11.069314718055994,12.1,1.564,3.7,2.6,1.5,3.4,10.459999999999999,14.3,2.0,2.0448,1.6318334746401733,0.7739925057667232
10.4,10.323425615087091,8.0,5.489369956875632,10.0,3.2,3.1,3.6136221476209016,11.069314718055994,12.1,3.356,3.7,2.6,1.5,3.4,12.7,14.3,2.0,3.2992,1.9120784645382176,0.8500000000000001
9.8,8.921121800249262,8.0,5.168447281266311,10.0,3.2,3.1,3.421069232059823,11.069314718055994,12.1,1.564,3.0,2.6,1.5,3.4,12.7,14.3,2.0,2.0448,1.6318334746401733,0.8414564204018129
8.89694498852509,7.55982475334584,8.0,4.623908001529937,3.46096,3.2,3.1,3.0943579408030013,6.721714718055995,8.34384,1.692,3.0,2.6,1.5,3.4,3.545344,4.42192,2.0,2.1344,1.6931325494920921,0.6940639835980531
9.8,8.475420816960213,8.0,4.990164818104489,10.0,3.2,3.1,3.314100996070451,11.069314718055994,12.1,2.204,3.0,2.6,1.5,3.4,12.7,14.3,2.0,2.4928,1.8077939228953843,0.793221878202572
10.4,8.898342365923057,8.0,4.919331946556716,8.4,3.2,3.1,3.2716021678215337,11.069314718055994,12.1,1.884,3.7,2.6,1.5,3.4,10.459999999999999,14.3,2.0,2.2688,1.7495329850015804,0.7740263442841766
5.3155593237379515,3.3465735902799727,8.0,2.8,2.0,3.2,3.1,2.0831776616671935,3.0693147180559945,2.5,2.524,3.0,2.6,1.5,3.4,1.5,1.5,2.0,2.7168,1.8468446109475396,0.43803266254475715
6.145704981699376,5.752032546602084,8.0,3.658091888229678,2.01152,3.2,3.1,2.5164878111845006,3.0981147180559945,2.54608,1.948,3.7,2.6,1.5,3.4,1.516128,1.52304,2.0,2.3136,1.7636669492803463,0.4536154414692286
7.702433100943627,6.91136816197492,8.0,4.124281130352827,2.12,3.2,3.1,2.794728358873981,3.3693147180559944,2.98,1.564,3.7,2.6,1.5,3.4,1.668,1.74,2.0,2.0448,1.6318334746401733,0.5590189078763914
8.43643881298061,7.147274757571839,8.0,4.458859921771447,2.64,3.2,3.1,2.9953459418172415,4.669314718055994,5.0600000000000005,1.564,3.0,2.6,1.5,3.4,2.396,2.7800000000000002,2.0,2.0448,1.6318334746401733,0.6493422112955622
9.6,8.063355550325255,8.0,4.825334220610071,6.0,3.2,3.1,3.215205332078061,11.069314718055994,12.1,2.204,3.0,2.6,1.5,3.4,7.1,9.501614528158319,2.0,2.4928,1.8077939228953843,0.7486470491011536
6.136427999417829,5.654133848700603,8.0,3.860660981611815,2.032,3.2,3.1,2.6369921236881444,3.1493147180559946,2.628,1.82,3.0,2.6,1.5,3.4,1.5448,1.564,2.0,2.224,1.7335092178866376,0.4936123124605822
10.4,9.356472732385116,8.0,5.102587092984046,10.0,3.2,3.1,3.3815534557724276,11.069314718055994,12.1,1.692,3.7,2.6,1.5,3.4,12.7,14.3,2.0,2.1344,1.6931325494920921,0.823625461992628
8.004956275158495,6.8707667946409146,8.0,4.348219818007073,2.368,3.2,3.1,2.9289840307138193,3.9893147180559945,3.9719999999999995,1.948,3.0,2.6,1.5,3.4,2.0152,2.236,2.0,2.3136,1.7636669492803463,0.6201272477971898
9.8,8.457562413594914,8.0,4.983021329173501,10.0,3.2,3.1,3.3098149792627796,11.069314718055994,12.1,1.692,3.0,2.0,1.5,3.4,12.7,14.789787905423163,2.0,2.1344,1.6931325494920921,0.7912497137624823
6.540693816084609,6.0889720570253,8.0,4.035173454021153,2.0768,3.2,3.1,2.741353293686072,3.2613147180559947,2.8072,1.5,3.0,2.6,1.5,3.4,1.60752,1.6536,2.0,2.0,1.5831776616671935,0.5345261437973954
5.688699091338649,3.946573590279973,8.0,2.8,2.0,3.2,3.1,2.0831776616671935,3.0693147180559945,2.5,2.268,3.7,2.6,1.5,3.4,1.5,1.5,2.0,2.5376,1.816686879553831,0.4226723343093877
10.4,8.724601328119258,8.0,4.849833453981651,6.52128,3.2,3.1,3.229904318748622,11.069314718055994,12.1,3.356,3.7,2.6,1.5,3.4,7.829791999999999,10.54256,2.0,3.2992,1.9120784645382176,0.7554404515455242
9.695696386419641,7.934577436727811,8.0,4.773820625134859,5.09168,3.2,3.1,3.1842985848146745,10.798514718055992,12.1,1.6280000000000001,3.0,2.6,1.5,3.4,5.828352,7.89672594171392,2.0,2.0896,1.6663553233343869,0.7346044428304965
9.616010640908927,7.8850352195478886,8.0,4.754002660227232,4.8,3.2,3.1,3.172408452691493,10.069314718055994,12.1,1.5,3.0,2.6,1.5,3.4,5.42,7.1000000000000005,2.0,2.0,1.5831776616671935,0.7292090538115419
9.16875215363852,7.605270175989425,8.0,4.642088073395303,3.6,3.2,3.1,3.105264842237462,7.0693147180559945,8.899999999999999,1.564,3.0,2.6,1.5,3.4,3.7399999999999998,4.7,2.0,2.0448,1.6318334746401733,0.6989259270692749
8.005360676352293,7.003517006096704,8.0,4.401340169088074,2.48,3.2,3.1,2.960844081463209,4.269314718055995,4.42,1.5,3.0,2.6,1.5,3.4,2.1719999999999997,2.46,2.0,2.0,1.5831776616671935,0.6336962957946866
7.111102366666305,6.545822105912885,8.0,3.9777755916665765,2.0576,3.2,3.1,2.7069973054190926,3.2133147180559947,2.7304,1.5,3.7,2.0,1.5,3.4,1.58064,2.056373169619919,2.0,2.0,1.5831776616671935,0.5189808894096977
9.8,8.578567921651885,8.0,5.031424314025897,10.0,3.2,3.1,3.3388563011964525,11.069314718055994,12.1,1.756,3.0,2.0,1.5,3.4,12.7,14.7679357504506,2.0,2.1792,1.7150111363073666,0.8043595455578882
8.374166725476245,7.106961797811372,8.0,4.442730540606,2.5904,3.2,3.1,2.9856708314747293,4.5453147180559945,4.861599999999999,1.692,3.0,2.6,1.5,3.4,2.3265599999999997,2.6808,2.0,2.1344,1.6931325494920921,0.6451258720374541
8.704945761781682,7.536036989933436,8.0,4.374338532864729,2.41936,3.2,3.1,2.944648877584025,4.1177147180559945,4.17744,1.82,3.7,2.6,1.5,3.4,2.087104,2.33872,2.0,2.224,1.7335092178866376,0.6268973692873013
10.4,8.62446449409315,8.0,4.809777151045097,5.70064,3.2,3.1,3.205871478582356,11.069314718055994,12.1,1.6280000000000001,3.7,2.6,1.5,3.4,6.680896,8.90128,2.0,2.0896,1.6663553233343869,0.7443380583738322
7.215713581482002,3.3465735902799727,8.0,2.8,2.0,3.2,3.1,2.0831776616671935,3.0693147180559945,2.5,12.636000000000001,3.0,2.6,1.5,3.4,1.5,1.5,2.0,9.795199999999998,2.120458079404578,0.5666889404128439
10.4,9.559301941829704,8.0,5.183719443678489,10.0,3.2,3.1,3.430232466039129,11.069314718055994,12.1,2.14,3.7,2.6,1.5,3.4,12.7,14.632173535787498,2.0,2.448,1.7981887979745599,0.8456087314804217
6.352287563459248,5.68994867677023,8.0,3.875055681536833,2.0344,3.2,3.1,2.645587682424855,3.1553147180559944,2.6376,2.524,3.0,2.6,1.5,3.4,1.54816,1.5688,2.0,2.7168,1.8468446109475396,0.5082278037758866
9.8,9.729419235582158,8.0,5.49176740851919,10.0,3.2,3.1,3.6150606165397177,11.069314718055994,12.1,1.5,3.0,2.6,1.5,3.4,12.7,14.3,2.0,2.0,1.5831776616671935,0.8500000000000001
7.651109465306769,6.6572764161620395,8.0,4.262777366326692,2.24,3.2,3.1,2.8777463398788896,3.6693147180559946,3.46,1.5,3.0,2.6,1.5,3.4,1.8359999999999999,1.98,2.0,2.0,1.5831776616671935,0.5961688700468125
8.49086056220051,7.180152717939547,8.0,4.472014287128805,2.68352,3.2,3.1,3.003236652305491,4.778114718055995,5.2340800000000005,1.692,3.0,2.6,1.5,3.4,2.456928,2.8670400000000003,2.0,2.1344,1.6931325494920921,0.6530270172323263
9.290148138300367,7.771657940702473,8.0,4.468615574233876,2.672,3.2,3.1,3.0011979057685934,4.749314718055994,5.188000000000001,14.3,3.7,2.6,1.5,3.4,2.4408,2.8440000000000003,2.0,13.2,2.168201340451332,0.6665204468640874
10.4,8.768202843712796,8.0,4.867274651244057,6.93328,3.2,3.1,3.240368682491071,11.069314718055994,12.1,8.924,3.7,2.6,1.5,3.4,8.406592,11.36656,2.0,7.1968,2.07248215493588,0.7608963171718279
5.354121005192253,5.227173648126754,8.0,3.6885302512980633,2.01344,3.2,3.1,2.5345216755504207,3.1029147180559944,2.55376,1.5,3.0,2.6,1.5,3.4,1.518816,1.52688,2.0,2.0,1.5831776616671935,0.4406436097265588
8.675392574513449,7.512422845513427,8.0,4.364889186175524,2.4,3.2,3.1,2.938981482923223,4.0693147180559945,4.1,2.14,3.7,2.6,1.5,3.4,2.06,2.3,2.0,2.448,1.7981887979745599,0.6248963722326815
6.662113794679227,6.022502657018006,8.0,4.008526566736476,2.0672,3.2,3.1,2.7254006376843214,3.2373147180559947,2.7688,1.692,3.0,2.6,1.5,3.4,1.59408,1.6344,2.0,2.1344,1.6931325494920921,0.5292056215147394
8.40130756630673,7.339932065582513,8.0,4.295859927556567,2.2832,3.2,3.1,2.897583695739803,3.7773147180559947,3.6327999999999996,2.012,3.7,2.6,1.5,3.4,1.89648,2.0664,2.0,2.3584,1.7763102111592854,0.6063385331353516
9.613210299996823,8.104050890670935,8.0,4.6015958719689,3.3067200000000003,3.2,3.1,3.080972213761024,6.3361147180559945,7.7268799999999995,2.396,3.7,2.6,1.5,3.4,3.329408,4.113440000000001,2.0,2.6272,1.8327106466687737,0.6883944473956182
6.00868760521348,5.86089428852452,8.0,3.7021719013033696,2.0144,3.2,3.1,2.542614629245885,3.1053147180559946,2.5576,1.5,3.7,2.6,1.5,3.4,1.52016,1.5288,2.0,2.0,1.5831776616671935,0.4443382232696627
7.532077567337277,6.80012872265441,8.0,4.079718986907041,2.096,3.2,3.1,2.7680308934370585,3.3093147180559948,2.884,1.6280000000000001,3.7,2.6,1.5,3.4,1.6344,1.692,2.0,2.0896,1.6663553233343869,0.5474844186217948
6.220362351305426,5.764714543755712,8.0,3.905090587826357,2.04,3.2,3.1,2.663531490501371,3.1693147180559946,2.66,1.5,3.0,2.6,1.5,3.4,1.556,1.58,2.0,2.0,1.5831776616671935,0.49929536753630493
7.334956175216377,6.454876640822405,8.0,4.181750955863044,2.16,3.2,3.1,2.8291703937973773,3.4693147180559945,3.14,1.6280000000000001,3.0,2.6,1.5,3.4,1.724,1.82,2.0,2.0896,1.6663553233343869,0.5747626576969422
9.638990369069646,7.899119070908515,8.0,4.759636518178141,4.88,3.2,3.1,3.175788577018044,10.269314718055993,12.1,1.6280000000000001,3.0,2.6,1.5,3.4,5.532,7.260000000000001,2.0,2.0896,1.6663553233343869,0.7307649729057573
3.233407575382444,3.3465735902799727,8.0,2.8,2.0,3.2,3.1,2.0831776616671935,3.0693147180559945,2.5,1.564,3.0,2.6,1.5,3.4,1.5,1.5,2.0,2.0448,1.6318334746401733,0.2970536379165196
9.8,9.250760987296157,8.0,5.300303650719956,10.0,3.2,3.1,3.500182636951078,11.069314718055994,12.1,2.8440000000000003,3.0,2.6,1.5,3.4,12.7,14.3,2.0,2.9408,1.876259305911498,0.8500000000000001
9.8,8.76612869663486,8.0,5.106449516936853,10.0,3.2,3.1,3.3838708871923666,11.069314718055994,12.1,3.9960000000000004,3.0,2.6,1.5,3.4,12.7,14.3,2.0,3.7472,1.9456286480045168,0.8247669155746544
9.8,8.243577316238627,8.0,4.897425347928305,7.736,3.2,3.1,3.2584585558972705,11.069314718055994,12.1,2.332,3.0,2.6,1.5,3.4,9.530399999999998,12.972000000000001,2.0,2.5824,1.8249660241322652,0.7681508168722047
5.545460506179461,3.946573590279973,8.0,2.8,2.0,3.2,3.1,2.0831776616671935,3.0693147180559945,2.5,2.14,3.7,2.6,1.5,3.4,1.5,1.5,2.0,2.448,1.7981887979745599,0.4129738884392343
9.378532854743279,7.736429235382207,8.0,4.694556311312434,4.08,3.2,3.1,3.13674301649173,8.269314718055993,10.82,1.564,3.0,2.6,1.5,3.4,4.412,5.66,2.0,2.0448,1.6318334746401733,0.7131298287065762
5.86512349198757,5.422093543229296,8.0,3.767256381390296,2.02,3.2,3.1,2.581302450375031,3.1193147180559944,2.58,1.948,3.0,2.6,1.5,3.4,1.528,1.54,2.0,2.3136,1.7636669492803463,0.47524273643665843
5.648354408437136,4.69861228866811,8.0,3.215888308335967,2.00112,3.2,3.1,2.2636669492803465,3.0721147180559947,2.50448,2.14,3.7,2.6,1.5,3.4,1.501568,1.50224,2.0,2.448,1.7981887979745599,0.4199406630712644
9.8,8.942251407205518,8.0,5.176899183586131,10.0,3.2,3.1,3.4261403377293242,11.069314718055994,12.1,2.076,3.0,2.6,1.5,3.4,12.7,14.3,2.0,2.4032,1.7877474327358045,0.8437603365088793
9.8,8.501066586991014,8.0,5.0004233015464035,10.0,3.2,3.1,3.3202559808778433,11.069314718055994,12.1,2.46,3.0,2.6,1.5,3.4,12.7,14.3,2.0,2.6719999999999997,1.839985601286746,0.796015642425963
9.8,8.632020469613181,8.0,5.052805622640986,10.0,3.2,3.1,3.3516849127071633,11.069314718055994,12.1,2.012,3.0,2.6,1.5,3.4,12.7,14.3,2.0,2.3584,1.7763102111592854,0.8101626388969705
8.93823329917571,7.461462465320916,8.0,4.584558324793927,3.2,3.2,3.1,3.07075099167702,6.0693147180559945,7.3,1.5,3.0,2.6,1.5,3.4,3.1799999999999997,3.9000000000000004,2.0,2.0,1.5831776616671935,0.6833178796316887
10.4,9.814612098406192,8.0,5.2858440393672765,10.0,3.2,3.1,3.491506903617486,11.069314718055994,12.1,1.5,3.7,2.6,1.5,3.4,12.7,14.3,2.0,2.0,1.5831776616671935,0.8500000000000001
9.8,9.514034041215066,8.0,5.405613176931866,10.0,3.2,3.1,3.5633681698916155,11.069314718055994,12.1,1.5,3.0,2.6,1.5,3.4,12.7,14.3,2.0,2.0,1.5831776616671935,0.8500000000000001
9.8,9.925519925408434,8.0,5.570207777144387,10.0,3.2,3.1,3.6621247820980236,11.069314718055994,12.1,4.764,3.0,2.6,1.5,3.4,12.7,14.3,2.0,4.2848,1.9764350296262547,0.8500000000000001
5.694027560364466,5.437598661600576,8.0,3.7735068900911166,2.02064,3.2,3.1,2.585023678784138,3.1209147180559946,2.58256,1.5,3.0,2.6,1.5,3.4,1.528896,1.54128,2.0,2.0,1.5831776616671935,0.46365811606634405
6.813962317171766,6.350629105272363,8.0,3.8994336450586404,2.03888,3.2,3.1,2.6601509852653673,3.1665147180559945,2.65552,1.564,3.7,2.6,1.5,3.4,1.554432,1.57776,2.0,2.0448,1.6318334746401733,0.49886203189183836
8.630237502544936,7.492028501319965,8.0,4.35672811924425,2.384,3.2,3.1,2.9340868403167915,4.0293147180559945,4.036,1.6280000000000001,3.7,2.6,1.5,3.4,2.0376,2.268,2.0,2.0896,1.6663553233343869,0.6218389975681468
9.43750722769434,7.773477727768571,8.0,4.709376806923585,4.24,3.2,3.1,3.145634654664457,8.669314718055993,11.459999999999999,1.5,3.0,2.6,1.5,3.4,4.636,5.9799999999999995,2.0,2.0,1.5831776616671935,0.717122885208471
5.616547699572532,5.345673941114572,8.0,3.736426245424844,2.01712,3.2,3.1,2.562961745867497,3.1121147180559947,2.56848,1.6280000000000001,3.0,2.6,1.5,3.4,1.523968,1.53424,2.0,2.0896,1.6663553233343869,0.4584120838252235
9.8,8.756472732385117,8.0,5.102587092984046,10.0,3.2,3.1,3.3815534557724276,11.069314718055994,12.1,1.884,3.0,2.6,1.5,3.4,12.7,14.3,2.0,2.2688,1.7495329850015804,0.8236335850837169
4.4064772304171855,4.647918433002165,8.0,3.4516193076042967,2.004,3.2,3.1,2.3955004239205193,3.0793147180559943,2.516,1.5,3.0,2.6,1.5,3.4,1.5056,1.508,2.0,2.0,1.5831776616671935,0.3764802291428303
9.8,8.431265606737966,8.0,4.972502410066098,10.0,3.2,3.1,3.303503745617112,11.069314718055994,12.1,1.5,3.0,2.6,1.5,3.4,12.7,14.3,2.0,2.0,1.5831776616671935,0.7883860693929017
6.136427999417829,5.712475008740702,8.0,3.884106999854457,2.036,3.2,3.1,2.650994002097768,3.1593147180559944,2.644,1.5,3.0,2.6,1.5,3.4,1.5504,1.572,2.0,2.0,1.5831776616671935,0.4936123124605822
6.773284880867892,6.109300059845864,8.0,4.043321220216973,2.08,3.2,3.1,2.7462320143630077,3.2693147180559947,2.82,1.5,3.0,2.6,1.5,3.4,1.612,1.6600000000000001,2.0,2.0,1.5831776616671935,0.5367328304754302
9.34685113607245,7.716821955245879,8.0,4.686712784018113,4.0,3.2,3.1,3.132037269259011,8.069314718055994,10.5,1.5,3.0,2.6,1.5,3.4,4.3,5.5,2.0,2.0,1.5831776616671935,0.7109847123382389
9.493763600798443,7.807969402264791,8.0,4.723174428905778,4.4,3.2,3.1,3.15391265654355,9.069314718055994,12.1,1.756,3.0,2.6,1.5,3.4,4.859999999999999,6.300000000000001,2.0,2.1792,1.7150111363073666,0.7209319104707279
8.426795300930008,7.141873373553065,8.0,4.456698825232502,2.63312,3.2,3.1,2.994049609652736,4.652114718055994,5.03248,1.5,3.0,2.6,1.5,3.4,2.386368,2.76624,2.0,2.0,1.5831776616671935,0.6486892651671361
9.8,9.251571504866307,8.0,5.300627858953413,10.0,3.2,3.1,3.5003771611679135,11.069314718055994,12.1,3.548,3.0,2.6,1.5,3.4,12.7,14.3,2.0,3.4336,1.9231632629539392,0.8500000000000001
6.932077567337276,6.208366141256163,8.0,4.083019391834319,2.0976,3.2,3.1,2.770007873901479,3.3133147180559943,2.8904,1.5,3.0,2.6,1.5,3.4,1.63664,1.6952,2.0,2.0,1.5831776616671935,0.5474844186217948
10.4,10.790412751688661,8.0,5.676164987039198,10.0,3.2,3.1,3.7256990604052787,11.069314718055994,12.1,2.652,3.7,2.6,1.5,3.4,12.7,14.3,2.0,2.8064,1.8594878728264788,0.8500000000000001
9.8,9.94623672547527,8.0,5.57849450500518,10.0,3.2,3.1,3.667096814114065,11.069314718055994,12.1,1.5,3.0,2.6,1.5,3.4,12.7,14.3,2.0,2.0,1.5831776616671935,0.8500000000000001
9.8,11.244829672660915,8.0,6.097931855271264,10.0,3.2,3.1,3.9787591214386193,11.069314718055994,12.1,14.3,3.0,2.6,1.5,3.4,12.7,14.3,2.0,13.2,2.204315629576053,0.8500000000000001
9.8,9.282051834788254,8.0,5.312820034862693,10.0,3.2,3.1,3.5076924403491807,11.069314718055994,12.1,2.8440000000000003,3.0,2.6,1.5,3.4,12.7,14.3,2.0,2.9408,1.876259305911498,0.8500000000000001
6.968341613899896,6.4568664027546845,8.0,3.942085403474974,2.04816,3.2,3.1,2.685647936661124,3.1897147180559946,2.69264,1.5,3.7,2.6,1.5,3.4,1.567424,1.59632,2.0,2.0,1.5831776616671935,0.5093147967744722
7.327003823452176,6.454876640822405,8.0,4.181750955863044,2.16,3.2,3.1,2.8291703937973773,3.4693147180559945,3.14,1.5,3.0,2.6,1.5,3.4,1.724,1.82,2.0,2.0,1.5831776616671935,0.5742242172129077
8.875258518455482,7.64718922248648,8.0,4.418814629613871,2.52384,3.2,3.1,2.9713254133967553,4.378914718055994,4.5953599999999994,1.5,3.7,2.6,1.5,3.4,2.233376,2.54768,2.0,2.0,1.5831776616671935,0.63842896218709
8.381263606824753,7.2383938883906,8.0,4.4953159017061886,2.768,3.2,3.1,3.017214533213744,4.9893147180559945,5.572,1.5,3.0,2.6,1.5,3.4,2.5751999999999997,3.036,2.0,2.0,1.5831776616671935,0.6591480567120926
7.681121867666986,6.800950979937583,8.0,4.3202804669167465,2.32,3.2,3.1,2.9122282351850197,3.8693147180559944,3.7800000000000002,1.5,3.0,2.6,1.5,3.4,1.948,2.14,2.0,2.0,1.5831776616671935,0.6117426264566189
6.554239500101361,5.952680924027286,8.0,3.980526666680273,2.0584,3.2,3.1,2.7086434217665483,3.2153147180559944,2.7336,1.692,3.0,2.6,1.5,3.4,1.58176,1.6168,2.0,2.1344,1.6931325494920921,0.5219016328193631
5.936387196030521,5.511940260423138,8.0,3.803455967362985,2.024,3.2,3.1,2.602865662501553,3.1293147180559946,2.596,1.82,3.0,2.6,1.5,3.4,1.5336,1.548,2.0,2.224,1.7335092178866376,0.48006788306456655
9.8,8.037015846853473,8.0,4.814797906504948,5.79472,3.2,3.1,3.2088838032448335,11.069314718055994,12.1,2.268,3.0,2.6,1.5,3.4,6.812607999999999,9.08944,2.0,2.5376,1.816686879553831,0.7458112867143349
7.206475603542184,6.373793263414658,8.0,4.1492824257146745,2.136,3.2,3.1,2.809710383219518,3.4093147180559944,3.044,1.6280000000000001,3.0,2.6,1.5,3.4,1.6904,1.772,2.0,2.0896,1.6663553233343869,0.5660634523231687
9.43750722769434,7.773477727768571,8.0,4.709376806923585,4.24,3.2,3.1,3.145634654664457,8.669314718055993,11.459999999999999,1.5,3.0,2.6,1.5,3.4,4.636,5.9799999999999995,2.0,2.0,1.5831776616671935,0.717122885208471
9.8,8.37525697375425,8.0,4.95009850257789,9.46432,3.2,3.1,3.29006167370102,11.069314718055994,12.1,3.036,3.0,2.6,1.5,3.4,11.950047999999999,14.3,2.0,3.0751999999999997,1.8909715845625779,0.7824574920853358
9.8,9.103041322740086,8.0,5.241215529103535,10.0,3.2,3.1,3.4647299174576207,11.069314718055994,12.1,1.692,3.0,2.6,1.5,3.4,12.7,14.3,2.0,2.1344,1.6931325494920921,0.8500000000000001
1.8,3.3465735902799727,8.0,2.8,2.0,3.2,3.1,2.0831776616671935,3.0693147180559945,2.5,1.5,3.0,2.6,1.5,3.4,1.5,1.5,2.0,2.0,1.5831776616671935,0.2
8.613914537135123,7.258796555718782,8.0,4.5034786342837805,2.8,3.2,3.1,3.0221111733725077,5.0693147180559945,5.699999999999999,1.5,3.0,2.6,1.5,3.4,2.62,3.1,2.0,2.0,1.5831776616671935,0.6613587967851907
9.64001131524788,7.899202388041488,8.0,4.759669846882565,4.88048,3.2,3.1,3.175808573129957,10.270514718055994,12.1,1.884,3.0,2.6,1.5,3.4,5.532672,7.260960000000001,2.0,2.2688,1.7495329850015804,0.7308340994699087
6.508451912865391,6.068863527043117,8.0,4.027112978216348,2.07376,3.2,3.1,2.736527246490348,3.2537147180559947,2.79504,1.5,3.0,2.6,1.5,3.4,1.603264,1.64752,2.0,2.0,1.5831776616671935,0.5323430982669275
8.79239738394545,7.369127288263061,8.0,4.547618846035533,2.9976000000000003,3.2,3.1,3.0485905491831344,5.563314718055994,6.4904,1.692,3.0,2.6,1.5,3.4,2.8966399999999997,3.4952000000000005,2.0,2.1344,1.6931325494920921,0.6734435728713066
6.429517905093366,5.855213508687434,8.0,3.9414220529497754,2.048,3.2,3.1,2.685251242084984,3.1893147180559946,2.692,1.82,3.0,2.6,1.5,3.4,1.5672,1.596,2.0,2.224,1.7335092178866376,0.5134569414906967
5.115559323737951,3.3465735902799727,8.0,2.8,2.0,3.2,3.1,2.0831776616671935,3.0693147180559945,2.5,2.524,3.0,2.6,1.5,3.4,1.5,1.5,2.0,2.7168,1.8468446109475396,0.43803266254475715
7.525503988855451,6.80012872265441,8.0,4.079718986907041,2.096,3.2,3.1,2.7680308934370585,3.3093147180559948,2.884,1.564,3.7,2.6,1.5,3.4,1.6344,1.692,2.0,2.0448,1.6318334746401733,0.5470393325787546
6.187837546792523,5.744468863078343,8.0,3.896959386698131,2.0384,3.2,3.1,2.658672527138802,3.1653147180559946,2.6536,1.5,3.0,2.6,1.5,3.4,1.55376,1.5768,2.0,2.0,1.5831776616671935,0.4970931672307438
6.918875947628166,6.20012872265441,8.0,4.079718986907041,2.096,3.2,3.1,2.7680308934370585,3.3093147180559948,2.884,1.5,3.0,2.6,1.5,3.4,1.6344,1.692,2.0,2.0,1.5831776616671935,0.5465905589539903
6.384079826378859,5.858513850703111,8.0,3.942746561101874,2.04832,3.2,3.1,2.6860433241687467,3.1901147180559946,2.69328,1.564,3.0,2.6,1.5,3.4,1.567648,1.59664,2.0,2.0448,1.6318334746401733,0.5103804049110686
5.492096413473008,5.312486406642135,8.0,3.7230241033682523,2.016,3.2,3.1,2.5549967375941125,3.1093147180559946,2.564,1.5,3.0,2.6,1.5,3.4,1.5224,1.532,2.0,2.0,1.5831776616671935,0.4499856946622349
6.3788680815619045,5.863423873793598,8.0,3.944717020390476,2.0488,3.2,3.1,2.6872217297104637,3.1913147180559944,2.6952,1.5,3.0,2.6,1.5,3.4,1.56832,1.5976,2.0,2.0,1.5831776616671935,0.510027526355754
7.787944226631729,6.742745804015377,8.0,4.296986056657932,2.2848,3.2,3.1,2.8982589929636906,3.7813147180559943,3.6391999999999998,1.5,3.0,2.6,1.5,3.4,1.89872,2.0696,2.0,2.0,1.5831776616671935,0.6054337236781899
7.931477305678894,6.454876640822405,8.0,4.181750955863044,2.16,3.2,3.1,2.8291703937973773,3.4693147180559945,3.14,14.3,3.0,2.6,1.5,3.4,1.724,1.82,2.0,12.1248,2.151521475474533,0.6151521092386751
6.139960013985122,5.668769039850659,8.0,3.8665437586530738,2.03296,3.2,3.1,2.640504569564158,3.1517147180559943,2.63184,1.756,3.0,2.6,1.5,3.4,1.546144,1.56592,2.0,2.1792,1.7150111363073666,0.49385145928024266
5.786885297366669,5.402010522366629,8.0,3.7591581091193484,2.0192,3.2,3.1,2.576482525367991,3.1173147180559946,2.5768,1.82,3.0,2.6,1.5,3.4,1.52688,1.5384,2.0,2.224,1.7335092178866376,0.46994535867586823
7.97352490823871,6.858675636092665,8.0,4.343381227059678,2.3592,3.2,3.1,2.9260821526622394,3.9673147180559947,3.9368,1.5,3.0,2.6,1.5,3.4,2.00288,2.2184,2.0,2.0,1.5831776616671935,0.6179990823286627
9.301361527353126,7.687969776312874,8.0,4.675170962090752,3.8878399999999997,3.2,3.1,3.12511274631509,7.788914718055994,10.051359999999999,1.6280000000000001,3.0,2.6,1.5,3.4,4.142976,5.2756799999999995,2.0,2.0896,1.6663553233343869,0.707904686747868
9.212847088586022,7.633076718397698,8.0,4.653211772146506,3.6915199999999997,3.2,3.1,3.1119384124154474,7.298114718055994,9.266079999999999,1.5,3.0,2.6,1.5,3.4,3.8681279999999996,4.883039999999999,2.0,2.0,1.5831776616671935,0.7019115216230118
9.8,8.589885858036421,8.0,5.035951552471463,10.0,3.2,3.1,3.341572605928741,11.069314718055994,12.1,1.82,3.0,2.6,1.5,3.4,12.7,14.3,2.0,2.224,1.7335092178866376,0.8055891046208747
9.8,8.224386286176845,8.0,4.889748717621325,7.52,3.2,3.1,3.2538527086824427,11.069314718055994,12.1,1.5,3.0,2.6,1.5,3.4,9.227999999999998,12.540000000000001,2.0,2.0,1.5831776616671935,0.7659736110224422
10.003362642802436,8.350832899671381,8.0,4.700318213860998,4.1408000000000005,3.2,3.1,3.1401998959211315,8.421314718055994,11.0632,1.948,3.7,2.6,1.5,3.4,4.49712,5.7816,2.0,2.3136,1.7636669492803463,0.7148110122730815
7.652490690878174,3.3465735902799727,8.0,2.8,2.0,3.2,3.1,2.0831776616671935,3.0693147180559945,2.5,14.3,3.0,2.6,1.5,3.4,1.5,1.5,2.0,12.4832,2.155659816603073,0.582720723861543
5.723168280126019,4.629048269010741,8.0,3.4437751649736406,2.00384,3.2,3.1,2.390971584562578,3.0789147180559944,2.51536,2.524,3.0,2.6,1.5,3.4,1.505376,1.50768,2.0,2.7168,1.8468446109475396,0.45208951896686583
8.46391943439658,7.140988529433879,8.0,4.456344798082278,2.632,3.2,3.1,2.993837247064131,4.649314718055995,5.028,3.9960000000000004,3.0,2.6,1.5,3.4,2.3848,2.7640000000000002,2.0,3.7472,1.9456286480045168,0.6512028783706018
9.8,9.41734331913583,8.0,5.366936794323132,10.0,3.2,3.1,3.5401623965925992,11.069314718055994,12.1,14.3,3.0,2.6,1.5,3.4,12.7,14.3,2.0,13.2,2.3589282581099886,0.8500000000000001
7.533630301529776,6.454876640822405,8.0,4.181750955863044,2.16,3.2,3.1,2.8291703937973773,3.4693147180559945,3.14,5.276,3.0,2.6,1.5,3.4,1.724,1.82,2.0,4.6432,1.9933048637007973,0.5882145516660786
9.8,9.826496990702454,8.0,5.530598560987279,10.0,3.2,3.1,3.638359277768589,11.069314718055994,12.1,1.948,3.0,2.6,1.5,3.4,12.7,14.3,2.0,2.3136,1.7636669492803463,0.8500000000000001
9.249667484687574,7.652916176717702,8.0,4.661148291347887,3.76,3.2,3.1,3.1166998824122487,7.469314718055995,9.54,2.396,3.0,2.6,1.5,3.4,3.964,5.0200000000000005,2.0,2.6272,1.8327106466687737,0.7044045692757213
9.8,8.60929062482245,8.0,5.043713565419272,10.0,3.2,3.1,3.346229749957388,11.069314718055994,12.1,5.468,3.0,2.6,1.5,3.4,12.7,14.3,2.0,4.7776,1.9990659700031606,0.8078973448152589
8.947458664843925,7.467227554701957,8.0,4.586864666210981,3.21392,3.2,3.1,3.0721346131284695,6.104114718055995,7.35568,1.5,3.0,2.6,1.5,3.4,3.199488,3.92784,2.0,2.0,1.5831776616671935,0.683942513765474
6.98407982637886,6.010140782802518,8.0,3.7624368710744838,2.01952,3.2,3.1,2.5784337878726045,3.1181147180559945,2.57808,3.868,3.7,2.6,1.5,3.4,1.527328,1.53904,2.0,3.6575999999999995,1.9396273975355576,0.5103804049110686
7.745039740124722,6.623540292292878,8.0,4.249273616020492,2.22432,3.2,3.1,2.8696496701502907,3.6301147180559945,3.39728,5.148,3.0,2.6,1.5,3.4,1.814048,1.94864,2.0,4.553599999999999,1.9893044932686863,0.6025287324042781
9.8,8.499397192097756,8.0,4.9997555324413865,10.0,3.2,3.1,3.319855326103461,11.069314718055994,12.1,1.5,3.0,2.6,1.5,3.4,12.7,14.3,2.0,2.0,1.5831776616671935,0.795767123369542
9.8,8.872125724345999,8.0,5.14884870277058,10.0,3.2,3.1,3.4093101738430396,11.069314718055994,12.1,2.8440000000000003,3.0,2.6,1.5,3.4,12.7,14.3,2.0,2.9408,1.876259305911498,0.8361916344537936
9.303391126750396,7.689661682165478,8.0,4.675847781687599,3.89424,3.2,3.1,3.125518803719715,7.804914718055994,10.07696,1.5,3.0,2.6,1.5,3.4,4.151935999999999,5.28848,2.0,2.0,1.5831776616671935,0.7080421075403915
9.246626757044918,7.654187056123774,8.0,4.661656689261229,3.76448,3.2,3.1,3.117004893469706,7.4805147180559945,9.55792,1.5,3.0,2.6,1.5,3.4,3.970272,5.02896,2.0,2.0,1.5831776616671935,0.7041986866749164
8.14891544361786,7.176134428016269,8.0,4.230297092780947,2.204,3.2,3.1,2.8582722627239048,3.5793147180559943,3.316,2.076,3.7,2.6,1.5,3.4,1.7856,1.908,2.0,2.4032,1.7877474327358045,0.589249483161626
9.8,8.707060593955813,8.0,5.082822029869681,10.0,3.2,3.1,3.369694542549395,11.069314718055994,12.1,1.564,3.0,2.6,1.5,3.4,12.7,14.3,2.0,2.0448,1.6318334746401733,0.8182672893012444
8.969551274671904,7.605270175989425,8.0,4.642088073395303,3.6,3.2,3.1,3.105264842237462,7.0693147180559945,8.899999999999999,1.692,3.0,2.6,1.5,3.4,3.7399999999999998,4.7,2.0,2.1344,1.6931325494920921,0.6989800342225767
9.8,8.071291595032132,8.0,4.828508764462078,6.064,3.2,3.1,3.217109982807712,11.069314718055994,12.1,1.6280000000000001,3.0,2.6,1.5,3.4,7.1895999999999995,9.628,2.0,2.0896,1.6663553233343869,0.7494091107984184
8.812366825203382,7.382807274957358,8.0,4.553091706300846,3.02528,3.2,3.1,3.051873745989766,5.632514718055995,6.60112,1.5,3.0,2.6,1.5,3.4,2.935392,3.5505600000000004,2.0,2.0,1.5831776616671935,0.674795670456479
9.8,8.52466661934271,8.0,5.00986346816267,10.0,3.2,3.1,3.32591998864225,11.069314718055994,12.1,2.076,3.0,2.6,1.5,3.4,12.7,14.3,2.0,2.4032,1.7877474327358045,0.7985434268103084
9.8,8.636953282248864,8.0,5.054778772878337,10.0,3.2,3.1,3.3528687877397276,11.069314718055994,12.1,1.884,3.0,2.6,1.5,3.4,12.7,14.3,2.0,2.2688,1.7495329850015804,0.8106898848606976
9.8,8.334500952610988,8.0,4.933795730043848,8.879999999999999,3.2,3.1,3.280280228626637,11.069314718055994,12.1,1.5,3.0,2.6,1.5,3.4,11.132,14.3,2.0,2.0,1.5831776616671935,0.7779030102202089
9.8,9.169978238020583,8.0,5.267990420514649,10.0,3.2,3.1,3.48079477712494,11.069314718055994,12.1,1.948,3.0,2.6,1.5,3.4,12.7,14.3,2.0,2.3136,1.7636669492803463,0.8500000000000001
9.8,8.615996944944312,8.0,5.046396129234222,10.0,3.2,3.1,3.347839266786635,11.069314718055994,12.1,1.5,3.0,2.6,1.5,3.4,12.7,14.3,2.0,2.0,1.5831776616671935,0.808398951667602
7.9667285338058935,6.8544298005235875,8.0,4.3416821334514735,2.35616,3.2,3.1,2.925063152125661,3.9597147180559946,3.92464,1.5,3.0,2.6,1.5,3.4,1.998624,2.21232,2.0,2.0,1.5831776616671935,0.6175389111431074
7.870658941868178,6.794414939153906,8.0,4.317664735467044,2.31584,3.2,3.1,2.9106595853969375,3.8589147180559946,3.7633599999999996,1.5,3.0,2.6,1.5,3.4,1.942176,2.1316800000000002,2.0,2.0,1.5831776616671935,0.6110341991889912
9.8,8.639215113180708,8.0,5.055683516715393,10.0,3.2,3.1,3.3534116271633696,11.069314718055994,12.1,1.5,3.0,2.6,1.5,3.4,12.7,14.3,2.0,2.0,1.5831776616671935,0.8109142857770859
9.8,8.111007004141445,8.0,4.844395529325976,6.4,3.2,3.1,3.226641680993947,11.069314718055994,12.1,1.6280000000000001,3.0,2.6,1.5,3.4,7.66,10.3,2.0,2.0896,1.6663553233343869,0.7537101485324496
8.425241905125832,7.351093243301461,8.0,4.300326891576683,2.2896,3.2,3.1,2.900262378392351,3.7933147180559947,3.6584000000000003,2.204,3.7,2.6,1.5,3.4,1.90544,2.0792,2.0,2.4928,1.8077939228953843,0.6079590873262282
9.545664350482646,8.061462465320917,8.0,4.584558324793927,3.2,3.2,3.1,3.07075099167702,6.0693147180559945,7.3,2.396,3.7,2.6,1.5,3.4,3.1799999999999997,3.9000000000000004,2.0,2.6272,1.8327106466687737,0.6838210237305958
8.260217237037967,7.036233684677385,8.0,4.41443106163765,2.51248,3.2,3.1,2.9686960843225725,4.350514718055995,4.54992,1.6280000000000001,3.0,2.6,1.5,3.4,2.217472,2.52496,2.0,2.0896,1.6663553233343869,0.6374105420911123
3.233407575382444,3.3465735902799727,8.0,2.8,2.0,3.2,3.1,2.0831776616671935,3.0693147180559945,2.5,1.564,3.0,2.6,1.5,3.4,1.5,1.5,2.0,2.0448,1.6318334746401733,0.2970536379165196
9.8,8.154509662544417,8.0,4.861797198684417,6.8,3.2,3.1,3.23708231901066,11.069314718055994,12.1,2.268,3.0,2.6,1.5,3.4,8.219999999999999,11.100000000000001,2.0,2.5376,1.816686879553831,0.7585116295174743
6.3656882117991005,5.855213508687434,8.0,3.9414220529497754,2.048,3.2,3.1,2.685251242084984,3.1893147180559946,2.692,1.5,3.0,2.6,1.5,3.4,1.5672,1.596,2.0,2.0,1.5831776616671935,0.5091351393405641
9.8,9.305772210141392,8.0,5.322308217393223,10.0,3.2,3.1,3.513385330433934,11.069314718055994,12.1,2.076,3.0,2.6,1.5,3.4,12.7,14.3,2.0,2.4032,1.7877474327358045,0.8500000000000001
1.8,3.3465735902799727,8.0,2.8,2.0,3.2,3.1,2.0831776616671935,3.0693147180559945,2.5,1.5,3.0,2.6,1.5,3.4,1.5,1.5,2.0,2.0,1.5831776616671935,0.2
7.598803257896488,6.622827533797268,8.0,4.248988309267402,2.224,3.2,3.1,2.8694786081113444,3.6293147180559946,3.396,1.564,3.0,2.6,1.5,3.4,1.8136,1.948,2.0,2.0448,1.6318334746401733,0.5926273039200747
8.730142286526576,7.3314253819193,8.0,4.532535571631644,2.92512,3.2,3.1,3.039542091660632,5.382114718055995,6.20048,1.5,3.0,2.6,1.5,3.4,2.7951680000000003,3.3502400000000003,2.0,2.0,1.5831776616671935,0.6692283839835702
9.191693138916804,7.841300873323309,8.0,4.496478937174708,2.77248,3.2,3.1,3.0179122095975943,5.000514718055995,5.58992,1.948,3.7,2.6,1.5,3.4,2.5814719999999998,3.04496,2.0,2.3136,1.7636669492803463,0.6598542229474919
6.266797047025359,5.77453804244761,8.0,3.9090354888959125,2.0408,3.2,3.1,2.665889130187426,3.1713147180559944,2.6632,1.6280000000000001,3.0,2.6,1.5,3.4,1.55712,1.5816,2.0,2.0896,1.6663553233343869,0.5024393833923421
8.759745120791612,7.349924013000156,8.0,4.539936280197903,2.96,3.2,3.1,3.0439817631200374,5.469314718055995,6.34,1.5,3.0,2.6,1.5,3.4,2.844,3.42,2.0,2.0,1.5831776616671935,0.6712327425535987
9.8,8.038258031209246,8.0,4.81529480117048,5.8041599999999995,3.2,3.1,3.209181927490219,11.069314718055994,12.1,2.012,3.0,2.6,1.5,3.4,6.825824,9.10832,2.0,2.3584,1.7763102111592854,0.7459000565629663
7.927003823452177,7.054876640822405,8.0,4.181750955863044,2.16,3.2,3.1,2.8291703937973773,3.4693147180559945,3.14,1.5,3.7,2.6,1.5,3.4,1.724,1.82,2.0,2.0,1.5831776616671935,0.5742242172129077
8.213318301646243,7.003517006096704,8.0,4.401340169088074,2.48,3.2,3.1,2.960844081463209,4.269314718055995,4.42,1.884,3.0,2.6,1.5,3.4,2.1719999999999997,2.46,2.0,2.2688,1.7495329850015804,0.634235093340631
10.4,9.447631844145981,8.0,5.139051071012559,10.0,3.2,3.1,3.4034316425950353,11.069314718055994,12.1,5.0840000000000005,3.7,2.6,1.5,3.4,12.7,14.3,2.0,4.5088,1.9872531612655702,0.8336192390126116
7.999537974006369,7.054876640822405,8.0,4.181750955863044,2.16,3.2,3.1,2.8291703937973773,3.4693147180559945,3.14,2.716,3.7,2.6,1.5,3.4,1.724,1.82,2.0,2.8512,1.8653426925268106,0.5791353836566813
7.962182915699895,7.0647583853818245,8.0,4.185707563632933,2.1632,3.2,3.1,2.8315420124916377,3.4773147180559945,3.1528,1.82,3.7,2.6,1.5,3.4,1.72848,1.8264,2.0,2.224,1.7335092178866376,0.5766061349171805
9.209662853904478,7.629660497098902,8.0,4.651845153941199,3.6799999999999997,3.2,3.1,3.1111185193037363,7.269314718055995,9.219999999999999,1.884,3.0,2.6,1.5,3.4,3.852,4.86,2.0,2.2688,1.7495329850015804,0.7016959223997823
9.405849477549127,7.978734570735374,8.0,4.5514623693872815,3.01696,3.2,3.1,3.05089629697649,5.611714718055995,6.56784,1.5,3.7,2.6,1.5,3.4,2.923744,3.53392,2.0,2.0,1.5831776616671935,0.6743543917090555
8.181548814794631,7.213831249364327,8.0,4.245387203698658,2.22,3.2,3.1,2.8673194998474383,3.6193147180559944,3.38,1.5,3.7,2.6,1.5,3.4,1.808,1.94,2.0,2.0,1.5831776616671935,0.5914590343350532
5.700157858560921,4.242453324894,8.0,3.279579054559674,2.0016,3.2,3.1,2.29818879797456,3.0733147180559945,2.5064,3.036,3.0,2.6,1.5,3.4,1.50224,1.5032,2.0,3.0751999999999997,1.8909715845625779,0.4640731883400624
9.273866465147744,7.6712103561666956,8.0,4.668466616286936,3.8255999999999997,3.2,3.1,3.121090485480007,7.633314718055995,9.8024,1.5,3.0,2.6,1.5,3.4,4.05584,5.1512,2.0,2.0,1.5831776616671935,0.7060430419110453
9.8,8.868042508078219,8.0,5.147215403250487,10.0,3.2,3.1,3.4083302019387727,11.069314718055994,12.1,1.5,3.0,2.6,1.5,3.4,12.7,14.3,2.0,2.0,1.5831776616671935,0.8357041717136737
7.197161670895217,6.5994682809733405,8.0,3.9992904177238042,2.06416,3.2,3.1,2.719872387433602,3.2297147180559946,2.75664,1.5,3.7,2.6,1.5,3.4,1.589824,1.62832,2.0,2.0,1.5831776616671935,0.5248078214668637
6.918875947628166,4.242453324894,8.0,3.279579054559674,2.0016,3.2,3.1,2.29818879797456,3.0733147180559945,2.5064,9.052,3.0,2.6,1.5,3.4,1.50224,1.5032,2.0,7.2863999999999995,2.0744990091338456,0.5465905589539903
7.965997896701562,6.955870197528089,8.0,4.142104621890486,2.1312,3.2,3.1,2.8054088474067416,3.3973147180559944,3.0248,4.444000000000001,3.7,2.6,1.5,3.4,1.68368,1.7624,2.0,4.0608,1.964544121308947,0.5768644409225017
8.050226254862066,6.8255600878513505,8.0,4.330128910287379,2.33616,3.2,3.1,2.918134421084324,3.9097147180559944,3.84464,6.236,3.0,2.6,1.5,3.4,1.970624,2.17232,2.0,5.315199999999999,2.0196880008343596,0.6231924026729523
7.3848045925773835,6.459841924923706,8.0,4.183739043804095,2.1616,3.2,3.1,2.830362061981689,3.4733147180559945,3.1464,2.332,3.0,2.6,1.5,3.4,1.72624,1.8232,2.0,2.5824,1.8249660241322652,0.5781378109557604
1.8,3.3465735902799727,8.0,2.8,2.0,3.2,3.1,2.0831776616671935,3.0693147180559945,2.5,1.5,3.0,2.6,1.5,3.4,1.5,1.5,2.0,2.0,1.5831776616671935,0.2
5.958797625012661,5.602003343538398,8.0,3.839699406253165,2.0288,3.2,3.1,2.6244808024492157,3.1413147180559946,2.6152,1.5,3.0,2.6,1.5,3.4,1.54032,1.5576,2.0,2.0,1.5831776616671935,0.48158525586023226
7.097124521411307,6.3113681619749205,8.0,4.124281130352827,2.12,3.2,3.1,2.794728358873981,3.3693147180559944,2.98,1.5,3.0,2.6,1.5,3.4,1.668,1.74,2.0,2.0,1.5831776616671935,0.5586594728038907
6.04264392644726,5.654133848700603,8.0,3.860660981611815,2.032,3.2,3.1,2.6369921236881444,3.1493147180559946,2.628,1.5,3.0,2.6,1.5,3.4,1.5448,1.564,2.0,2.0,1.5831776616671935,0.48726234918653333
9.8,8.784426004629617,8.0,5.113768510625718,10.0,3.2,3.1,3.388262241111108,11.069314718055994,12.1,5.468,3.0,2.6,1.5,3.4,12.7,14.3,2.0,4.7776,1.9990659700031606,0.8268041909605655
8.93823329917571,7.461462465320916,8.0,4.584558324793927,3.2,3.2,3.1,3.07075099167702,6.0693147180559945,7.3,1.5,3.0,2.6,1.5,3.4,3.1799999999999997,3.9000000000000004,2.0,2.0,1.5831776616671935,0.6833178796316887
7.7971297028587,6.961916220410604,8.0,4.14452595897109,2.1328,3.2,3.1,2.806859892898545,3.4013147180559944,3.0312,1.756,3.7,2.6,1.5,3.4,1.68592,1.7656,2.0,2.1792,1.7150111363073666,0.5654306569643911
6.2697989267202,5.776479792460808,8.0,3.9098152169790437,2.04096,3.2,3.1,2.666355150190594,3.1717147180559944,2.66384,1.6280000000000001,3.0,2.6,1.5,3.4,1.557344,1.58192,2.0,2.0896,1.6663553233343869,0.5026426356633469
5.484136148790474,3.8958797346140273,8.0,3.1218875824868197,2.00064,3.2,3.1,2.215011136307367,3.0709147180559944,2.50256,2.716,3.0,2.6,1.5,3.4,1.500896,1.50128,2.0,2.8512,1.8653426925268106,0.44944671840768835
7.30266117463306,3.3465735902799727,8.0,2.8,2.0,3.2,3.1,2.0831776616671935,3.0693147180559945,2.5,13.916,3.0,2.6,1.5,3.4,1.5,1.5,2.0,10.6912,2.133373759107662,0.5725760170324468
6.249747484297934,5.897559925067295,8.0,3.7169934957341146,2.01552,3.2,3.1,2.5514143820161506,3.1081147180559947,2.56208,1.82,3.7,2.6,1.5,3.4,1.521728,1.53104,2.0,2.224,1.7335092178866376,0.46065998591600593
9.8,8.105320657588752,8.0,4.842120907525303,6.35024,3.2,3.1,3.2252769578213005,11.069314718055994,12.1,1.564,3.0,2.6,1.5,3.4,7.590336,10.20048,2.0,2.0448,1.6318334746401733,0.7530843723089242
8.205627209754727,7.003683533991665,8.0,4.401406802438681,2.48016,3.2,3.1,2.9608840481579994,4.269714718055995,4.42064,1.5,3.0,2.6,1.5,3.4,2.172224,2.46032,2.0,2.0,1.5831776616671935,0.633714342327143
8.435439687085788,7.147274757571839,8.0,4.458859921771447,2.64,3.2,3.1,2.9953459418172415,4.669314718055994,5.0600000000000005,1.5,3.0,2.6,1.5,3.4,2.396,2.7800000000000002,2.0,2.0,1.5831776616671935,0.6492745621464335
7.900866206457904,6.800950979937583,8.0,4.3202804669167465,2.32,3.2,3.1,2.9122282351850197,3.8693147180559944,3.7800000000000002,2.14,3.0,2.6,1.5,3.4,1.948,2.14,2.0,2.448,1.7981887979745599,0.6130794827289205
6.665201479914952,6.166639814069845,8.0,4.066300369978738,2.08976,3.2,3.1,2.759993555376763,3.2937147180559947,2.8590400000000002,1.5,3.0,2.6,1.5,3.4,1.625664,1.6795200000000001,2.0,2.0,1.5831776616671935,0.5429563502025749
8.202422933107787,7.000844989049567,8.0,4.40027100516534,2.47744,3.2,3.1,2.9602027973718963,4.2629147180559945,4.40976,1.564,3.0,2.6,1.5,3.4,2.1684159999999997,2.45488,2.0,2.0448,1.6318334746401733,0.6334973860958397
5.724219822750744,5.227173648126754,8.0,3.6885302512980633,2.01344,3.2,3.1,2.5345216755504207,3.1029147180559944,2.55376,2.14,3.0,2.6,1.5,3.4,1.518816,1.52688,2.0,2.448,1.7981887979745599,0.4657023838320816
8.431647063440824,7.368715018293254,8.0,4.307379425913234,2.3,3.2,3.1,2.904491604390381,3.8193147180559945,3.7,1.564,3.7,2.6,1.5,3.4,1.92,2.1,2.0,2.0448,1.6318334746401733,0.6083927699204725
9.117522338421914,7.6964142907747295,8.0,4.678549051726288,3.92,3.2,3.1,3.127139429785935,7.869314718055994,10.18,2.14,3.0,2.6,1.5,3.4,4.188,5.34,2.0,2.448,1.7981887979745599,0.7089989083306505
9.084517040689214,7.552601026926439,8.0,4.621018192251417,3.44,3.2,3.1,3.0926242464623455,6.669314718055994,8.26,1.564,3.0,2.6,1.5,3.4,3.516,4.380000000000001,2.0,2.0448,1.6318334746401733,0.6932225079633323
8.089381662259184,6.931056105831374,8.0,4.372345415564796,2.4152,3.2,3.1,2.94345346539953,4.107314718055995,4.1608,1.5,3.0,2.6,1.5,3.4,2.08128,2.3304,2.0,2.0,1.5831776616671935,0.6258435500487989
5.530751275289654,5.336414417230953,8.0,3.7326878188224137,2.0168,3.2,3.1,2.5607394601354287,3.1113147180559944,2.5672,1.5,3.0,2.6,1.5,3.4,1.52352,1.5336,2.0,2.0,1.5831776616671935,0.45260295093107034
10.4,8.874797767545143,8.0,4.909913866133921,8.105599999999999,3.2,3.1,3.2659514642108345,11.069314718055994,12.1,1.6280000000000001,3.7,2.6,1.5,3.4,10.047839999999999,13.7112,2.0,2.0896,1.6663553233343869,0.7714491977989912
8.27672282636888,7.048104135825018,8.0,4.41918070659222,2.5248,3.2,3.1,2.9715449925980044,4.381314718055995,4.5992,1.5,3.0,2.6,1.5,3.4,2.2347200000000003,2.5496,2.0,2.0,1.5831776616671935,0.6385281080353931
9.8,9.2372515444292,8.0,5.294899853191615,10.0,3.2,3.1,3.496940370663008,11.069314718055994,12.1,1.6280000000000001,3.0,2.6,1.5,3.4,12.7,14.3,2.0,2.0896,1.6663553233343869,0.8500000000000001
9.8,8.046392361533254,8.0,4.818548669036596,5.86656,3.2,3.1,3.211134166767981,11.069314718055994,12.1,1.5,3.0,2.6,1.5,3.4,6.913184,9.23312,2.0,2.0,1.5831776616671935,0.7466902645307449
9.646285857216702,7.903818613439647,8.0,4.761516439129811,4.9072,3.2,3.1,3.1769164672255155,10.337314718055994,12.1,1.564,3.0,2.6,1.5,3.4,5.57008,7.3144,2.0,2.0448,1.6318334746401733,0.7312589382490475
1.8,3.3465735902799727,8.0,2.8,2.0,3.2,3.1,2.0831776616671935,3.0693147180559945,2.5,1.5,3.0,2.6,1.5,3.4,1.5,1.5,2.0,2.0,1.5831776616671935,0.2
5.3307512752896535,5.312486406642135,8.0,3.7230241033682523,2.016,3.2,3.1,2.5549967375941125,3.1093147180559946,2.564,1.564,3.0,2.6,1.5,3.4,1.5224,1.532,2.0,2.0448,1.6318334746401733,0.45260295093107034
5.949908644672604,5.470821211304652,8.0,3.7868947866261387,2.02208,3.2,3.1,2.5929970907131166,3.1245147180559947,2.58832,2.012,3.0,2.6,1.5,3.4,1.530912,1.54416,2.0,2.3584,1.7763102111592854,0.4809833978163742
9.8,8.042946219595693,8.0,4.817170155025743,5.84,3.2,3.1,3.2103070927029664,11.069314718055994,12.1,1.5,3.0,2.6,1.5,3.4,6.8759999999999994,9.18,2.0,2.0,1.5831776616671935,0.746316916986139
8.529643898634346,7.206138510733338,8.0,4.4824109746585865,2.7199999999999998,3.2,3.1,3.0094732425760014,4.869314718055994,5.38,1.5,3.0,2.6,1.5,3.4,2.508,2.9400000000000004,2.0,2.0,1.5831776616671935,0.6556529723033673
8.823769032163575,7.389932550431926,8.0,4.5559422580408935,3.04,3.2,3.1,3.0535838121036623,5.669314718055994,6.66,1.5,3.0,2.6,1.5,3.4,2.956,3.58,2.0,2.0,1.5831776616671935,0.6755676948860755
9.8,9.149940849604116,8.0,5.259975429382981,10.0,3.2,3.1,3.4759858039049876,11.069314718055994,12.1,2.012,3.0,2.6,1.5,3.4,12.7,14.3,2.0,2.3584,1.7763102111592854,0.8500000000000001
4.30839537274332,4.589026915173973,8.0,3.4270988431858296,2.00352,3.2,3.1,2.3813664596417534,3.0781147180559945,2.51408,1.5,3.0,2.6,1.5,3.4,1.504928,1.50704,2.0,2.0,1.5831776616671935,0.3698392700294956
3.833407575382444,3.946573590279973,8.0,2.8,2.0,3.2,3.1,2.0831776616671935,3.0693147180559945,2.5,1.564,3.7,2.6,1.5,3.4,1.5,1.5,2.0,2.0448,1.6318334746401733,0.2970536379165196
7.651109465306769,6.6572764161620395,8.0,4.262777366326692,2.24,3.2,3.1,2.8777463398788896,3.6693147180559946,3.46,1.5,3.0,2.6,1.5,3.4,1.8359999999999999,1.98,2.0,2.0,1.5831776616671935,0.5961688700468125
9.8,9.44961241303881,8.0,5.379844465217398,10.0,3.2,3.1,3.5479069791293143,11.069314718055994,12.1,3.1,3.0,2.6,1.5,3.4,12.7,14.3,2.0,3.12,1.8955004239205195,0.8500000000000001
6.856614635400466,5.998226044309511,8.0,3.998792285461314,2.064,3.2,3.1,2.719574250634283,3.2293147180559947,2.7560000000000002,3.484,3.0,2.6,1.5,3.4,1.5896,1.6280000000000001,2.0,3.3888,1.9195809073759775,0.5423749492719065
9.8,9.817594699519852,8.0,5.527037640287413,10.0,3.2,3.1,3.6362227278847645,11.069314718055994,12.1,1.948,3.0,2.6,1.5,3.4,12.7,14.3,2.0,2.3136,1.7636669492803463,0.8500000000000001
6.465123491987571,6.111940260423138,8.0,3.803455967362985,2.024,3.2,3.1,2.602865662501553,3.1293147180559946,2.596,1.6280000000000001,3.7,2.6,1.5,3.4,1.5336,1.548,2.0,2.0896,1.6663553233343869,0.47524273643665843
5.530751275289654,5.312486406642135,8.0,3.7230241033682523,2.016,3.2,3.1,2.5549967375941125,3.1093147180559946,2.564,1.564,3.0,2.6,1.5,3.4,1.5224,1.532,2.0,2.0448,1.6318334746401733,0.45260295093107034
9.8,8.342620335715049,8.0,4.937043558202918,8.99264,3.2,3.1,3.2822288805716116,11.069314718055994,12.1,1.82,3.0,2.6,1.5,3.4,11.289696,14.3,2.0,2.224,1.7335092178866376,0.7788136057387107
9.8,9.172930337260798,8.0,5.269171265359895,10.0,3.2,3.1,3.4815032809425914,11.069314718055994,12.1,3.164,3.0,2.6,1.5,3.4,12.7,14.3,2.0,3.1647999999999996,1.8998645412210244,0.8500000000000001
9.8,8.411805465215231,8.0,4.964718201347639,10.0,3.2,3.1,3.2988333116516553,11.069314718055994,12.1,1.5,3.0,2.6,1.5,3.4,12.7,14.3,2.0,2.0,1.5831776616671935,0.7862778461983191
8.762406909971558,7.349924013000156,8.0,4.539936280197903,2.96,3.2,3.1,3.0439817631200374,5.469314718055995,6.34,1.756,3.0,2.6,1.5,3.4,2.844,3.42,2.0,2.1792,1.7150111363073666,0.6714129678626577
9.8,9.310821593986944,8.0,5.324327977630053,10.0,3.2,3.1,3.5145971825568667,11.069314718055994,12.1,4.828,3.0,2.6,1.5,3.4,12.7,14.3,2.0,4.329599999999999,1.9786780855877129,0.8500000000000001
9.176311766263348,7.610244351513999,8.0,4.644077941565837,3.616,3.2,3.1,3.10645864436336,7.109314718055995,8.963999999999999,1.5,3.0,2.6,1.5,3.4,3.7624,4.732,2.0,2.0,1.5831776616671935,0.6994377758407475
10.008415228605799,8.355296550800908,8.0,4.702103807151449,4.16,3.2,3.1,3.1412711721922175,8.469314718055994,11.14,1.5,3.7,2.6,1.5,3.4,4.524,5.82,2.0,2.0,1.5831776616671935,0.7151531144368508
1.8,3.3465735902799727,8.0,2.8,2.0,3.2,3.1,2.0831776616671935,3.0693147180559945,2.5,1.5,3.0,2.6,1.5,3.4,1.5,1.5,2.0,2.0,1.5831776616671935,0.2
9.8,8.93180877361555,8.0,5.172722101040148,10.0,3.2,3.1,3.423634105667732,11.069314718055994,12.1,1.564,3.0,2.6,1.5,3.4,12.7,14.3,2.0,2.0448,1.6318334746401733,0.8426141428880682
9.8,8.063555494343595,8.0,4.825414201415744,6.0016,3.2,3.1,3.2152533186424628,11.069314718055994,12.1,1.948,3.0,2.6,1.5,3.4,7.102239999999999,9.5032,2.0,2.3136,1.7636669492803463,0.7486254265442156
9.8,9.346408310014843,8.0,5.3385627093806205,10.0,3.2,3.1,3.5231379944035623,11.069314718055994,12.1,1.5,3.0,2.6,1.5,3.4,12.7,14.3,2.0,2.0,1.5831776616671935,0.8500000000000001
9.8,9.303935519725357,8.0,5.321573538773394,10.0,3.2,3.1,3.5129445247340856,11.069314718055994,12.1,2.14,3.0,2.6,1.5,3.4,12.7,14.3,2.0,2.448,1.7981887979745599,0.8500000000000001
9.8,8.063375548325457,8.0,4.825342220130102,6.00016,3.2,3.1,3.2152101315981096,11.069314718055994,12.1,1.5,3.0,2.6,1.5,3.4,7.100224,9.50032,2.0,2.0,1.5831776616671935,0.7485301846185692
9.8,8.898683646748529,8.0,5.159471953825501,10.0,3.2,3.1,3.4156840752196467,11.069314718055994,12.1,1.5,3.0,2.6,1.5,3.4,12.7,14.3,2.0,2.0,1.5831776616671935,0.8390236541610732
9.8,9.03768291572686,8.0,5.215072026653889,10.0,3.2,3.1,3.449043899774446,11.069314718055994,12.1,1.756,3.0,2.6,1.5,3.4,12.7,14.3,2.0,2.1792,1.7150111363073666,0.8500000000000001
4.018070977791825,3.3465735902799727,8.0,2.8,2.0,3.2,3.1,2.0831776616671935,3.0693147180559945,2.5,1.692,3.0,2.6,1.5,3.4,1.5,1.5,2.0,2.1344,1.6931325494920921,0.3501818891213215
8.208022022785388,6.943416499477529,8.0,4.377291454195538,2.4256,3.2,3.1,2.9464199598746066,4.133314718055995,4.2024,5.9799999999999995,3.0,2.6,1.5,3.4,2.09584,2.3512,2.0,5.136,2.0131999342819267,0.6338764911260939
8.532305540215644,7.206138510733338,8.0,4.4824109746585865,2.7199999999999998,3.2,3.1,3.0094732425760014,4.869314718055994,5.38,1.692,3.0,2.6,1.5,3.4,2.508,2.9400000000000004,2.0,2.1344,1.6931325494920921,0.6558331876187675
9.8,8.326649290106808,8.0,4.930654991428665,8.7728,3.2,3.1,3.2783958296256337,11.069314718055994,12.1,1.564,3.0,2.6,1.5,3.4,10.981919999999999,14.3,2.0,2.0448,1.6318334746401733,0.7770587911245452
9.8,8.612635029414783,8.0,5.0450513451525785,10.0,3.2,3.1,3.347032407059548,11.069314718055994,12.1,1.564,3.0,2.6,1.5,3.4,12.7,14.3,2.0,2.0448,1.6318334746401733,0.8080383502547586
5.808508235277004,5.456327442868027,8.0,3.7810549556876856,2.02144,3.2,3.1,2.5895185862883263,3.1229147180559944,2.58576,1.692,3.0,2.6,1.5,3.4,1.530016,1.54288,2.0,2.1344,1.6931325494920921,0.47140941176354717
8.483118374817504,7.4009509799375826,8.0,4.3202804669167465,2.32,3.2,3.1,2.9122282351850197,3.8693147180559944,3.7800000000000002,1.564,3.7,2.6,1.5,3.4,1.948,2.14,2.0,2.0448,1.6318334746401733,0.6118778066282686
4.770857653363446,3.3465735902799727,8.0,2.8,2.0,3.2,3.1,2.0831776616671935,3.0693147180559945,2.5,2.012,3.0,2.6,1.5,3.4,1.5,1.5,2.0,2.3584,1.7763102111592854,0.4011518202798167
7.565415724457731,6.829169141672395,8.0,4.0913539311144325,2.10176,3.2,3.1,2.7750005940013747,3.3237147180559945,2.90704,1.5,3.7,2.6,1.5,3.4,1.642464,1.7035200000000001,2.0,2.0,1.5831776616671935,0.5497416896768255
4.770857653363446,3.3465735902799727,8.0,2.8,2.0,3.2,3.1,2.0831776616671935,3.0693147180559945,2.5,2.012,3.0,2.6,1.5,3.4,1.5,1.5,2.0,2.3584,1.7763102111592854,0.4011518202798167
4.835617950178738,3.946573590279973,8.0,2.8,2.0,3.2,3.1,2.0831776616671935,3.0693147180559945,2.5,1.756,3.7,2.6,1.5,3.4,1.5,1.5,2.0,2.1792,1.7150111363073666,0.3649116320433521
5.462913117191277,3.946573590279973,8.0,2.8,2.0,3.2,3.1,2.0831776616671935,3.0693147180559945,2.5,2.076,3.7,2.6,1.5,3.4,1.5,1.5,2.0,2.4032,1.7877474327358045,0.407384742309826
7.525503988855451,6.80012872265441,8.0,4.079718986907041,2.096,3.2,3.1,2.7680308934370585,3.3093147180559948,2.884,1.564,3.7,2.6,1.5,3.4,1.6344,1.692,2.0,2.0448,1.6318334746401733,0.5470393325787546
3.233407575382444,3.3465735902799727,8.0,2.8,2.0,3.2,3.1,2.0831776616671935,3.0693147180559945,2.5,1.564,3.0,2.6,1.5,3.4,1.5,1.5,2.0,2.0448,1.6318334746401733,0.2970536379165196
6.781229335429972,6.109300059845864,8.0,4.043321220216973,2.08,3.2,3.1,2.7462320143630077,3.2693147180559947,2.82,1.564,3.0,2.6,1.5,3.4,1.612,1.6600000000000001,2.0,2.0448,1.6318334746401733,0.5372707362530711
4.83444101426764,4.985145956776061,8.0,3.5902487437162858,2.00816,3.2,3.1,2.4764350296262547,3.0897147180559945,2.53264,1.564,3.0,2.6,1.5,3.4,1.511424,1.51632,2.0,2.0448,1.6318334746401733,0.41899861034103814
6.63865389323843,5.8554297532584245,8.0,3.699961934066053,2.01424,3.2,3.1,2.5413031407820217,3.1049147180559946,2.55696,2.9080000000000004,3.7,2.6,1.5,3.4,1.519936,1.52848,2.0,2.9856,1.8813664596417534,0.48699219068801863
4.018070977791825,3.3465735902799727,8.0,2.8,2.0,3.2,3.1,2.0831776616671935,3.0693147180559945,2.5,1.692,3.0,2.6,1.5,3.4,1.5,1.5,2.0,2.1344,1.6931325494920921,0.3501818891213215
1.8,3.3465735902799727,8.0,2.8,2.0,3.2,3.1,2.0831776616671935,3.0693147180559945,2.5,1.5,3.0,2.6,1.5,3.4,1.5,1.5,2.0,2.0,1.5831776616671935,0.2
9.8,10.076027824537196,8.0,5.630410986968092,10.0,3.2,3.1,3.698246677888927,11.069314718055994,12.1,4.444000000000001,3.0,2.6,1.5,3.4,12.7,14.3,2.0,4.0608,1.964544121308947,0.8500000000000001
7.472727857663987,6.5458710575475765,8.0,4.218181964415996,2.192,3.2,3.1,2.8510090538114183,3.5493147180559945,3.268,1.5,3.0,2.6,1.5,3.4,1.7688,1.884,2.0,2.0,1.5831776616671935,0.5840909486959991
6.622491727384414,6.202003343538397,8.0,3.839699406253165,2.0288,3.2,3.1,2.6244808024492157,3.1413147180559946,2.6152,1.692,3.7,2.6,1.5,3.4,1.54032,1.5576,2.0,2.1344,1.6931325494920921,0.48589787737498635
9.8,9.305772210141392,8.0,5.322308217393223,10.0,3.2,3.1,3.513385330433934,11.069314718055994,12.1,2.652,3.0,2.6,1.5,3.4,12.7,14.3,2.0,2.8064,1.8594878728264788,0.8500000000000001
9.415376924455165,7.759096325608673,8.0,4.7036238292254176,4.17648,3.2,3.1,3.1421831181460815,8.510514718055994,11.20592,1.692,3.0,2.6,1.5,3.4,4.547072,5.85296,2.0,2.1344,1.6931325494920921,0.7156244792599853
9.8,9.117402932176523,8.0,5.246960201192594,10.0,3.2,3.1,3.4681767037223654,11.069314718055994,12.1,3.612,3.0,2.6,1.5,3.4,12.7,14.3,2.0,3.4783999999999997,1.9266417673787295,0.8500000000000001
10.4,8.608006171688986,8.0,4.803193532724026,5.5808,3.2,3.1,3.201921481205357,11.069314718055994,12.1,2.332,3.7,2.6,1.5,3.4,6.51312,8.6616,2.0,2.5824,1.8249660241322652,0.7426886672770443
10.080553473819439,8.392879279366026,8.0,4.717137971235944,4.32864,3.2,3.1,3.150291027047846,8.890914718055994,11.81456,4.316000000000001,3.7,2.6,1.5,3.4,4.760096,6.15728,2.0,3.9711999999999996,1.9594369675786913,0.7200374747898579
7.851634317807967,6.949750170080838,8.0,4.139653610823083,2.1296,3.2,3.1,2.803940040819401,3.3933147180559944,3.0183999999999997,2.7800000000000002,3.7,2.6,1.5,3.4,1.68144,1.7592,2.0,2.896,1.870925094402998,0.569121073601581
5.963477837002806,5.145521226679158,8.0,3.4089044875446843,2.0032,3.2,3.1,2.370925094402998,3.0773147180559945,2.5128,2.332,3.7,2.6,1.5,3.4,1.50448,1.5064,2.0,2.5824,1.8249660241322652,0.4412771452137316
10.4,9.814660095718379,8.0,5.285863238368943,10.0,3.2,3.1,3.491518422972411,11.069314718055994,12.1,11.484000000000002,3.7,2.6,1.5,3.4,12.7,14.3,2.0,8.9888,2.107511403963236,0.8500000000000001
8.237130615019137,7.215281576704646,8.0,4.24596775563025,2.22064,3.2,3.1,2.8676675784091152,3.6209147180559946,3.38256,2.716,3.7,2.6,1.5,3.4,1.808896,1.94128,2.0,2.8512,1.8653426925268106,0.5952223853919207
6.081486506780853,5.654133848700603,8.0,3.860660981611815,2.032,3.2,3.1,2.6369921236881444,3.1493147180559946,2.628,1.6280000000000001,3.0,2.6,1.5,3.4,1.5448,1.564,2.0,2.0896,1.6663553233343869,0.48989231556328694
9.8,8.766373849958658,8.0,5.106547579227984,10.0,3.2,3.1,3.383929723990078,11.069314718055994,12.1,1.6280000000000001,3.0,2.6,1.5,3.4,12.7,14.3,2.0,2.0896,1.6663553233343869,0.8246952795194047
9.8,8.675215032303704,8.0,5.070083660021827,10.0,3.2,3.1,3.362051607752889,11.069314718055994,12.1,1.564,3.0,2.6,1.5,3.4,12.7,14.3,2.0,2.0448,1.6318334746401733,0.8148175107325613
9.8,8.448388180948797,8.0,4.979351568778693,10.0,3.2,3.1,3.3076131634277113,11.069314718055994,12.1,2.9080000000000004,3.0,2.6,1.5,3.4,12.7,14.3,2.0,2.9856,1.8813664596417534,0.7903512751141584
8.76399974275261,7.350922681774237,8.0,4.540335814207914,2.96192,3.2,3.1,3.044221443625817,5.474114718055994,6.3476799999999995,1.756,3.0,2.6,1.5,3.4,2.846688,3.42384,2.0,2.1792,1.7150111363073666,0.6715208159155414
9.8,10.894795930882012,8.0,5.957918344575032,10.0,3.2,3.1,3.8947510234116827,11.069314718055994,12.1,10.524,3.0,2.6,1.5,3.4,12.7,14.3,2.0,8.316799999999999,2.095541355631189,0.8500000000000001
9.8,8.599121058507752,8.0,5.039645683733368,10.0,3.2,3.1,3.3437890540418604,11.069314718055994,12.1,4.316000000000001,3.0,2.6,1.5,3.4,12.7,14.3,2.0,3.9711999999999996,1.9594369675786913,0.806733700302795
9.8,9.41734331913583,8.0,5.366936794323132,10.0,3.2,3.1,3.5401623965925992,11.069314718055994,12.1,5.34,3.0,2.6,1.5,3.4,12.7,14.3,2.0,4.688,1.995256126205411,0.8500000000000001
8.206692456250336,7.003517006096704,8.0,4.401340169088074,2.48,3.2,3.1,2.960844081463209,4.269314718055995,4.42,1.564,3.0,2.6,1.5,3.4,2.1719999999999997,2.46,2.0,2.0448,1.6318334746401733,0.6337864683919499
7.1876733279783585,6.343554303933257,8.0,4.137172189413672,2.128,3.2,3.1,2.8024530329439816,3.3893147180559944,3.012,2.012,3.0,2.6,1.5,3.4,1.6792,1.756,2.0,2.3584,1.7763102111592854,0.564790381581868
8.218579747773337,7.003517006096704,8.0,4.401340169088074,2.48,3.2,3.1,2.960844081463209,4.269314718055995,4.42,2.14,3.0,2.6,1.5,3.4,2.1719999999999997,2.46,2.0,2.448,1.7981887979745599,0.6345913370888197
5.545704981699376,4.763180262308081,8.0,3.499301512293296,2.00512,3.2,3.1,2.4231632629539392,3.0821147180559945,2.52048,2.46,3.0,2.6,1.5,3.4,1.507168,1.51024,2.0,2.6719999999999997,1.839985601286746,0.4536154414692286
9.8,8.345995183206412,8.0,4.938393527982973,9.04,3.2,3.1,3.283038843969539,11.069314718055994,12.1,1.692,3.0,2.6,1.5,3.4,11.356,14.3,2.0,2.1344,1.6931325494920921,0.7791667095047359
8.253719231928086,7.00551168959322,8.0,4.4021383078260605,2.48192,3.2,3.1,2.961322805502373,4.274114718055995,4.4276800000000005,3.7399999999999998,3.0,2.6,1.5,3.4,2.1746879999999997,2.4638400000000003,2.0,3.568,1.9333101495173068,0.6369705729951307
9.8,8.17890315743084,8.0,4.871554914068315,7.04,3.2,3.1,3.2429367577834016,11.069314718055994,12.1,2.9720000000000004,3.0,2.6,1.5,3.4,8.556,11.58,2.0,3.0304,1.886265098984184,0.7612435075296615
9.613400823170126,7.842821219836563,8.0,4.737116053603433,4.5732800000000005,3.2,3.1,3.162277092760775,9.502514718055993,12.1,14.3,3.0,2.6,1.5,3.4,5.102592,6.646560000000001,2.0,13.2,2.1735753727665683,0.7290323474021438
9.8,8.049239256215373,8.0,4.819687473895911,5.8886400000000005,3.2,3.1,3.2118174214916895,11.069314718055994,12.1,8.924,3.0,2.6,1.5,3.4,6.944096,9.277280000000001,2.0,7.1968,2.07248215493588,0.7482761099450188
9.8,8.55995625302565,8.0,5.02397953831314,10.0,3.2,3.1,3.3343895007261564,11.069314718055994,12.1,2.268,3.0,2.6,1.5,3.4,12.7,14.3,2.0,2.5376,1.816686879553831,0.8023759176754572
9.562124586386462,7.851052746501716,8.0,4.740408867306917,4.616,3.2,3.1,3.164252659160412,9.609314718055993,12.1,1.6280000000000001,3.0,2.6,1.5,3.4,5.1624,6.732,2.0,2.0896,1.6663553233343869,0.7255605188699166
9.623291278157097,7.8850352195478886,8.0,4.754002660227232,4.8,3.2,3.1,3.172408452691493,10.069314718055994,12.1,3.548,3.0,2.6,1.5,3.4,5.42,7.1000000000000005,2.0,3.4336,1.9231632629539392,0.7297020136252201
9.839998595125374,8.250044832059896,8.0,4.659999648781343,3.74992,3.2,3.1,3.1160107596943747,7.444114718055994,9.49968,1.5,3.7,2.6,1.5,3.4,3.9498879999999996,4.99984,2.0,2.0,1.5831776616671935,0.7037499048782805
9.8,9.015180596887912,8.0,5.20607104665758,10.0,3.2,3.1,3.443643343253099,11.069314718055994,12.1,2.46,3.0,2.6,1.5,3.4,12.7,14.3,2.0,2.6719999999999997,1.839985601286746,0.8500000000000001
10.4,9.569413493208932,8.0,5.18776409091798,10.0,3.2,3.1,3.4326592383701438,11.069314718055994,12.1,1.6280000000000001,3.7,2.6,1.5,3.4,12.7,14.3,2.0,2.0896,1.6663553233343869,0.8466896459264428
7.327003823452176,6.454876640822405,8.0,4.181750955863044,2.16,3.2,3.1,2.8291703937973773,3.4693147180559945,3.14,1.5,3.0,2.6,1.5,3.4,1.724,1.82,2.0,2.0,1.5831776616671935,0.5742242172129077
7.327003823452176,6.454876640822405,8.0,4.181750955863044,2.16,3.2,3.1,2.8291703937973773,3.4693147180559945,3.14,1.5,3.0,2.6,1.5,3.4,1.724,1.82,2.0,2.0,1.5831776616671935,0.5742242172129077
9.8,8.839241137715726,8.0,5.13569476023567,10.0,3.2,3.1,3.4014178730517743,11.069314718055994,12.1,2.524,3.0,2.6,1.5,3.4,12.7,14.3,2.0,2.7168,1.8468446109475396,0.8326207070407952
9.8,9.955515357860843,8.0,5.582205961364246,10.0,3.2,3.1,3.669323685886602,11.069314718055994,12.1,2.9080000000000004,3.0,2.6,1.5,3.4,12.7,14.3,2.0,2.9856,1.8813664596417534,0.8500000000000001
8.236726993816623,7.003517006096704,8.0,4.401340169088074,2.48,3.2,3.1,2.960844081463209,4.269314718055995,4.42,3.036,3.0,2.6,1.5,3.4,2.1719999999999997,2.46,2.0,3.0751999999999997,1.8909715845625779,0.6358200568730006
1.8,3.3465735902799727,8.0,2.8,2.0,3.2,3.1,2.0831776616671935,3.0693147180559945,2.5,1.5,3.0,2.6,1.5,3.4,1.5,1.5,2.0,2.0,1.5831776616671935,0.2
9.418831506846534,7.966313549830197,8.0,4.546493169669976,2.992,3.2,3.1,3.0479152519592474,5.549314718055995,6.468,4.828,3.7,2.6,1.5,3.4,2.8888,3.484,2.0,4.329599999999999,1.9786780855877129,0.6752333832760673
6.187837546792523,3.3465735902799727,8.0,2.8,2.0,3.2,3.1,2.0831776616671935,3.0693147180559945,2.5,4.572,3.0,2.6,1.5,3.4,1.5,1.5,2.0,4.150399999999999,1.9694427606513776,0.4970931672307438
8.613914537135123,7.258796555718782,8.0,4.5034786342837805,2.8,3.2,3.1,3.0221111733725077,5.0693147180559945,5.699999999999999,1.5,3.0,2.6,1.5,3.4,2.62,3.1,2.0,2.0,1.5831776616671935,0.6613587967851907
6.3788680815619045,5.802901033147998,8.0,3.92042376417594,2.0432,3.2,3.1,2.6726962479555194,3.1773147180559946,2.6728,1.948,3.0,2.6,1.5,3.4,1.56048,1.5864,2.0,2.3136,1.7636669492803463,0.510027526355754
8.699401810967716,7.307704119456596,8.0,4.523045386337521,2.88224,3.2,3.1,3.033848988669583,5.274914718055995,6.02896,2.14,3.0,2.6,1.5,3.4,2.735136,3.26448,2.0,2.448,1.7981887979745599,0.6671469976176058
9.002357704602565,7.499994821230363,8.0,4.599973244752527,3.29616,3.2,3.1,3.079998757095287,6.309714718055995,7.68464,1.82,3.0,2.6,1.5,3.4,3.314624,4.092320000000001,2.0,2.224,1.7335092178866376,0.687659636249132
9.8,9.013628468032731,8.0,5.205450191409169,10.0,3.2,3.1,3.4432708323278556,11.069314718055994,12.1,1.5,3.0,2.6,1.5,3.4,12.7,14.3,2.0,2.0,1.5831776616671935,0.8500000000000001
7.729728267956164,6.7048709770404615,8.0,4.281827288784026,2.2640000000000002,3.2,3.1,2.8891690344897105,3.7293147180559947,3.556,1.564,3.0,2.6,1.5,3.4,1.8696,2.028,2.0,2.0448,1.6318334746401733,0.6014920181428653
5.6690255255611826,4.647918433002165,8.0,3.4516193076042967,2.004,3.2,3.1,2.3955004239205193,3.0793147180559943,2.516,2.7800000000000002,3.0,2.6,1.5,3.4,1.5056,1.508,2.0,2.896,1.870925094402998,0.46196526995987175
5.088699091338649,3.3465735902799727,8.0,2.8,2.0,3.2,3.1,2.0831776616671935,3.0693147180559945,2.5,2.268,3.0,2.6,1.5,3.4,1.5,1.5,2.0,2.5376,1.816686879553831,0.4226723343093877
9.8,8.345995183206412,8.0,4.938393527982973,9.04,3.2,3.1,3.283038843969539,11.069314718055994,12.1,3.164,3.0,2.6,1.5,3.4,11.356,14.3,2.0,3.1647999999999996,1.8998645412210244,0.7793080454594674
9.8,9.005882774124103,8.0,5.2023518951767675,10.0,3.2,3.1,3.4414118657897848,11.069314718055994,12.1,1.5,3.0,2.6,1.5,3.4,12.7,14.3,2.0,2.0,1.5831776616671935,0.8500000000000001
1.8,3.3465735902799727,8.0,2.8,2.0,3.2,3.1,2.0831776616671935,3.0693147180559945,2.5,1.5,3.0,2.6,1.5,3.4,1.5,1.5,2.0,2.0,1.5831776616671935,0.2
7.998077470954308,6.8707667946409146,8.0,4.348219818007073,2.368,3.2,3.1,2.9289840307138193,3.9893147180559945,3.9719999999999995,1.692,3.0,2.6,1.5,3.4,2.0152,2.236,2.0,2.1344,1.6931325494920921,0.619661495429198
9.290998334884398,7.679121500949839,8.0,4.67163134933408,3.85472,3.2,3.1,3.122989160227961,7.706114718055995,9.91888,2.332,3.0,2.6,1.5,3.4,4.096608,5.209440000000001,2.0,2.5824,1.8249660241322652,0.7072030122577977
5.86512349198757,3.3465735902799727,8.0,2.8,2.0,3.2,3.1,2.0831776616671935,3.0693147180559945,2.5,3.548,3.0,2.6,1.5,3.4,1.5,1.5,2.0,3.4336,1.9231632629539392,0.47524273643665843
9.8,9.039125318796042,8.0,5.215648991164466,10.0,3.2,3.1,3.44939007651105,11.069314718055994,12.1,1.948,3.0,2.6,1.5,3.4,12.7,14.3,2.0,2.3136,1.7636669492803463,0.8500000000000001
4.862913117191276,3.3465735902799727,8.0,2.8,2.0,3.2,3.1,2.0831776616671935,3.0693147180559945,2.5,2.076,3.0,2.6,1.5,3.4,1.5,1.5,2.0,2.4032,1.7877474327358045,0.407384742309826
9.8,8.673512175871805,8.0,5.069402509422058,10.0,3.2,3.1,3.361642922209233,11.069314718055994,12.1,12.700000000000001,3.0,2.6,1.5,3.4,12.7,14.3,2.0,9.84,2.1211379679088593,0.8151864702445402
6.681486506780853,6.278293137336005,8.0,3.8703716266952135,2.0336,3.2,3.1,2.6427903529606414,3.1533147180559946,2.6344,1.5,3.7,2.6,1.5,3.4,1.54704,1.5672,2.0,2.0,1.5831776616671935,0.48989231556328694
6.242367667937294,5.778414030849769,8.0,3.9105919169843233,2.04112,3.2,3.1,2.6668193674039444,3.1721147180559948,2.66448,1.5,3.0,2.6,1.5,3.4,1.557568,1.58224,2.0,2.0,1.5831776616671935,0.500785310849921
6.918875947628166,6.20012872265441,8.0,4.079718986907041,2.096,3.2,3.1,2.7680308934370585,3.3093147180559948,2.884,1.5,3.0,2.6,1.5,3.4,1.6344,1.692,2.0,2.0,1.5831776616671935,0.5465905589539903
6.7385975708268155,6.20012872265441,8.0,4.079718986907041,2.096,3.2,3.1,2.7680308934370585,3.3093147180559948,2.884,1.692,3.0,2.6,1.5,3.4,1.6344,1.692,2.0,2.1344,1.6931325494920921,0.5479258771913991
8.934706003729291,7.449455952897201,8.0,4.5797550718122135,3.17152,3.2,3.1,3.067869428695328,5.998114718055994,7.18608,3.356,3.0,2.6,1.5,3.4,3.140128,3.84304,2.0,3.2992,1.9120784645382176,0.6830790523358374
5.687849923489337,5.350240182896208,8.0,3.7382695764458287,2.01728,3.2,3.1,2.56405764389509,3.1125147180559947,2.56912,1.756,3.0,2.6,1.5,3.4,1.524192,1.53456,2.0,2.1792,1.7150111363073666,0.4632398385695906
9.8,8.097163567401495,8.0,4.83885795046483,6.27984,3.2,3.1,3.223319256176359,11.069314718055994,12.1,4.0600000000000005,3.0,2.6,1.5,3.4,7.491776,10.05968,2.0,3.792,1.9485203541940042,0.7525941728849286
9.8,9.243427358818384,8.0,5.297370188333033,10.0,3.2,3.1,3.4984225661164117,11.069314718055994,12.1,1.5,3.0,2.6,1.5,3.4,12.7,14.3,2.0,2.0,1.5831776616671935,0.8500000000000001
9.603618719516936,7.876419533098519,8.0,4.750556187022285,4.75216,3.2,3.1,3.1703406879436447,9.949714718055994,12.1,1.884,3.0,2.6,1.5,3.4,5.353024,7.00432,2.0,2.2688,1.7495329850015804,0.7283700174672927
8.64528495501846,7.278399223004299,8.0,4.511321238754615,2.832,3.2,3.1,3.026815813521032,5.149314718055995,5.827999999999999,1.5,3.0,2.6,1.5,3.4,2.6647999999999996,3.164,2.0,2.0,1.5831776616671935,0.6634828354960415
8.613914537135123,7.258796555718782,8.0,4.5034786342837805,2.8,3.2,3.1,3.0221111733725077,5.0693147180559945,5.699999999999999,1.5,3.0,2.6,1.5,3.4,2.62,3.1,2.0,2.0,1.5831776616671935,0.6613587967851907
9.8,10.438387855285114,8.0,5.775355072910481,10.0,3.2,3.1,3.7852130852684276,11.069314718055994,12.1,4.572,3.0,2.6,1.5,3.4,12.7,14.3,2.0,4.150399999999999,1.9694427606513776,0.8500000000000001
9.8,8.405247665405682,8.0,4.962095028816828,9.92576,3.2,3.1,3.297259439697364,11.069314718055994,12.1,1.5,3.0,2.6,1.5,3.4,12.596064,14.3,2.0,2.0,1.5831776616671935,0.7855674036378908
6.773284880867892,6.109300059845864,8.0,4.043321220216973,2.08,3.2,3.1,2.7462320143630077,3.2693147180559947,2.82,1.5,3.0,2.6,1.5,3.4,1.612,1.6600000000000001,2.0,2.0,1.5831776616671935,0.5367328304754302
9.348449410468287,7.716821955245879,8.0,4.686712784018113,4.0,3.2,3.1,3.132037269259011,8.069314718055994,10.5,1.82,3.0,2.6,1.5,3.4,4.3,5.5,2.0,2.224,1.7335092178866376,0.7110929288337904
7.389095672162964,6.709300059845864,8.0,4.043321220216973,2.08,3.2,3.1,2.7462320143630077,3.2693147180559947,2.82,1.6280000000000001,3.7,2.6,1.5,3.4,1.612,1.6600000000000001,2.0,2.0896,1.6663553233343869,0.5378033528027006
7.796877876140765,6.7483262190841415,8.0,4.299219469035191,2.288,3.2,3.1,2.899598292580194,3.7893147180559943,3.652,1.5,3.0,2.6,1.5,3.4,1.9032,2.076,2.0,2.0,1.5831776616671935,0.606038606197031
9.8,8.623561147118444,8.0,5.049421849873814,10.0,3.2,3.1,3.3496546753084266,11.069314718055994,12.1,2.076,3.0,2.6,1.5,3.4,12.7,14.3,2.0,2.4032,1.7877474327358045,0.8092502054177164
1.8,3.3465735902799727,8.0,2.8,2.0,3.2,3.1,2.0831776616671935,3.0693147180559945,2.5,1.5,3.0,2.6,1.5,3.4,1.5,1.5,2.0,2.0,1.5831776616671935,0.2
9.8,10.039422560385406,8.0,5.615768870457154,10.0,3.2,3.1,3.6894614144924973,11.069314718055994,12.1,14.3,3.0,2.6,1.5,3.4,12.7,14.3,2.0,13.2,2.4143080099472165,0.8500000000000001
9.8,9.79618475332347,8.0,5.518473651329857,10.0,3.2,3.1,3.6310843407976323,11.069314718055994,12.1,5.532,3.0,2.6,1.5,3.4,12.7,14.3,2.0,4.8224,2.0009264723874765,0.8500000000000001
9.476808682204934,7.797869408967016,8.0,4.719134159532794,4.352,3.2,3.1,3.151488658152084,8.949314718055993,11.908,1.564,3.0,2.6,1.5,3.4,4.7928,6.204,2.0,2.0448,1.6318334746401733,0.7197839211909591
9.545474301876522,7.840328226201982,8.0,4.736118793995425,4.56048,3.2,3.1,3.1616787742884758,9.470514718055993,12.1,1.756,3.0,2.6,1.5,3.4,5.084671999999999,6.62096,2.0,2.1792,1.7150111363073666,0.7244331558562229
10.4,8.898367364048203,8.0,4.9193419460567425,8.40032,3.2,3.1,3.2716081673715687,11.069314718055994,12.1,2.14,3.7,2.6,1.5,3.4,10.460448,14.3,2.0,2.448,1.7981887979745599,0.7740561047031527
9.347171046501796,7.716821955245879,8.0,4.686712784018113,4.0,3.2,3.1,3.132037269259011,8.069314718055994,10.5,1.564,3.0,2.6,1.5,3.4,4.3,5.5,2.0,2.0448,1.6318334746401733,0.7110063729402258
6.146977602843392,5.661504989569204,8.0,3.863623998768843,2.03248,3.2,3.1,2.638761197496609,3.1505147180559945,2.62992,1.82,3.0,2.6,1.5,3.4,1.545472,1.56496,2.0,2.224,1.7335092178866376,0.4943266085258547
8.260714904239085,7.037324537533326,8.0,4.414867538817903,2.5136,3.2,3.1,2.9689578890079984,4.353314718055994,4.554399999999999,1.564,3.0,2.6,1.5,3.4,2.2190399999999997,2.5272,2.0,2.0448,1.6318334746401733,0.6374442383078548
9.60222474808914,7.876419533098519,8.0,4.750556187022285,4.75216,3.2,3.1,3.1703406879436447,9.949714718055994,12.1,1.5,3.0,2.6,1.5,3.4,5.353024,7.00432,2.0,2.0,1.5831776616671935,0.7282756339852021
8.247168014215534,7.024074550832601,8.0,4.409565871491568,2.50016,3.2,3.1,2.9657778921998244,4.3197147180559945,4.50064,1.948,3.0,2.6,1.5,3.4,2.200224,2.5003200000000003,2.0,2.3136,1.7636669492803463,0.6365270009625101
8.884758827241615,7.426975550757305,8.0,4.570761654995439,3.12,3.2,3.1,3.0624741321817535,5.869314718055994,6.9799999999999995,1.692,3.0,2.6,1.5,3.4,3.068,3.7399999999999998,2.0,2.1344,1.6931325494920921,0.679697212261151
9.8,9.094836959193518,8.0,5.237933767140899,10.0,3.2,3.1,3.462760870206444,11.069314718055994,12.1,1.5,3.0,2.6,1.5,3.4,12.7,14.3,2.0,2.0,1.5831776616671935,0.8500000000000001
9.8,8.183642229936172,8.0,4.873450602962943,7.088,3.2,3.1,3.244074135184681,11.069314718055994,12.1,2.332,3.0,2.6,1.5,3.4,8.6232,11.676000000000002,2.0,2.5824,1.8249660241322652,0.7616701398560664
8.829898390985502,7.389932550431926,8.0,4.5559422580408935,3.04,3.2,3.1,3.0535838121036623,5.669314718055994,6.66,2.14,3.0,2.6,1.5,3.4,2.956,3.58,2.0,2.448,1.7981887979745599,0.67598270355631
8.543738075109394,7.21494543150672,8.0,4.4859345187773485,2.7328,3.2,3.1,3.011586903561613,4.901314718055994,5.4312000000000005,1.5,3.0,2.6,1.5,3.4,2.52592,2.9656000000000002,2.0,2.0,1.5831776616671935,0.6566072655021986
10.4,9.475092458259924,8.0,5.1500354057245294,10.0,3.2,3.1,3.410022189982382,11.069314718055994,12.1,7.388000000000001,3.7,2.6,1.5,3.4,12.7,14.3,2.0,6.1216,2.0451953738724002,0.8366641075553307
9.724588020061287,7.9521436163533465,8.0,4.780847454285334,5.20224,3.2,3.1,3.188514467924803,11.069314718055994,12.1,1.884,3.0,2.6,1.5,3.4,5.983136,7.9044799999999995,2.0,2.2688,1.7495329850015804,0.7365606471916497
9.638590513453625,7.899146844828811,8.0,4.759647628363406,4.88016,3.2,3.1,3.1757952427589147,10.269714718055994,12.1,1.5,3.0,2.6,1.5,3.4,5.532224,7.26032,2.0,2.0,1.5831776616671935,0.7307378993484226
5.2202813525881195,3.3465735902799727,8.0,2.8,2.0,3.2,3.1,2.0831776616671935,3.0693147180559945,2.5,2.204,3.0,2.6,1.5,3.4,1.5,1.5,2.0,2.4928,1.8077939228953843,0.418039883248154
5.434635825816003,4.7776740307447065,8.0,3.5052721049232325,2.00528,3.2,3.1,2.4266417673787295,3.0825147180559944,2.52112,2.268,3.0,2.6,1.5,3.4,1.507392,1.51056,2.0,2.5376,1.816686879553831,0.4460951340396252
9.2531285085626,7.657800441316838,8.0,4.663102173916345,3.77728,3.2,3.1,3.117872105916041,7.512514718055995,9.60912,1.6280000000000001,3.0,2.6,1.5,3.4,3.9881919999999997,5.05456,2.0,2.0896,1.6663553233343869,0.704638909433926
9.8,8.32926456831683,8.0,4.931701127360808,8.80832,3.2,3.1,3.2790234963960394,11.069314718055994,12.1,1.564,3.0,2.6,1.5,3.4,11.031647999999999,14.3,2.0,2.0448,1.6318334746401733,0.7773420862316327
9.8,8.51837944184454,8.0,5.007348556929556,10.0,3.2,3.1,3.3244110660426895,11.069314718055994,12.1,3.676,3.0,2.6,1.5,3.4,12.7,14.3,2.0,3.5232,1.9300222726147331,0.7979716115381772
9.8,8.726518723397355,8.0,5.090605365912375,10.0,3.2,3.1,3.374364493615365,11.069314718055994,12.1,5.468,3.0,2.6,1.5,3.4,12.7,14.3,2.0,4.7776,1.9990659700031606,0.8205502758294476
8.23338776919003,7.021028205029377,8.0,4.4083469422975075,2.49712,3.2,3.1,2.9650467692070506,4.3121147180559944,4.48848,1.5,3.0,2.6,1.5,3.4,2.1959679999999997,2.49424,2.0,2.0,1.5831776616671935,0.6355939635389083
6.197734580234561,5.719039654461598,8.0,3.886744400710848,2.03648,3.2,3.1,2.6525695170707833,3.1605147180559947,2.64592,1.692,3.0,2.6,1.5,3.4,1.551072,1.57296,2.0,2.1344,1.6931325494920921,0.4977632788700485
9.8,8.501066586991014,8.0,5.0004233015464035,10.0,3.2,3.1,3.3202559808778433,11.069314718055994,12.1,2.012,3.0,2.6,1.5,3.4,12.7,14.3,2.0,2.3584,1.7763102111592854,0.7959840759801313
9.8,8.082964368561058,8.0,4.833178055560491,6.16,3.2,3.1,3.2199114484546536,11.069314718055994,12.1,1.884,3.0,2.6,1.5,3.4,7.324,9.82,2.0,2.2688,1.7495329850015804,0.75071485161667
7.530537912677314,6.581973342171274,8.0,4.232634478169328,2.2064,3.2,3.1,2.8596736021211058,3.5853147180559946,3.3255999999999997,1.5,3.0,2.6,1.5,3.4,1.7889599999999999,1.9128,2.0,2.0,1.5831776616671935,0.5880051711708598
9.8,8.638690165469137,8.0,5.0554735349746345,10.0,3.2,3.1,3.3532856397125927,11.069314718055994,12.1,2.14,3.0,2.6,1.5,3.4,12.7,14.3,2.0,2.448,1.7981887979745599,0.810891681941377
9.8,8.13628263159595,8.0,4.854506138802065,6.62816,3.2,3.1,3.232707831583028,11.069314718055994,12.1,2.396,3.0,2.6,1.5,3.4,7.979424,10.75632,2.0,2.6272,1.8327106466687737,0.7565596646643371
7.984804592577384,7.079224196648827,8.0,4.19149947417539,2.168,3.2,3.1,2.8350138071957187,3.4893147180559945,3.172,1.82,3.7,2.6,1.5,3.4,1.7352,1.836,2.0,2.224,1.7335092178866376,0.5781378109557604
7.935222630871746,6.825322275718449,8.0,4.330033740169,2.336,3.2,3.1,2.9180773461724274,3.9093147180559944,3.8440000000000003,2.012,3.0,2.6,1.5,3.4,1.9704,2.172,2.0,2.3584,1.7763102111592854,0.6154056989652745
9.087495284978136,7.779801635420733,8.0,4.471873821244534,2.68304,3.2,3.1,3.0031523925009758,4.776914718055995,5.23216,1.5,3.7,2.6,1.5,3.4,2.4562559999999998,2.86608,2.0,2.0,1.5831776616671935,0.6527991599203946
9.8,8.633978997462993,8.0,5.053589043809368,10.0,3.2,3.1,3.352154959391118,11.069314718055994,12.1,7.132000000000001,3.0,2.6,1.5,3.4,12.7,14.3,2.0,5.942399999999999,2.0399771604396317,0.8106506737795534
6.900019855862477,6.120137922585385,8.0,4.0476649250079015,2.08176,3.2,3.1,2.7488331014204923,3.2737147180559947,2.82704,2.46,3.0,2.6,1.5,3.4,1.614464,1.66352,2.0,2.6719999999999997,1.839985601286746,0.5453138444073553
8.780795504811657,7.30643347074226,8.0,4.522537034575092,2.88,3.2,3.1,3.033544032978142,5.269314718055995,6.02,9.948,3.0,2.6,1.5,3.4,2.732,3.2600000000000002,2.0,7.9136,2.087740775994109,0.6726580289716226
9.8,9.341443700650423,8.0,5.336576859501695,10.0,3.2,3.1,3.521946488156101,11.069314718055994,12.1,13.98,3.0,2.6,1.5,3.4,12.7,14.3,2.0,10.735999999999999,2.1339844474485585,0.8500000000000001
9.8,10.423011573788362,8.0,5.7692045581505305,10.0,3.2,3.1,3.781522777709207,11.069314718055994,12.1,14.3,3.0,2.6,1.5,3.4,12.7,14.3,2.0,13.2,2.268627414963701,0.8500000000000001
9.8,11.656203976263434,8.0,6.262481584447129,10.0,3.2,3.1,4.077488954303224,11.069314718055994,12.1,14.3,3.0,2.6,1.5,3.4,12.7,14.3,2.0,13.2,2.3954657927721827,0.8500000000000001
5.813823869451939,5.511940260423138,8.0,3.803455967362985,2.024,3.2,3.1,2.602865662501553,3.1293147180559946,2.596,1.5,3.0,2.6,1.5,3.4,1.5336,1.548,2.0,2.0,1.5831776616671935,0.4717693244941417
7.381229335429973,6.709300059845864,8.0,4.043321220216973,2.08,3.2,3.1,2.7462320143630077,3.2693147180559947,2.82,1.564,3.7,2.6,1.5,3.4,1.612,1.6600000000000001,2.0,2.0448,1.6318334746401733,0.5372707362530711
9.8,9.652357466874147,8.0,5.460942653426048,10.0,3.2,3.1,3.596565792049795,11.069314718055994,12.1,5.9799999999999995,3.0,2.6,1.5,3.4,12.7,14.3,2.0,5.136,2.0131999342819267,0.8500000000000001
8.469037045722176,7.389583983698038,8.0,4.315731370118953,2.3128,3.2,3.1,2.909500156087529,3.8513147180559946,3.7512,1.692,3.7,2.6,1.5,3.4,1.93792,2.1256,2.0,2.1344,1.6931325494920921,0.6109243833041057
1.8,3.3465735902799727,8.0,2.8,2.0,3.2,3.1,2.0831776616671935,3.0693147180559945,2.5,1.5,3.0,2.6,1.5,3.4,1.5,1.5,2.0,2.0,1.5831776616671935,0.2
9.279316267882692,7.671560741605001,8.0,4.66860678274033,3.82688,3.2,3.1,3.1211745779852,7.636514718055994,9.80752,2.396,3.0,2.6,1.5,3.4,4.057632,5.15376,2.0,2.6272,1.8327106466687737,0.7064120389712238
7.102433100943626,6.3113681619749205,8.0,4.124281130352827,2.12,3.2,3.1,2.794728358873981,3.3693147180559944,2.98,1.564,3.0,2.6,1.5,3.4,1.668,1.74,2.0,2.0448,1.6318334746401733,0.5590189078763914
4.018070977791825,3.3465735902799727,8.0,2.8,2.0,3.2,3.1,2.0831776616671935,3.0693147180559945,2.5,1.692,3.0,2.6,1.5,3.4,1.5,1.5,2.0,2.1344,1.6931325494920921,0.3501818891213215
7.208331752866742,6.335383160422937,8.0,4.133899617971576,2.12592,3.2,3.1,2.800491958501505,3.3841147180559945,3.00368,2.46,3.0,2.6,1.5,3.4,1.676288,1.75184,2.0,2.6719999999999997,1.839985601286746,0.5661891291003524
6.875104347301065,6.122083450331868,8.0,4.048444653091033,2.08208,3.2,3.1,2.7493000280796482,3.2745147180559946,2.82832,2.204,3.0,2.6,1.5,3.4,1.614912,1.66416,2.0,2.4928,1.8077939228953843,0.5436268568485096
9.290148138300367,7.906433470742259,8.0,4.522537034575092,2.88,3.2,3.1,3.033544032978142,5.269314718055995,6.02,1.5,3.7,2.6,1.5,3.4,2.732,3.2600000000000002,2.0,2.0,1.5831776616671935,0.6665204468640874
10.323229921073251,8.552043686304048,8.0,4.7808074802683125,5.2016,3.2,3.1,3.1884904847129714,11.069314718055994,12.1,1.5,3.7,2.6,1.5,3.4,5.98224,7.9032,2.0,2.0,1.5831776616671935,0.736468692572668
9.380805496296226,7.735736554597214,8.0,4.694279217672051,4.07712,3.2,3.1,3.1365767731033314,8.262114718055994,10.80848,2.268,3.0,2.6,1.5,3.4,4.407967999999999,5.654240000000001,2.0,2.5376,1.816686879553831,0.7132837054783903
8.514572809277222,7.196721191990031,8.0,4.478643202319305,2.70656,3.2,3.1,3.0072130860776074,4.8357147180559945,5.32624,1.5,3.0,2.6,1.5,3.4,2.489184,2.91312,2.0,2.0,1.5831776616671935,0.6546325339614786
4.945460506179461,3.3465735902799727,8.0,2.8,2.0,3.2,3.1,2.0831776616671935,3.0693147180559945,2.5,2.14,3.0,2.6,1.5,3.4,1.5,1.5,2.0,2.448,1.7981887979745599,0.4129738884392343
5.829562081930903,5.470821211304652,8.0,3.7868947866261387,2.02208,3.2,3.1,2.5929970907131166,3.1245147180559947,2.58832,1.692,3.0,2.6,1.5,3.4,1.530912,1.54416,2.0,2.1344,1.6931325494920921,0.4728349326307383
9.8,8.932818281621245,8.0,5.173125907083162,10.0,3.2,3.1,3.4238763875890985,11.069314718055994,12.1,14.3,3.0,2.6,1.5,3.4,12.7,14.3,2.0,13.2,2.2563142770893885,0.8437472643655244
6.0700304637610545,5.620873507529821,8.0,3.84728839256599,2.02992,3.2,3.1,2.629009641807157,3.1441147180559947,2.61968,1.756,3.0,2.6,1.5,3.4,1.541888,1.55984,2.0,2.1792,1.7150111363073666,0.48911664598382143
6.058407983310727,5.663938084394791,8.0,3.864601995827682,2.03264,3.2,3.1,2.6393451402547496,3.1509147180559944,2.63056,1.5,3.0,2.6,1.5,3.4,1.545696,1.56528,2.0,2.0,1.5831776616671935,0.48832970720333047
10.4,9.068149150285507,8.0,4.987256100033389,10.0,3.2,3.1,3.3123557960685215,11.069314718055994,12.1,2.588,3.7,2.6,1.5,3.4,12.7,14.3,2.0,2.7616,1.8533326774999728,0.7924637552424347
5.530751275289654,5.312486406642135,8.0,3.7230241033682523,2.016,3.2,3.1,2.5549967375941125,3.1093147180559946,2.564,1.564,3.0,2.6,1.5,3.4,1.5224,1.532,2.0,2.0448,1.6318334746401733,0.45260295093107034
6.04264392644726,5.654133848700603,8.0,3.860660981611815,2.032,3.2,3.1,2.6369921236881444,3.1493147180559946,2.628,1.5,3.0,2.6,1.5,3.4,1.5448,1.564,2.0,2.0,1.5831776616671935,0.48726234918653333
9.8,9.907756278981136,8.0,5.563102311592755,10.0,3.2,3.1,3.6578615069554727,11.069314718055994,12.1,1.5,3.0,2.6,1.5,3.4,12.7,14.3,2.0,2.0,1.5831776616671935,0.8500000000000001
10.4,9.259627880416337,8.0,5.063848724761128,10.0,3.2,3.1,3.3583106912999208,11.069314718055994,12.1,2.012,3.7,2.6,1.5,3.4,12.7,14.3,2.0,2.3584,1.7763102111592854,0.8131519869596318
9.8,8.513160398933495,8.0,5.005260905980211,10.0,3.2,3.1,3.323158495744039,11.069314718055994,12.1,1.692,3.0,2.6,1.5,3.4,12.7,14.3,2.0,2.1344,1.6931325494920921,0.797271378253688
8.687672032545764,7.304430189971031,8.0,4.521735576307683,2.87648,3.2,3.1,3.0330632455930475,5.260514718055995,6.00592,1.564,3.0,2.6,1.5,3.4,2.7270719999999997,3.25296,2.0,2.0448,1.6318334746401733,0.6663527938702861
10.4,9.981591219469879,8.0,5.352635914924767,10.0,3.2,3.1,3.5315818926727713,11.069314718055994,12.1,10.844,3.7,2.6,1.5,3.4,12.7,14.3,2.0,8.540799999999999,2.0996654728516937,0.8500000000000001
9.084072769005669,7.552601026926439,8.0,4.621018192251417,3.44,3.2,3.1,3.0926242464623455,6.669314718055994,8.26,1.5,3.0,2.6,1.5,3.4,3.516,4.380000000000001,2.0,2.0,1.5831776616671935,0.6931924270680921
9.8,8.501066586991014,8.0,5.0004233015464035,10.0,3.2,3.1,3.3202559808778433,11.069314718055994,12.1,1.884,3.0,2.6,1.5,3.4,12.7,14.3,2.0,2.2688,1.7495329850015804,0.7959750536157513
9.8,8.797261942486243,8.0,5.1189029337020076,10.0,3.2,3.1,3.3913428661966982,11.069314718055994,12.1,1.5,3.0,2.6,1.5,3.4,12.7,14.3,2.0,2.0,1.5831776616671935,0.8280362112109605
7.996348488219504,6.8707667946409146,8.0,4.348219818007073,2.368,3.2,3.1,2.9289840307138193,3.9893147180559945,3.9719999999999995,1.6280000000000001,3.0,2.6,1.5,3.4,2.0152,2.236,2.0,2.0896,1.6663553233343869,0.6195444288898624
9.8,9.676739136482926,8.0,5.470695337133608,10.0,3.2,3.1,3.6024173927559024,11.069314718055994,12.1,1.948,3.0,2.6,1.5,3.4,12.7,14.3,2.0,2.3136,1.7636669492803463,0.8500000000000001
7.584450522727434,6.615643502163808,8.0,4.246112630681859,2.2208,3.2,3.1,2.867754440519314,3.6213147180559946,3.3832,1.5,3.0,2.6,1.5,3.4,1.80912,1.9416,2.0,2.0,1.5831776616671935,0.5916555041430034
9.8,8.526253871874042,8.0,5.010498379252854,10.0,3.2,3.1,3.3263009292497703,11.069314718055994,12.1,1.5,3.0,2.6,1.5,3.4,12.7,14.3,2.0,2.0,1.5831776616671935,0.7986766443809812
9.8,9.546889350274277,8.0,5.418755328510431,10.0,3.2,3.1,3.5712534440658263,11.069314718055994,12.1,1.756,3.0,2.6,1.5,3.4,12.7,14.3,2.0,2.1792,1.7150111363073666,0.8500000000000001
8.415190567605325,7.134622260591528,8.0,4.453797641901331,2.624,3.2,3.1,2.992309342541967,4.629314718055995,4.996,1.5,3.0,2.6,1.5,3.4,2.3735999999999997,2.748,2.0,2.0,1.5831776616671935,0.6479035280149439
9.8,8.075310515295218,8.0,4.830116395601225,6.0968,3.2,3.1,3.218074523670852,11.069314718055994,12.1,1.5,3.0,2.6,1.5,3.4,7.235519999999999,9.693600000000002,2.0,2.0,1.5831776616671935,0.7498231904753319
9.664604445096023,7.915404663519071,8.0,4.766151111274006,4.97536,3.2,3.1,3.179697119244577,10.507714718055993,12.1,1.5,3.0,2.6,1.5,3.4,5.665503999999999,7.4507200000000005,2.0,2.0,1.5831776616671935,0.7324992593033766
9.6,8.756472732385117,8.0,5.102587092984046,10.0,3.2,3.1,3.3815534557724276,11.069314718055994,12.1,1.5,3.0,2.6,1.5,3.4,12.7,14.3,2.0,2.0,1.5831776616671935,0.8236173376831792
9.03643881298061,7.747274757571839,8.0,4.458859921771447,2.64,3.2,3.1,2.9953459418172415,4.669314718055994,5.0600000000000005,1.564,3.7,2.6,1.5,3.4,2.396,2.7800000000000002,2.0,2.0448,1.6318334746401733,0.6493422112955622
5.700157858560921,5.381086967398878,8.0,3.7507180382212733,2.0184,3.2,3.1,2.571460872175731,3.1153147180559944,2.5736,1.692,3.0,2.6,1.5,3.4,1.52576,1.5368,2.0,2.1344,1.6931325494920921,0.4640731883400624
8.805360676352294,7.603517006096704,8.0,4.401340169088074,2.48,3.2,3.1,2.960844081463209,4.269314718055995,4.42,1.5,3.7,2.6,1.5,3.4,2.1719999999999997,2.46,2.0,2.0,1.5831776616671935,0.6336962957946866
9.8,8.634406803609911,8.0,5.053760168453455,10.0,3.2,3.1,3.3522576328663787,11.069314718055994,12.1,3.548,3.0,2.6,1.5,3.4,12.7,14.3,2.0,3.4336,1.9231632629539392,0.8105038964286089
6.081486506780853,5.441400961293185,8.0,3.77503946464023,2.0208,3.2,3.1,2.5859362307103644,3.1213147180559946,2.5832,2.524,3.0,2.6,1.5,3.4,1.52912,1.5416,2.0,2.7168,1.8468446109475396,0.48989231556328694
8.274740983317894,7.257276416162039,8.0,4.262777366326692,2.24,3.2,3.1,2.8777463398788896,3.6693147180559946,3.46,2.076,3.7,2.6,1.5,3.4,1.8359999999999999,1.98,2.0,2.4032,1.7877474327358045,0.5977689207454824
8.33998762635447,7.080544756422898,8.0,4.432160784190933,2.56,3.2,3.1,2.979330741541496,4.469314718055995,4.74,2.14,3.0,2.6,1.5,3.4,2.284,2.62,2.0,2.448,1.7981887979745599,0.642811662201084
1.8,3.3465735902799727,8.0,2.8,2.0,3.2,3.1,2.0831776616671935,3.0693147180559945,2.5,1.5,3.0,2.6,1.5,3.4,1.5,1.5,2.0,2.0,1.5831776616671935,0.2
7.024702102180708,6.083758245444171,8.0,4.033083570846284,2.076,3.2,3.1,2.7401019789066012,3.2593147180559945,2.804,4.188000000000001,3.0,2.6,1.5,3.4,1.6064,1.6520000000000001,2.0,3.8815999999999997,1.9541027560701913,0.5537558715018187
6.918875947628166,6.20012872265441,8.0,4.079718986907041,2.096,3.2,3.1,2.7680308934370585,3.3093147180559948,2.884,1.5,3.0,2.6,1.5,3.4,1.6344,1.692,2.0,2.0,1.5831776616671935,0.5465905589539903
5.86512349198757,5.543798167616192,8.0,3.8162808729968924,2.0256,3.2,3.1,2.610511560227886,3.1333147180559946,2.6024,1.5,3.0,2.6,1.5,3.4,1.53584,1.5512,2.0,2.0,1.5831776616671935,0.47524273643665843
6.001818742437304,5.558996906208378,8.0,3.8223975576713087,2.0264,3.2,3.1,2.6141592574900105,3.1353147180559944,2.6056,1.82,3.0,2.6,1.5,3.4,1.53696,1.5528,2.0,2.224,1.7335092178866376,0.4844981440191925
7.8811218676669865,6.800950979937583,8.0,4.3202804669167465,2.32,3.2,3.1,2.9122282351850197,3.8693147180559944,3.7800000000000002,1.5,3.0,2.6,1.5,3.4,1.948,2.14,2.0,2.0,1.5831776616671935,0.6117426264566189
9.8,8.685692470928823,8.0,5.074274684263881,10.0,3.2,3.1,3.3645661930229176,11.069314718055994,12.1,1.564,3.0,2.6,1.5,3.4,12.7,14.3,2.0,2.0448,1.6318334746401733,0.8159525137286854
7.887096503353008,6.800950979937583,8.0,4.3202804669167465,2.32,3.2,3.1,2.9122282351850197,3.8693147180559944,3.7800000000000002,1.692,3.0,2.6,1.5,3.4,1.948,2.14,2.0,2.1344,1.6931325494920921,0.6121471590811933
7.281794055241503,6.4023072600313125,8.0,4.160701051521667,2.144,3.2,3.1,2.816553742407515,3.4293147180559944,3.076,2.076,3.0,2.6,1.5,3.4,1.7016,1.788,2.0,2.4032,1.7877474327358045,0.5711631391569767
5.492096413473008,3.3465735902799727,8.0,2.8,2.0,3.2,3.1,2.0831776616671935,3.0693147180559945,2.5,2.7800000000000002,3.0,2.6,1.5,3.4,1.5,1.5,2.0,2.896,1.870925094402998,0.4499856946622349
6.139960013985122,5.71467281447722,8.0,3.8849900034962808,2.03616,3.2,3.1,2.651521475474533,3.1597147180559944,2.64464,1.5,3.0,2.6,1.5,3.4,1.550624,1.57232,2.0,2.0,1.5831776616671935,0.49385145928024266
9.20890283104663,7.629422390517899,8.0,4.651749902236774,3.6792,3.2,3.1,3.111061373724296,7.267314718055995,9.2168,1.82,3.0,2.6,1.5,3.4,3.85088,4.8584000000000005,2.0,2.224,1.7335092178866376,0.7016444625187823
8.096743677404115,6.923099407748713,8.0,4.369161500527561,2.40864,3.2,3.1,2.941543857859691,4.090914718055995,4.1345600000000005,2.332,3.0,2.6,1.5,3.4,2.072096,2.3172800000000002,2.0,2.5824,1.8249660241322652,0.6263420198242369
4.945460506179461,3.3465735902799727,8.0,2.8,2.0,3.2,3.1,2.0831776616671935,3.0693147180559945,2.5,2.14,3.0,2.6,1.5,3.4,1.5,1.5,2.0,2.448,1.7981887979745599,0.4129738884392343
9.169151813935587,7.605270175989425,8.0,4.642088073395303,3.6,3.2,3.1,3.105264842237462,7.0693147180559945,8.899999999999999,1.6280000000000001,3.0,2.6,1.5,3.4,3.7399999999999998,4.7,2.0,2.0896,1.6663553233343869,0.6989529874018887
9.8,9.036276340705886,8.0,5.214509393435008,10.0,3.2,3.1,3.4487063217694125,11.069314718055994,12.1,6.428000000000001,3.0,2.6,1.5,3.4,12.7,14.3,2.0,5.4496,2.024333742296043,0.8500000000000001
8.920605176220441,7.666059386477903,8.0,4.426364957001439,2.544,3.2,3.1,2.9758542527546967,4.429314718055995,4.676,2.332,3.7,2.6,1.5,3.4,2.2616,2.588,2.0,2.5824,1.8249660241322652,0.6414993088065923
9.8,8.310688062492261,8.0,4.9242703471265825,8.559999999999999,3.2,3.1,3.2745651349981424,11.069314718055994,12.1,1.5,3.0,2.6,1.5,3.4,10.684,14.3,2.0,2.0,1.5831776616671935,0.7753232190134494
10.384284797434164,8.589853789223769,8.0,4.795932249351794,5.45312,3.2,3.1,3.197564909413704,11.069314718055994,12.1,1.692,3.7,2.6,1.5,3.4,6.3343679999999996,8.40624,2.0,2.1344,1.6931325494920921,0.7406026164929382
2.4000000000000004,3.946573590279973,8.0,2.8,2.0,3.2,3.1,2.0831776616671935,3.0693147180559945,2.5,1.5,3.7,2.6,1.5,3.4,1.5,1.5,2.0,2.0,1.5831776616671935,0.2
8.274740983317894,7.2655301526093155,8.0,4.266081042368881,2.2439999999999998,3.2,3.1,2.879727236626236,3.6793147180559944,3.476,1.756,3.7,2.6,1.5,3.4,1.8416,1.988,2.0,2.1792,1.7150111363073666,0.5977689207454824
10.4,9.472121756926446,8.0,5.148847115790166,10.0,3.2,3.1,3.4093092216623475,11.069314718055994,12.1,5.788,3.7,2.6,1.5,3.4,12.7,14.3,2.0,5.0016,2.008092780551671,0.8362898888079511
7.754930946492473,6.7102894527054,8.0,4.283995984732367,2.26688,3.2,3.1,2.8904694686492958,3.7365147180559948,3.56752,2.012,3.0,2.6,1.5,3.4,1.873632,2.03376,2.0,2.3584,1.7763102111592854,0.6031984495020946
9.8,8.35108261715277,8.0,4.940428547575369,9.112,3.2,3.1,3.2842598281166646,11.069314718055994,12.1,4.956,3.0,2.6,1.5,3.4,11.4568,14.3,2.0,4.4192,1.983042202888218,0.7800274170675043
9.8,8.831865277273195,8.0,5.132744390871266,10.0,3.2,3.1,3.399647666545567,11.069314718055994,12.1,3.42,3.0,2.6,1.5,3.4,12.7,14.3,2.0,3.344,1.9158883083359672,0.8318547710060202
9.8,8.272697034451237,8.0,4.909073550830349,8.08,3.2,3.1,3.265447288268297,11.069314718055994,12.1,1.5,3.0,2.6,1.5,3.4,10.011999999999999,13.66,2.0,2.0,1.5831776616671935,0.7712074200165526
5.913330845202128,5.573747238406726,8.0,3.828332711300532,2.0272,3.2,3.1,2.6176993372176143,3.1373147180559946,2.6088,1.5,3.0,2.6,1.5,3.4,1.53808,1.5544,2.0,2.0,1.5831776616671935,0.47850677597722746
6.735688585993165,6.0858502987054575,8.0,4.033922146498291,2.07632,3.2,3.1,2.74060407168931,3.2601147180559944,2.8052799999999998,1.5,3.0,2.6,1.5,3.4,1.606848,1.6526399999999999,2.0,2.0,1.5831776616671935,0.5341872480099539
6.574966047988292,5.985630919895231,8.0,3.993741511997073,2.0624,3.2,3.1,2.7165514207748553,3.2253147180559947,2.7496,1.5,3.0,2.6,1.5,3.4,1.5873599999999999,1.6248,2.0,2.0,1.5831776616671935,0.5233049928325406
7.042006309627672,6.276966702012905,8.0,4.110501577406918,2.112,3.2,3.1,2.786472008483097,3.349314718055995,2.948,1.5,3.0,2.6,1.5,3.4,1.6568,1.724,2.0,2.0,1.5831776616671935,0.554927510547707
10.4,10.507759278966136,8.0,5.563103511587955,10.0,3.2,3.1,3.657862226951873,11.069314718055994,12.1,1.756,3.7,2.6,1.5,3.4,12.7,14.3,2.0,2.1792,1.7150111363073666,0.8500000000000001
6.6341062669459046,6.022502657018006,8.0,4.008526566736476,2.0672,3.2,3.1,2.7254006376843214,3.2373147180559947,2.7688,1.5,3.0,2.6,1.5,3.4,1.59408,1.6344,2.0,2.0,1.5831776616671935,0.5273092784911291
8.205360676352294,7.003517006096704,8.0,4.401340169088074,2.48,3.2,3.1,2.960844081463209,4.269314718055995,4.42,1.5,3.0,2.6,1.5,3.4,2.1719999999999997,2.46,2.0,2.0,1.5831776616671935,0.6336962957946866
9.8,9.073723636940311,8.0,5.229488394395395,10.0,3.2,3.1,3.457693672865675,11.069314718055994,12.1,1.82,3.0,2.6,1.5,3.4,12.7,14.3,2.0,2.224,1.7335092178866376,0.8500000000000001
7.651109465306769,6.6572764161620395,8.0,4.262777366326692,2.24,3.2,3.1,2.8777463398788896,3.6693147180559946,3.46,1.5,3.0,2.6,1.5,3.4,1.8359999999999999,1.98,2.0,2.0,1.5831776616671935,0.5961688700468125
9.166349989887898,7.603266566816615,8.0,4.641286549429033,3.5936,3.2,3.1,3.1047839760359874,7.0533147180559945,8.874400000000001,1.692,3.0,2.6,1.5,3.4,3.7310399999999997,4.687200000000001,2.0,2.1344,1.6931325494920921,0.6987632805653265
9.081401945247427,7.5470156247879,8.0,4.6187837817917865,3.424,3.2,3.1,3.091283749949096,6.629314718055995,8.196000000000002,2.396,3.0,2.6,1.5,3.4,3.4936,4.348000000000001,2.0,2.6272,1.8327106466687737,0.6930115900427946
9.168352293581213,7.605270175989425,8.0,4.642088073395303,3.6,3.2,3.1,3.105264842237462,7.0693147180559945,8.899999999999999,1.5,3.0,2.6,1.5,3.4,3.7399999999999998,4.7,2.0,2.0,1.5831776616671935,0.698898853211228
9.492697715623112,7.807969402264791,8.0,4.723174428905778,4.4,3.2,3.1,3.15391265654355,9.069314718055994,12.1,1.5,3.0,2.6,1.5,3.4,4.859999999999999,6.300000000000001,2.0,2.0,1.5831776616671935,0.7208597411619815
9.257934620305226,7.657440275625054,8.0,4.662958094666529,3.776,3.2,3.1,3.117785666150013,7.509314718055995,9.604,2.588,3.0,2.6,1.5,3.4,3.9863999999999997,5.0520000000000005,2.0,2.7616,1.8533326774999728,0.704964323249833
9.725625012927594,7.95179377376823,8.0,4.780707510257234,5.2,3.2,3.1,3.188430505704375,11.069314718055994,12.1,2.396,3.0,2.6,1.5,3.4,5.9799999999999995,7.9,2.0,2.6272,1.8327106466687737,0.7366308602503058
9.114419731753053,7.571565811141366,8.0,4.628604932938263,3.49568,3.2,3.1,3.097175794673928,6.808514718055995,8.48272,1.5,3.0,2.6,1.5,3.4,3.593952,4.49136,2.0,2.0,1.5831776616671935,0.6952471693374463
9.8,9.087974216737312,8.0,5.235188656109732,10.0,3.2,3.1,3.4611138120169547,11.069314718055994,12.1,1.756,3.0,2.6,1.5,3.4,12.7,14.3,2.0,2.1792,1.7150111363073666,0.8500000000000001
9.8,8.092657510093057,8.0,4.837055459856614,6.24144,3.2,3.1,3.2222378024223337,11.069314718055994,12.1,1.5,3.0,2.6,1.5,3.4,7.438015999999999,9.98288,2.0,2.0,1.5831776616671935,0.7517025203778329
8.036846379452898,6.892028501319965,8.0,4.35672811924425,2.384,3.2,3.1,2.9340868403167915,4.0293147180559945,4.036,1.884,3.0,2.6,1.5,3.4,2.0376,2.268,2.0,2.2688,1.7495329850015804,0.6222864736087901
6.062300935031665,5.602003343538398,8.0,3.839699406253165,2.0288,3.2,3.1,2.6244808024492157,3.1413147180559946,2.6152,1.82,3.0,2.6,1.5,3.4,1.54032,1.5576,2.0,2.224,1.7335092178866376,0.48859329247610234
8.504365334274214,7.150388480425727,8.0,4.460105721239947,2.644,3.2,3.1,2.9960932353021743,4.679314718055995,5.076,5.788,3.0,2.6,1.5,3.4,2.4016,2.7880000000000003,2.0,5.0016,2.008092780551671,0.6539414028414832
7.097124521411307,6.3113681619749205,8.0,4.124281130352827,2.12,3.2,3.1,2.794728358873981,3.3693147180559944,2.98,1.5,3.0,2.6,1.5,3.4,1.668,1.74,2.0,2.0,1.5831776616671935,0.5586594728038907
8.383608895171566,7.110873864173311,8.0,4.444295789453438,2.59504,3.2,3.1,2.9866097274015946,4.556914718055995,4.88016,1.884,3.0,2.6,1.5,3.4,2.333056,2.69008,2.0,2.2688,1.7495329850015804,0.6457651856105747
7.457258691369225,6.525494723534022,8.0,4.210024504053812,2.18432,3.2,3.1,2.8461187336481655,3.5301147180559944,3.23728,1.82,3.0,2.6,1.5,3.4,1.758048,1.86864,2.0,2.224,1.7335092178866376,0.5830435572281247
8.43942872551782,7.147274757571839,8.0,4.458859921771447,2.64,3.2,3.1,2.9953459418172415,4.669314718055994,5.0600000000000005,1.756,3.0,2.6,1.5,3.4,2.396,2.7800000000000002,2.0,2.1792,1.7150111363073666,0.6495446532902691
6.389257837983354,5.742398466745327,8.0,3.8961277846683986,2.03824,3.2,3.1,2.6581756320188785,3.1649147180559947,2.65296,2.396,3.0,2.6,1.5,3.4,1.553536,1.57648,2.0,2.6272,1.8327106466687737,0.5107309994467897
9.117238591110723,7.5714588478293745,8.0,4.6285621430365165,3.49536,3.2,3.1,3.0971501234790497,6.807714718055995,8.48144,1.948,3.0,2.6,1.5,3.4,3.593504,4.49072,2.0,2.3136,1.7636669492803463,0.6954380296064552
9.8,8.721584007776883,8.0,5.088631458603105,10.0,3.2,3.1,3.373180161866452,11.069314718055994,12.1,1.6280000000000001,3.0,2.6,1.5,3.4,12.7,14.3,2.0,2.0896,1.6663553233343869,0.8198434944663266
7.334956175216377,6.454876640822405,8.0,4.181750955863044,2.16,3.2,3.1,2.8291703937973773,3.4693147180559945,3.14,1.6280000000000001,3.0,2.6,1.5,3.4,1.724,1.82,2.0,2.0896,1.6663553233343869,0.5747626576969422
6.723886475213134,6.056841089916116,8.0,4.0222934679005355,2.072,3.2,3.1,2.733641861579868,3.2493147180559947,2.788,1.756,3.0,2.6,1.5,3.4,1.6008,1.644,2.0,2.1792,1.7150111363073666,0.5333881467592226
9.8,8.18677683991441,8.0,4.874704486258719,7.12,3.2,3.1,3.2448264415794585,11.069314718055994,12.1,1.692,3.0,2.6,1.5,3.4,8.668,11.740000000000002,2.0,2.1344,1.6931325494920921,0.7619245155779404
9.78783280288013,7.991957400824371,8.0,4.796773732896588,5.46768,3.2,3.1,3.198069776197849,11.069314718055994,12.1,1.756,3.0,2.6,1.5,3.4,6.3547519999999995,8.43536,2.0,2.1792,1.7150111363073666,0.7408428460283423
2.4000000000000004,3.946573590279973,8.0,2.8,2.0,3.2,3.1,2.0831776616671935,3.0693147180559945,2.5,1.5,3.7,2.6,1.5,3.4,1.5,1.5,2.0,2.0,1.5831776616671935,0.2
5.6690255255611826,3.3465735902799727,8.0,2.8,2.0,3.2,3.1,2.0831776616671935,3.0693147180559945,2.5,3.1,3.0,2.6,1.5,3.4,1.5,1.5,2.0,3.12,1.8955004239205195,0.46196526995987175
9.8,9.65234413376303,8.0,5.460937320172712,10.0,3.2,3.1,3.596562592103127,11.069314718055994,12.1,4.764,3.0,2.6,1.5,3.4,12.7,14.3,2.0,4.2848,1.9764350296262547,0.8500000000000001
6.330123908588842,3.946573590279973,8.0,2.8,2.0,3.2,3.1,2.0831776616671935,3.0693147180559945,2.5,3.228,3.7,2.6,1.5,3.4,1.5,1.5,2.0,3.2096,1.9040754995983769,0.4661021396440362
9.8,8.9028050020974,8.0,5.161120508318354,10.0,3.2,3.1,3.416673200503376,11.069314718055994,12.1,2.396,3.0,2.6,1.5,3.4,12.7,14.3,2.0,2.6272,1.8327106466687737,0.8394984260902236
9.8,9.590318029553046,8.0,5.436126834463796,10.0,3.2,3.1,3.5816763270927305,11.069314718055994,12.1,1.5,3.0,2.6,1.5,3.4,12.7,14.3,2.0,2.0,1.5831776616671935,0.8500000000000001
9.8,8.7995607548334,8.0,5.119822467096225,10.0,3.2,3.1,3.391894581160016,11.069314718055994,12.1,2.8440000000000003,3.0,2.6,1.5,3.4,12.7,14.3,2.0,2.9408,1.876259305911498,0.8283374048101593
6.229993394225637,5.99789527279837,8.0,3.7574983485564095,2.01904,3.2,3.1,2.575494865471609,3.1169147180559946,2.57616,1.5,3.7,2.6,1.5,3.4,1.526656,1.53808,2.0,2.0,1.5831776616671935,0.45932246940069416
8.530532096793753,7.206138510733338,8.0,4.4824109746585865,2.7199999999999998,3.2,3.1,3.0094732425760014,4.869314718055994,5.38,1.564,3.0,2.6,1.5,3.4,2.508,2.9400000000000004,2.0,2.0448,1.6318334746401733,0.6557131107204103
9.8,8.311760030938729,8.0,4.92469914495194,8.57408,3.2,3.1,3.2748224074252947,11.069314718055994,12.1,1.5,3.0,2.6,1.5,3.4,10.703712,14.3,2.0,2.0,1.5831776616671935,0.7754393517578171
9.8,10.201649166988442,8.0,5.680659555684358,10.0,3.2,3.1,3.728395800077226,11.069314718055994,12.1,2.9720000000000004,3.0,2.6,1.5,3.4,12.7,14.3,2.0,3.0304,1.886265098984184,0.8500000000000001
5.945426840233668,5.5936929029203775,8.0,3.836356710058417,2.02832,3.2,3.1,2.622486296700891,3.1401147180559947,2.61328,1.5,3.0,2.6,1.5,3.4,1.539648,1.55664,2.0,2.0,1.5831776616671935,0.48067994230748795
9.661760227491207,7.912817056665632,8.0,4.76511601273192,4.96,3.2,3.1,3.1790760935997517,10.469314718055994,12.1,1.884,3.0,2.6,1.5,3.4,5.644,7.420000000000001,2.0,2.2688,1.7495329850015804,0.7323066820697173
1.8,3.3465735902799727,8.0,2.8,2.0,3.2,3.1,2.0831776616671935,3.0693147180559945,2.5,1.5,3.0,2.6,1.5,3.4,1.5,1.5,2.0,2.0,1.5831776616671935,0.2
8.360010918540347,7.09739081922168,8.0,4.438901101953128,2.5792,3.2,3.1,2.9833737966132032,4.517314718055995,4.816800000000001,1.756,3.0,2.6,1.5,3.4,2.31088,2.6584000000000003,2.0,2.1792,1.7150111363073666,0.6441674059428361
10.4,9.012104228344798,8.0,4.964837708979766,10.0,3.2,3.1,3.298905014802752,11.069314718055994,12.1,14.3,3.7,2.6,1.5,3.4,12.7,14.3,2.0,13.2,2.453848614577633,0.7997560020894645
6.062300935031665,3.9729550745276567,8.0,3.1583518938456114,2.0008,3.2,3.1,2.2335092178866374,3.0713147180559943,2.5032,4.0600000000000005,3.0,2.6,1.5,3.4,1.50112,1.5016,2.0,3.792,1.9485203541940042,0.48859329247610234
9.8,8.004778908131598,8.0,4.801902569435886,5.55776,3.2,3.1,3.2011469379515836,11.069314718055994,12.1,3.676,3.0,2.6,1.5,3.4,6.4808639999999995,8.61552,2.0,3.5232,1.9300222726147331,0.7425944706555303
9.8,9.287238020748756,8.0,5.314894516460265,10.0,3.2,3.1,3.5089371249797012,11.069314718055994,12.1,1.564,3.0,2.6,1.5,3.4,12.7,14.3,2.0,2.0448,1.6318334746401733,0.8500000000000001
9.448065065049589,7.780075907946756,8.0,4.712016266262397,4.26976,3.2,3.1,3.1472182179072217,8.743714718055994,11.579039999999999,1.5,3.0,2.6,1.5,3.4,4.677664,6.03952,2.0,2.0,1.5831776616671935,0.7178377387793993
9.8,8.554474623956741,8.0,5.021786854023612,10.0,3.2,3.1,3.333073909749618,11.069314718055994,12.1,3.42,3.0,2.6,1.5,3.4,12.7,14.3,2.0,3.344,1.9158883083359672,0.8018554986291508
10.4,10.710488499702441,8.0,5.644195266547777,10.0,3.2,3.1,3.706517239928586,11.069314718055994,12.1,5.34,3.7,2.6,1.5,3.4,12.7,14.3,2.0,4.688,1.995256126205411,0.8500000000000001
9.8,9.19420126781137,8.0,5.277679673796423,10.0,3.2,3.1,3.486608304274729,11.069314718055994,12.1,7.324000000000001,3.0,2.6,1.5,3.4,12.7,14.3,2.0,6.0767999999999995,2.0439119391783906,0.8500000000000001
8.328643136763732,7.080544756422898,8.0,4.432160784190933,2.56,3.2,3.1,2.979330741541496,4.469314718055995,4.74,1.5,3.0,2.6,1.5,3.4,2.284,2.62,2.0,2.0,1.5831776616671935,0.6420435457183777
8.767043836093828,7.354072037454123,8.0,4.541595765324464,2.968,3.2,3.1,3.0449772889889895,5.4893147180559945,6.372,1.564,3.0,2.6,1.5,3.4,2.8552,3.436,2.0,2.0448,1.6318334746401733,0.6717269264021863
10.4,9.982847073867491,8.0,5.353138258120874,10.0,3.2,3.1,3.531883297728198,11.069314718055994,12.1,1.5,3.7,2.6,1.5,3.4,12.7,14.3,2.0,2.0,1.5831776616671935,0.8500000000000001
9.8,8.309026850234687,8.0,4.923605845990045,8.53824,3.2,3.1,3.2741664440563247,11.069314718055994,12.1,1.5,3.0,2.6,1.5,3.4,10.653535999999999,14.3,2.0,2.0,1.5831776616671935,0.7751432499556374
6.338658613737194,5.764714543755712,8.0,3.905090587826357,2.04,3.2,3.1,2.663531490501371,3.1693147180559946,2.66,2.012,3.0,2.6,1.5,3.4,1.556,1.58,2.0,2.3584,1.7763102111592854,0.5073050103051225
8.66728311735909,7.284133230800119,8.0,4.513615280346161,2.8416,3.2,3.1,3.0281919753920286,5.173314718055995,5.8664000000000005,2.588,3.0,2.6,1.5,3.4,2.6782399999999997,3.1832000000000003,2.0,2.7616,1.8533326774999728,0.6649722944045218
9.8,10.648558344898158,8.0,5.859423292504785,10.0,3.2,3.1,3.835654002775558,11.069314718055994,12.1,6.492000000000001,3.0,2.6,1.5,3.4,12.7,14.3,2.0,5.4944,2.025843196160866,0.8500000000000001
9.8,8.064793365837986,8.0,4.825909369786246,6.01152,3.2,3.1,3.2155504078011163,11.069314718055994,12.1,2.012,3.0,2.6,1.5,3.4,7.116128,9.52304,2.0,2.3584,1.7763102111592854,0.7487701331302756
9.8,9.162249959032927,8.0,5.264899095294779,10.0,3.2,3.1,3.4789399901679023,11.069314718055994,12.1,6.492000000000001,3.0,2.6,1.5,3.4,12.7,14.3,2.0,5.4944,2.025843196160866,0.8500000000000001
3.7183162182386966,3.3465735902799727,8.0,2.8,2.0,3.2,3.1,2.0831776616671935,3.0693147180559945,2.5,1.6280000000000001,3.0,2.6,1.5,3.4,1.5,1.5,2.0,2.0896,1.6663553233343869,0.3298859939432451
9.8,11.071394229335311,8.0,6.0285576722219325,10.0,3.2,3.1,3.937134615040475,11.069314718055994,12.1,14.3,3.0,2.6,1.5,3.4,12.7,14.3,2.0,13.2,2.380041167478922,0.8500000000000001
5.602872152885092,3.3465735902799727,8.0,2.8,2.0,3.2,3.1,2.0831776616671935,3.0693147180559945,2.5,2.9720000000000004,3.0,2.6,1.5,3.4,1.5,1.5,2.0,3.0304,1.886265098984184,0.45748613535159477
7.00459377086953,4.572955074527656,8.0,3.1583518938456114,2.0008,3.2,3.1,2.2335092178866374,3.0713147180559943,2.5032,5.468,3.7,2.6,1.5,3.4,1.50112,1.5016,2.0,4.7776,1.9990659700031606,0.5117693699026244
9.8,9.561183688698165,8.0,5.424473075480466,10.0,3.2,3.1,3.574684085287559,11.069314718055994,12.1,1.5,3.0,2.6,1.5,3.4,12.7,14.3,2.0,2.0,1.5831776616671935,0.8500000000000001
10.0,8.694824936402098,8.0,5.077927712155789,10.0,3.2,3.1,3.3667579847365037,11.069314718055994,12.1,12.892000000000001,3.0,2.6,1.5,3.4,12.7,14.3,2.0,9.9744,2.1231548221068253,0.8174813654701778
4.945460506179461,3.3465735902799727,8.0,2.8,2.0,3.2,3.1,2.0831776616671935,3.0693147180559945,2.5,2.14,3.0,2.6,1.5,3.4,1.5,1.5,2.0,2.448,1.7981887979745599,0.4129738884392343
6.845020229558412,6.125951941582944,8.0,4.049995048451897,2.08272,3.2,3.1,2.7502284659799066,3.2761147180559944,2.83088,1.884,3.0,2.6,1.5,3.4,1.615808,1.66544,2.0,2.2688,1.7495329850015804,0.5415899113763509
9.8,8.756472732385117,8.0,5.102587092984046,10.0,3.2,3.1,3.3815534557724276,11.069314718055994,12.1,1.5,3.0,2.6,1.5,3.4,12.7,14.3,2.0,2.0,1.5831776616671935,0.8236173376831792
9.578579101481294,7.861641875856588,8.0,4.744644775370324,4.672000000000001,3.2,3.1,3.166794050205581,9.749314718055993,12.1,1.5,3.0,2.6,1.5,3.4,5.2408,6.844,2.0,2.0,1.5831776616671935,0.7266746266627959
9.465578313238316,7.791020924965769,8.0,4.716394578309579,4.32,3.2,3.1,3.1498450219917844,8.869314718055994,11.78,1.5,3.0,2.6,1.5,3.4,4.747999999999999,6.14,2.0,2.0,1.5831776616671935,0.7190235316255111
9.627357705075843,7.892126732306215,8.0,4.756839426268961,4.84,3.2,3.1,3.1741104157534914,10.169314718055993,12.1,1.5,3.0,2.6,1.5,3.4,5.475999999999999,7.18,2.0,2.0,1.5831776616671935,0.7299773446145104
6.789095672162963,6.109300059845864,8.0,4.043321220216973,2.08,3.2,3.1,2.7462320143630077,3.2693147180559947,2.82,1.6280000000000001,3.0,2.6,1.5,3.4,1.612,1.6600000000000001,2.0,2.0896,1.6663553233343869,0.5378033528027006
9.8,8.368220076393474,8.0,4.947283682873075,9.36,3.2,3.1,3.288372818334434,11.069314718055994,12.1,2.46,3.0,2.6,1.5,3.4,11.804,14.3,2.0,2.6719999999999997,1.839985601286746,0.7816442388275133
9.08355115209185,7.773795203515029,8.0,4.469470682424868,2.67488,3.2,3.1,3.001710848843607,4.756514718055994,5.19952,1.884,3.7,2.6,1.5,3.4,2.444832,2.84976,2.0,2.2688,1.7495329850015804,0.6525321092562189
9.8,9.72619242626504,8.0,5.490476682942491,10.0,3.2,3.1,3.6142861823036094,11.069314718055994,12.1,12.892000000000001,3.0,2.6,1.5,3.4,12.7,14.3,2.0,9.9744,2.1231548221068253,0.8500000000000001
9.8,8.92171137208715,8.0,5.168683111697065,10.0,3.2,3.1,3.421210729300916,11.069314718055994,12.1,3.804,3.0,2.6,1.5,3.4,12.7,14.3,2.0,3.6128,1.9365103391671663,0.8415883582003387
10.4,8.610679736565508,8.0,4.804263006329866,5.6,3.2,3.1,3.202563136775722,11.069314718055994,12.1,1.5,3.7,2.6,1.5,3.4,6.54,8.7,2.0,2.0,1.5831776616671935,0.7428212308810056
9.8,8.80471292264787,8.0,5.121883353031798,10.0,3.2,3.1,3.3931311014354884,11.069314718055994,12.1,1.948,3.0,2.6,1.5,3.4,12.7,14.3,2.0,2.3136,1.7636669492803463,0.8288606198819908
6.04264392644726,5.654133848700603,8.0,3.860660981611815,2.032,3.2,3.1,2.6369921236881444,3.1493147180559946,2.628,1.5,3.0,2.6,1.5,3.4,1.5448,1.564,2.0,2.0,1.5831776616671935,0.48726234918653333
9.503293195315216,7.814591138562993,8.0,4.725823298828804,4.432,3.2,3.1,3.155501873255118,9.149314718055994,12.1,1.5,3.0,2.6,1.5,3.4,4.9048,6.364000000000001,2.0,2.0,1.5831776616671935,0.7215771434328011
9.8,8.076694936575514,8.0,4.830670185709944,6.10816,3.2,3.1,3.2184067847781233,11.069314718055994,12.1,1.6280000000000001,3.0,2.6,1.5,3.4,7.251423999999999,9.716320000000001,2.0,2.0896,1.6663553233343869,0.7499942665928185
7.225753644805433,6.39166260030198,8.0,4.156438411201358,2.14096,3.2,3.1,2.813999024072475,3.4217147180559944,3.06384,1.5,3.0,2.6,1.5,3.4,1.697344,1.78192,2.0,2.0,1.5831776616671935,0.5673687363670346
9.244593165391548,7.652916176717702,8.0,4.661148291347887,3.76,3.2,3.1,3.1166998824122487,7.469314718055995,9.54,1.5,3.0,2.6,1.5,3.4,3.964,5.0200000000000005,2.0,2.0,1.5831776616671935,0.7040609955733861
9.8,8.375021139862692,8.0,4.950004166998764,9.460799999999999,3.2,3.1,3.2900050735670465,11.069314718055994,12.1,1.756,3.0,2.6,1.5,3.4,11.94512,14.3,2.0,2.1792,1.7150111363073666,0.7823160222897856
8.906135433046432,7.441057022104411,8.0,4.576395036849774,3.152,3.2,3.1,3.0658536853050586,5.949314718055994,7.108,1.564,3.0,2.6,1.5,3.4,3.1128,3.804,2.0,2.0448,1.6318334746401733,0.6811445866125188
5.62028135258812,3.946573590279973,8.0,2.8,2.0,3.2,3.1,2.0831776616671935,3.0693147180559945,2.5,2.204,3.7,2.6,1.5,3.4,1.5,1.5,2.0,2.4928,1.8077939228953843,0.418039883248154
9.8,9.286640954091903,8.0,5.3146556889708805,10.0,3.2,3.1,3.5087938289820566,11.069314718055994,12.1,1.5,3.0,2.6,1.5,3.4,12.7,14.3,2.0,2.0,1.5831776616671935,0.8500000000000001
8.10535880837353,7.1581970720467325,8.0,4.223116425236891,2.1968,3.2,3.1,2.8539672972912156,3.5613147180559945,3.2872,1.756,3.7,2.6,1.5,3.4,1.77552,1.8936,2.0,2.1792,1.7150111363073666,0.5863003359836243
9.8,8.698729247580758,8.0,5.079489454224823,10.0,3.2,3.1,3.367695019419382,11.069314718055994,12.1,2.396,3.0,2.6,1.5,3.4,12.7,14.3,2.0,2.6272,1.8327106466687737,0.8174042685232945
9.8,8.389498977844331,8.0,4.955795424601271,9.68,3.2,3.1,3.2934797546826395,11.069314718055994,12.1,1.82,3.0,2.6,1.5,3.4,12.251999999999999,14.3,2.0,2.224,1.7335092178866376,0.7838894647033641
9.8,8.107998187461465,8.0,4.843191958759026,6.3736,3.2,3.1,3.2259195649907513,11.069314718055994,12.1,1.82,3.0,2.6,1.5,3.4,7.62304,10.2472,2.0,2.224,1.7335092178866376,0.7534140040420423
7.953690671676373,6.846284824033953,8.0,4.338422667919093,2.3504,3.2,3.1,2.9231083577681485,3.9453147180559944,3.9016,1.5,3.0,2.6,1.5,3.4,1.9905599999999999,2.2008,2.0,2.0,1.5831776616671935,0.6166561392280878
7.744565666036775,6.659269774283951,8.0,4.2635752397252995,2.24096,3.2,3.1,2.878224745828148,3.671714718055995,3.4638400000000003,3.804,3.0,2.6,1.5,3.4,1.8373439999999999,1.9819200000000001,2.0,3.6128,1.9365103391671663,0.6024966336379067
8.678428463408272,7.29726226717628,8.0,4.518867880118578,2.864,3.2,3.1,3.031342944122307,5.229314718055995,5.9559999999999995,1.756,3.0,2.6,1.5,3.4,2.7096,3.228,2.0,2.1792,1.7150111363073666,0.6657269272099351
9.8,9.020755226760993,8.0,5.208300911824039,10.0,3.2,3.1,3.444981254422638,11.069314718055994,12.1,4.1240000000000006,3.0,2.6,1.5,3.4,12.7,14.3,2.0,3.8368,1.9513440138832274,0.8500000000000001
7.558546861681554,6.599465620344087,8.0,4.239636715420389,2.21376,3.2,3.1,2.863871748882581,3.6037147180559943,3.35504,1.5,3.0,2.6,1.5,3.4,1.799264,1.92752,2.0,2.0,1.5831776616671935,0.5899016104263552
9.8,8.154509662544417,8.0,4.861797198684417,6.8,3.2,3.1,3.23708231901066,11.069314718055994,12.1,14.3,3.0,2.6,1.5,3.4,8.219999999999999,11.100000000000001,2.0,13.2,2.1748821007424803,0.760830754706957
9.8,8.140568003323759,8.0,4.856220346497703,6.668,3.2,3.1,3.233736320797702,11.069314718055994,12.1,14.3,3.0,2.6,1.5,3.4,8.0352,10.836,2.0,11.721599999999999,2.14668860757798,0.7588708143266596
5.3155593237379515,3.3465735902799727,8.0,2.8,2.0,3.2,3.1,2.0831776616671935,3.0693147180559945,2.5,2.524,3.0,2.6,1.5,3.4,1.5,1.5,2.0,2.7168,1.8468446109475396,0.43803266254475715
5.7517237936211405,3.946573590279973,8.0,2.8,2.0,3.2,3.1,2.0831776616671935,3.0693147180559945,2.5,2.332,3.7,2.6,1.5,3.4,1.5,1.5,2.0,2.5824,1.8249660241322652,0.4269396318597647
5.727106466687737,4.40471895621705,8.0,3.077258872223978,2.00048,3.2,3.1,2.193132549492092,3.0705147180559944,2.50192,2.268,3.7,2.6,1.5,3.4,1.500672,1.50096,2.0,2.5376,1.816686879553831,0.4252728336819822
5.636632436477393,4.9756218592907135,8.0,3.586365126544865,2.008,3.2,3.1,2.4741492462297714,3.0893147180559946,2.532,2.396,3.0,2.6,1.5,3.4,1.5112,1.516,2.0,2.6272,1.8327106466687737,0.45977198788649015
6.517723094109392,5.649158683274019,8.0,3.8586609649448986,2.03168,3.2,3.1,2.6357980839857644,3.1485147180559947,2.62672,3.612,3.0,2.6,1.5,3.4,1.544352,1.56336,2.0,3.4783999999999997,1.9266417673787295,0.5194291678303234
9.8,8.701572040272683,8.0,5.0806265840284945,10.0,3.2,3.1,3.368377289665444,11.069314718055994,12.1,1.884,3.0,2.6,1.5,3.4,12.7,14.3,2.0,2.2688,1.7495329850015804,0.8176878325615744
5.545460506179461,3.946573590279973,8.0,2.8,2.0,3.2,3.1,2.0831776616671935,3.0693147180559945,2.5,2.14,3.7,2.6,1.5,3.4,1.5,1.5,2.0,2.448,1.7981887979745599,0.4129738884392343
7.194304508633523,6.329005522935374,8.0,4.131345304835678,2.12432,3.2,3.1,2.79896132550449,3.3801147180559945,2.99728,2.396,3.0,2.6,1.5,3.4,1.674048,1.74864,2.0,2.6272,1.8327106466687737,0.5652393677720615
10.4,8.885684102924094,8.0,4.91426851316174,8.24,3.2,3.1,3.2685641847017823,11.069314718055994,12.1,1.5,3.7,2.6,1.5,3.4,10.235999999999999,13.98,2.0,2.0,1.5831776616671935,0.7726143889813046
8.959803620148882,7.472992062413949,8.0,4.589170771425518,3.2279999999999998,3.2,3.1,3.073518094979348,6.139314718055995,7.412,1.884,3.0,2.6,1.5,3.4,3.2192,3.956,2.0,2.2688,1.7495329850015804,0.6847783701142472
9.8,9.461958658358686,8.0,5.384782975540381,10.0,3.2,3.1,3.550870078006085,11.069314718055994,12.1,6.044,3.0,2.6,1.5,3.4,12.7,14.3,2.0,5.1808,2.014855132937807,0.8500000000000001
9.8,8.865339256797725,8.0,5.146134094064528,10.0,3.2,3.1,3.4076814216314535,11.069314718055994,12.1,3.1,3.0,2.6,1.5,3.4,12.7,14.3,2.0,3.12,1.8955004239205195,0.8354657496621272
5.903918971938459,5.567899218525131,8.0,3.8259797429846145,2.02688,3.2,3.1,2.6162958124460314,3.1365147180559947,2.60752,1.5,3.0,2.6,1.5,3.4,1.5376319999999999,1.55376,2.0,2.0,1.5831776616671935,0.47786951372499986
9.8,8.198573335690105,8.0,4.879423230294719,7.24224,3.2,3.1,3.247657600565625,11.069314718055994,12.1,2.46,3.0,2.6,1.5,3.4,8.839136,11.984480000000001,2.0,2.6719999999999997,1.839985601286746,0.763300972193178
9.8,10.288942624573961,8.0,5.7155769565181265,10.0,3.2,3.1,3.7493462298977507,11.069314718055994,12.1,4.828,3.0,2.6,1.5,3.4,12.7,14.3,2.0,4.329599999999999,1.9786780855877129,0.8500000000000001
9.8,9.139201304696059,8.0,5.255679591652355,10.0,3.2,3.1,3.4734083131270537,11.069314718055994,12.1,1.6280000000000001,3.0,2.6,1.5,3.4,12.7,14.3,2.0,2.0896,1.6663553233343869,0.8500000000000001
9.8,9.980882212798175,8.0,5.592352712331526,10.0,3.2,3.1,3.675411731071562,11.069314718055994,12.1,1.6280000000000001,3.0,2.6,1.5,3.4,12.7,14.3,2.0,2.0896,1.6663553233343869,0.8500000000000001
9.231690842296553,7.631276621711558,8.0,4.652491665247658,3.68544,3.2,3.1,3.111506389210774,7.282914718055994,9.24176,5.212,3.0,2.6,1.5,3.4,3.859616,4.87088,2.0,4.5984,1.991321347466652,0.7031874007804959
9.8,8.42934562895444,8.0,4.971734404207129,10.0,3.2,3.1,3.3030429509490657,11.069314718055994,12.1,9.884,3.0,2.6,1.5,3.4,12.7,14.3,2.0,7.8688,2.0868418953866104,0.7888563184484738
9.515410682320665,7.822164073508774,8.0,4.728852670580166,4.46912,3.2,3.1,3.157319377642106,9.242114718055992,12.1,1.5,3.0,2.6,1.5,3.4,4.956768,6.43824,2.0,2.0,1.5831776616671935,0.7223975982821282
5.918530161214202,5.678293137336006,8.0,3.8703716266952135,2.0336,3.2,3.1,2.6427903529606414,3.1533147180559946,2.6344,1.6280000000000001,3.0,2.6,1.5,3.4,1.54704,1.5672,2.0,2.0896,1.6663553233343869,0.49240047966554495
9.8,10.110528498049199,8.0,5.6442112658971455,10.0,3.2,3.1,3.7065268395318074,11.069314718055994,12.1,1.884,3.0,2.6,1.5,3.4,12.7,14.3,2.0,2.2688,1.7495329850015804,0.8500000000000001
10.4,10.128113924197462,8.0,5.4112451423299275,10.0,3.2,3.1,3.566747341807391,11.069314718055994,12.1,2.9080000000000004,3.7,2.6,1.5,3.4,12.7,14.3,2.0,2.9856,1.8813664596417534,0.8500000000000001
9.8,10.361884962296227,8.0,5.744753904273378,10.0,3.2,3.1,3.7668523909510943,11.069314718055994,12.1,9.052,3.0,2.6,1.5,3.4,12.7,14.3,2.0,7.2863999999999995,2.0744990091338456,0.8500000000000001
9.8,9.26769179344575,8.0,5.307075997957722,10.0,3.2,3.1,3.50424603042698,11.069314718055994,12.1,1.756,3.0,2.6,1.5,3.4,12.7,14.3,2.0,2.1792,1.7150111363073666,0.8500000000000001
10.4,9.356487731860135,8.0,5.1025930928340495,10.0,3.2,3.1,3.3815570556464323,11.069314718055994,12.1,2.8440000000000003,3.7,2.6,1.5,3.4,12.7,14.3,2.0,2.9408,1.876259305911498,0.8236758055315425
7.869037045722176,6.7483262190841415,8.0,4.299219469035191,2.288,3.2,3.1,2.899598292580194,3.7893147180559943,3.652,3.676,3.0,2.6,1.5,3.4,1.9032,2.076,2.0,3.5232,1.9300222726147331,0.6109243833041057
8.622664748661355,7.258796555718782,8.0,4.5034786342837805,2.8,3.2,3.1,3.0221111733725077,5.0693147180559945,5.699999999999999,2.204,3.0,2.6,1.5,3.4,2.62,3.1,2.0,2.4928,1.8077939228953843,0.6619512590239459
6.79688541238525,6.109300059845864,8.0,4.043321220216973,2.08,3.2,3.1,2.7462320143630077,3.2693147180559947,2.82,1.692,3.0,2.6,1.5,3.4,1.612,1.6600000000000001,2.0,2.1344,1.6931325494920921,0.5383307831302513
7.392205200395105,6.454876640822405,8.0,4.181750955863044,2.16,3.2,3.1,2.8291703937973773,3.4693147180559945,3.14,2.588,3.0,2.6,1.5,3.4,1.724,1.82,2.0,2.7616,1.8533326774999728,0.5786388937767519
8.76174229250374,7.349924013000156,8.0,4.539936280197903,2.96,3.2,3.1,3.0439817631200374,5.469314718055995,6.34,1.692,3.0,2.6,1.5,3.4,2.844,3.42,2.0,2.1344,1.6931325494920921,0.6713679677216073
9.8,9.203497563736633,8.0,5.281398207517143,10.0,3.2,3.1,3.488839415296792,11.069314718055994,12.1,1.5,3.0,2.6,1.5,3.4,12.7,14.3,2.0,2.0,1.5831776616671935,0.8500000000000001
8.16462062522735,6.97806317560675,8.0,4.391155156306837,2.45616,3.2,3.1,2.95473516214562,4.209714718055994,4.32464,1.5,3.0,2.6,1.5,3.4,2.138624,2.4123200000000002,2.0,2.0,1.5831776616671935,0.6309378548331017
5.530751275289654,3.3465735902799727,8.0,2.8,2.0,3.2,3.1,2.0831776616671935,3.0693147180559945,2.5,2.8440000000000003,3.0,2.6,1.5,3.4,1.5,1.5,2.0,2.9408,1.876259305911498,0.45260295093107034
8.954073309785482,7.471361165280071,8.0,4.58851832744637,3.224,3.2,3.1,3.073126679667217,6.129314718055995,7.396,1.5,3.0,2.6,1.5,3.4,3.2135999999999996,3.9480000000000004,2.0,2.0,1.5831776616671935,0.6843903803500586
9.8,9.19726061352375,8.0,5.2789034171646945,10.0,3.2,3.1,3.4873425472456994,11.069314718055994,12.1,1.884,3.0,2.6,1.5,3.4,12.7,14.3,2.0,2.2688,1.7495329850015804,0.8500000000000001
5.221332895212845,4.74825378073324,8.0,3.493147180559945,2.00496,3.2,3.1,2.4195809073759778,3.0817147180559945,2.51984,2.012,3.0,2.6,1.5,3.4,1.506944,1.50992,2.0,2.3584,1.7763102111592854,0.43165274811336973
5.451478553174269,3.3465735902799727,8.0,2.8,2.0,3.2,3.1,2.0831776616671935,3.0693147180559945,2.5,2.716,3.0,2.6,1.5,3.4,1.5,1.5,2.0,2.8512,1.8653426925268106,0.44723552703784114
7.425393007010503,6.462797598555234,8.0,4.184922479209712,2.16256,3.2,3.1,2.831071423653256,3.4757147180559946,3.15024,2.9720000000000004,3.0,2.6,1.5,3.4,1.727584,1.82512,2.0,3.0304,1.886265098984184,0.5808859848496695
8.164340071130137,6.977887890767093,8.0,4.391085017782534,2.456,3.2,3.1,2.9546930937841025,4.209314718055994,4.324,1.5,3.0,2.6,1.5,3.4,2.1384,2.412,2.0,2.0,1.5831776616671935,0.6309188589827697
9.8,10.439507180003549,8.0,5.775802802952604,10.0,3.2,3.1,3.785481723200852,11.069314718055994,12.1,3.9320000000000004,3.0,2.6,1.5,3.4,12.7,14.3,2.0,3.7024,1.9426655344936723,0.8500000000000001
5.399847736264212,4.629048269010741,8.0,3.4437751649736406,2.00384,3.2,3.1,2.390971584562578,3.0789147180559944,2.51536,2.332,3.0,2.6,1.5,3.4,1.505376,1.50768,2.0,2.5824,1.8249660241322652,0.44373969047622275
7.871468658536494,6.7949207560913285,8.0,4.317867164634124,2.31616,3.2,3.1,2.9107809814619188,3.8597147180559945,3.76464,1.5,3.0,2.6,1.5,3.4,1.942624,2.13232,2.0,2.0,1.5831776616671935,0.6110890237550751
1.8,3.3465735902799727,8.0,2.8,2.0,3.2,3.1,2.0831776616671935,3.0693147180559945,2.5,1.5,3.0,2.6,1.5,3.4,1.5,1.5,2.0,2.0,1.5831776616671935,0.2
8.481121867666987,7.4009509799375826,8.0,4.3202804669167465,2.32,3.2,3.1,2.9122282351850197,3.8693147180559944,3.7800000000000002,1.5,3.7,2.6,1.5,3.4,1.948,2.14,2.0,2.0,1.5831776616671935,0.6117426264566189
5.7646616460810085,5.426015131959808,8.0,3.768837417291718,2.02016,3.2,3.1,2.5822436316703543,3.1197147180559943,2.58064,1.692,3.0,2.6,1.5,3.4,1.528224,1.54032,2.0,2.1344,1.6931325494920921,0.468440632286735
4.945460506179461,3.3465735902799727,8.0,2.8,2.0,3.2,3.1,2.0831776616671935,3.0693147180559945,2.5,2.14,3.0,2.6,1.5,3.4,1.5,1.5,2.0,2.448,1.7981887979745599,0.4129738884392343
8.32221924219526,7.0765309734005255,8.0,4.430554810548815,2.55552,3.2,3.1,2.978367433616126,4.458114718055994,4.72208,1.5,3.0,2.6,1.5,3.4,2.2777279999999998,2.61104,2.0,2.0,1.5831776616671935,0.6416085945236374
5.922633275598224,5.368099224197248,8.0,3.745477563742468,2.01792,3.2,3.1,2.5683438138073393,3.1141147180559945,2.57168,2.268,3.0,2.6,1.5,3.4,1.525088,1.53584,2.0,2.5376,1.816686879553831,0.4791366280352964
10.4,9.738118748323647,8.0,5.25524656708716,10.0,3.2,3.1,3.4731484995976754,11.069314718055994,12.1,2.46,3.7,2.6,1.5,3.4,12.7,14.3,2.0,2.6719999999999997,1.839985601286746,0.8500000000000001
8.828676270368971,7.3929991040491645,8.0,4.557169067592243,3.0464,3.2,3.1,3.0543197849717996,5.685314718055994,6.6856,1.5,3.0,2.6,1.5,3.4,2.9649599999999996,3.5928,2.0,2.0,1.5831776616671935,0.6758999558062324
7.960960144685957,6.842851530617274,8.0,4.337048721595167,2.348,3.2,3.1,2.9222843673481456,3.9393147180559946,3.892,1.948,3.0,2.6,1.5,3.4,1.9871999999999999,2.196,2.0,2.3136,1.7636669492803463,0.6171483431297784
7.844305555392219,6.775330621552667,8.0,4.310027068497686,2.304,3.2,3.1,2.90607934917264,3.8293147180559943,3.716,1.6280000000000001,3.0,2.6,1.5,3.4,1.9256,2.108,2.0,2.0896,1.6663553233343869,0.6092498553130148
9.8,9.319227765494372,8.0,5.3276904572358434,10.0,3.2,3.1,3.516614663718649,11.069314718055994,12.1,14.3,3.0,2.6,1.5,3.4,12.7,14.3,2.0,13.110399999999998,2.1625753101434695,0.8500000000000001
9.799074548682304,7.99944431864969,8.0,4.799768637170576,5.52,3.2,3.1,3.1998666364759254,11.069314718055994,12.1,1.5,3.0,2.6,1.5,3.4,6.428,8.540000000000001,2.0,2.0,1.5831776616671935,0.7416040059003643
10.4,9.57433054804832,8.0,5.189730925637757,10.0,3.2,3.1,3.4338393315315967,11.069314718055994,12.1,1.5,3.7,2.6,1.5,3.4,12.7,14.3,2.0,2.0,1.5831776616671935,0.8472187923602257
9.79160859942077,8.205520063545228,8.0,4.64218803840963,3.6008,3.2,3.1,3.105324815250855,7.071314718055994,8.9032,5.212,3.7,2.6,1.5,3.4,3.74112,4.7016,2.0,4.5984,1.991321347466652,0.7004734989191148
8.46292548047581,7.380560794765119,8.0,4.312120232553712,2.3072,3.2,3.1,2.9073345907436288,3.8373147180559943,3.7287999999999997,1.948,3.7,2.6,1.5,3.4,1.93008,2.1144,2.0,2.3136,1.7636669492803463,0.6105105794072163
8.292894745287493,7.028213383761492,8.0,4.4112219319090125,2.50432,3.2,3.1,2.966771212102758,4.330114718055994,4.5172799999999995,3.9960000000000004,3.0,2.6,1.5,3.4,2.206048,2.5086399999999998,2.0,3.7472,1.9456286480045168,0.639623081712174
9.8,9.23117846291727,8.0,5.292470611243483,10.0,3.2,3.1,3.4954828311001447,11.069314718055994,12.1,14.3,3.0,2.6,1.5,3.4,12.7,14.3,2.0,13.2,2.205998686618593,0.8500000000000001
10.4,8.885748198092687,8.0,4.914294151886504,8.2408,3.2,3.1,3.268579567542245,11.069314718055994,12.1,11.100000000000001,3.7,2.6,1.5,3.4,10.237119999999999,13.9816,2.0,8.719999999999999,2.102865662501553,0.7736529528214278
7.327003823452176,6.454876640822405,8.0,4.181750955863044,2.16,3.2,3.1,2.8291703937973773,3.4693147180559945,3.14,1.5,3.0,2.6,1.5,3.4,1.724,1.82,2.0,2.0,1.5831776616671935,0.5742242172129077
9.246409119319704,7.652916176717702,8.0,4.661148291347887,3.76,3.2,3.1,3.1166998824122487,7.469314718055995,9.54,1.82,3.0,2.6,1.5,3.4,3.964,5.0200000000000005,2.0,2.224,1.7335092178866376,0.7041839507872716
9.8,9.44961241303881,8.0,5.379844465217398,10.0,3.2,3.1,3.5479069791293143,11.069314718055994,12.1,1.5,3.0,2.6,1.5,3.4,12.7,14.3,2.0,2.0,1.5831776616671935,0.8500000000000001
8.026912476977003,6.892028501319965,8.0,4.35672811924425,2.384,3.2,3.1,2.9340868403167915,4.0293147180559945,4.036,1.5,3.0,2.6,1.5,3.4,2.0376,2.268,2.0,2.0,1.5831776616671935,0.6216138656286512
7.287398066211493,6.633054045051873,8.0,4.012757041737522,2.06864,3.2,3.1,2.7279329708124496,3.2409147180559947,2.77456,1.756,3.7,2.6,1.5,3.4,1.596096,1.63728,2.0,2.1792,1.7150111363073666,0.5309175773997366
8.76107712243133,7.349924013000156,8.0,4.539936280197903,2.96,3.2,3.1,3.0439817631200374,5.469314718055995,6.34,1.6280000000000001,3.0,2.6,1.5,3.4,2.844,3.42,2.0,2.0896,1.6663553233343869,0.6713229301646213
6.666175034612295,6.268769039850659,8.0,3.8665437586530738,2.03296,3.2,3.1,2.640504569564158,3.1517147180559943,2.63184,1.5,3.7,2.6,1.5,3.4,1.546144,1.56592,2.0,2.0,1.5831776616671935,0.48885560130187417
10.4,11.325308303505212,8.0,5.8901232824157415,10.0,3.2,3.1,3.854073992841251,11.069314718055994,12.1,2.46,3.7,2.6,1.5,3.4,12.7,14.3,2.0,2.6719999999999997,1.839985601286746,0.8500000000000001
10.4,11.388405581675086,8.0,5.9153621983057825,10.0,3.2,3.1,3.869217339602021,11.069314718055994,12.1,6.044,3.7,2.6,1.5,3.4,12.7,14.3,2.0,5.1808,2.014855132937807,0.8500000000000001
9.8,9.191969228442245,8.0,5.276786854320407,10.0,3.2,3.1,3.4860726148261385,11.069314718055994,12.1,2.14,3.0,2.6,1.5,3.4,12.7,14.3,2.0,2.448,1.7981887979745599,0.8500000000000001
9.8,8.217851389490296,8.0,4.88713468268469,7.44832,3.2,3.1,3.2522843334776708,11.069314718055994,12.1,1.5,3.0,2.6,1.5,3.4,9.127647999999999,12.39664,2.0,2.0,1.5831776616671935,0.7652656432271037
8.433437684038987,7.146023818715677,8.0,4.458359421009747,2.6384,3.2,3.1,2.9950457164917625,4.665314718055995,5.053599999999999,1.5,3.0,2.6,1.5,3.4,2.39376,2.7768,2.0,2.0,1.5831776616671935,0.6491390098568064
6.566739754423826,5.967447097809794,8.0,3.986449037489602,2.06016,3.2,3.1,2.7121873034743507,3.2197147180559944,2.74064,1.6280000000000001,3.0,2.6,1.5,3.4,1.584224,1.62032,2.0,2.0896,1.6663553233343869,0.5227480042057799
5.813823869451939,5.511940260423138,8.0,3.803455967362985,2.024,3.2,3.1,2.602865662501553,3.1293147180559946,2.596,1.5,3.0,2.6,1.5,3.4,1.5336,1.548,2.0,2.0,1.5831776616671935,0.4717693244941417
8.664658396108253,7.513620450876406,8.0,4.3653684196316584,2.40096,3.2,3.1,2.9392689082103374,4.071714718055994,4.10384,1.6280000000000001,3.7,2.6,1.5,3.4,2.061344,2.30192,2.0,2.0896,1.6663553233343869,0.6241695789031629
8.635223876295838,7.258796555718782,8.0,4.5034786342837805,2.8,3.2,3.1,3.0221111733725077,5.0693147180559945,5.699999999999999,3.228,3.0,2.6,1.5,3.4,2.62,3.1,2.0,3.2096,1.9040754995983769,0.6628016166241975
9.8,10.34529440120954,8.0,5.738117677117917,10.0,3.2,3.1,3.7628706562902896,11.069314718055994,12.1,14.3,3.0,2.6,1.5,3.4,12.7,14.3,2.0,11.363199999999999,2.142222976017128,0.8500000000000001
8.000836094377442,6.875737659010728,8.0,4.350209023594361,2.37168,3.2,3.1,2.930177038162575,3.9985147180559943,3.98672,1.5,3.0,2.6,1.5,3.4,2.020352,2.24336,2.0,2.0,1.5831776616671935,0.6198482772234726
8.97756501699655,7.4751367332786876,8.0,4.590028751291852,3.2332799999999997,3.2,3.1,3.074032815986885,6.152514718055994,7.43312,3.676,3.0,2.6,1.5,3.4,3.226592,3.9665600000000003,2.0,3.5232,1.9300222726147331,0.6859809646924748
7.51219253365228,6.756774023138547,8.0,4.062346961830583,2.088,3.2,3.1,2.7576257655532515,3.2893147180559947,2.852,2.076,3.7,2.6,1.5,3.4,1.6232,1.676,2.0,2.4032,1.7877474327358045,0.5461380361327064
9.8,8.834973153825443,8.0,5.133987552150383,10.0,3.2,3.1,3.400393556918106,11.069314718055994,12.1,1.884,3.0,2.6,1.5,3.4,12.7,14.3,2.0,2.2688,1.7495329850015804,0.8321355156972849
10.4,9.117460960785733,8.0,5.006981158585883,10.0,3.2,3.1,3.324190630588576,11.069314718055994,12.1,2.332,3.7,2.6,1.5,3.4,12.7,14.3,2.0,2.5824,1.8249660241322652,0.7977808207562072
6.341403041814625,5.840086304508533,8.0,3.935350760453656,2.04656,3.2,3.1,2.681620713082048,3.1857147180559946,2.68624,1.5,3.0,2.6,1.5,3.4,1.565184,1.59312,2.0,2.0,1.5831776616671935,0.5074908309561986
8.957620524778157,7.473577885562395,8.0,4.589405131194539,3.2294400000000003,3.2,3.1,3.0736586925349747,6.142914718055994,7.4177599999999995,1.5,3.0,2.6,1.5,3.4,3.221216,3.95888,2.0,2.0,1.5831776616671935,0.6846305563651878
9.8,9.188280988408746,8.0,5.275311552109635,10.0,3.2,3.1,3.485187437218099,11.069314718055994,12.1,3.356,3.0,2.6,1.5,3.4,12.7,14.3,2.0,3.2992,1.9120784645382176,0.8500000000000001
9.8,9.561191688602165,8.0,5.424476275448466,10.0,3.2,3.1,3.5746860052645197,11.069314718055994,12.1,3.9320000000000004,3.0,2.6,1.5,3.4,12.7,14.3,2.0,3.7024,1.9426655344936723,0.8500000000000001
8.121101883034093,6.950873759260072,8.0,4.380275470758523,2.432,3.2,3.1,2.9482097022224174,4.149314718055995,4.228,1.5,3.0,2.6,1.5,3.4,2.1048,2.364,2.0,2.0,1.5831776616671935,0.6279912733304334
8.396517520699089,7.122298378191249,8.0,4.448866809571219,2.6088,3.2,3.1,2.9893516107658997,4.591314718055995,4.9352,1.564,3.0,2.6,1.5,3.4,2.3523199999999997,2.7176,2.0,2.0448,1.6318334746401733,0.6466392071306675
9.8,10.239581249631254,8.0,5.695832396859021,10.0,3.2,3.1,3.7374994999115008,11.069314718055994,12.1,14.3,3.0,2.6,1.5,3.4,12.7,14.3,2.0,13.2,2.2631488642406854,0.8500000000000001
8.81111760571157,7.381635857006471,8.0,4.5526230659239575,3.02288,3.2,3.1,3.051592605681553,5.6265147180559945,6.59152,1.564,3.0,2.6,1.5,3.4,2.932032,3.54576,2.0,2.0448,1.6318334746401733,0.6747110878867209
9.8,8.461185486583389,8.0,4.984470584622796,10.0,3.2,3.1,3.3106845167800136,11.069314718055994,12.1,6.428000000000001,3.0,2.6,1.5,3.4,12.7,14.3,2.0,5.4496,2.024333742296043,0.792002570295087
8.88646737775933,7.426975550757305,8.0,4.570761654995439,3.12,3.2,3.1,3.0624741321817535,5.869314718055994,6.9799999999999995,1.884,3.0,2.6,1.5,3.4,3.068,3.7399999999999998,2.0,2.2688,1.7495329850015804,0.6798128953691214
7.38406075244941,6.42347156979269,8.0,4.16917597505281,2.15024,3.2,3.1,2.8216331767502454,3.4449147180559945,3.10096,3.228,3.0,2.6,1.5,3.4,1.710336,1.80048,2.0,3.2096,1.9040754995983769,0.5780874467804289
6.153934168417434,3.3465735902799727,8.0,2.8,2.0,3.2,3.1,2.0831776616671935,3.0693147180559945,2.5,4.444000000000001,3.0,2.6,1.5,3.4,1.5,1.5,2.0,4.0608,1.964544121308947,0.49479762598659716
9.8,8.80415418470139,8.0,5.1216598558226964,10.0,3.2,3.1,3.3929970043283335,11.069314718055994,12.1,3.036,3.0,2.6,1.5,3.4,12.7,14.3,2.0,3.0751999999999997,1.8909715845625779,0.8288419325637608
8.211997515478641,6.950873759260072,8.0,4.380275470758523,2.432,3.2,3.1,2.9482097022224174,4.149314718055995,4.228,5.66,3.0,2.6,1.5,3.4,2.1048,2.364,2.0,4.912,2.004563114326916,0.634145665110533
9.8,9.954805457659685,8.0,5.581922001025508,10.0,3.2,3.1,3.6691533098383244,11.069314718055994,12.1,2.012,3.0,2.6,1.5,3.4,12.7,14.3,2.0,2.3584,1.7763102111592854,0.8500000000000001
6.722186155763283,6.077429047008209,8.0,4.030546538940821,2.07504,3.2,3.1,2.73858297128197,3.2569147180559943,2.80016,1.5,3.0,2.6,1.5,3.4,1.605056,1.65008,2.0,2.0,1.5831776616671935,0.533273020963139
6.50442638912056,5.71686100177712,8.0,3.8858691257908884,2.03632,3.2,3.1,2.6520466404265086,3.1601147180559948,2.64528,3.164,3.0,2.6,1.5,3.4,1.550848,1.57264,2.0,3.1647999999999996,1.8998645412210244,0.5185288700967046
8.474462296935506,7.171657940702473,8.0,4.468615574233876,2.672,3.2,3.1,3.0011979057685934,4.749314718055994,5.188000000000001,1.5,3.0,2.6,1.5,3.4,2.4408,2.8440000000000003,2.0,2.0,1.5831776616671935,0.651916718021675
9.8,9.287837830333633,8.0,5.315134441123663,10.0,3.2,3.1,3.5090810792800715,11.069314718055994,12.1,2.204,3.0,2.6,1.5,3.4,12.7,14.3,2.0,2.4928,1.8077939228953843,0.8500000000000001
9.8,10.299706507517138,8.0,5.719882511682717,10.0,3.2,3.1,3.751929561804113,11.069314718055994,12.1,14.3,3.0,2.6,1.5,3.4,12.7,14.3,2.0,13.2,2.185251242084984,0.8500000000000001
9.492697715623112,7.807969402264791,8.0,4.723174428905778,4.4,3.2,3.1,3.15391265654355,9.069314718055994,12.1,1.5,3.0,2.6,1.5,3.4,4.859999999999999,6.300000000000001,2.0,2.0,1.5831776616671935,0.7208597411619815
9.8,8.837096806283174,8.0,5.1348370203783675,10.0,3.2,3.1,3.400903233507962,11.069314718055994,12.1,1.884,3.0,2.6,1.5,3.4,12.7,14.3,2.0,2.2688,1.7495329850015804,0.8323655211588423
9.8,9.054643188421242,8.0,5.221856173740566,10.0,3.2,3.1,3.4531143652210976,11.069314718055994,12.1,1.82,3.0,2.6,1.5,3.4,12.7,14.3,2.0,2.224,1.7335092178866376,0.8500000000000001
7.102433100943626,6.3113681619749205,8.0,4.124281130352827,2.12,3.2,3.1,2.794728358873981,3.3693147180559944,2.98,1.564,3.0,2.6,1.5,3.4,1.668,1.74,2.0,2.0448,1.6318334746401733,0.5590189078763914
8.054744217656525,6.909416221901703,8.0,4.363686054414131,2.3976,3.2,3.1,2.9382598932564084,4.063314718055994,4.0904,1.5,3.0,2.6,1.5,3.4,2.05664,2.2952,2.0,2.0,1.5831776616671935,0.6234983064038273
9.402467688016182,7.751579614266558,8.0,4.700616922004046,4.144,3.2,3.1,3.140379107423974,8.429314718055993,11.075999999999999,1.5,3.0,2.6,1.5,3.4,4.5016,5.788,2.0,2.0,1.5831776616671935,0.7147504163760958
8.321066670320347,7.067087136068952,8.0,4.426776177589842,2.54512,3.2,3.1,2.9761009126565483,4.4321147180559946,4.680479999999999,2.268,3.0,2.6,1.5,3.4,2.2631680000000003,2.59024,2.0,2.5376,1.816686879553831,0.64153055580294
1.8,3.3465735902799727,8.0,2.8,2.0,3.2,3.1,2.0831776616671935,3.0693147180559945,2.5,1.5,3.0,2.6,1.5,3.4,1.5,1.5,2.0,2.0,1.5831776616671935,0.2
9.8,9.657414157861451,8.0,5.4629653331750125,10.0,3.2,3.1,3.597779397886748,11.069314718055994,12.1,2.652,3.0,2.6,1.5,3.4,12.7,14.3,2.0,2.8064,1.8594878728264788,0.8500000000000001
9.8,9.039125318796042,8.0,5.215648991164466,10.0,3.2,3.1,3.44939007651105,11.069314718055994,12.1,1.82,3.0,2.6,1.5,3.4,12.7,14.3,2.0,2.224,1.7335092178866376,0.8500000000000001
9.8,8.975677287139918,8.0,5.190269624753952,10.0,3.2,3.1,3.43416254891358,11.069314718055994,12.1,2.524,3.0,2.6,1.5,3.4,12.7,14.3,2.0,2.7168,1.8468446109475396,0.8473926351281964
7.392205200395105,6.4623061980242795,8.0,4.184725725627685,2.1624,3.2,3.1,2.8309534875258273,3.4753147180559947,3.1496,2.396,3.0,2.6,1.5,3.4,1.72736,1.8248,2.0,2.6272,1.8327106466687737,0.5786388937767519
9.62915839234782,7.893252098525155,8.0,4.757289598086955,4.8464,3.2,3.1,3.174380503646037,10.185314718055993,12.1,1.5,3.0,2.6,1.5,3.4,5.484959999999999,7.1928,2.0,2.0,1.5831776616671935,0.7300992661485504
10.4,10.878724427537074,8.0,5.711489675776803,10.0,3.2,3.1,3.746893862608898,11.069314718055994,12.1,4.572,3.7,2.6,1.5,3.4,12.7,14.3,2.0,4.150399999999999,1.9694427606513776,0.8500000000000001
5.264586672229065,3.3465735902799727,8.0,2.8,2.0,3.2,3.1,2.0831776616671935,3.0693147180559945,2.5,2.46,3.0,2.6,1.5,3.4,1.5,1.5,2.0,2.6719999999999997,1.839985601286746,0.4345813892655096
6.153934168417434,3.3465735902799727,8.0,2.8,2.0,3.2,3.1,2.0831776616671935,3.0693147180559945,2.5,4.444000000000001,3.0,2.6,1.5,3.4,1.5,1.5,2.0,4.0608,1.964544121308947,0.49479762598659716
9.8,9.90776627886114,8.0,5.563106311548755,10.0,3.2,3.1,3.657863906926673,11.069314718055994,12.1,9.5,3.0,2.6,1.5,3.4,12.7,14.3,2.0,7.6,2.081302450375031,0.8500000000000001
10.4,10.773069992748171,8.0,5.669227879452313,10.0,3.2,3.1,3.721536798259561,11.069314718055994,12.1,3.164,3.7,2.6,1.5,3.4,12.7,14.3,2.0,3.1647999999999996,1.8998645412210244,0.8500000000000001
9.8,10.947924286346023,8.0,5.979169689560808,10.0,3.2,3.1,3.907501828723045,11.069314718055994,12.1,3.1,3.0,2.6,1.5,3.4,12.7,14.3,2.0,3.12,1.8955004239205195,0.8500000000000001
9.8,8.07329529079497,8.0,4.829310274257094,6.08032,3.2,3.1,3.217590869790793,11.069314718055994,12.1,1.6280000000000001,3.0,2.6,1.5,3.4,7.212448,9.660639999999999,2.0,2.0896,1.6663553233343869,0.7496261011129535
7.66451130982796,6.812434511952693,8.0,4.084649392706704,2.0984,3.2,3.1,2.7709842828686466,3.3153147180559945,2.8936,2.8440000000000003,3.7,2.6,1.5,3.4,1.63776,1.6968,2.0,2.9408,1.876259305911498,0.5564512866029347
8.388500575971449,7.056713319971827,8.0,4.422625420844356,2.53392,3.2,3.1,2.9736111967932386,4.404114718055994,4.63568,7.0680000000000005,3.0,2.6,1.5,3.4,2.2474879999999997,2.5678400000000003,2.0,5.897599999999999,2.0386363643678567,0.6460963931647334
9.515307001656964,7.8211263250495975,8.0,4.728437544271693,4.464,3.2,3.1,3.1570703180119035,9.229314718055994,12.1,1.884,3.0,2.6,1.5,3.4,4.9496,6.428000000000001,2.0,2.2688,1.7495329850015804,0.7223905782371902
8.242346429438054,7.025032711457983,8.0,4.409949258190438,2.5011200000000002,3.2,3.1,2.9660078507499157,4.322114718055994,4.50448,1.6280000000000001,3.0,2.6,1.5,3.4,2.201568,2.50224,2.0,2.0896,1.6663553233343869,0.6362005394932015
9.8,8.427707831000706,8.0,4.971079272402405,10.0,3.2,3.1,3.3026498794401697,11.069314718055994,12.1,1.756,3.0,2.6,1.5,3.4,12.7,14.3,2.0,2.1792,1.7150111363073666,0.7880215407649089
8.003179309378144,7.054876640822405,8.0,4.181750955863044,2.16,3.2,3.1,2.8291703937973773,3.4693147180559945,3.14,2.7800000000000002,3.7,2.6,1.5,3.4,1.724,1.82,2.0,2.896,1.870925094402998,0.5793819324058118
9.185759765063262,7.6132052760768385,8.0,4.645262428297176,3.6256,3.2,3.1,3.1071692662584414,7.133314718055995,9.0024,2.268,3.0,2.6,1.5,3.4,3.7758399999999996,4.751200000000001,2.0,2.5376,1.816686879553831,0.700077484092825
9.8,8.368220076393474,8.0,4.947283682873075,9.36,3.2,3.1,3.288372818334434,11.069314718055994,12.1,2.14,3.0,2.6,1.5,3.4,11.804,14.3,2.0,2.448,1.7981887979745599,0.7816148410027735
5.864586672229065,3.946573590279973,8.0,2.8,2.0,3.2,3.1,2.0831776616671935,3.0693147180559945,2.5,2.46,3.7,2.6,1.5,3.4,1.5,1.5,2.0,2.6719999999999997,1.839985601286746,0.4345813892655096
9.8,9.231110740162514,8.0,5.292443522036749,10.0,3.2,3.1,3.4954665776390033,11.069314718055994,12.1,1.5,3.0,2.6,1.5,3.4,12.7,14.3,2.0,2.0,1.5831776616671935,0.8500000000000001
7.442095180595924,6.6568410899161155,8.0,4.0222934679005355,2.072,3.2,3.1,2.733641861579868,3.2493147180559947,2.788,2.716,3.7,2.6,1.5,3.4,1.6008,1.644,2.0,2.8512,1.8653426925268106,0.5413918611861823
10.239966953365817,8.499591017863407,8.0,4.759825307442277,4.88272,3.2,3.1,3.1759018442872176,10.276114718055995,12.1,1.692,3.7,2.6,1.5,3.4,5.535807999999999,7.265440000000001,2.0,2.1344,1.6931325494920921,0.7308310958008106
4.827351707134609,4.354025100551105,8.0,3.3278114659230518,2.00208,3.2,3.1,2.3249660241322654,3.0745147180559944,2.50832,1.884,3.0,2.6,1.5,3.4,1.502912,1.50416,2.0,2.2688,1.7495329850015804,0.4049769385039058
9.8,8.847631844145981,8.0,5.139051071012559,10.0,3.2,3.1,3.4034316425950353,11.069314718055994,12.1,1.6280000000000001,3.0,2.6,1.5,3.4,12.7,14.3,2.0,2.0896,1.6663553233343869,0.833497512062443
8.4424075051788,7.143512512582531,8.0,4.45735464622625,2.6352,3.2,3.1,2.9944430030198075,4.657314718055995,5.0408,2.332,3.0,2.6,1.5,3.4,2.38928,2.7704000000000004,2.0,2.5824,1.8249660241322652,0.6497463414964813
10.4,9.91682897736121,8.0,5.32673093886165,10.0,3.2,3.1,3.51603895456669,11.069314718055994,12.1,14.3,3.7,2.6,1.5,3.4,12.7,14.3,2.0,13.2,2.2046541347370496,0.8500000000000001
9.496262855049546,7.808036055600889,8.0,4.723201092017403,4.40032,3.2,3.1,3.153928653344213,9.070114718055994,12.1,2.332,3.0,2.6,1.5,3.4,4.860448,6.3006400000000005,2.0,2.5824,1.8249660241322652,0.7211011308106463
4.945460506179461,3.3465735902799727,8.0,2.8,2.0,3.2,3.1,2.0831776616671935,3.0693147180559945,2.5,2.14,3.0,2.6,1.5,3.4,1.5,1.5,2.0,2.448,1.7981887979745599,0.4129738884392343
7.373284880867892,6.709300059845864,8.0,4.043321220216973,2.08,3.2,3.1,2.7462320143630077,3.2693147180559947,2.82,1.5,3.7,2.6,1.5,3.4,1.612,1.6600000000000001,2.0,2.0,1.5831776616671935,0.5367328304754302
8.213318301646243,7.003517006096704,8.0,4.401340169088074,2.48,3.2,3.1,2.960844081463209,4.269314718055995,4.42,1.884,3.0,2.6,1.5,3.4,2.1719999999999997,2.46,2.0,2.2688,1.7495329850015804,0.634235093340631
9.8,8.775606525293853,8.0,5.1102406852360405,10.0,3.2,3.1,3.3861455660705246,11.069314718055994,12.1,1.5,3.0,2.6,1.5,3.4,12.7,14.3,2.0,2.0,1.5831776616671935,0.8256901855847611
9.8,9.066334135973381,8.0,5.2265325782208345,10.0,3.2,3.1,3.455920192633611,11.069314718055994,12.1,1.5,3.0,2.6,1.5,3.4,12.7,14.3,2.0,2.0,1.5831776616671935,0.8500000000000001
9.8,8.41981006331191,8.0,4.9679201038714735,10.0,3.2,3.1,3.3007544151948585,11.069314718055994,12.1,1.6280000000000001,3.0,2.6,1.5,3.4,12.7,14.3,2.0,2.0896,1.6663553233343869,0.7871556477975516
8.295995062180085,7.056413739375687,8.0,4.4225055526957275,2.5336,3.2,3.1,2.9735392974501647,4.403314718055994,4.634399999999999,1.82,3.0,2.6,1.5,3.4,2.24704,2.5672,2.0,2.224,1.7335092178866376,0.6398329990017766
9.439447591036787,7.7736205441077315,8.0,4.709433937538842,4.24064,3.2,3.1,3.1456689305858556,8.670914718055995,11.46256,1.884,3.0,2.6,1.5,3.4,4.636896,5.981280000000001,2.0,2.2688,1.7495329850015804,0.717254263976449
9.8,8.398050078527852,8.0,4.959215935526481,9.81248,3.2,3.1,3.295532018846685,11.069314718055994,12.1,2.204,3.0,2.6,1.5,3.4,12.437472,14.3,2.0,2.4928,1.8077939228953843,0.7848486271093857
9.8,9.424168486887742,8.0,5.369666868654593,10.0,3.2,3.1,3.541800436853058,11.069314718055994,12.1,7.388000000000001,3.0,2.6,1.5,3.4,12.7,14.3,2.0,6.1216,2.0451953738724002,0.8500000000000001
6.3049694254570925,5.567899218525131,8.0,3.8259797429846145,2.02688,3.2,3.1,2.6162958124460314,3.1365147180559947,2.60752,2.9080000000000004,3.0,2.6,1.5,3.4,1.5376319999999999,1.55376,2.0,2.9856,1.8813664596417534,0.505023971515324
9.8,8.789328512077404,8.0,5.115729532057806,10.0,3.2,3.1,3.389438842898577,11.069314718055994,12.1,1.5,3.0,2.6,1.5,3.4,12.7,14.3,2.0,2.0,1.5831776616671935,0.8271767482656558
8.16546169767209,6.957126139371221,8.0,4.382777342971217,2.43744,3.2,3.1,2.9497102734490928,4.162914718055995,4.24976,3.036,3.0,2.6,1.5,3.4,2.112416,2.37488,2.0,3.0751999999999997,1.8909715845625779,0.6309948024465477
9.8,10.383618964665171,8.0,5.753447508651342,10.0,3.2,3.1,3.7720685515196406,11.069314718055994,12.1,14.3,3.0,2.6,1.5,3.4,12.7,14.3,2.0,13.2,2.171810635079805,0.8500000000000001
5.9301239085888415,5.459990462914062,8.0,3.7825309771472106,2.0216,3.2,3.1,2.590397711099375,3.1233147180559944,2.5864,1.5,3.0,2.6,1.5,3.4,1.53024,1.5432,2.0,2.0,1.5831776616671935,0.4661021396440362
9.8,10.119427438079837,8.0,5.647770844261269,10.0,3.2,3.1,3.708662585139161,11.069314718055994,12.1,14.3,3.0,2.6,1.5,3.4,12.7,14.3,2.0,13.2,2.2183742406341325,0.8500000000000001
9.8,10.067858830059963,8.0,5.627143386824199,10.0,3.2,3.1,3.696286119214391,11.069314718055994,12.1,14.3,3.0,2.6,1.5,3.4,12.7,14.3,2.0,13.2,2.1933182787867187,0.8500000000000001
9.8,9.466883084921351,8.0,5.386752750946173,10.0,3.2,3.1,3.552051940381124,11.069314718055994,12.1,3.868,3.0,2.6,1.5,3.4,12.7,14.3,2.0,3.6575999999999995,1.9396273975355576,0.8500000000000001
6.139960013985122,5.631345094452443,8.0,3.851499074405556,2.03056,3.2,3.1,2.631522822668586,3.1457147180559946,2.62224,1.948,3.0,2.6,1.5,3.4,1.542784,1.56112,2.0,2.3136,1.7636669492803463,0.49385145928024266
8.136710782810004,7.145871057547576,8.0,4.218181964415996,2.192,3.2,3.1,2.8510090538114183,3.5493147180559945,3.268,2.7800000000000002,3.7,2.6,1.5,3.4,1.7688,1.884,2.0,2.896,1.870925094402998,0.5884231259194274
9.8,9.610443285881445,8.0,5.44417695188238,10.0,3.2,3.1,3.5865063886115465,11.069314718055994,12.1,14.3,3.0,2.6,1.5,3.4,12.7,14.3,2.0,13.2,2.2096203606765923,0.8500000000000001
8.312951834766153,7.040737520068526,8.0,4.416233155545086,2.5171200000000002,3.2,3.1,2.9697770048164465,4.362114718055994,4.56848,4.0600000000000005,3.0,2.6,1.5,3.4,2.223968,2.53424,2.0,3.792,1.9485203541940042,0.6409811138122916
6.0544959950753725,5.661504989569204,8.0,3.863623998768843,2.03248,3.2,3.1,2.638761197496609,3.1505147180559945,2.62992,1.5,3.0,2.6,1.5,3.4,1.545472,1.56496,2.0,2.0,1.5831776616671935,0.48806483299989506
6.479459823957487,5.926101239887237,8.0,3.9698649559893715,2.05536,3.2,3.1,2.702264297572937,3.2077147180559944,2.72144,1.5,3.0,2.6,1.5,3.4,1.577504,1.61072,2.0,2.0,1.5831776616671935,0.5168384255804549
9.8,10.010455208460153,8.0,5.604181920519667,10.0,3.2,3.1,3.6825092500304364,11.069314718055994,12.1,2.8440000000000003,3.0,2.6,1.5,3.4,12.7,14.3,2.0,2.9408,1.876259305911498,0.8500000000000001
8.933200255324042,7.680544756422898,8.0,4.432160784190933,2.56,3.2,3.1,2.979330741541496,4.469314718055995,4.74,1.756,3.7,2.6,1.5,3.4,2.284,2.62,2.0,2.1792,1.7150111363073666,0.6423521006208988
9.8,8.277932410276431,8.0,4.9111677559806814,8.144,3.2,3.1,3.2667037784663435,11.069314718055994,12.1,1.692,3.0,2.6,1.5,3.4,10.1016,13.788,2.0,2.1344,1.6931325494920921,0.7717957547499728
5.467973982936458,4.683647914993237,8.0,3.466440902035041,2.00432,3.2,3.1,2.404075499598377,3.0801147180559947,2.51728,2.396,3.0,2.6,1.5,3.4,1.506048,1.50864,2.0,2.6272,1.8327106466687737,0.448352405094656
9.8,8.462987225407373,8.0,4.98519129313769,10.0,3.2,3.1,3.3111169340977695,11.069314718055994,12.1,1.5,3.0,2.6,1.5,3.4,12.7,14.3,2.0,2.0,1.5831776616671935,0.7918226418914576
9.8,8.034458620829932,8.0,4.813774972857875,5.77536,3.2,3.1,3.208270068999184,11.069314718055994,12.1,1.5,3.0,2.6,1.5,3.4,6.7855039999999995,9.05072,2.0,2.0,1.5831776616671935,0.745397388482341
10.4,9.764149563886393,8.0,5.265658940604679,10.0,3.2,3.1,3.4793958953327344,11.069314718055994,12.1,2.076,3.7,2.6,1.5,3.4,12.7,14.3,2.0,2.4032,1.7877474327358045,0.8500000000000001
9.8,8.374913905856234,8.0,4.94996127247623,9.4592,3.2,3.1,3.289979337405496,11.069314718055994,12.1,2.8440000000000003,3.0,2.6,1.5,3.4,11.942879999999999,14.3,2.0,2.9408,1.876259305911498,0.7824030351703364
7.769392316044944,6.915341692821185,8.0,4.12587265068749,2.12096,3.2,3.1,2.795682006277085,3.3717147180559945,2.98384,2.332,3.7,2.6,1.5,3.4,1.669344,1.74192,2.0,2.5824,1.8249660241322652,0.5635526047322097
8.241837199630918,7.018286704853656,8.0,4.407249988426424,2.4944,3.2,3.1,2.9643888091648773,4.305314718055994,4.4776,2.14,3.0,2.6,1.5,3.4,2.19216,2.4888,2.0,2.448,1.7981887979745599,0.6361660603916768
9.8,10.075992111577946,8.0,5.630396701774189,10.0,3.2,3.1,3.6982381067787076,11.069314718055994,12.1,1.5,3.0,2.6,1.5,3.4,12.7,14.3,2.0,2.0,1.5831776616671935,0.8500000000000001
9.8,8.247259473801568,8.0,4.898898251885474,7.7784,3.2,3.1,3.2593422737123765,11.069314718055994,12.1,14.3,3.0,2.6,1.5,3.4,9.58976,13.0568,2.0,12.3936,2.154638533842924,0.7701640190407171
6.773284880867892,6.109300059845864,8.0,4.043321220216973,2.08,3.2,3.1,2.7462320143630077,3.2693147180559947,2.82,1.5,3.0,2.6,1.5,3.4,1.612,1.6600000000000001,2.0,2.0,1.5831776616671935,0.5367328304754302
9.8,9.036276340705886,8.0,5.214509393435008,10.0,3.2,3.1,3.4487063217694125,11.069314718055994,12.1,1.6280000000000001,3.0,2.6,1.5,3.4,12.7,14.3,2.0,2.0896,1.6663553233343869,0.8500000000000001
9.8,9.18559011079472,8.0,5.274235196513595,10.0,3.2,3.1,3.4845416265907327,11.069314718055994,12.1,4.0600000000000005,3.0,2.6,1.5,3.4,12.7,14.3,2.0,3.792,1.9485203541940042,0.8500000000000001
10.4,9.933500421168741,8.0,5.33339953776854,10.0,3.2,3.1,3.520040101080498,11.069314718055994,12.1,9.948,3.7,2.6,1.5,3.4,12.7,14.3,2.0,7.9136,2.087740775994109,0.8500000000000001
9.143987401569026,7.590043664402581,8.0,4.635996850392257,3.552,3.2,3.1,3.1016104794566193,6.949314718055994,8.707999999999998,1.5,3.0,2.6,1.5,3.4,3.6728,4.604,2.0,2.0,1.5831776616671935,0.6972491469812362
5.62028135258812,5.468834809141684,8.0,3.5427144133408612,2.0064,3.2,3.1,2.448520354194004,3.0853147180559946,2.5256,1.692,3.7,2.6,1.5,3.4,1.50896,1.5128,2.0,2.1344,1.6931325494920921,0.418039883248154
9.8,8.277280978337082,8.0,4.9109071764149475,8.136,3.2,3.1,3.2665474348009,11.069314718055994,12.1,2.9080000000000004,3.0,2.6,1.5,3.4,10.090399999999999,13.772,2.0,2.9856,1.8813664596417534,0.7718591677415929
9.8,9.755172942435998,8.0,5.502068905604531,10.0,3.2,3.1,3.6212415061846395,11.069314718055994,12.1,3.7399999999999998,3.0,2.6,1.5,3.4,12.7,14.3,2.0,3.568,1.9333101495173068,0.8500000000000001
9.359548807603456,7.72475737018146,8.0,4.689887201900864,4.032,3.2,3.1,3.1339417688435502,8.149314718055994,10.628,1.5,3.0,2.6,1.5,3.4,4.344799999999999,5.564,2.0,2.0,1.5831776616671935,0.7118444505148174
7.286011250036312,6.4023072600313125,8.0,4.160701051521667,2.144,3.2,3.1,2.816553742407515,3.4293147180559944,3.076,2.14,3.0,2.6,1.5,3.4,1.7016,1.788,2.0,2.448,1.7981887979745599,0.5714486783878754
9.8,8.482423927750673,8.0,4.992966111221885,10.0,3.2,3.1,3.3157817426601617,11.069314718055994,12.1,6.428000000000001,3.0,2.6,1.5,3.4,12.7,14.3,2.0,5.4496,2.024333742296043,0.7942878932060804
4.835617950178738,3.946573590279973,8.0,2.8,2.0,3.2,3.1,2.0831776616671935,3.0693147180559945,2.5,1.756,3.7,2.6,1.5,3.4,1.5,1.5,2.0,2.1792,1.7150111363073666,0.3649116320433521
6.479459823957487,5.926101239887237,8.0,3.9698649559893715,2.05536,3.2,3.1,2.702264297572937,3.2077147180559944,2.72144,1.5,3.0,2.6,1.5,3.4,1.577504,1.61072,2.0,2.0,1.5831776616671935,0.5168384255804549
5.980597338970561,5.477913528800631,8.0,3.7897519780756337,2.0224,3.2,3.1,2.5946992469121515,3.1253147180559946,2.5896,2.076,3.0,2.6,1.5,3.4,1.53136,1.5448,2.0,2.4032,1.7877474327358045,0.4830612781594651
10.4,9.703630969020695,8.0,5.24145138879437,10.0,3.2,3.1,3.464871432564967,11.069314718055994,12.1,11.420000000000002,3.7,2.6,1.5,3.4,12.7,14.3,2.0,8.943999999999999,2.106749496641797,0.8500000000000001
8.762406909971558,7.349924013000156,8.0,4.539936280197903,2.96,3.2,3.1,3.0439817631200374,5.469314718055995,6.34,1.756,3.0,2.6,1.5,3.4,2.844,3.42,2.0,2.1792,1.7150111363073666,0.6714129678626577
6.157389897333048,5.71467281447722,8.0,3.8849900034962808,2.03616,3.2,3.1,2.651521475474533,3.1597147180559944,2.64464,1.564,3.0,2.6,1.5,3.4,1.550624,1.57232,2.0,2.0448,1.6318334746401733,0.49503160763192516
7.084057537761942,6.514472808805103,8.0,3.9652000214760896,2.05408,3.2,3.1,2.699473474113225,3.2045147180559947,2.71632,1.6280000000000001,3.7,2.6,1.5,3.4,1.575712,1.60816,2.0,2.0896,1.6663553233343869,0.5171497291192981
10.4,9.356472732385116,8.0,5.102587092984046,10.0,3.2,3.1,3.3815534557724276,11.069314718055994,12.1,1.5,3.7,2.6,1.5,3.4,12.7,14.3,2.0,2.0,1.5831776616671935,0.8236173376831792
8.348503112918086,7.092953740741162,8.0,4.437125778229522,2.57408,3.2,3.1,2.982308897777879,4.504514718055995,4.79632,1.5,3.0,2.6,1.5,3.4,2.303712,2.64816,2.0,2.0,1.5831776616671935,0.6433882316038287
9.13927299144085,7.586319252396086,8.0,4.6345069314480565,3.54048,3.2,3.1,3.1007166205750605,6.920514718055995,8.66192,1.692,3.0,2.6,1.5,3.4,3.656672,4.58096,2.0,2.1344,1.6931325494920921,0.6969299421288075
9.8,9.72123478032666,8.0,5.488493621701678,10.0,3.2,3.1,3.613096347278398,11.069314718055994,12.1,14.3,3.0,2.6,1.5,3.4,12.7,14.3,2.0,12.751999999999999,2.158672527138802,0.8500000000000001
9.8,8.287258463921226,8.0,4.914898273682076,8.25968,3.2,3.1,3.2689420313410946,11.069314718055994,12.1,1.5,3.0,2.6,1.5,3.4,10.263552,14.01936,2.0,2.0,1.5831776616671935,0.7727849491222292
9.8,9.025638378800464,8.0,5.210254184097126,10.0,3.2,3.1,3.446153210912111,11.069314718055994,12.1,5.468,3.0,2.6,1.5,3.4,12.7,14.3,2.0,4.7776,1.9990659700031606,0.8500000000000001
8.12118837112379,7.090967338578194,8.0,4.196201148144346,2.172,3.2,3.1,2.8378321612587665,3.4993147180559947,3.188,4.0600000000000005,3.7,2.6,1.5,3.4,1.7408,1.844,2.0,3.792,1.9485203541940042,0.58737212929484
7.890659983632511,6.801948984260941,8.0,4.320679867948134,2.32064,3.2,3.1,2.9124677562226258,3.8709147180559946,3.78256,1.756,3.0,2.6,1.5,3.4,1.948896,2.14128,2.0,2.1792,1.7150111363073666,0.6123884363917846
6.784511138673594,5.514320698244547,8.0,3.561332497954064,2.00704,3.2,3.1,2.4594369675786916,3.0869147180559944,2.52816,3.9960000000000004,3.7,2.6,1.5,3.4,1.509856,1.51408,2.0,3.7472,1.9456286480045168,0.49686794168102455
7.581548814794631,6.604670128301455,8.0,4.2417200675920395,2.216,3.2,3.1,2.8651208307923492,3.6093147180559946,3.364,1.82,3.0,2.6,1.5,3.4,1.8024,1.932,2.0,2.224,1.7335092178866376,0.5914590343350532
9.8,9.187278622490265,8.0,5.274910604050045,10.0,3.2,3.1,3.4849468693976635,11.069314718055994,12.1,9.5,3.0,2.6,1.5,3.4,12.7,14.3,2.0,7.6,2.081302450375031,0.8500000000000001
4.4064772304171855,3.3465735902799727,8.0,2.8,2.0,3.2,3.1,2.0831776616671935,3.0693147180559945,2.5,1.82,3.0,2.6,1.5,3.4,1.5,1.5,2.0,2.224,1.7335092178866376,0.3764802291428303
9.511148717978562,7.819500518843768,8.0,4.727787179494641,4.4559999999999995,3.2,3.1,3.156680124522504,9.209314718055994,12.1,1.5,3.0,2.6,1.5,3.4,4.9384,6.412,2.0,2.0,1.5831776616671935,0.7221090277797984
9.8,10.457894395754314,8.0,5.783157691746019,10.0,3.2,3.1,3.7898946549810355,11.069314718055994,12.1,5.852,3.0,2.6,1.5,3.4,12.7,14.3,2.0,5.0464,2.009819429045923,0.8500000000000001
9.029322443860277,7.63637581604879,8.0,4.654531535608209,3.7027200000000002,3.2,3.1,3.1127301958517095,7.326114718055995,9.310880000000001,3.42,3.0,2.6,1.5,3.4,3.8838079999999997,4.9054400000000005,2.0,3.344,1.9158883083359672,0.7030270404697063
8.205360676352294,7.003517006096704,8.0,4.401340169088074,2.48,3.2,3.1,2.960844081463209,4.269314718055995,4.42,1.5,3.0,2.6,1.5,3.4,2.1719999999999997,2.46,2.0,2.0,1.5831776616671935,0.6336962957946866
10.4,9.678296747031746,8.0,5.231317648086253,10.0,3.2,3.1,3.4587912192876193,11.069314718055994,12.1,2.076,3.7,2.6,1.5,3.4,12.7,14.3,2.0,2.4032,1.7877474327358045,0.8500000000000001
7.1951691418452555,6.59822604430951,8.0,3.998792285461314,2.064,3.2,3.1,2.719574250634283,3.2293147180559947,2.7560000000000002,1.5,3.7,2.6,1.5,3.4,1.5896,1.6280000000000001,2.0,2.0,1.5831776616671935,0.5246729106457726
6.554239500101361,5.972710304303288,8.0,3.9885598750253406,2.0608,3.2,3.1,2.713450473032789,3.2213147180559947,2.7432,1.5,3.0,2.6,1.5,3.4,1.58512,1.6216,2.0,2.0,1.5831776616671935,0.5219016328193631
5.636632436477393,5.312486406642135,8.0,3.7230241033682523,2.016,3.2,3.1,2.5549967375941125,3.1093147180559946,2.564,1.756,3.0,2.6,1.5,3.4,1.5224,1.532,2.0,2.1792,1.7150111363073666,0.45977198788649015
10.4,9.443447789337561,8.0,5.13737743508394,10.0,3.2,3.1,3.402427469441015,11.069314718055994,12.1,2.588,3.7,2.6,1.5,3.4,12.7,14.3,2.0,2.7616,1.8533326774999728,0.8330783983417451
10.4,9.156238874336923,8.0,5.022492564726972,10.0,3.2,3.1,3.3334973298408617,11.069314718055994,12.1,1.5,3.7,2.6,1.5,3.4,12.7,14.3,2.0,2.0,1.5831776616671935,0.8019250696135547
8.059556744702096,6.912422845513428,8.0,4.364889186175524,2.4,3.2,3.1,2.938981482923223,4.0693147180559945,4.1,1.5,3.0,2.6,1.5,3.4,2.06,2.3,2.0,2.0,1.5831776616671935,0.6238241545892044
9.8,8.860055175744435,8.0,5.1440204445524715,10.0,3.2,3.1,3.4064132421786644,11.069314718055994,12.1,2.9080000000000004,3.0,2.6,1.5,3.4,12.7,14.3,2.0,2.9856,1.8813664596417534,0.8348872826176248
7.23600425122881,6.20474307642071,8.0,3.8408013374153587,2.02896,3.2,3.1,2.6251383383409705,3.1417147180559946,2.61584,4.572,3.7,2.6,1.5,3.4,1.540544,1.55792,2.0,4.150399999999999,1.9694427606513776,0.5274377878436174
5.692096413473008,3.3465735902799727,8.0,2.8,2.0,3.2,3.1,2.0831776616671935,3.0693147180559945,2.5,2.7800000000000002,3.0,2.6,1.5,3.4,1.5,1.5,2.0,2.896,1.870925094402998,0.4499856946622349
6.00868760521348,3.946573590279973,8.0,2.8,2.0,3.2,3.1,2.0831776616671935,3.0693147180559945,2.5,2.652,3.7,2.6,1.5,3.4,1.5,1.5,2.0,2.8064,1.8594878728264788,0.4443382232696627
9.8,9.305772210141392,8.0,5.322308217393223,10.0,3.2,3.1,3.513385330433934,11.069314718055994,12.1,7.324000000000001,3.0,2.6,1.5,3.4,12.7,14.3,2.0,6.0767999999999995,2.0439119391783906,0.8500000000000001
1.8,3.3465735902799727,8.0,2.8,2.0,3.2,3.1,2.0831776616671935,3.0693147180559945,2.5,1.5,3.0,2.6,1.5,3.4,1.5,1.5,2.0,2.0,1.5831776616671935,0.2
9.8,9.459460979070371,8.0,5.383783901382205,10.0,3.2,3.1,3.550270634976889,11.069314718055994,12.1,9.82,3.0,2.6,1.5,3.4,12.7,14.3,2.0,7.824,2.0859362307103644,0.8500000000000001
9.8,9.44961241303881,8.0,5.379844465217398,10.0,3.2,3.1,3.5479069791293143,11.069314718055994,12.1,1.5,3.0,2.6,1.5,3.4,12.7,14.3,2.0,2.0,1.5831776616671935,0.8500000000000001
1.8,3.3465735902799727,8.0,2.8,2.0,3.2,3.1,2.0831776616671935,3.0693147180559945,2.5,1.5,3.0,2.6,1.5,3.4,1.5,1.5,2.0,2.0,1.5831776616671935,0.2
7.911328937327338,6.803939036639253,8.0,4.321476285127958,2.32192,3.2,3.1,2.912945368793421,3.8741147180559947,3.78768,2.332,3.0,2.6,1.5,3.4,1.950688,2.14384,2.0,2.5824,1.8249660241322652,0.6137878967982052
10.4,9.248509084347818,8.0,5.059401151749068,10.0,3.2,3.1,3.3556421802434766,11.069314718055994,12.1,3.42,3.7,2.6,1.5,3.4,12.7,14.3,2.0,3.344,1.9158883083359672,0.8120218830044075
9.8,8.661644610480467,8.0,5.064655426557962,10.0,3.2,3.1,3.358794706515312,11.069314718055994,12.1,12.06,3.0,2.6,1.5,3.4,12.7,14.3,2.0,9.392,2.1141592574900105,0.8138816955929418
9.8,8.752915177047152,8.0,5.101164056568036,10.0,3.2,3.1,3.3806996424913165,11.069314718055994,12.1,2.14,3.0,2.6,1.5,3.4,12.7,14.3,2.0,2.448,1.7981887979745599,0.8232592015723486
9.229767052986208,7.60666794047799,8.0,4.642647235017642,3.6044799999999997,3.2,3.1,3.1056003057147175,7.080514718055994,8.917919999999999,11.356000000000002,3.0,2.6,1.5,3.4,3.746272,4.708959999999999,2.0,8.8992,2.105982720869944,0.7030571442126079
9.069724217124643,7.543068384258438,8.0,4.6172047074937606,3.4128,3.2,3.1,3.090336412222025,6.601314718055995,8.1512,1.6280000000000001,3.0,2.6,1.5,3.4,3.47792,4.3256,2.0,2.0896,1.6663553233343869,0.692220910534481
8.759745120791612,7.349924013000156,8.0,4.539936280197903,2.96,3.2,3.1,3.0439817631200374,5.469314718055995,6.34,1.5,3.0,2.6,1.5,3.4,2.844,3.42,2.0,2.0,1.5831776616671935,0.6712327425535987
9.8,8.02416177829079,8.0,4.809656059487534,5.6983999999999995,3.2,3.1,3.2057988267897892,11.069314718055994,12.1,1.5,3.0,2.6,1.5,3.4,6.677759999999999,8.8968,2.0,2.0,1.5831776616671935,0.7442818494445405
9.816094060809636,8.234870357628814,8.0,4.653929295574718,3.6976,3.2,3.1,3.1123688858309153,7.313314718055994,9.2904,1.564,3.7,2.6,1.5,3.4,3.8766399999999996,4.8952,2.0,2.0448,1.6318334746401733,0.7021313687006525
9.83043350371203,8.242213457664441,8.0,4.6568668103769015,3.72272,3.2,3.1,3.1141312298394657,7.3761147180559945,9.39088,2.012,3.7,2.6,1.5,3.4,3.9118079999999997,4.94544,2.0,2.3584,1.7763102111592854,0.703102268480502
9.722830041028937,7.95179377376823,8.0,4.780707510257234,5.2,3.2,3.1,3.188430505704375,11.069314718055994,12.1,1.5,3.0,2.6,1.5,3.4,5.9799999999999995,7.9,2.0,2.0,1.5831776616671935,0.7364416173613344
9.059275009160324,7.761561443793867,8.0,4.464576004353981,2.65856,3.2,3.1,2.998774746510528,4.715714718055994,5.13424,1.564,3.7,2.6,1.5,3.4,2.421984,2.81712,2.0,2.0448,1.6318334746401733,0.6508884120785636
9.8,8.218159628282367,8.0,4.887257981821098,7.45168,3.2,3.1,3.252358310787768,11.069314718055994,12.1,2.524,3.0,2.6,1.5,3.4,9.132352,12.403360000000001,2.0,2.7168,1.8468446109475396,0.7654260618742226
10.4,9.245365731345803,8.0,5.058143794895472,10.0,3.2,3.1,3.3548877755229927,11.069314718055994,12.1,10.459999999999999,3.7,2.6,1.5,3.4,12.7,14.3,2.0,8.272,2.0946992469121515,0.8120520678291878
7.977334883780632,7.002307260031312,8.0,4.160701051521667,2.144,3.2,3.1,2.816553742407515,3.4293147180559944,3.076,3.612,3.7,2.6,1.5,3.4,1.7016,1.788,2.0,3.4783999999999997,1.9266417673787295,0.577632049422647
9.8,10.090510328361507,8.0,5.636203992576028,10.0,3.2,3.1,3.7017224788067615,11.069314718055994,12.1,4.7,3.0,2.6,1.5,3.4,12.7,14.3,2.0,4.24,1.9741492462297714,0.8500000000000001
7.434735423077186,5.575621859290713,8.0,3.586365126544865,2.008,3.2,3.1,2.4741492462297714,3.0893147180559946,2.532,7.772,3.7,2.6,1.5,3.4,1.5112,1.516,2.0,6.3904,2.052620422318571,0.5408935442708511
9.8,9.44961241303881,8.0,5.379844465217398,10.0,3.2,3.1,3.5479069791293143,11.069314718055994,12.1,4.828,3.0,2.6,1.5,3.4,12.7,14.3,2.0,4.329599999999999,1.9786780855877129,0.8500000000000001
8.11306460612951,6.91501404126692,8.0,4.365926077830038,2.4020799999999998,3.2,3.1,2.9396033699040607,4.074514718055995,4.10832,3.548,3.0,2.6,1.5,3.4,2.062912,2.30416,2.0,3.4336,1.9231632629539392,0.6274470827066856
8.849798414557945,7.40246263130903,8.0,4.560955051773537,3.0664,3.2,3.1,3.0565910315141673,5.735314718055995,6.7656,2.14,3.0,2.6,1.5,3.4,2.99296,3.6328,2.0,2.448,1.7981887979745599,0.6773301009856942
7.8811218676669865,6.800950979937583,8.0,4.3202804669167465,2.32,3.2,3.1,2.9122282351850197,3.8693147180559944,3.7800000000000002,1.5,3.0,2.6,1.5,3.4,1.948,2.14,2.0,2.0,1.5831776616671935,0.6117426264566189
9.8,8.113401088808306,8.0,4.845353197931269,6.42112,3.2,3.1,3.227216261313994,11.069314718055994,12.1,1.5,3.0,2.6,1.5,3.4,7.6895679999999995,10.34224,2.0,2.0,1.5831776616671935,0.7539498244397187
9.315195499203133,7.6964142907747295,8.0,4.678549051726288,3.92,3.2,3.1,3.127139429785935,7.869314718055994,10.18,1.692,3.0,2.6,1.5,3.4,4.188,5.34,2.0,2.1344,1.6931325494920921,0.7088413619252121
9.8,8.632283332257478,8.0,5.052910769046952,10.0,3.2,3.1,3.3517479997417947,11.069314718055994,12.1,1.82,3.0,2.6,1.5,3.4,12.7,14.3,2.0,2.224,1.7335092178866376,0.8101806900556161
5.5231682801260185,3.8958797346140273,8.0,3.1218875824868197,2.00064,3.2,3.1,2.215011136307367,3.0709147180559944,2.50256,2.7800000000000002,3.0,2.6,1.5,3.4,1.500896,1.50128,2.0,2.896,1.870925094402998,0.45208951896686583
7.587341743799879,6.610186918361975,8.0,4.2439284080261475,2.2184,3.2,3.1,2.8664448604068737,3.615314718055995,3.3735999999999997,1.756,3.0,2.6,1.5,3.4,1.80576,1.9368,2.0,2.1792,1.7150111363073666,0.5918512639031168
6.991363945060254,6.16752712574903,8.0,4.066655925627938,2.08992,3.2,3.1,2.760206510179767,3.2941147180559947,2.85968,2.716,3.0,2.6,1.5,3.4,1.625888,1.67984,2.0,2.8512,1.8653426925268106,0.551498600446788
6.16083076285256,5.71686100177712,8.0,3.8858691257908884,2.03632,3.2,3.1,2.6520466404265086,3.1601147180559948,2.64528,1.564,3.0,2.6,1.5,3.4,1.550848,1.57264,2.0,2.0448,1.6318334746401733,0.49526458290147546
6.347579146504554,5.2094379124341,8.0,3.4356107660695896,2.00368,3.2,3.1,2.3862650989841843,3.0785147180559944,2.51472,2.9720000000000004,3.7,2.6,1.5,3.4,1.505152,1.50736,2.0,3.0304,1.886265098984184,0.4672840047112458
9.53147331499553,7.8322025749602044,8.0,4.732868328748882,4.5192,3.2,3.1,3.159728617990449,9.367314718055994,12.1,1.5,3.0,2.6,1.5,3.4,5.02688,6.5384,2.0,2.0,1.5831776616671935,0.7234851723694891
7.8811218676669865,6.800950979937583,8.0,4.3202804669167465,2.32,3.2,3.1,2.9122282351850197,3.8693147180559944,3.7800000000000002,1.5,3.0,2.6,1.5,3.4,1.948,2.14,2.0,2.0,1.5831776616671935,0.6117426264566189
9.8,8.324293280301543,8.0,4.929712565191287,8.740960000000001,3.2,3.1,3.27783038727237,11.069314718055994,12.1,1.948,3.0,2.6,1.5,3.4,10.937344,14.3,2.0,2.3136,1.7636669492803463,0.7768421318610543
9.8,8.154509662544417,8.0,4.861797198684417,6.8,3.2,3.1,3.23708231901066,11.069314718055994,12.1,1.5,3.0,2.6,1.5,3.4,8.219999999999999,11.100000000000001,2.0,2.0,1.5831776616671935,0.7584034079770294
9.558154111645226,7.847954862163005,8.0,4.739169637551576,4.59984,3.2,3.1,3.163509166919121,9.568914718055995,12.1,1.884,3.0,2.6,1.5,3.4,5.1397759999999995,6.699680000000001,2.0,2.2688,1.7495329850015804,0.7252916846426456
6.220362351305426,5.764714543755712,8.0,3.905090587826357,2.04,3.2,3.1,2.663531490501371,3.1693147180559946,2.66,1.5,3.0,2.6,1.5,3.4,1.556,1.58,2.0,2.0,1.5831776616671935,0.49929536753630493
7.932602745489359,6.827221613235056,8.0,4.330793836095755,2.33728,3.2,3.1,2.9185331871764135,3.9125147180559945,3.84912,1.82,3.0,2.6,1.5,3.4,1.972192,2.17456,2.0,2.224,1.7335092178866376,0.6152283108925087
9.8,9.027659760401907,8.0,5.2110627414478055,10.0,3.2,3.1,3.446638342496458,11.069314718055994,12.1,2.332,3.0,2.6,1.5,3.4,12.7,14.3,2.0,2.5824,1.8249660241322652,0.8500000000000001
8.37048855807734,7.106690868517286,8.0,4.442622139519335,2.59008,3.2,3.1,2.9856058084441486,4.544514718055995,4.86032,1.5,3.0,2.6,1.5,3.4,2.326112,2.68016,2.0,2.0,1.5831776616671935,0.6448768294531533
5.020281352588119,3.3465735902799727,8.0,2.8,2.0,3.2,3.1,2.0831776616671935,3.0693147180559945,2.5,2.204,3.0,2.6,1.5,3.4,1.5,1.5,2.0,2.4928,1.8077939228953843,0.418039883248154
9.8,9.053876972330697,8.0,5.221549685614879,10.0,3.2,3.1,3.452930473359367,11.069314718055994,12.1,3.9960000000000004,3.0,2.6,1.5,3.4,12.7,14.3,2.0,3.7472,1.9456286480045168,0.8500000000000001
6.223543270009139,5.76669474436376,8.0,3.905885817502285,2.04016,3.2,3.1,2.6640067386473025,3.1697147180559946,2.66064,1.5,3.0,2.6,1.5,3.4,1.556224,1.58032,2.0,2.0,1.5831776616671935,0.49951074224020214
8.856724871030256,7.625351690735149,8.0,4.4100768906134045,2.50144,3.2,3.1,2.966084405776436,4.322914718055995,4.50576,2.332,3.7,2.6,1.5,3.4,2.202016,2.50288,2.0,2.5824,1.8249660241322652,0.6371740798093402
10.269707241588886,8.518192874497696,8.0,4.767266455469744,4.992,3.2,3.1,3.180366289879447,10.549314718055994,12.1,1.692,3.7,2.6,1.5,3.4,5.6888,7.484000000000001,2.0,2.1344,1.6931325494920921,0.7328447611492475
8.539360259653659,7.212209895631942,8.0,4.484840064913414,2.7288,3.2,3.1,3.010930374951666,4.891314718055995,5.4152,1.5,3.0,2.6,1.5,3.4,2.52032,2.9576000000000002,2.0,2.0,1.5831776616671935,0.6563108509140498
9.24973974228596,7.656132495849054,8.0,4.66243493557149,3.77136,3.2,3.1,3.117471799003773,7.497714718055994,9.585439999999998,1.5,3.0,2.6,1.5,3.4,3.979904,5.04272,2.0,2.0,1.5831776616671935,0.7044094617172787
9.348449410468287,7.716821955245879,8.0,4.686712784018113,4.0,3.2,3.1,3.132037269259011,8.069314718055994,10.5,1.82,3.0,2.6,1.5,3.4,4.3,5.5,2.0,2.224,1.7335092178866376,0.7110929288337904
7.921276459086081,6.826035373058241,8.0,4.3303191147715205,2.33648,3.2,3.1,2.918248489533978,3.9105147180559943,3.8459199999999996,1.5,3.0,2.6,1.5,3.4,1.971072,2.17296,2.0,2.0,1.5831776616671935,0.6144614269172868
6.687398066211492,6.050159476010032,8.0,4.019614856433248,2.07104,3.2,3.1,2.7320382742424076,3.2469147180559945,2.78416,1.564,3.0,2.6,1.5,3.4,1.599456,1.64208,2.0,2.0448,1.6318334746401733,0.5309175773997366
9.8,9.130604647379235,8.0,5.252240912593634,10.0,3.2,3.1,3.471345115371016,11.069314718055994,12.1,8.348,3.0,2.6,1.5,3.4,12.7,14.3,2.0,6.7936,2.062961745867497,0.8500000000000001
8.831067806230198,7.575779665577626,8.0,4.390241431294594,2.45408,3.2,3.1,2.9541871197386302,4.204514718055995,4.31632,4.828,3.7,2.6,1.5,3.4,2.135712,2.40816,2.0,4.329599999999999,1.9786780855877129,0.6354368827135031
9.8,9.746566067654753,8.0,5.498626150980299,10.0,3.2,3.1,3.6191758562371406,11.069314718055994,12.1,14.3,3.0,2.6,1.5,3.4,12.7,14.3,2.0,11.0048,2.1375847174850144,0.8500000000000001
9.8,8.23158024084805,8.0,4.892626382298393,7.6,3.2,3.1,3.2555792578035323,11.069314718055994,12.1,1.5,3.0,2.6,1.5,3.4,9.34,12.700000000000001,2.0,2.0,1.5831776616671935,0.7667529785391483
7.532077567337277,6.783235223865718,8.0,4.0729501513703825,2.0928,3.2,3.1,2.7639764537277727,3.3013147180559947,2.8712,1.884,3.7,2.6,1.5,3.4,1.62992,1.6856,2.0,2.2688,1.7495329850015804,0.5474844186217948
5.3155593237379515,3.3465735902799727,8.0,2.8,2.0,3.2,3.1,2.0831776616671935,3.0693147180559945,2.5,2.524,3.0,2.6,1.5,3.4,1.5,1.5,2.0,2.7168,1.8468446109475396,0.43803266254475715
8.915201630623946,7.3140988747295745,8.0,4.525603749301024,2.8936,3.2,3.1,3.0353837299350976,5.3033147180559945,6.074400000000001,2.652,3.0,2.6,1.5,3.4,2.7510399999999997,3.2872000000000003,2.0,2.8064,1.8594878728264788,0.6682167770734964
9.74752372413668,7.960270653550978,8.0,4.78409843027039,5.25472,3.2,3.1,3.1904649568522347,11.069314718055994,12.1,5.148,3.0,2.6,1.5,3.4,6.056608,8.00944,2.0,4.553599999999999,1.9893044932686863,0.7381135854884211
9.8,9.249775816677062,8.0,5.299909581004544,10.0,3.2,3.1,3.4999461960024947,11.069314718055994,12.1,8.540000000000001,3.0,2.6,1.5,3.4,12.7,14.3,2.0,6.928,2.0662198645554115,0.8500000000000001
9.327093079785907,7.913651207048133,8.0,4.525424650157687,2.8928000000000003,3.2,3.1,3.035276289691552,5.301314718055995,6.071199999999999,3.804,3.7,2.6,1.5,3.4,2.74992,3.2856000000000005,2.0,3.6128,1.9365103391671663,0.6690219272771708
7.224846100748944,6.343554303933257,8.0,4.137172189413672,2.128,3.2,3.1,2.8024530329439816,3.3893147180559944,3.012,2.524,3.0,2.6,1.5,3.4,1.6792,1.756,2.0,2.7168,1.8468446109475396,0.5673072880715431
9.8,7.956768444194565,8.0,4.782697477422892,5.232,3.2,3.1,3.1896244266066955,11.069314718055994,12.1,14.3,3.0,2.6,1.5,3.4,6.0248,7.964,2.0,13.2,2.340585838765543,0.7500237806175751
9.8,9.45064384329606,8.0,5.3802570383506625,10.0,3.2,3.1,3.548154522391054,11.069314718055994,12.1,14.3,3.0,2.6,1.5,3.4,12.7,14.3,2.0,12.662399999999998,2.157676670801039,0.8500000000000001
10.4,11.473593442551843,8.0,5.9494373480397185,10.0,3.2,3.1,3.8896624262124426,11.069314718055994,12.1,14.3,3.7,2.6,1.5,3.4,12.7,14.3,2.0,13.2,2.3335216789319073,0.8500000000000001
9.8,8.475420816960213,8.0,4.990164818104489,10.0,3.2,3.1,3.314100996070451,11.069314718055994,12.1,1.948,3.0,2.6,1.5,3.4,12.7,14.3,2.0,2.3136,1.7636669492803463,0.7932028876801089
5.813823869451939,5.511940260423138,8.0,3.803455967362985,2.024,3.2,3.1,2.602865662501553,3.1293147180559946,2.596,1.5,3.0,2.6,1.5,3.4,1.5336,1.548,2.0,2.0,1.5831776616671935,0.4717693244941417
8.986450631504294,7.491594399632217,8.0,4.596612657876073,3.27456,3.2,3.1,3.077982655911732,6.255714718055994,7.59824,1.5,3.0,2.6,1.5,3.4,3.2843839999999997,4.04912,2.0,2.0,1.5831776616671935,0.6865825948414366
6.010152151123909,5.633929079531664,8.0,3.8525380377809775,2.03072,3.2,3.1,2.6321429790875994,3.1461147180559945,2.62288,1.5,3.0,2.6,1.5,3.4,1.543008,1.56144,2.0,2.0,1.5831776616671935,0.485062385232348
9.8,8.85997794719248,8.0,5.143989552880561,10.0,3.2,3.1,3.4063947073261955,11.069314718055994,12.1,1.948,3.0,2.6,1.5,3.4,12.7,14.3,2.0,2.3136,1.7636669492803463,0.83484591486648
9.477352492979731,7.793600111537006,8.0,4.717426323899948,4.332,3.2,3.1,3.1504640267688813,8.899314718055994,11.828,3.2920000000000003,3.0,2.6,1.5,3.4,4.764799999999999,6.164000000000001,2.0,3.2544,1.9081436857994587,0.7198207417121694
7.338902902510742,6.454876640822405,8.0,4.181750955863044,2.16,3.2,3.1,2.8291703937973773,3.4693147180559945,3.14,1.692,3.0,2.6,1.5,3.4,1.724,1.82,2.0,2.1344,1.6931325494920921,0.5750298840241648
8.064340494256266,6.912422845513428,8.0,4.364889186175524,2.4,3.2,3.1,2.938981482923223,4.0693147180559945,4.1,1.692,3.0,2.6,1.5,3.4,2.06,2.3,2.0,2.1344,1.6931325494920921,0.6241480542986013
9.85038976714906,8.256538724713648,8.0,4.662597441787265,3.7728,3.2,3.1,3.1175692939312754,7.501314718055995,9.5912,1.5,3.7,2.6,1.5,3.4,3.9819199999999997,5.0456,2.0,2.0,1.5831776616671935,0.7044534738173842
10.4,8.957231106104638,8.0,4.942887998145554,9.2,3.2,3.1,3.2857354654651134,11.069314718055994,12.1,1.756,3.7,2.6,1.5,3.4,11.58,14.3,2.0,2.1792,1.7150111363073666,0.7803895676888888
9.8,8.6693574623826,8.0,5.067740604326578,10.0,3.2,3.1,3.3606457909718235,11.069314718055994,12.1,2.396,3.0,2.6,1.5,3.4,12.7,14.3,2.0,2.6272,1.8327106466687737,0.8142248611912255
9.71882020856505,7.944364590780292,8.0,4.7777356873764845,5.1528,3.2,3.1,3.18664750178727,10.951314718055993,12.1,3.9960000000000004,3.0,2.6,1.5,3.4,5.91392,7.8056,2.0,3.7472,1.9456286480045168,0.7361701182882585
7.618474076799617,6.454876640822405,8.0,4.181750955863044,2.16,3.2,3.1,2.8291703937973773,3.4693147180559945,3.14,7.132000000000001,3.0,2.6,1.5,3.4,1.724,1.82,2.0,5.942399999999999,2.0399771604396317,0.5939591822833075
9.8,9.887345323387592,8.0,5.554937921022028,10.0,3.2,3.1,3.652962877613022,11.069314718055994,12.1,2.7800000000000002,3.0,2.6,1.5,3.4,12.7,14.3,2.0,2.896,1.870925094402998,0.8500000000000001
9.181049713188704,7.605270175989425,8.0,4.642088073395303,3.6,3.2,3.1,3.105264842237462,7.0693147180559945,8.899999999999999,3.548,3.0,2.6,1.5,3.4,3.7399999999999998,4.7,2.0,3.4336,1.9231632629539392,0.6997585743304853
3.433407575382444,3.3465735902799727,8.0,2.8,2.0,3.2,3.1,2.0831776616671935,3.0693147180559945,2.5,1.564,3.0,2.6,1.5,3.4,1.5,1.5,2.0,2.0448,1.6318334746401733,0.2970536379165196
8.761343256831656,7.348004304440452,8.0,4.539168268568776,2.95632,3.2,3.1,3.0435210330657085,5.460114718055995,6.32528,1.948,3.0,2.6,1.5,3.4,2.8388479999999996,3.41264,2.0,2.3136,1.7636669492803463,0.6713409496813101
7.504719064237077,6.563846849673699,8.0,4.225378161779761,2.19904,3.2,3.1,2.8553232439216876,3.5669147180559944,3.29616,1.564,3.0,2.6,1.5,3.4,1.778656,1.89808,2.0,2.0448,1.6318334746401733,0.5862570199743855
6.918875947628166,6.20012872265441,8.0,4.079718986907041,2.096,3.2,3.1,2.7680308934370585,3.3093147180559948,2.884,1.5,3.0,2.6,1.5,3.4,1.6344,1.692,2.0,2.0,1.5831776616671935,0.5465905589539903
9.8,9.410258734872137,8.0,5.364102953006994,10.0,3.2,3.1,3.538462096369313,11.069314718055994,12.1,2.9080000000000004,3.0,2.6,1.5,3.4,12.7,14.3,2.0,2.9856,1.8813664596417534,0.8500000000000001
9.8,9.214612098406192,8.0,5.2858440393672765,10.0,3.2,3.1,3.491506903617486,11.069314718055994,12.1,1.756,3.0,2.6,1.5,3.4,12.7,14.3,2.0,2.1792,1.7150111363073666,0.8500000000000001
9.8,10.600903334541318,8.0,5.840361283816608,10.0,3.2,3.1,3.824216800289916,11.069314718055994,12.1,14.3,3.0,2.6,1.5,3.4,12.7,14.3,2.0,13.2,2.1753145336428763,0.8500000000000001
9.496687483509621,7.809633075856664,8.0,4.723839942630472,4.4079999999999995,3.2,3.1,3.1543119382055993,9.089314718055993,12.1,1.82,3.0,2.6,1.5,3.4,4.8712,6.316,2.0,2.224,1.7335092178866376,0.7211298816959639
7.902814101260044,6.8034422656098155,8.0,4.32127747795453,2.3216,3.2,3.1,2.9128261437463556,3.873314718055995,3.7864,2.076,3.0,2.6,1.5,3.4,1.95024,2.1432,2.0,2.4032,1.7877474327358045,0.6132113714394822
8.27672282636888,7.027896225488885,8.0,4.411095028351455,2.504,3.2,3.1,2.9666950941173322,4.329314718055994,4.516,3.164,3.0,2.6,1.5,3.4,2.2056,2.508,2.0,3.1647999999999996,1.8998645412210244,0.6385281080353931
8.272149468256092,6.973793263414658,8.0,4.1492824257146745,2.136,3.2,3.1,2.809710383219518,3.4093147180559944,3.044,10.331999999999999,3.7,2.6,1.5,3.4,1.6904,1.772,2.0,8.182400000000001,2.0929970907131166,0.5975934535798396
7.567923563502028,6.80261422901542,8.0,4.080714839586963,2.09648,3.2,3.1,2.768627414963701,3.3105147180559946,2.88592,1.948,3.7,2.6,1.5,3.4,1.635072,1.69296,2.0,2.3136,1.7636669492803463,0.5499114912787831
4.318316218238697,3.946573590279973,8.0,2.8,2.0,3.2,3.1,2.0831776616671935,3.0693147180559945,2.5,1.6280000000000001,3.7,2.6,1.5,3.4,1.5,1.5,2.0,2.0896,1.6663553233343869,0.3298859939432451
4.235617950178739,3.3465735902799727,8.0,2.8,2.0,3.2,3.1,2.0831776616671935,3.0693147180559945,2.5,1.756,3.0,2.6,1.5,3.4,1.5,1.5,2.0,2.1792,1.7150111363073666,0.3649116320433521
6.160384292633934,5.765366670143165,8.0,3.663497622707262,2.01184,3.2,3.1,2.5196880008343596,3.0989147180559944,2.54736,1.948,3.7,2.6,1.5,3.4,1.516576,1.52368,2.0,2.3136,1.7636669492803463,0.4546093531470893
9.8,9.801532909848387,8.0,5.5206129165996485,10.0,3.2,3.1,3.6323678983636127,11.069314718055994,12.1,8.412,3.0,2.6,1.5,3.4,12.7,14.3,2.0,6.8384,2.06405764389509,0.8500000000000001
7.047692189994593,6.269792977808835,8.0,4.107627964753534,2.1104,3.2,3.1,2.7847503146741204,3.3453147180559943,2.9416,1.692,3.0,2.6,1.5,3.4,1.65456,1.7208,2.0,2.1344,1.6931325494920921,0.555312492030884
5.958797625012661,5.359249435647547,8.0,3.7419060402624664,2.0176,3.2,3.1,2.5662198645554115,3.1133147180559946,2.5704,2.396,3.0,2.6,1.5,3.4,1.52464,1.5352,2.0,2.6272,1.8327106466687737,0.48158525586023226
10.4,10.114132931012596,8.0,5.4056527329378055,10.0,3.2,3.1,3.5633919034430233,11.069314718055994,12.1,6.748,3.7,2.6,1.5,3.4,12.7,14.3,2.0,5.6736,2.0316980158611977,0.8500000000000001
9.8,8.063355550325255,8.0,4.825334220610071,6.0,3.2,3.1,3.215205332078061,11.069314718055994,12.1,1.5,3.0,2.6,1.5,3.4,7.1,9.5,2.0,2.0,1.5831776616671935,0.7485280180818945
9.8,8.60123297241423,8.0,5.040490460843526,10.0,3.2,3.1,3.344295913379415,11.069314718055994,12.1,2.652,3.0,2.6,1.5,3.4,12.7,14.3,2.0,2.8064,1.8594878728264788,0.8068659574576411
8.305459828005757,7.04504789159048,8.0,4.417957835157864,2.5216,3.2,3.1,2.9708114939817154,4.373314718055995,4.586399999999999,3.2920000000000003,3.0,2.6,1.5,3.4,2.23024,2.5432,2.0,3.2544,1.9081436857994587,0.6404738425212231
10.121246919832132,8.421288615290887,8.0,4.728502464582582,4.4648,3.2,3.1,3.157109267669813,9.231314718055993,12.1,3.2920000000000003,3.7,2.6,1.5,3.4,4.95072,6.429600000000001,2.0,3.2544,1.9081436857994587,0.7227927601969673
9.8,8.608820617939168,8.0,5.04352556014128,10.0,3.2,3.1,3.3461169483054003,11.069314718055994,12.1,12.316,3.0,2.6,1.5,3.4,12.7,14.3,2.0,9.571200000000001,2.116999626780319,0.8082329845520904
10.08174378920203,8.398243367848973,8.0,4.719283753256832,4.353759999999999,3.2,3.1,3.1515784082837537,8.953714718055993,11.91504,2.588,3.7,2.6,1.5,3.4,4.7952639999999995,6.207520000000001,2.0,2.7616,1.8533326774999728,0.720118069060554
8.76041139883462,7.349924013000156,8.0,4.539936280197903,2.96,3.2,3.1,3.0439817631200374,5.469314718055995,6.34,1.564,3.0,2.6,1.5,3.4,2.844,3.42,2.0,2.0448,1.6318334746401733,0.6712778551294274
8.822907162130234,7.38939396455235,8.0,4.5557267905325585,3.03888,3.2,3.1,3.053454551492564,5.6665147180559945,6.65552,1.5,3.0,2.6,1.5,3.4,2.9544319999999997,3.57776,2.0,2.0,1.5831776616671935,0.6755093391025679
9.8,8.422664532627145,8.0,4.969061913921338,10.0,3.2,3.1,3.3014394878305144,11.069314718055994,12.1,4.380000000000001,3.0,2.6,1.5,3.4,12.7,14.3,2.0,4.016,1.962017712205207,0.7876913542580681
6.0700304637610545,5.646652412362246,8.0,3.8576534061389074,2.03152,3.2,3.1,2.635196578966939,3.1481147180559947,2.62608,1.6280000000000001,3.0,2.6,1.5,3.4,1.544128,1.56304,2.0,2.0896,1.6663553233343869,0.48911664598382143
5.922633275598224,5.564949357461536,8.0,3.8247927958806516,2.02672,3.2,3.1,2.6155878457907686,3.1361147180559947,2.60688,1.564,3.0,2.6,1.5,3.4,1.537408,1.55344,2.0,2.0448,1.6318334746401733,0.4791366280352964
9.8,10.031201333316405,8.0,5.612480377081506,10.0,3.2,3.1,3.687488319995937,11.069314718055994,12.1,5.276,3.0,2.6,1.5,3.4,12.7,14.3,2.0,4.6432,1.9933048637007973,0.8500000000000001
8.97257423118788,7.4829227473754685,8.0,4.59314355779697,3.25264,3.2,3.1,3.0759014593701126,6.200914718055995,7.51056,1.5,3.0,2.6,1.5,3.4,3.2536959999999997,4.005280000000001,2.0,2.0,1.5831776616671935,0.685643046903346
3.7183162182386966,3.3465735902799727,8.0,2.8,2.0,3.2,3.1,2.0831776616671935,3.0693147180559945,2.5,1.6280000000000001,3.0,2.6,1.5,3.4,1.5,1.5,2.0,2.0896,1.6663553233343869,0.3298859939432451
7.796877876140765,6.7483262190841415,8.0,4.299219469035191,2.288,3.2,3.1,2.899598292580194,3.7893147180559943,3.652,1.5,3.0,2.6,1.5,3.4,1.9032,2.076,2.0,2.0,1.5831776616671935,0.606038606197031
9.8,8.51341248679552,8.0,5.005361742765003,10.0,3.2,3.1,3.3232189968309247,11.069314718055994,12.1,4.188000000000001,3.0,2.6,1.5,3.4,12.7,14.3,2.0,3.8815999999999997,1.9541027560701913,0.7974701132840296
8.753036456725226,3.946573590279973,8.0,2.8,2.0,3.2,3.1,2.0831776616671935,3.0693147180559945,2.5,14.3,3.7,2.6,1.5,3.4,1.5,1.5,2.0,13.2,2.260206510179767,0.6301535100907705
9.8,9.63539600158755,8.0,5.454158055810109,10.0,3.2,3.1,3.592495040381012,11.069314718055994,12.1,4.316000000000001,3.0,2.6,1.5,3.4,12.7,14.3,2.0,3.9711999999999996,1.9594369675786913,0.8500000000000001
8.423960572578022,7.101241223288269,8.0,4.44044168728729,2.58368,3.2,3.1,2.9842978935891846,4.528514718055995,4.83472,5.276,3.0,2.6,1.5,3.4,2.317152,2.6673600000000004,2.0,4.6432,1.9933048637007973,0.6484973304349702
9.8,8.6386142237922,8.0,5.055443157919378,10.0,3.2,3.1,3.3532674137101277,11.069314718055994,12.1,1.884,3.0,2.6,1.5,3.4,12.7,14.3,2.0,2.2688,1.7495329850015804,0.8108697540585097
9.8,8.541186645742709,8.0,5.016471582060245,10.0,3.2,3.1,3.32988479497825,11.069314718055994,12.1,1.884,3.0,2.6,1.5,3.4,12.7,14.3,2.0,2.2688,1.7495329850015804,0.8003193756595541
9.8,9.157656313161269,8.0,5.263061628747253,10.0,3.2,3.1,3.477837515158704,11.069314718055994,12.1,1.6280000000000001,3.0,2.6,1.5,3.4,12.7,14.3,2.0,2.0896,1.6663553233343869,0.8500000000000001
9.550302439100799,7.843970038921773,8.0,4.7375756097752,4.5792,3.2,3.1,3.1625528093412254,9.517314718055994,12.1,1.5,3.0,2.6,1.5,3.4,5.11088,6.6584,2.0,2.0,1.5831776616671935,0.7247600609807834
9.8,9.027636505669566,8.0,5.21105343950079,10.0,3.2,3.1,3.4466327613606955,11.069314718055994,12.1,2.332,3.0,2.6,1.5,3.4,12.7,14.3,2.0,2.5824,1.8249660241322652,0.8500000000000001
6.3049694254570925,5.623512036080243,8.0,3.8483494030119285,2.03008,3.2,3.1,2.629642888659258,3.1445147180559947,2.62032,2.652,3.0,2.6,1.5,3.4,1.542112,1.56016,2.0,2.8064,1.8594878728264788,0.505023971515324
9.48831267790628,7.7827821318238,8.0,4.713098831908596,4.2820800000000006,3.2,3.1,3.147867711637712,8.774514718055993,11.628319999999999,9.884,3.0,2.6,1.5,3.4,4.694912,6.06416,2.0,7.8688,2.0868418953866104,0.7205628375665709
8.76041139883462,7.349924013000156,8.0,4.539936280197903,2.96,3.2,3.1,3.0439817631200374,5.469314718055995,6.34,1.564,3.0,2.6,1.5,3.4,2.844,3.42,2.0,2.0448,1.6318334746401733,0.6712778551294274
9.8,8.656443951185247,8.0,5.062575137561903,10.0,3.2,3.1,3.3575465482844593,11.069314718055994,12.1,1.5,3.0,2.6,1.5,3.4,12.7,14.3,2.0,2.0,1.5831776616671935,0.8127807664230156
5.451478553174269,3.3465735902799727,8.0,2.8,2.0,3.2,3.1,2.0831776616671935,3.0693147180559945,2.5,2.716,3.0,2.6,1.5,3.4,1.5,1.5,2.0,2.8512,1.8653426925268106,0.44723552703784114
9.8,9.975341863567916,8.0,5.590136570714164,10.0,3.2,3.1,3.6740820472562996,11.069314718055994,12.1,6.236,3.0,2.6,1.5,3.4,12.7,14.3,2.0,5.315199999999999,2.0196880008343596,0.8500000000000001
5.15172379362114,3.3465735902799727,8.0,2.8,2.0,3.2,3.1,2.0831776616671935,3.0693147180559945,2.5,2.332,3.0,2.6,1.5,3.4,1.5,1.5,2.0,2.5824,1.8249660241322652,0.4269396318597647
7.732546974225927,6.879807618746621,8.0,4.111639560562454,2.11264,3.2,3.1,2.7871538284991892,3.3509147180559946,2.95056,2.524,3.7,2.6,1.5,3.4,1.657696,1.7252800000000001,2.0,2.7168,1.8468446109475396,0.5610578680465471
10.346475917831029,8.56657171872182,8.0,4.786618979457757,5.295999999999999,3.2,3.1,3.1919772124932364,11.069314718055994,12.1,1.5,3.7,2.6,1.5,3.4,6.1144,8.092,2.0,2.0,1.5831776616671935,0.7380426402698093
9.8,8.17603800251319,8.0,4.870408815615048,7.0112,3.2,3.1,3.2422491206031654,11.069314718055994,12.1,1.756,3.0,2.6,1.5,3.4,8.51568,11.522400000000001,2.0,2.1792,1.7150111363073666,0.7607702979398876
6.2361419555836495,5.666359396632684,8.0,3.865575233757916,2.0328,3.2,3.1,2.6399262551918445,3.1513147180559944,2.6312,2.14,3.0,2.6,1.5,3.4,1.54592,1.5656,2.0,2.448,1.7981887979745599,0.5003637782426429
6.422121858578125,4.683647914993237,8.0,3.466440902035041,2.00432,3.2,3.1,2.404075499598377,3.0801147180559947,2.51728,5.276,3.0,2.6,1.5,3.4,1.506048,1.50864,2.0,4.6432,1.9933048637007973,0.512956167507894
9.8,8.925212872201435,8.0,5.170083721771932,10.0,3.2,3.1,3.4220510893283445,11.069314718055994,12.1,3.356,3.0,2.6,1.5,3.4,12.7,14.3,2.0,3.2992,1.9120784645382176,0.8419536896189939
9.8,10.254335119223047,8.0,5.701733947690443,10.0,3.2,3.1,3.7410404286135313,11.069314718055994,12.1,4.252000000000001,3.0,2.6,1.5,3.4,12.7,14.3,2.0,3.9263999999999997,1.9567994987724384,0.8500000000000001
10.4,9.272484122665345,8.0,5.068991283280135,10.0,3.2,3.1,3.3613961894396827,11.069314718055994,12.1,14.3,3.7,2.6,1.5,3.4,12.7,14.3,2.0,13.2,2.548878802984964,0.8315571281396208
9.8,10.913019143765942,8.0,5.965207630722778,10.0,3.2,3.1,3.8991245945038258,11.069314718055994,12.1,3.548,3.0,2.6,1.5,3.4,12.7,14.3,2.0,3.4336,1.9231632629539392,0.8500000000000001
9.8,10.110488499702441,8.0,5.644195266547777,10.0,3.2,3.1,3.706517239928586,11.069314718055994,12.1,1.884,3.0,2.6,1.5,3.4,12.7,14.3,2.0,2.2688,1.7495329850015804,0.8500000000000001
9.8,8.318372237011975,8.0,4.927344091327072,8.6616,3.2,3.1,3.2764093368828737,11.069314718055994,12.1,2.14,3.0,2.6,1.5,3.4,10.826239999999999,14.3,2.0,2.448,1.7981887979745599,0.7762207002500876
8.663533227677096,7.288390991413947,8.0,4.515318706939537,2.8487999999999998,3.2,3.1,3.029213837939347,5.191314718055994,5.8952,1.692,3.0,2.6,1.5,3.4,2.68832,3.1976,2.0,2.1344,1.6931325494920921,0.66471839562397
9.8,8.063355550325255,8.0,4.825334220610071,6.0,3.2,3.1,3.215205332078061,11.069314718055994,12.1,1.82,3.0,2.6,1.5,3.4,7.1,9.5,2.0,2.224,1.7335092178866376,0.7485821555188543
9.8,8.31718197495304,8.0,4.926867975054944,8.64576,3.2,3.1,3.2761236739887294,11.069314718055994,12.1,8.476,3.0,2.6,1.5,3.4,10.804064,14.3,2.0,6.8831999999999995,2.0651436241574803,0.7767328328016265
