disno.,historic,classification_key,disaster_group,disaster_subgroup,disaster_type,disaster_subtype,external_ids,event_name,iso,country,subregion,region,location,origin,associated_types,ofda_bha_response,appeal,declaration,aid_contribution_'000_us$,magnitude,magnitude_scale,latitude,longitude,river_basin,start_year,start_month,start_day,end_year,end_month,end_day,total_deaths,no._injured,no._affected,no._homeless,total_affected,reconstruction_costs_'000_us$,"reconstruction_costs,_adjusted_'000_us$",insured_damage_'000_us$,"insured_damage,_adjusted_'000_us$",total_damage_'000_us$,"total_damage,_adjusted_'000_us$",cpi,admin_units,gadm_admin_units,entry_date,last_update,start_date,end_date,event_date
2000-0657-AGO,No,nat-hyd-mmw-lan,Natural,Hydrological,Mass movement (wet),Landslide (wet),,,AGO,Angola,Sub-Saharan Africa,Africa,"Chassuala village (Saurimo district, Lunda-Sul province)",,,No,No,No,,,,,,,2000,10.0,9.0,2000,10.0,9.0,13.0,,,,,,,,,,,53.48773668167872,"[{""adm2_code"":4313,""adm2_name"":""Saurimo""}]","[{""gid_2"":""AGO.13.4_1"",""migration_date"":""2025-12-20"",""migration_method"":""jaccard2"",""name_2"":""Saurimo""}]",2003-07-01,2025-12-20,2000-10-09,2000-10-09,2000-10-09
2000-0155-AUT,No,nat-hyd-mmw-ava,Natural,Hydrological,Mass movement (wet),Avalanche (wet),,,AUT,Austria,Western Europe,Europe,"Kitzsteinhorn (Zell am See, Salzburg)",,,No,No,No,,,,,,,2000,3.0,28.0,2000,3.0,28.0,13.0,,,,,,,,,,,53.48773668167872,"[{""adm2_code"":5641,""adm2_name"":""Zell am See""}]","[{""gid_2"":""AUT.5.6_2"",""migration_date"":""2025-12-20"",""migration_method"":""jaccard2"",""name_2"":""Zell am See""}]",2003-07-01,2025-12-20,2000-03-28,2000-03-28,2000-03-28
2000-0834-AZE,No,nat-hyd-mmw-ava,Natural,Hydrological,Mass movement (wet),Avalanche (wet),,,AZE,Azerbaijan,Western Asia,Asia,Dashkesan city (Dashkesan district; Ganja-Gazakh province),,,No,No,No,,,,,,,2000,12.0,,2000,12.0,,11.0,,,,,,,,,,,53.48773668167872,"[{""adm2_code"":506,""adm2_name"":""Dashkesan""}]","[{""gid_2"":""AZE.4.2_1"",""migration_date"":""2025-12-20"",""migration_method"":""jaccard2"",""name_2"":""Daşkəsən""}]",2003-07-01,2025-12-20,2000-12-01,2000-12-01,2000-12-01
2000-0072-BIH,No,nat-hyd-mmw-lan,Natural,Hydrological,Mass movement (wet),Landslide (wet),,,BIH,Bosnia and Herzegovina,Southern Europe,Europe,"Velika Broda (Zenicko-dobojski district, Federacija Bosne I Hercegovine)",,,No,No,No,,,,,,,2000,2.0,10.0,2000,2.0,10.0,6.0,3.0,400.0,,403.0,,,,,,,53.48773668167872,"[{""adm2_code"":6250,""adm2_name"":""Zenicko-dobojski""}]","[{""gid_2"":""BIH.2.10_1"",""migration_date"":""2025-12-20"",""migration_method"":""jaccard2"",""name_2"":""Zenica-Doboj""}]",2003-07-01,2025-12-20,2000-02-10,2000-02-10,2000-02-10
2000-0466-BRA,No,nat-hyd-mmw-mud,Natural,Hydrological,Mass movement (wet),Mudslide,,,BRA,Brazil,Latin America and the Caribbean,Americas,"Alagoas, Pernambuco provinces",,,No,No,No,,,,,,,2000,7.0,30.0,2000,8.0,17.0,60.0,,,143000.0,143000.0,,,,,75000.0,140219.0,53.48773668167872,"[{""adm1_code"":666,""adm1_name"":""Alagoas""},{""adm1_code"":681,""adm1_name"":""Pernambuco""}]","[{""gid_1"":""BRA.17_1"",""migration_date"":""2025-12-20"",""migration_method"":""jaccard1"",""name_1"":""Pernambuco""},{""gid_1"":""BRA.2_1"",""migration_date"":""2025-12-20"",""migration_method"":""jaccard1"",""name_1"":""Alagoas""}]",2004-10-21,2025-12-20,2000-07-30,2000-08-17,2000-07-30
2000-0326-CHN,No,nat-hyd-mmw-lan,Natural,Hydrological,Mass movement (wet),Landslide (wet),,,CHN,China,Eastern Asia,Asia,"Sichuan Sheng, Guizhou Sheng provinces",,,No,No,No,,,,,,,2000,6.0,5.0,2000,6.0,5.0,71.0,,,2000.0,2000.0,,,,,,,53.48773668167872,"[{""adm1_code"":905,""adm1_name"":""Guizhou Sheng""},{""adm1_code"":924,""adm1_name"":""Sichuan Sheng""}]","[{""gid_1"":""CHN.26_1"",""migration_date"":""2025-12-20"",""migration_method"":""jaccard1"",""name_1"":""Sichuan""},{""gid_1"":""CHN.8_1"",""migration_date"":""2025-12-20"",""migration_method"":""jaccard1"",""name_1"":""Guizhou""}]",2003-07-01,2025-12-20,2000-06-05,2000-06-05,2000-06-05
2000-0559-CHN,No,nat-hyd-mmw-lan,Natural,Hydrological,Mass movement (wet),Landslide (wet),,,CHN,China,Eastern Asia,Asia,"Yingjiang Xian area (Dehong Dai and Jingpo district, Yunnan Sheng province)",,,No,No,No,,,,,,,2000,8.0,13.0,2000,8.0,13.0,14.0,27.0,,,27.0,,,,,2400.0,4487.0,53.48773668167872,"[{""adm2_code"":13314,""adm2_name"":""Dehong Dai and Jingpo""}]","[{""gid_2"":""CHN.30.4_1"",""migration_date"":""2025-12-20"",""migration_method"":""jaccard2"",""name_2"":""Dehong Dai and Jingpo""}]",2003-07-01,2025-12-20,2000-08-13,2000-08-13,2000-08-13
2000-0374-CRI,No,nat-hyd-mmw-lan,Natural,Hydrological,Mass movement (wet),Landslide (wet),,,CRI,Costa Rica,Latin America and the Caribbean,Americas,"Miramar de Puntarenas town (Montes de Oro district, Puntarenas province)",,,No,No,No,,,,,,,2000,6.0,27.0,2000,6.0,27.0,7.0,,200.0,,200.0,,,,,,,53.48773668167872,"[{""adm2_code"":14527,""adm2_name"":""Montes De Oro""}]","[{""gid_2"":""CRI.6.8_1"",""migration_date"":""2025-12-20"",""migration_method"":""jaccard2"",""name_2"":""Montes de Oro""}]",2003-07-01,2025-12-20,2000-06-27,2000-06-27,2000-06-27
2000-0206-ECU,No,nat-hyd-mmw-lan,Natural,Hydrological,Mass movement (wet),Landslide (wet),,,ECU,Ecuador,Latin America and the Caribbean,Americas,Quito district (Pichincha province),,,No,No,No,,,,,,,2000,4.0,12.0,2000,4.0,12.0,14.0,25.0,,180.0,205.0,,,,,,,53.48773668167872,"[{""adm2_code"":15512,""adm2_name"":""Quito""}]","[{""gid_2"":""ECU.19.6_1"",""migration_date"":""2025-12-20"",""migration_method"":""jaccard2"",""name_2"":""Quito""}]",2003-07-01,2025-12-20,2000-04-12,2000-04-12,2000-04-12
2000-0724-ECU,No,nat-hyd-mmw-mud,Natural,Hydrological,Mass movement (wet),Mudslide,,,ECU,Ecuador,Latin America and the Caribbean,Americas,"Penipe, Guano districts (Chimborazo province)",,,No,No,No,,,,,,,2000,10.0,14.0,2000,10.0,14.0,30.0,30.0,150.0,,180.0,,,,,,,53.48773668167872,"[{""adm2_code"":15357,""adm2_name"":""Guano""},{""adm2_code"":15359,""adm2_name"":""Penipe""}]","[{""gid_2"":""ECU.5.7_1"",""migration_date"":""2025-12-20"",""migration_method"":""jaccard2"",""name_2"":""Guano""},{""gid_2"":""ECU.5.9_1"",""migration_date"":""2025-12-20"",""migration_method"":""jaccard2"",""name_2"":""Penipe""}]",2003-07-01,2025-12-20,2000-10-14,2000-10-14,2000-10-14
2000-0524-ETH,No,nat-hyd-mmw-lan,Natural,Hydrological,Mass movement (wet),Landslide (wet),,,ETH,Ethiopia,Sub-Saharan Africa,Africa,"Offa area (Wolayita district, SNNPR province)",,,No,No,No,,,,,,,2000,7.0,4.0,2000,7.0,4.0,4.0,,,165.0,165.0,,,,,,,53.48773668167872,"[{""adm2_code"":47706,""adm2_name"":""Wolayita""}]","[{""gid_2"":""ETH.10.21_1"",""migration_date"":""2025-12-20"",""migration_method"":""jaccard2"",""name_2"":""Wolayita""}]",2003-07-01,2025-12-20,2000-07-04,2000-07-04,2000-07-04
2000-0216-GUF,No,nat-hyd-mmw-lan,Natural,Hydrological,Mass movement (wet),Landslide (wet),,,GUF,French Guiana,Latin America and the Caribbean,Americas,Remire (Montjoly) district (Cayenne province),Heavy rains,,No,No,No,,,,,,,2000,4.0,19.0,2000,4.0,19.0,10.0,5.0,,,5.0,,,,,,,53.48773668167872,"[{""adm2_code"":16341,""adm2_name"":""Remire (montjoly)""}]","[{""gid_2"":""GUF.1.9_1"",""migration_date"":""2025-12-20"",""migration_method"":""jaccard2"",""name_2"":""Rémire-Montjoly""}]",2003-07-01,2025-12-20,2000-04-19,2000-04-19,2000-04-19
2000-0358-IND,No,nat-hyd-mmw-lan,Natural,Hydrological,Mass movement (wet),Landslide (wet),,,IND,India,Southern Asia,Asia,"Moradabad, Bijnor districts (Uttar Pradesh province), Uttarakhand province",,,No,No,No,,,,,,,2000,6.0,,2000,6.0,,43.0,,,,,,,,,,,53.48773668167872,"[{""adm1_code"":70082,""adm1_name"":""Uttarakhand""},{""adm2_code"":17899,""adm2_name"":""Bijnor""},{""adm2_code"":17928,""adm2_name"":""Moradabad""}]","[{""gid_1"":""IND.35_1"",""migration_date"":""2025-12-20"",""migration_method"":""jaccard1"",""name_1"":""Uttarakhand""},{""gid_2"":""IND.34.17_1"",""migration_date"":""2025-12-20"",""migration_method"":""jaccard2"",""name_2"":""Bijnor""},{""gid_2"":""IND.34.57_1"",""migration_date"":""2025-12-20"",""migration_method"":""bufhaus2"",""name_2"":""Moradabad""}]",2003-07-01,2025-12-20,2000-06-01,2000-06-01,2000-06-01
2000-0498-IND,No,nat-hyd-mmw-lan,Natural,Hydrological,Mass movement (wet),Landslide (wet),,,IND,India,Southern Asia,Asia,"Pithoragarh, Naini Tal districts (Uttarakhand province)",,,No,No,No,,,,,,,2000,8.0,11.0,2000,8.0,11.0,86.0,,,,,,,,,,,53.48773668167872,"[{""adm2_code"":17932,""adm2_name"":""Pithoragarh""},{""adm2_code"":70285,""adm2_name"":""Naini Tal""}]","[{""gid_2"":""IND.35.8_1"",""migration_date"":""2025-12-20"",""migration_method"":""jaccard2"",""name_2"":""Nainital""},{""gid_2"":""IND.35.9_1"",""migration_date"":""2025-12-20"",""migration_method"":""jaccard2"",""name_2"":""Pithoragarh""}]",2003-07-01,2025-12-20,2000-08-11,2000-08-11,2000-08-11
2000-0415-IND,No,nat-hyd-mmw-lan,Natural,Hydrological,Mass movement (wet),Landslide (wet),,,IND,India,Southern Asia,Asia,"Ghatkopar village (Mumbai Suburban district, Maharashtra province)",Heavy rain,,No,No,No,,,,,,,2000,7.0,12.0,2000,7.0,12.0,58.0,38.0,7000.0,,7038.0,,,,,,,53.48773668167872,"[{""adm2_code"":70183,""adm2_name"":""Mumbai Suburban""}]","[{""gid_2"":""IND.20.18_1"",""migration_date"":""2025-12-20"",""migration_method"":""jaccard2"",""name_2"":""Mumbai Suburban""}]",2005-04-24,2025-12-20,2000-07-12,2000-07-12,2000-07-12
2000-0701-IDN,No,nat-hyd-mmw-mud,Natural,Hydrological,Mass movement (wet),Mudslide,,,IDN,Indonesia,South-eastern Asia,Asia,"Cilacap, Banyumas districts (Jawa Tengah province)",Heavy rains,,No,No,No,,,,,,,2000,10.0,29.0,2000,11.0,1.0,40.0,,54085.0,2125.0,56210.0,,,,,43000.0,80392.0,53.48773668167872,"[{""adm2_code"":18031,""adm2_name"":""Banyumas""},{""adm2_code"":18036,""adm2_name"":""Cilacap""}]","[{""gid_2"":""IDN.10.2_1"",""migration_date"":""2025-12-20"",""migration_method"":""jaccard2"",""name_2"":""Banyumas""},{""gid_2"":""IDN.10.7_1"",""migration_date"":""2025-12-20"",""migration_method"":""jaccard2"",""name_2"":""Cilacap""}]",2005-04-24,2025-12-20,2000-10-29,2000-11-01,2000-10-29
2000-0469-IDN,No,nat-hyd-mmw-lan,Natural,Hydrological,Mass movement (wet),Landslide (wet),,,IDN,Indonesia,South-eastern Asia,Asia,"Banggai city (Banggai Kepulauan district, Sulawesi Tengah province)",,,No,No,No,,,,,,,2000,6.0,24.0,2000,6.0,24.0,,,,520.0,520.0,,,,,,,53.48773668167872,"[{""adm2_code"":73637,""adm2_name"":""Banggai Kepulauan""}]","[{""gid_2"":""IDN.27.1_1"",""migration_date"":""2025-12-20"",""migration_method"":""jaccard2"",""name_2"":""Banggai Kepulauan""}]",2003-07-01,2025-12-20,2000-06-24,2000-06-24,2000-06-24
2000-0082-IDN,No,nat-hyd-mmw-mud,Natural,Hydrological,Mass movement (wet),Mudslide,,,IDN,Indonesia,South-eastern Asia,Asia,Brebes district (Jawa Tengah province),Heavy rains,,No,No,No,,,,,,,2000,2.0,22.0,2000,2.0,24.0,34.0,,,,,,,,,11600.0,21687.0,53.48773668167872,"[{""adm2_code"":18035,""adm2_name"":""Brebes""}]","[{""gid_2"":""IDN.10.6_1"",""migration_date"":""2025-12-20"",""migration_method"":""jaccard2"",""name_2"":""Brebes""}]",2005-07-21,2025-12-20,2000-02-22,2000-02-24,2000-02-22
2000-0721-IDN,No,nat-hyd-mmw-lan,Natural,Hydrological,Mass movement (wet),Landslide (wet),,,IDN,Indonesia,South-eastern Asia,Asia,"Purworejo, Purbalingga, Kebumen districts (Jawa Tengah province)",Heavy rains,,No,No,No,,,,,,,2000,11.0,5.0,2000,11.0,7.0,52.0,19.0,,,19.0,,,,,,,53.48773668167872,"[{""adm2_code"":18041,""adm2_name"":""Kebumen""},{""adm2_code"":18054,""adm2_name"":""Purbalingga""},{""adm2_code"":18055,""adm2_name"":""Purworejo""}]","[{""gid_2"":""IDN.10.12_1"",""migration_date"":""2025-12-20"",""migration_method"":""jaccard2"",""name_2"":""Kebumen""},{""gid_2"":""IDN.10.24_1"",""migration_date"":""2025-12-20"",""migration_method"":""jaccard2"",""name_2"":""Purbalingga""},{""gid_2"":""IDN.10.25_1"",""migration_date"":""2025-12-20"",""migration_method"":""jaccard2"",""name_2"":""Purworejo""}]",2005-04-24,2025-12-20,2000-11-05,2000-11-07,2000-11-05
2000-0634-NGA,No,nat-hyd-mmw-lan,Natural,Hydrological,Mass movement (wet),Landslide (wet),,,NGA,Nigeria,Sub-Saharan Africa,Africa,"Amakor, Nanka villages (Orumba North district, Anambra province)",,,No,No,No,,,,,,,2000,9.0,23.0,2000,9.0,23.0,17.0,,,300.0,300.0,,,,,,,53.48773668167872,"[{""adm2_code"":22655,""adm2_name"":""Orumba North""}]","[{""gid_2"":""NGA.4.19_1"",""migration_date"":""2025-12-20"",""migration_method"":""jaccard2"",""name_2"":""Orumba North""}]",2003-07-01,2025-12-20,2000-09-23,2000-09-23,2000-09-23
2000-0819-NGA,No,nat-hyd-mmw-lan,Natural,Hydrological,Mass movement (wet),Landslide (wet),,,NGA,Nigeria,Sub-Saharan Africa,Africa,"Atakumosa West, Atakumosa East districts (Osun province)",,,No,No,No,,,,,,,2000,12.0,20.0,2000,12.0,20.0,15.0,,,,,,,,,,,53.48773668167872,"[{""adm2_code"":191208,""adm2_name"":""Atakumosa West""},{""adm2_code"":191222,""adm2_name"":""Atakumosa East""}]","[{""gid_2"":""NGA.30.1_1"",""migration_date"":""2025-12-20"",""migration_method"":""jaccard2"",""name_2"":""Atakumosa East""},{""gid_2"":""NGA.30.2_1"",""migration_date"":""2025-12-20"",""migration_method"":""jaccard2"",""name_2"":""Atakumosa West""}]",2003-07-01,2025-12-20,2000-12-20,2000-12-20,2000-12-20
2000-0586-PER,No,nat-hyd-mmw-lan,Natural,Hydrological,Mass movement (wet),Landslide (wet),,,PER,Peru,Latin America and the Caribbean,Americas,"Arma village (La Convenci?n district, Cusco province)",,,No,No,No,,,,,,,2000,9.0,16.0,2000,9.0,16.0,11.0,,,,,,,,,,,53.48773668167872,"[{""adm2_code"":24080,""adm2_name"":""La Convención""}]","[{""gid_2"":""PER.8.9_1"",""migration_date"":""2025-12-20"",""migration_method"":""jaccard2"",""name_2"":""La Convención""}]",2003-07-01,2025-12-20,2000-09-16,2000-09-16,2000-09-16
2000-0763-PHL,No,nat-geo-mmd-lan,Natural,Geophysical,Mass movement (dry),Landslide (dry),,,PHL,Philippines,South-eastern Asia,Asia,"Apayao, Kalinga districts (Cordillera Administrative region (CAR) province)",,,No,No,No,,,,,,,2000,11.0,8.0,2000,11.0,8.0,11.0,,,,,,,,,,,53.48773668167872,"[{""adm2_code"":24205,""adm2_name"":""Apayao""},{""adm2_code"":24208,""adm2_name"":""Kalinga""}]","[{""gid_2"":""PHL.38.1_1"",""migration_date"":""2025-12-20"",""migration_method"":""puzzle2_2"",""name_2"":""Balbalan""},{""gid_2"":""PHL.38.2_1"",""migration_date"":""2025-12-20"",""migration_method"":""puzzle2_2"",""name_2"":""Lubuagan""},{""gid_2"":""PHL.38.3_1"",""migration_date"":""2025-12-20"",""migration_method"":""puzzle2_2"",""name_2"":""Pasil""},{""gid_2"":""PHL.38.4_1"",""migration_date"":""2025-12-20"",""migration_method"":""puzzle2_2"",""name_2"":""Pinukpuk""},{""gid_2"":""PHL.38.5_1"",""migration_date"":""2025-12-20"",""migration_method"":""puzzle2_2"",""name_2"":""Rizal""},{""gid_2"":""PHL.38.6_1"",""migration_date"":""2025-12-20"",""migration_method"":""puzzle2_2"",""name_2"":""Tabuk City""},{""gid_2"":""PHL.38.7_1"",""migration_date"":""2025-12-20"",""migration_method"":""puzzle2_2"",""name_2"":""Tanudan""},{""gid_2"":""PHL.38.8_1"",""migration_date"":""2025-12-20"",""migration_method"":""puzzle2_2"",""name_2"":""Tinglayan""},{""gid_2"":""PHL.7.1_1"",""migration_date"":""2025-12-20"",""migration_method"":""puzzle2_2"",""name_2"":""Calanasan""},{""gid_2"":""PHL.7.2_1"",""migration_date"":""2025-12-20"",""migration_method"":""puzzle2_2"",""name_2"":""Conner""},{""gid_2"":""PHL.7.3_1"",""migration_date"":""2025-12-20"",""migration_method"":""puzzle2_2"",""name_2"":""Flora""},{""gid_2"":""PHL.7.4_1"",""migration_date"":""2025-12-20"",""migration_method"":""puzzle2_2"",""name_2"":""Kabugao""},{""gid_2"":""PHL.7.5_1"",""migration_date"":""2025-12-20"",""migration_method"":""puzzle2_2"",""name_2"":""Luna""},{""gid_2"":""PHL.7.6_1"",""migration_date"":""2025-12-20"",""migration_method"":""puzzle2_2"",""name_2"":""Pudtol""},{""gid_2"":""PHL.7.7_1"",""migration_date"":""2025-12-20"",""migration_method"":""puzzle2_2"",""name_2"":""Santa Marcela""}]",2014-07-11,2025-12-20,2000-11-08,2000-11-08,2000-11-08
2000-0414-PHL,No,nat-hyd-mmw-sub,Natural,Hydrological,Mass movement (wet),Sudden Subsidence (wet),,Garbage,PHL,Philippines,South-eastern Asia,Asia,Metropolitan Manila district (National Capital region (NCR) province),Rain triggered by Typhoon Kai-Tak,,No,No,No,,,,,,,2000,7.0,10.0,2000,7.0,10.0,287.0,38.0,2800.0,,2838.0,,,,,,,53.48773668167872,"[{""adm2_code"":24210,""adm2_name"":""Metropolitan Manila""}]",,2005-04-24,2023-09-25,2000-07-10,2000-07-10,2000-07-10
2000-0164-RUS,No,nat-hyd-mmw-ava,Natural,Hydrological,Mass movement (wet),Avalanche (wet),,,RUS,Russian Federation,Eastern Europe,Europe,Transcaucasian (Severnaya Osetiya-alaniya Rep. Province),,,No,No,No,,,,,,,2000,1.0,19.0,2000,1.0,19.0,20.0,,,,,,,,,,,53.48773668167872,"[{""adm1_code"":2556,""adm1_name"":""Severnaya Osetiya-alaniya Rep.""}]",,2003-07-01,2023-09-25,2000-01-19,2000-01-19,2000-01-19
2000-0457-RUS,No,nat-hyd-mmw-lan,Natural,Hydrological,Mass movement (wet),Landslide (wet),,,RUS,Russian Federation,Eastern Europe,Europe,Tymauz village (Kabardino-Balkaria Rep. province),,,No,No,No,,,,,,,2000,7.0,19.0,2000,7.0,19.0,7.0,8.0,500.0,,508.0,,,,,,,53.48773668167872,"[{""adm1_code"":2508,""adm1_name"":""Kabardino-balkariya Rep.""}]",,2003-07-01,2023-09-25,2000-07-19,2000-07-19,2000-07-19
2000-0672-CHE,No,nat-hyd-mmw-lan,Natural,Hydrological,Mass movement (wet),Landslide (wet),HANZE:1465,,CHE,Switzerland,Western Europe,Europe,Gondo town (Valais Province),,Flood,No,No,No,,,,,,Lake Maggiore,2000,10.0,13.0,2000,10.0,16.0,16.0,,1500.0,,1500.0,,,165000.0,308482.0,330000.0,616964.0,53.48773668167872,"[{""adm1_code"":2829,""adm1_name"":""Valais""}]","[{""gid_1"":""CHE.23_1"",""migration_date"":""2025-12-20"",""migration_method"":""jaccard1"",""name_1"":""Valais""}]",2003-07-01,2025-12-20,2000-10-13,2000-10-16,2000-10-13
2000-0680-VNM,No,nat-hyd-mmw-lan,Natural,Hydrological,Mass movement (wet),Landslide (wet),,,VNM,Viet Nam,South-eastern Asia,Asia,Sin Ho district (Lai Chau province),,,No,No,No,,,,,,,2000,10.0,3.0,2000,10.0,3.0,40.0,17.0,,,17.0,,,,,,,53.48773668167872,"[{""adm2_code"":74143,""adm2_name"":""Sin Ho""}]",,2003-07-01,2023-09-25,2000-10-03,2000-10-03,2000-10-03
2000-0439-VNM,No,nat-hyd-mmw-lan,Natural,Hydrological,Mass movement (wet),Landslide (wet),,,VNM,Viet Nam,South-eastern Asia,Asia,"Ban Sai village (Sa Pa district, Lao Cai province)",,,No,No,No,,,,,,,2000,7.0,22.0,2000,7.0,22.0,33.0,22.0,,,22.0,,,,,,,53.48773668167872,"[{""adm2_code"":32444,""adm2_name"":""Sa Pa""}]","[{""gid_2"":""VNM.38.7_1"",""migration_date"":""2025-12-20"",""migration_method"":""jaccard2"",""name_2"":""Sa Pa""}]",2003-07-01,2025-12-20,2000-07-22,2000-07-22,2000-07-22
2001-0768-CHN,No,nat-hyd-mmw-lan,Natural,Hydrological,Mass movement (wet),Landslide (wet),,,CHN,China,Eastern Asia,Asia,"Zhenyuan Yi-Hani-Lahu Zizhi area (Pu'er district, Yunnan Sheng province)",,,No,No,No,,,,,,,2001,7.0,28.0,2001,7.0,28.0,16.0,,,,,,,,,,,54.99938526629536,"[{""adm2_code"":13310,""adm2_name"":""Pu'er""}]","[{""gid_2"":""CHN.30.11_1"",""migration_date"":""2025-12-20"",""migration_method"":""jaccard2"",""name_2"":""Pu'er""}]",2003-07-01,2025-12-20,2001-07-28,2001-07-28,2001-07-28
2001-0573-CHN,No,nat-hyd-mmw-lan,Natural,Hydrological,Mass movement (wet),Landslide (wet),,,CHN,China,Eastern Asia,Asia,"Yongsheng Xian area(Lijiang district, Yunnan Sheng province)",,,No,No,No,,,,,,,2001,9.0,28.0,2001,9.0,28.0,14.0,18.0,10000.0,,10018.0,,,,,,,54.99938526629536,"[{""adm2_code"":13315,""adm2_name"":""Lijiang""}]","[{""gid_2"":""CHN.30.8_1"",""migration_date"":""2025-12-20"",""migration_method"":""jaccard2"",""name_2"":""Lijiang""}]",2003-07-01,2025-12-20,2001-09-28,2001-09-28,2001-09-28
2001-0421-CHN,No,nat-hyd-mmw-lan,Natural,Hydrological,Mass movement (wet),Landslide (wet),,,CHN,China,Eastern Asia,Asia,", Caohezhang village (Benxi Shi area, Benxi district, Liaoning Sheng province), Yingkou Shi area (Name Unknown district, Liaoning Sheng province)",,Collapse,No,No,No,,,,,,,2001,8.0,1.0,2001,8.0,1.0,34.0,8.0,,300.0,308.0,,,,,,,54.99938526629536,"[{""adm2_code"":13181,""adm2_name"":""Benxi""},{""adm2_code"":13184,""adm2_name"":""Name Unknown""}]",,2003-07-01,2023-09-25,2001-08-01,2001-08-01,2001-08-01
2001-0217-CHN,No,nat-hyd-mmw-lan,Natural,Hydrological,Mass movement (wet),Landslide (wet),,,CHN,China,Eastern Asia,Asia,"Wulong Xiang area (Name Unknown district, Chongqing Shi province)",,,No,No,No,,,,,,,2001,5.0,1.0,2001,5.0,1.0,74.0,,,,,,,,,,,54.99938526629536,"[{""adm2_code"":13003,""adm2_name"":""Name Unknown""}]","[{""gid_2"":""CHN.3.1_1"",""migration_date"":""2025-12-20"",""migration_method"":""jaccard2"",""name_2"":""Chongqing""}]",2003-07-01,2025-12-20,2001-05-01,2001-05-01,2001-05-01
2001-0385-CHN,No,nat-hyd-mmw-lan,Natural,Hydrological,Mass movement (wet),Landslide (wet),,,CHN,China,Eastern Asia,Asia,Kunming district (Yunnan Sheng province),,,No,No,No,,,,,,,2001,7.0,2.0,2001,7.0,2.0,19.0,22.0,,10285.0,10307.0,,,,,60000.0,109092.0,54.99938526629536,"[{""adm2_code"":13303,""adm2_name"":""Kunming""}]","[{""gid_2"":""CHN.30.7_1"",""migration_date"":""2025-12-20"",""migration_method"":""jaccard2"",""name_2"":""Kunming""}]",2003-07-01,2025-12-20,2001-07-02,2001-07-02,2001-07-02
2001-0540-CHN,No,nat-hyd-mmw-lan,Natural,Hydrological,Mass movement (wet),Landslide (wet),,,CHN,China,Eastern Asia,Asia,"Mingshan Xian area (Ya'an district, Sichuan Sheng province)",,,No,No,No,,,,,,,2001,9.0,25.0,2001,9.0,25.0,11.0,,,1000.0,1000.0,,,,,,,54.99938526629536,"[{""adm2_code"":13269,""adm2_name"":""Ya'an""}]","[{""gid_2"":""CHN.26.19_1"",""migration_date"":""2025-12-20"",""migration_method"":""jaccard2"",""name_2"":""Ya'an""}]",2003-07-01,2025-12-20,2001-09-25,2001-09-25,2001-09-25
2001-0637-COL,No,nat-hyd-mmw-lan,Natural,Hydrological,Mass movement (wet),Landslide (wet),,,COL,Colombia,Latin America and the Caribbean,Americas,Filadelfia district (Caldas province),,,No,No,No,,,,,,,2001,11.0,22.0,2001,11.0,22.0,80.0,32.0,,,32.0,,,,,,,54.99938526629536,"[{""adm2_code"":13665,""adm2_name"":""Filadelfia""}]","[{""gid_2"":""COL.8.6_2"",""migration_date"":""2025-12-20"",""migration_method"":""bufhaus2"",""name_2"":""Filadelfia""}]",2003-07-01,2026-08-28,2001-11-22,2001-11-22,2001-11-22
2001-0395-COL,No,nat-hyd-mmw-lan,Natural,Hydrological,Mass movement (wet),Landslide (wet),,,COL,Colombia,Latin America and the Caribbean,Americas,"La Fea town (Valdivia district, Antioquia province)",,,No,No,No,,,,,,,2001,6.0,5.0,2001,6.0,5.0,14.0,,,,,,,,,,,54.99938526629536,"[{""adm2_code"":13457,""adm2_name"":""Valdivia""}]","[{""gid_2"":""COL.2.116_2"",""migration_date"":""2025-12-20"",""migration_method"":""jaccard2"",""name_2"":""Valdivia""}]",2003-07-01,2025-12-20,2001-06-05,2001-06-05,2001-06-05
2001-0709-COD,No,nat-hyd-mmw-lan,Natural,Hydrological,Mass movement (wet),Landslide (wet),,,COD,Democratic Republic of the Congo,Sub-Saharan Africa,Africa,Nord-Kivu province,,,No,No,No,,,,,,,2001,12.0,25.0,2001,12.0,25.0,12.0,,,,,,,,,,,54.99938526629536,"[{""adm1_code"":1074,""adm1_name"":""Nord-Kivu""}]","[{""gid_1"":""COD.19_1"",""migration_date"":""2025-12-20"",""migration_method"":""jaccard1"",""name_1"":""Nord-Kivu""}]",2003-07-01,2025-12-20,2001-12-25,2001-12-25,2001-12-25
2001-0414-IND,No,nat-hyd-mmw-lan,Natural,Hydrological,Mass movement (wet),Landslide (wet),,,IND,India,Southern Asia,Asia,Rudra Prayag district (Uttarakhand province),,,No,No,No,,,,,,,2001,7.0,16.0,2001,7.0,16.0,27.0,,,,,,,,,,,54.99938526629536,"[{""adm2_code"":70286,""adm2_name"":""Rudra Prayag""}]","[{""gid_2"":""IND.35.10_1"",""migration_date"":""2025-12-20"",""migration_method"":""jaccard2"",""name_2"":""Rudraprayag""}]",2003-07-01,2025-12-20,2001-07-16,2001-07-16,2001-07-16
2001-0501-IND,No,nat-hyd-mmw-lan,Natural,Hydrological,Mass movement (wet),Landslide (wet),,,IND,India,Southern Asia,Asia,Chamba district (Himachal Pradesh province),,,No,No,No,,,,,,,2001,8.0,14.0,2001,8.0,14.0,16.0,,,,,,,,,,,54.99938526629536,"[{""adm2_code"":17667,""adm2_name"":""Chamba""}]","[{""gid_2"":""IND.13.2_1"",""migration_date"":""2025-12-20"",""migration_method"":""jaccard2"",""name_2"":""Chamba""}]",2003-07-01,2025-12-20,2001-08-14,2001-08-14,2001-08-14
2001-0618-IND,No,nat-hyd-mmw-lan,Natural,Hydrological,Mass movement (wet),Landslide (wet),,,IND,India,Southern Asia,Asia,"Amboori village (Thiruvananthapuram district, Kerala province)",,,No,No,No,,,,,,,2001,11.0,9.0,2001,11.0,9.0,55.0,,,,,,,,,,,54.99938526629536,"[{""adm2_code"":17709,""adm2_name"":""Thiruvananthapuram""}]","[{""gid_2"":""IND.17.12_1"",""migration_date"":""2025-12-20"",""migration_method"":""jaccard2"",""name_2"":""Thiruvananthapuram""}]",2003-07-01,2025-12-20,2001-11-09,2001-11-09,2001-11-09
2001-0041-IDN,No,nat-hyd-mmw-lan,Natural,Hydrological,Mass movement (wet),Landslide (wet),,,IDN,Indonesia,South-eastern Asia,Asia,"Cipanas village (Lebak district, Banten province)",,,No,No,No,,,,,,,2001,2.0,8.0,2001,2.0,12.0,122.0,,,23000.0,23000.0,,,,,10000.0,18182.0,54.99938526629536,"[{""adm2_code"":18020,""adm2_name"":""Lebak""}]","[{""gid_2"":""IDN.4.4_1"",""migration_date"":""2025-12-20"",""migration_method"":""jaccard2"",""name_2"":""Lebak""}]",2005-12-15,2025-12-20,2001-02-08,2001-02-12,2001-02-08
2001-0046-IDN,No,nat-hyd-mmw-lan,Natural,Hydrological,Mass movement (wet),Landslide (wet),,,IDN,Indonesia,South-eastern Asia,Asia,"Sangihe chains (Kepulauan-sangihe district, Sulawesi Utara province)",,,No,No,No,,,,,,,2001,1.0,22.0,2001,1.0,22.0,63.0,,,,,,,,,,,54.99938526629536,"[{""adm2_code"":73699,""adm2_name"":""Kepulauan-sangihe""}]",,2003-07-01,2023-09-25,2001-01-22,2001-01-22,2001-01-22
2001-0652-IDN,No,nat-hyd-mmw-lan,Natural,Hydrological,Mass movement (wet),Landslide (wet),,,IDN,Indonesia,South-eastern Asia,Asia,"Ayah area (Kebumen district, Jawa Tengah province)",,,No,No,No,,,,,,,2001,10.0,23.0,2001,10.0,23.0,,,,600.0,600.0,,,,,,,54.99938526629536,"[{""adm2_code"":18041,""adm2_name"":""Kebumen""}]","[{""gid_2"":""IDN.10.12_1"",""migration_date"":""2025-12-20"",""migration_method"":""jaccard2"",""name_2"":""Kebumen""}]",2003-07-01,2025-12-20,2001-10-23,2001-10-23,2001-10-23
2001-0651-IDN,No,nat-hyd-mmw-lan,Natural,Hydrological,Mass movement (wet),Landslide (wet),,,IDN,Indonesia,South-eastern Asia,Asia,"Seling village (Kebumen district, Jawa Tengah province)",,,No,No,No,,,,,,,2001,10.0,30.0,2001,10.0,30.0,,,,310.0,310.0,,,,,,,54.99938526629536,"[{""adm2_code"":18041,""adm2_name"":""Kebumen""}]","[{""gid_2"":""IDN.10.12_1"",""migration_date"":""2025-12-20"",""migration_method"":""jaccard2"",""name_2"":""Kebumen""}]",2003-07-01,2025-12-20,2001-10-30,2001-10-30,2001-10-30
2001-0298-NPL,No,nat-hyd-mmw-lan,Natural,Hydrological,Mass movement (wet),Landslide (wet),,,NPL,Nepal,Southern Asia,Asia,"Koshi district (Eastern province), Bagmati, Janakpur districts (Central province), Gandaki, Lumbini districts (Western province), Mahakali district (Far Western province)",,,No,No,No,,,,,,,2001,6.0,,2001,6.0,,144.0,,21019.0,,21019.0,,,,,,,54.99938526629536,"[{""adm2_code"":22351,""adm2_name"":""Bagmati""},{""adm2_code"":22352,""adm2_name"":""Janakpur""},{""adm2_code"":22354,""adm2_name"":""Koshi""},{""adm2_code"":22357,""adm2_name"":""Mahakali""},{""adm2_code"":22363,""adm2_name"":""Gandaki""},{""adm2_code"":22364,""adm2_name"":""Lumbini""}]","[{""gid_2"":""NPL.1.1_1"",""migration_date"":""2025-12-20"",""migration_method"":""jaccard2"",""name_2"":""Bagmati""},{""gid_2"":""NPL.1.2_1"",""migration_date"":""2025-12-20"",""migration_method"":""jaccard2"",""name_2"":""Janakpur""},{""gid_2"":""NPL.2.1_1"",""migration_date"":""2025-12-20"",""migration_method"":""jaccard2"",""name_2"":""Koshi""},{""gid_2"":""NPL.3.1_1"",""migration_date"":""2025-12-20"",""migration_method"":""jaccard2"",""name_2"":""Mahakali""},{""gid_2"":""NPL.5.2_1"",""migration_date"":""2025-12-20"",""migration_method"":""jaccard2"",""name_2"":""Gandaki""},{""gid_2"":""NPL.5.3_1"",""migration_date"":""2025-12-20"",""migration_method"":""jaccard2"",""name_2"":""Lumbini""}]",2003-07-01,2025-12-20,2001-06-01,2001-06-01,2001-06-01
2001-0766-PAK,No,nat-hyd-mmw-mud,Natural,Hydrological,Mass movement (wet),Mudslide,,,PAK,Pakistan,Southern Asia,Asia,"Karachi city (Karachi South District district, Sindh province), Hyderabad city (Hyderabad District district, Sindh province), Sukkur city (Sukkur District district, Sindh province)",,,No,No,No,,,,,,,2001,7.0,,2001,7.0,,16.0,12.0,,,12.0,,,,,,,54.99938526629536,"[{""adm2_code"":23683,""adm2_name"":""Hyderabad District""},{""adm2_code"":40394,""adm2_name"":""Karachi South District""},{""adm2_code"":40404,""adm2_name"":""Sukkur District""}]",,2003-07-01,2023-09-25,2001-07-01,2001-07-01,2001-07-01
2001-0328-PAK,No,nat-hyd-mmw-lan,Natural,Hydrological,Mass movement (wet),Landslide (wet),,,PAK,Pakistan,Southern Asia,Asia,"Chitta Katha village (Mansehra District district, North-West Frontier province)",,,No,No,No,,,,,,,2001,7.0,10.0,2001,7.0,10.0,15.0,,,,,,,,,,,54.99938526629536,"[{""adm2_code"":40344,""adm2_name"":""Mansehra District""}]",,2003-07-01,2023-09-25,2001-07-10,2001-07-10,2001-07-10
2001-0604-PER,No,nat-hyd-mmw-lan,Natural,Hydrological,Mass movement (wet),Landslide (wet),,,PER,Peru,Latin America and the Caribbean,Americas,"Jachahuanca village (Junin district, Junin province)",,,No,No,No,,,,,,,2001,10.0,28.0,2001,10.0,28.0,20.0,,,150.0,150.0,,,,,,,54.99938526629536,"[{""adm2_code"":24113,""adm2_name"":""Junín""}]","[{""gid_2"":""PER.12.6_1"",""migration_date"":""2025-12-20"",""migration_method"":""jaccard2"",""name_2"":""Junín""}]",2003-07-01,2025-12-20,2001-10-28,2001-10-28,2001-10-28
2001-0717-TJK,No,nat-hyd-mmw-lan,Natural,Hydrological,Mass movement (wet),Landslide (wet),,,TJK,Tajikistan,Central Asia,Asia,Varzob district (Tadzhikistan Territories province),,,No,No,No,,,,,,,2001,5.0,20.0,2001,5.0,20.0,1.0,15.0,,150.0,165.0,,,,,600.0,1091.0,54.99938526629536,"[{""adm2_code"":37630,""adm2_name"":""Varzob""}]",,2003-07-01,2023-09-25,2001-05-20,2001-05-20,2001-05-20
2001-0616-TUR,No,nat-hyd-mmw-lan,Natural,Hydrological,Mass movement (wet),Landslide (wet),,,TUR,Türkiye,Western Asia,Asia,"Camlihemsin, Cayeli, Ardesen districts (Rize province)",,,No,No,No,,,,,,,2001,11.0,10.0,2001,11.0,10.0,9.0,,600.0,,600.0,,,,,,,54.99938526629536,"[{""adm2_code"":28191,""adm2_name"":""Ardesen""},{""adm2_code"":28192,""adm2_name"":""Camlihemsin""},{""adm2_code"":28193,""adm2_name"":""Cayeli""}]",,2003-07-01,2023-09-25,2001-11-10,2001-11-10,2001-11-10
2001-0650-UGA,No,nat-hyd-mmw-lan,Natural,Hydrological,Mass movement (wet),Landslide (wet),,,UGA,Uganda,Sub-Saharan Africa,Africa,"Ntandi trading center (Bwamba district, Bundibugyo province)",,,No,No,No,,,,,,,2001,11.0,3.0,2001,11.0,3.0,11.0,10.0,3356.0,,3366.0,,,,,,,54.99938526629536,"[{""adm2_code"":28395,""adm2_name"":""Bwamba""}]","[{""gid_2"":""UGA.5.1_1"",""migration_date"":""2025-12-20"",""migration_method"":""jaccard2"",""name_2"":""Bwamba""}]",2003-07-01,2025-12-20,2001-11-03,2001-11-03,2001-11-03
2001-0047-TZA,No,nat-hyd-mmw-lan,Natural,Hydrological,Mass movement (wet),Landslide (wet),,,TZA,United Republic of Tanzania,Sub-Saharan Africa,Africa,"Mtanga village (Kigoma Rural district, Kigoma province)",,,No,No,No,,,,,,,2001,1.0,22.0,2001,1.0,22.0,13.0,,,150.0,150.0,,,,,,,54.99938526629536,"[{""adm2_code"":115055,""adm2_name"":""Kigoma Rural""}]","[{""gid_2"":""TZA.8.6_1"",""migration_date"":""2025-12-20"",""migration_method"":""jaccard2"",""name_2"":""Kigoma Rural""}]",2003-07-01,2025-12-20,2001-01-22,2001-01-22,2001-01-22
2002-0088-AFG,No,nat-hyd-mmw-ava,Natural,Hydrological,Mass movement (wet),Avalanche (wet),,,AFG,Afghanistan,Southern Asia,Asia,Salang district (Parwan province),,,No,No,No,,,,,,,2002,2.0,6.0,2002,2.0,6.0,5.0,,400.0,,400.0,,,,,,,55.87169607405011,"[{""adm2_code"":3720,""adm2_name"":""Salang""}]",,2005-05-03,2023-09-25,2002-02-06,2002-02-06,2002-02-06
2002-0824-BRA,No,nat-hyd-mmw-mud,Natural,Hydrological,Mass movement (wet),Mudslide,,,BRA,Brazil,Latin America and the Caribbean,Americas,"Angra Dos Reis district, Rio de Janeiro province",,Flood,No,No,No,,,,,,,2002,12.0,9.0,2002,12.0,12.0,74.0,,,1500.0,1500.0,,,,,11000.0,19688.0,55.87169607405011,"[{""adm2_code"":9895,""adm2_name"":""Angra Dos Reis""}]","[{""gid_2"":""BRA.19.1_2"",""migration_date"":""2025-12-20"",""migration_method"":""jaccard2"",""name_2"":""Angra dos Reis""}]",2006-09-17,2025-12-20,2002-12-09,2002-12-12,2002-12-09
2002-0830-BRA,No,nat-hyd-mmw-mud,Natural,Hydrological,Mass movement (wet),Mudslide,,,BRA,Brazil,Latin America and the Caribbean,Americas,Teresopolis district (Rio de Janeiro province),,,No,No,No,,,,,,,2002,12.0,21.0,2002,12.0,21.0,13.0,,,,,,,,,,,55.87169607405011,"[{""adm2_code"":9979,""adm2_name"":""Teresopolis""}]","[{""gid_2"":""BRA.19.86_2"",""migration_date"":""2025-12-20"",""migration_method"":""jaccard2"",""name_2"":""Teresópolis""}]",2003-07-01,2025-12-20,2002-12-21,2002-12-21,2002-12-21
2002-0645-CHN,No,nat-hyd-mmw-lan,Natural,Hydrological,Mass movement (wet),Landslide (wet),,,CHN,China,Eastern Asia,Asia,"Xianfeng Xian area (Enshi Tujia and Miao, Hubei Sheng province)",,,No,No,No,,,,,,,2002,9.0,15.0,2002,9.0,15.0,22.0,,,,,,,,,,,55.87169607405011,"[{""adm2_code"":13128,""adm2_name"":""Enshi Tujia and Miao""}]","[{""gid_2"":""CHN.13.1_1"",""migration_date"":""2025-12-20"",""migration_method"":""jaccard2"",""name_2"":""Enshi Tujia and Miao""}]",2003-07-01,2025-12-20,2002-09-15,2002-09-15,2002-09-15
2002-0508-CHN,No,nat-hyd-mmw-lan,Natural,Hydrological,Mass movement (wet),Landslide (wet),,,CHN,China,Eastern Asia,Asia,Yunnan Sheng province,,,No,No,No,,,,,,,2002,8.0,,2002,8.0,,16.0,,,,,,,,,,,55.87169607405011,"[{""adm1_code"":929,""adm1_name"":""Yunnan Sheng""}]","[{""gid_1"":""CHN.30_1"",""migration_date"":""2025-12-20"",""migration_method"":""jaccard1"",""name_1"":""Yunnan""}]",2003-07-01,2025-12-20,2002-08-01,2002-08-01,2002-08-01
2002-0640-CHN,No,nat-hyd-mmw-lan,Natural,Hydrological,Mass movement (wet),Landslide (wet),,,CHN,China,Eastern Asia,Asia,"Yichikou village (Wuding area, Chuxiong Yi district, Yunnan Sheng province)",,,No,No,No,,,,,,,2002,10.0,4.0,2002,10.0,4.0,15.0,11.0,,,11.0,,,,,,,55.87169607405011,"[{""adm2_code"":13307,""adm2_name"":""Chuxiong Yi""}]","[{""gid_2"":""CHN.30.2_1"",""migration_date"":""2025-12-20"",""migration_method"":""jaccard2"",""name_2"":""Chuxiong Yi""}]",2003-07-01,2025-12-20,2002-10-04,2002-10-04,2002-10-04
2002-0361-CHN,No,nat-hyd-mmw-lan,Natural,Hydrological,Mass movement (wet),Landslide (wet),,,CHN,China,Eastern Asia,Asia,"Shantong village (Gele Shan town, Shapingba area, Name Unknown district, Chongqing Shi province)",,,No,No,No,,,,,,,2002,6.0,14.0,2002,6.0,14.0,10.0,,,,,,,,,,,55.87169607405011,"[{""adm2_code"":13002,""adm2_name"":""Name Unknown""}]",,2003-07-01,2023-09-25,2002-06-14,2002-06-14,2002-06-14
2002-0728-COL,No,nat-hyd-mmw-mud,Natural,Hydrological,Mass movement (wet),Mudslide,,,COL,Colombia,Latin America and the Caribbean,Americas,"El Dorado, Canonico, San Mateo towns (Montecristo district, Bolivar province)",,,No,No,No,,,,,,,2002,10.0,27.0,2002,10.0,29.0,70.0,,,2000.0,2000.0,,,,,,,55.87169607405011,"[{""adm2_code"":13515,""adm2_name"":""Montecristo""}]",,2005-12-09,2023-09-25,2002-10-27,2002-10-29,2002-10-27
2002-0437-ECU,No,nat-geo-mmd-lan,Natural,Geophysical,Mass movement (dry),Landslide (dry),,,ECU,Ecuador,Latin America and the Caribbean,Americas,"Santiago De Mendez municipality (Santiago district, Morona Santiago province)",,,No,No,No,,,,,,,2002,7.0,16.0,2002,7.0,16.0,60.0,,,,,,,,,,,55.87169607405011,"[{""adm2_code"":22069,""adm2_name"":""Santiago""}]","[{""gid_2"":""ECU.15.9_1"",""migration_date"":""2025-12-20"",""migration_method"":""jaccard2"",""name_2"":""Santiago""}]",2014-07-11,2025-12-20,2002-07-16,2002-07-16,2002-07-16
2002-0583-GTM,No,nat-hyd-mmw-mud,Natural,Hydrological,Mass movement (wet),Mudslide,,,GTM,Guatemala,Latin America and the Caribbean,Americas,"San Lucas Toliman, Solola districts (Solola province)",,,No,No,No,,,,,,,2002,9.0,13.0,2002,9.0,13.0,68.0,14.0,,460.0,474.0,,,,,,,55.87169607405011,"[{""adm2_code"":64927,""adm2_name"":""Sololá""},{""adm2_code"":64939,""adm2_name"":""San Lucas Tolimán""}]","[{""gid_2"":""GTM.19.20_1"",""migration_date"":""2025-12-20"",""migration_method"":""jaccard2"",""name_2"":""Sololá""},{""gid_2"":""GTM.19.9_1"",""migration_date"":""2025-12-20"",""migration_method"":""jaccard2"",""name_2"":""San Lucas Tolimán""}]",2003-07-01,2025-12-20,2002-09-13,2002-09-13,2002-09-13
2002-0769-IDN,No,nat-hyd-mmw-mud,Natural,Hydrological,Mass movement (wet),Mudslide,,,IDN,Indonesia,South-eastern Asia,Asia,"Pacet village (Mojokerto district, Jawa Timur province)",,,No,No,No,,,,,,,2002,12.0,11.0,2002,12.0,11.0,32.0,5.0,,,5.0,,,,,,,55.87169607405011,"[{""adm2_code"":18086,""adm2_name"":""Mojokerto""}]","[{""gid_2"":""IDN.11.23_1"",""migration_date"":""2025-12-20"",""migration_method"":""jaccard2"",""name_2"":""Mojokerto""}]",2003-07-01,2025-12-20,2002-12-11,2002-12-11,2002-12-11
2002-0248-KEN,No,nat-hyd-mmw-lan,Natural,Hydrological,Mass movement (wet),Landslide (wet),,,KEN,Kenya,Sub-Saharan Africa,Africa,"Meru Central district (Eastern province), Muranga district (Central province)",,,No,No,No,,,,,,,2002,4.0,30.0,2002,4.0,30.0,16.0,,,,,,,,,,,55.87169607405011,"[{""adm2_code"":51336,""adm2_name"":""Muranga""},{""adm2_code"":51354,""adm2_name"":""Meru Central""}]","[{""gid_2"":""KEN.26.10_1"",""migration_date"":""2025-12-20"",""migration_method"":""puzzle2_2"",""name_2"":""unknown 5""},{""gid_2"":""KEN.26.1_1"",""migration_date"":""2025-12-20"",""migration_method"":""puzzle2_2"",""name_2"":""Buuri""},{""gid_2"":""KEN.26.2_1"",""migration_date"":""2025-12-20"",""migration_method"":""puzzle2_2"",""name_2"":""Central Imenti""},{""gid_2"":""KEN.26.6_1"",""migration_date"":""2025-12-20"",""migration_method"":""puzzle2_2"",""name_2"":""North Imenti""},{""gid_2"":""KEN.26.7_1"",""migration_date"":""2025-12-20"",""migration_method"":""puzzle2_2"",""name_2"":""South Imenti""},{""gid_2"":""KEN.29.3_1"",""migration_date"":""2025-12-20"",""migration_method"":""puzzle2_2"",""name_2"":""Kangema""},{""gid_2"":""KEN.29.5_1"",""migration_date"":""2025-12-20"",""migration_method"":""puzzle2_2"",""name_2"":""Kiharu""},{""gid_2"":""KEN.29.7_1"",""migration_date"":""2025-12-20"",""migration_method"":""puzzle2_2"",""name_2"":""Mathioya""}]",2003-07-01,2025-12-20,2002-04-30,2002-04-30,2002-04-30
2002-0309-KGZ,No,nat-hyd-mmw-lan,Natural,Hydrological,Mass movement (wet),Landslide (wet),,,KGZ,Kyrgyzstan,Central Asia,Asia,"Alai, Zhangi-Savai villages (Alay district, Osh province)",,,No,No,No,,,,,,,2002,5.0,2.0,2002,5.0,2.0,,,480.0,522.0,1002.0,,,,,1500.0,2685.0,55.87169607405011,"[{""adm2_code"":18616,""adm2_name"":""Alay""}]","[{""gid_2"":""KGZ.7.1_1"",""migration_date"":""2025-12-20"",""migration_method"":""jaccard2"",""name_2"":""Alai""}]",2003-07-01,2025-12-20,2002-05-02,2002-05-02,2002-05-02
2002-0064-MYS,No,nat-hyd-mmw-lan,Natural,Hydrological,Mass movement (wet),Landslide (wet),,,MYS,Malaysia,South-eastern Asia,Asia,Simunjan district (Sarawak province),,,No,No,No,,,,,,,2002,1.0,31.0,2002,1.0,31.0,10.0,,,,,,,,,,,55.87169607405011,"[{""adm2_code"":37450,""adm2_name"":""Simunjan""}]","[{""gid_2"":""MYS.14.28_1"",""migration_date"":""2025-12-20"",""migration_method"":""jaccard2"",""name_2"":""Simunjan""}]",2005-05-03,2025-12-20,2002-01-31,2002-01-31,2002-01-31
2002-0428-NPL,No,nat-hyd-mmw-lan,Natural,Hydrological,Mass movement (wet),Landslide (wet),,,NPL,Nepal,Southern Asia,Asia,"Kathmandu, Kavrepalanchock, Sindhupalchowk, Lalitpur areas (Bagmati district, Central province), Dhanusha, Mahottari areas (Janakpur district, Central province), Chitwan, Makwanpur areas (Narayani district, Central province), Bhojpur, Dhankuta areas (Koshi district, Eastern province), Taplejung area (Mechi district, Eastern province), Khotang area (Sagarmatha district, Eastern province), Syangja area (Gandaki district, Western province)",Monsoon rains,Flood,No,No,No,2336.0,,,,,,2002,7.0,15.0,2002,8.0,15.0,472.0,105.0,265760.0,,265865.0,,,,,,,55.87169607405011,"[{""adm2_code"":22351,""adm2_name"":""Bagmati""},{""adm2_code"":22352,""adm2_name"":""Janakpur""},{""adm2_code"":22353,""adm2_name"":""Narayani""},{""adm2_code"":22354,""adm2_name"":""Koshi""},{""adm2_code"":22355,""adm2_name"":""Mechi""},{""adm2_code"":22356,""adm2_name"":""Sagarmatha""},{""adm2_code"":22363,""adm2_name"":""Gandaki""}]","[{""gid_2"":""NPL.1.1_1"",""migration_date"":""2025-12-20"",""migration_method"":""jaccard2"",""name_2"":""Bagmati""},{""gid_2"":""NPL.1.2_1"",""migration_date"":""2025-12-20"",""migration_method"":""jaccard2"",""name_2"":""Janakpur""},{""gid_2"":""NPL.1.3_1"",""migration_date"":""2025-12-20"",""migration_method"":""jaccard2"",""name_2"":""Narayani""},{""gid_2"":""NPL.2.1_1"",""migration_date"":""2025-12-20"",""migration_method"":""jaccard2"",""name_2"":""Koshi""},{""gid_2"":""NPL.2.2_1"",""migration_date"":""2025-12-20"",""migration_method"":""jaccard2"",""name_2"":""Mechi""},{""gid_2"":""NPL.2.3_1"",""migration_date"":""2025-12-20"",""migration_method"":""jaccard2"",""name_2"":""Sagarmatha""},{""gid_2"":""NPL.5.2_1"",""migration_date"":""2025-12-20"",""migration_method"":""jaccard2"",""name_2"":""Gandaki""}]",2005-04-19,2025-12-20,2002-07-15,2002-08-15,2002-07-15
2002-0190-PNG,No,nat-hyd-mmw-lan,Natural,Hydrological,Mass movement (wet),Landslide (wet),,,PNG,Papua New Guinea,Melanesia,Oceania,"Wantoat village (Markham area, Kaiapit district, Morobe province)",,,No,No,No,,,,,,,2002,4.0,2.0,2002,4.0,2.0,36.0,11.0,163.0,,174.0,,,,,,,55.87169607405011,"[{""adm2_code"":37522,""adm2_name"":""Kaiapit""}]",,2003-07-01,2023-09-25,2002-04-02,2002-04-02,2002-04-02
2002-0602-RUS,No,nat-hyd-mmw-ava,Natural,Hydrological,Mass movement (wet),Avalanche (wet),,,RUS,Russian Federation,Eastern Europe,Europe,Nijni Karmadon town (Severnaya Osetiya-alaniya Rep. Province),,,No,No,No,,,,,,,2002,9.0,20.0,2002,9.0,20.0,122.0,,,,,,,,,,,55.87169607405011,"[{""adm1_code"":2556,""adm1_name"":""Severnaya Osetiya-alaniya Rep.""}]",,2010-02-16,2023-09-25,2002-09-20,2002-09-20,2002-09-20
2002-0743-CHE,No,nat-hyd-mmw-mud,Natural,Hydrological,Mass movement (wet),Mudslide,,,CHE,Switzerland,Western Europe,Europe,"Graubunden, Uri, Ticino, Geneve, Vaud Provinces",,"Slide (land, mud, snow, rock)",No,No,Yes,,,,,,,2002,11.0,14.0,2002,11.0,14.0,1.0,,231.0,,231.0,,,30000.0,53694.0,180000.0,322167.0,55.87169607405011,"[{""adm1_code"":2814,""adm1_name"":""Geneve""},{""adm1_code"":2816,""adm1_name"":""Graubunden""},{""adm1_code"":2827,""adm1_name"":""Ticino""},{""adm1_code"":2828,""adm1_name"":""Uri""},{""adm1_code"":2830,""adm1_name"":""Vaud""}]","[{""gid_1"":""CHE.10_1"",""migration_date"":""2025-12-20"",""migration_method"":""jaccard1"",""name_1"":""Graubünden""},{""gid_1"":""CHE.21_1"",""migration_date"":""2025-12-20"",""migration_method"":""jaccard1"",""name_1"":""Ticino""},{""gid_1"":""CHE.22_1"",""migration_date"":""2025-12-20"",""migration_method"":""jaccard1"",""name_1"":""Uri""},{""gid_1"":""CHE.24_1"",""migration_date"":""2025-12-20"",""migration_method"":""jaccard1"",""name_1"":""Vaud""},{""gid_1"":""CHE.8_1"",""migration_date"":""2025-12-20"",""migration_method"":""bufhaus1"",""name_1"":""Genève""}]",2008-03-22,2025-12-20,2002-11-14,2002-11-14,2002-11-14
2002-0632-SYR,No,nat-hyd-mmw-lan,Natural,Hydrological,Mass movement (wet),Landslide (wet),,,SYR,Syrian Arab Republic,Western Asia,Asia,"Aleppo city (Jebel_Saman district, Aleppo province)",,,No,No,No,,,,,,,2002,10.0,2.0,2002,10.0,2.0,80.0,23.0,,,23.0,,,,,,,55.87169607405011,"[{""adm2_code"":26319,""adm2_name"":""Jebel_Saman""}]","[{""gid_2"":""SYR.2.6_1"",""migration_date"":""2025-12-20"",""migration_method"":""jaccard2"",""name_2"":""Jabal Sam'an""}]",2003-07-01,2025-12-20,2002-10-02,2002-10-02,2002-10-02
2002-0562-THA,No,nat-hyd-mmw-lan,Natural,Hydrological,Mass movement (wet),Landslide (wet),,,THA,Thailand,South-eastern Asia,Asia,"Ban Sala refugee camp (Mae Sariang district, Mae Hong Son province)",,,Yes,No,No,,,,,,,2002,9.0,3.0,2002,9.0,3.0,35.0,,,33000.0,33000.0,,,,,,,55.87169607405011,"[{""adm2_code"":26656,""adm2_name"":""Mae Sariang""}]","[{""gid_2"":""THA.23.3_1"",""migration_date"":""2025-12-20"",""migration_method"":""jaccard2"",""name_2"":""Mae Sariang""}]",2003-07-01,2025-12-20,2002-09-03,2002-09-03,2002-09-03
2003-0153-BOL,No,nat-hyd-mmw-lan,Natural,Hydrological,Mass movement (wet),Landslide (wet),,,BOL,Bolivia (Plurinational State of),Latin America and the Caribbean,Americas,"Chima town (Larecaja province, La Paz department)",Hevay rains,,Yes,Yes,Yes,143.0,,,,,,2003,3.0,31.0,2003,3.0,31.0,69.0,11.0,690.0,300.0,1001.0,,,,,,,57.1400352670416,"[{""adm2_code"":6181,""adm2_name"":""Larecaja""}]","[{""gid_2"":""BOL.4.12_2"",""migration_date"":""2025-12-20"",""migration_method"":""jaccard2"",""name_2"":""Larecaja""}]",2005-04-13,2025-12-20,2003-03-31,2003-03-31,2003-03-31
2003-0358-CMR,No,nat-hyd-mmw-lan,Natural,Hydrological,Mass movement (wet),Landslide (wet),,,CMR,Cameroon,Sub-Saharan Africa,Africa,"Wabane village (Lebialem district, Sud - Ouest province)",,Flood,No,No,No,,,,,,,2003,7.0,20.0,2003,7.0,20.0,20.0,,,100.0,100.0,,,,,,,57.1400352670416,"[{""adm2_code"":12512,""adm2_name"":""Lebialem""}]","[{""gid_2"":""CMR.9.3_1"",""migration_date"":""2025-12-20"",""migration_method"":""jaccard2"",""name_2"":""Lebialem""}]",2003-07-30,2025-12-20,2003-07-20,2003-07-20,2003-07-20
2003-0441-CHN,No,nat-hyd-mmw-lan,Natural,Hydrological,Mass movement (wet),Landslide (wet),,,CHN,China,Eastern Asia,Asia,"Ziyang Shi area (Ziyang district, Sichuan Sheng province), Danba area (Garze Tibetan district, Sichuan Sheng province), Shimian area (Ya'an district, Sichuan Sheng province)",Heavy rain,Flood,No,No,No,,,,,,,2003,8.0,26.0,2003,8.0,30.0,17.0,,,,,,,,,,,57.1400352670416,"[{""adm2_code"":13269,""adm2_name"":""Ya'an""},{""adm2_code"":13271,""adm2_name"":""Garzê Tibetan""},{""adm2_code"":13275,""adm2_name"":""Ziyang""}]","[{""gid_2"":""CHN.26.19_1"",""migration_date"":""2025-12-20"",""migration_method"":""jaccard2"",""name_2"":""Ya'an""},{""gid_2"":""CHN.26.22_1"",""migration_date"":""2025-12-20"",""migration_method"":""jaccard2"",""name_2"":""Ziyang""},{""gid_2"":""CHN.26.5_1"",""migration_date"":""2025-12-20"",""migration_method"":""jaccard2"",""name_2"":""Garzê Tibetan""}]",2004-02-18,2025-12-20,2003-08-26,2003-08-30,2003-08-26
2003-0219-CHN,No,nat-hyd-mmw-lan,Natural,Hydrological,Mass movement (wet),Landslide (wet),,,CHN,China,Eastern Asia,Asia,"Sansui area (Quiandongnan Miao and Dong district, Guizhou Sheng province)",,,No,No,No,,,,,,,2003,5.0,11.0,2003,5.0,11.0,35.0,,,,,,,,,,,57.1400352670416,"[{""adm2_code"":13070,""adm2_name"":""Qiandongnan Miao and Dong""}]","[{""gid_2"":""CHN.8.5_1"",""migration_date"":""2025-12-20"",""migration_method"":""jaccard2"",""name_2"":""Qiandongnan Miao and Dong""}]",2003-10-08,2025-12-20,2003-05-11,2003-05-11,2003-05-11
2003-0138-COL,No,nat-hyd-mmw-mud,Natural,Hydrological,Mass movement (wet),Mudslide,,,COL,Colombia,Latin America and the Caribbean,Americas,Manizales district (Caldas province),Heavy rains,,No,No,No,,,,,,,2003,3.0,19.0,2003,3.0,19.0,35.0,19.0,700.0,60.0,779.0,,,,,,,57.1400352670416,"[{""adm2_code"":13668,""adm2_name"":""Manizales""}]",,2003-10-03,2023-09-25,2003-03-19,2003-03-19,2003-03-19
2003-0191-GTM,No,nat-hyd-mmw-lan,Natural,Hydrological,Mass movement (wet),Landslide (wet),,,GTM,Guatemala,Latin America and the Caribbean,Americas,"Cerro Cocol hill (San Pedro Sacate??quez district, San Marcos province)",Heavy rains,,No,No,No,,,,,,,2003,4.0,23.0,2003,4.0,23.0,22.0,,220.0,,220.0,,,,,,,57.1400352670416,"[{""adm2_code"":65008,""adm2_name"":""San Pedro Sacatepéquez""}]",,2003-10-07,2023-09-25,2003-04-23,2003-04-23,2003-04-23
2003-0151-IND,No,nat-hyd-mmw-ava,Natural,Hydrological,Mass movement (wet),Avalanche (wet),,,IND,India,Southern Asia,Asia,Administrative unit not available district (Jammu and Kashmir province),,,No,No,No,,,,,,,2003,3.0,3.0,2003,3.0,3.0,25.0,,,,,,,,,,,57.1400352670416,"[{""adm2_code"":40419,""adm2_name"":""Administrative unit not available""}]",,2003-10-06,2023-09-25,2003-03-03,2003-03-03,2003-03-03
2003-0060-IDN,No,nat-hyd-mmw-lan,Natural,Hydrological,Mass movement (wet),Landslide (wet),,,IDN,Indonesia,South-eastern Asia,Asia,"Cantilan village (Kuningan district, Jawa Barat province)",Hevay rains,,No,No,No,,,,,,,2003,1.0,31.0,2003,1.0,31.0,10.0,,20.0,,20.0,,,,,,,57.1400352670416,"[{""adm2_code"":18019,""adm2_name"":""Kuningan""}]","[{""gid_2"":""IDN.9.20_1"",""migration_date"":""2025-12-20"",""migration_method"":""jaccard2"",""name_2"":""Kuningan""}]",2003-09-02,2025-12-20,2003-01-31,2003-01-31,2003-01-31
2003-0144-IDN,No,nat-hyd-mmw-lan,Natural,Hydrological,Mass movement (wet),Landslide (wet),,,IDN,Indonesia,South-eastern Asia,Asia,"Makale, Sa'dan Balusu areas (Tanatoraja district, Sulawesi Selatan province)",Heavy rains,,No,No,No,,,,,,,2003,3.0,18.0,2003,3.0,18.0,12.0,,,,,,,,,,,57.1400352670416,"[{""adm2_code"":18187,""adm2_name"":""Tanatoraja""}]","[{""gid_2"":""IDN.26.22_1"",""migration_date"":""2025-12-20"",""migration_method"":""puzzle2_2"",""name_2"":""Tana Toraja""},{""gid_2"":""IDN.26.23_1"",""migration_date"":""2025-12-20"",""migration_method"":""puzzle2_2"",""name_2"":""Toraja Utara""}]",2004-02-16,2025-12-20,2003-03-18,2003-03-18,2003-03-18
2003-0053-IDN,No,nat-hyd-mmw-lan,Natural,Hydrological,Mass movement (wet),Landslide (wet),,,IDN,Indonesia,South-eastern Asia,Asia,"Nenggeng, Budi Aten, Bojong Jambu villages (Kadungora area, Garut district, Jawa Barat province)",Heavy rains,,No,No,No,,,,,,,2003,1.0,29.0,2003,1.0,29.0,21.0,74.0,1686.0,,1760.0,,,,,,,57.1400352670416,"[{""adm2_code"":18012,""adm2_name"":""Garut""}]","[{""gid_2"":""IDN.9.11_1"",""migration_date"":""2025-12-20"",""migration_method"":""jaccard2"",""name_2"":""Garut""}]",2003-09-01,2025-12-20,2003-01-29,2003-01-29,2003-01-29
2003-0787-IRN,No,nat-hyd-mmw-ava,Natural,Hydrological,Mass movement (wet),Avalanche (wet),,,IRN,Iran (Islamic Republic of),Southern Asia,Asia,"Chalus district (Mazandaran province), Karaj district (Tehran provinces)",,,No,No,No,,,,,,,2003,2.0,26.0,2003,2.0,26.0,20.0,4.0,,,4.0,,,,,,,57.1400352670416,"[{""adm2_code"":40919,""adm2_name"":""Chalus""},{""adm2_code"":40990,""adm2_name"":""Karaj""}]",,2004-03-10,2023-09-25,2003-02-26,2003-02-26,2003-02-26
2003-0177-KGZ,No,nat-hyd-mmw-lan,Natural,Hydrological,Mass movement (wet),Landslide (wet),,,KGZ,Kyrgyzstan,Central Asia,Asia,"Kara-Taryk village (Ozgon district, Osh province)","Heavy rains, melting snow",,Yes,Yes,No,85.0,,,,,,2003,4.0,20.0,2003,4.0,20.0,38.0,2.0,156.0,53.0,211.0,,,,,,,57.1400352670416,"[{""adm2_code"":18622,""adm2_name"":""Ozgon""}]","[{""gid_2"":""KGZ.7.7_1"",""migration_date"":""2025-12-20"",""migration_method"":""jaccard2"",""name_2"":""Uzgen""}]",2005-04-13,2025-12-20,2003-04-20,2003-04-20,2003-04-20
2003-0436-MEX,No,nat-hyd-mmw-lan,Natural,Hydrological,Mass movement (wet),Landslide (wet),,,MEX,Mexico,Latin America and the Caribbean,Americas,"Santa Maria Chilchotla, Santa Ana Ateixtlahuaca, Eloxochitlan municipalities (Teotitlan district, Oaxaca province)",Heavy rains,,No,No,No,,,,,,,2003,7.0,17.0,2003,7.0,18.0,10.0,,200.0,,200.0,,,,,,,57.1400352670416,"[{""adm2_code"":20569,""adm2_name"":""Dist. Teotitlan""}]",,2004-02-12,2023-09-25,2003-07-17,2003-07-18,2003-07-17
2003-0240-PAK,No,nat-hyd-mmw-lan,Natural,Hydrological,Mass movement (wet),Landslide (wet),,,PAK,Pakistan,Southern Asia,Asia,"Ronala village (Kohistan District district, North-West Frontier province)",Heavy rains,,No,No,No,,,,,,,2003,5.0,2.0,2003,5.0,2.0,12.0,,,,,,,,,,,57.1400352670416,"[{""adm2_code"":40340,""adm2_name"":""Kohistan District""}]","[{""gid_2"":""PAK.5.4_1"",""migration_date"":""2025-12-20"",""migration_method"":""bufhaus2"",""name_2"":""Hazara""}]",2003-10-08,2025-12-20,2003-05-02,2003-05-02,2003-05-02
2003-0208-PNG,No,nat-hyd-mmw-lan,Natural,Hydrological,Mass movement (wet),Landslide (wet),,,PNG,Papua New Guinea,Melanesia,Oceania,Southern Highlands province,Heavy rains,,No,No,No,,,,,,,2003,5.0,3.0,2003,5.0,3.0,13.0,21.0,,,21.0,,,,,,,57.1400352670416,"[{""adm1_code"":2305,""adm1_name"":""Southern Highlands""}]",,2003-10-08,2023-09-25,2003-05-03,2003-05-03,2003-05-03
2003-0386-PNG,No,nat-hyd-mmw-lan,Natural,Hydrological,Mass movement (wet),Landslide (wet),,,PNG,Papua New Guinea,Melanesia,Oceania,"Namatanai, Konos districts (New Ireland province)",Torrential rains,,No,No,No,,,,,,,2003,8.0,1.0,2003,8.0,1.0,,,600.0,,600.0,,,,,,,57.1400352670416,"[{""adm2_code"":37530,""adm2_name"":""Konos""},{""adm2_code"":37533,""adm2_name"":""Namatanai""}]","[{""gid_2"":""PNG.16.2_1"",""migration_date"":""2025-12-20"",""migration_method"":""bufhaus2"",""name_2"":""Namatanai""},{""gid_2"":""PNG.16.2_1"",""migration_date"":""2025-12-20"",""migration_method"":""bufhaus2"",""name_2"":""Namatanai""}]",2003-08-11,2025-12-20,2003-08-01,2003-08-01,2003-08-01
2003-0610-PHL,No,nat-hyd-mmw-lan,Natural,Hydrological,Mass movement (wet),Landslide (wet),,,PHL,Philippines,South-eastern Asia,Asia,"Liloan, San Francisco, Maasin, Punta, San Ricardo areas (Southern Leyte district, Region VIII (Easter, Visayas) province), Bohol district (Region VII (Central Visayas) province), Misamis Oriental district (Region X (Northern Mindanao), Compostela district (Region XI (Davao Region) province), South Cotabato district (Region XII (Soccsksargen) province), Agusan del Sur, Agusan del Norte, Surigao del Sur, Surigao de Norte districts (Region XIII (Caraga) province)","Heavy rains, deforestation",Flood,Yes,Yes,Yes,423.0,,,,,Agusan,2003,12.0,19.0,2004,1.0,7.0,255.0,54.0,217934.0,,217988.0,,,,,7000.0,12251.0,57.1400352670416,"[{""adm2_code"":24252,""adm2_name"":""Bohol""},{""adm2_code"":24260,""adm2_name"":""Southern Leyte""},{""adm2_code"":24275,""adm2_name"":""Agusan Del Norte""},{""adm2_code"":24276,""adm2_name"":""Agusan Del Sur""},{""adm2_code"":24278,""adm2_name"":""Surigao Del Sur""},{""adm2_code"":67169,""adm2_name"":""Surigao Del Norte""},{""adm2_code"":24265,""adm2_name"":""Misamis Oriental""},{""adm2_code"":24266,""adm2_name"":""Compostela""},{""adm2_code"":24271,""adm2_name"":""South Cotabato""}]","[{""gid_2"":""PHL.15.10_1"",""migration_date"":""2025-12-20"",""migration_method"":""puzzle2_2"",""name_2"":""Buenavista""},{""gid_2"":""PHL.15.11_1"",""migration_date"":""2025-12-20"",""migration_method"":""puzzle2_2"",""name_2"":""Calape""},{""gid_2"":""PHL.15.12_1"",""migration_date"":""2025-12-20"",""migration_method"":""puzzle2_2"",""name_2"":""Candijay""},{""gid_2"":""PHL.15.13_1"",""migration_date"":""2025-12-20"",""migration_method"":""puzzle2_2"",""name_2"":""Carmen""},{""gid_2"":""PHL.15.14_1"",""migration_date"":""2025-12-20"",""migration_method"":""puzzle2_2"",""name_2"":""Catigbian""},{""gid_2"":""PHL.15.15_1"",""migration_date"":""2025-12-20"",""migration_method"":""puzzle2_2"",""name_2"":""Clarin""},{""gid_2"":""PHL.15.16_1"",""migration_date"":""2025-12-20"",""migration_method"":""puzzle2_2"",""name_2"":""Corella""},{""gid_2"":""PHL.15.17_1"",""migration_date"":""2025-12-20"",""migration_method"":""puzzle2_2"",""name_2"":""Cortes""},{""gid_2"":""PHL.15.18_1"",""migration_date"":""2025-12-20"",""migration_method"":""puzzle2_2"",""name_2"":""Dagohoy""},{""gid_2"":""PHL.15.19_1"",""migration_date"":""2025-12-20"",""migration_method"":""puzzle2_2"",""name_2"":""Danao""},{""gid_2"":""PHL.15.1_1"",""migration_date"":""2025-12-20"",""migration_method"":""puzzle2_2"",""name_2"":""Albuquerque""},{""gid_2"":""PHL.15.20_1"",""migration_date"":""2025-12-20"",""migration_method"":""puzzle2_2"",""name_2"":""Dauis""},{""gid_2"":""PHL.15.21_1"",""migration_date"":""2025-12-20"",""migration_method"":""puzzle2_2"",""name_2"":""Dimiao""},{""gid_2"":""PHL.15.22_1"",""migration_date"":""2025-12-20"",""migration_method"":""puzzle2_2"",""name_2"":""Duero""},{""gid_2"":""PHL.15.23_1"",""migration_date"":""2025-12-20"",""migration_method"":""puzzle2_2"",""name_2"":""Garcia Hernandez""},{""gid_2"":""PHL.15.24_1"",""migration_date"":""2025-12-20"",""migration_method"":""puzzle2_2"",""name_2"":""Guindulman""},{""gid_2"":""PHL.15.25_1"",""migration_date"":""2025-12-20"",""migration_method"":""puzzle2_2"",""name_2"":""Inabanga""},{""gid_2"":""PHL.15.26_1"",""migration_date"":""2025-12-20"",""migration_method"":""puzzle2_2"",""name_2"":""Jagna""},{""gid_2"":""PHL.15.27_1"",""migration_date"":""2025-12-20"",""migration_method"":""puzzle2_2"",""name_2"":""Jetafe""},{""gid_2"":""PHL.15.28_1"",""migration_date"":""2025-12-20"",""migration_method"":""puzzle2_2"",""name_2"":""Lila""},{""gid_2"":""PHL.15.29_1"",""migration_date"":""2025-12-20"",""migration_method"":""puzzle2_2"",""name_2"":""Loay""},{""gid_2"":""PHL.15.2_1"",""migration_date"":""2025-12-20"",""migration_method"":""puzzle2_2"",""name_2"":""Alicia""},{""gid_2"":""PHL.15.30_1"",""migration_date"":""2025-12-20"",""migration_method"":""puzzle2_2"",""name_2"":""Loboc""},{""gid_2"":""PHL.15.31_1"",""migration_date"":""2025-12-20"",""migration_method"":""puzzle2_2"",""name_2"":""Loon""},{""gid_2"":""PHL.15.32_1"",""migration_date"":""2025-12-20"",""migration_method"":""puzzle2_2"",""name_2"":""Mabini""},{""gid_2"":""PHL.15.33_1"",""migration_date"":""2025-12-20"",""migration_method"":""puzzle2_2"",""name_2"":""Maribojoc""},{""gid_2"":""PHL.15.34_1"",""migration_date"":""2025-12-20"",""migration_method"":""puzzle2_2"",""name_2"":""Panglao""},{""gid_2"":""PHL.15.35_1"",""migration_date"":""2025-12-20"",""migration_method"":""puzzle2_2"",""name_2"":""Pilar""},{""gid_2"":""PHL.15.36_1"",""migration_date"":""2025-12-20"",""migration_method"":""puzzle2_2"",""name_2"":""Pres. Carlos P. Garcia""},{""gid_2"":""PHL.15.37_1"",""migration_date"":""2025-12-20"",""migration_method"":""puzzle2_2"",""name_2"":""Sagbayan""},{""gid_2"":""PHL.15.38_1"",""migration_date"":""2025-12-20"",""migration_method"":""puzzle2_2"",""name_2"":""San Isidro""},{""gid_2"":""PHL.15.39_1"",""migration_date"":""2025-12-20"",""migration_method"":""puzzle2_2"",""name_2"":""San Miguel""},{""gid_2"":""PHL.15.3_1"",""migration_date"":""2025-12-20"",""migration_method"":""puzzle2_2"",""name_2"":""Anda""},{""gid_2"":""PHL.15.40_1"",""migration_date"":""2025-12-20"",""migration_method"":""puzzle2_2"",""name_2"":""Sevilla""},{""gid_2"":""PHL.15.41_1"",""migration_date"":""2025-12-20"",""migration_method"":""puzzle2_2"",""name_2"":""Sierra Bullones""},{""gid_2"":""PHL.15.42_1"",""migration_date"":""2025-12-20"",""migration_method"":""puzzle2_2"",""name_2"":""Sikatuna""},{""gid_2"":""PHL.15.43_1"",""migration_date"":""2025-12-20"",""migration_method"":""puzzle2_2"",""name_2"":""Tagbilaran City""},{""gid_2"":""PHL.15.44_1"",""migration_date"":""2025-12-20"",""migration_method"":""puzzle2_2"",""name_2"":""Talibon""},{""gid_2"":""PHL.15.45_1"",""migration_date"":""2025-12-20"",""migration_method"":""puzzle2_2"",""name_2"":""Trinidad""},{""gid_2"":""PHL.15.46_1"",""migration_date"":""2025-12-20"",""migration_method"":""puzzle2_2"",""name_2"":""Tubigon""},{""gid_2"":""PHL.15.47_1"",""migration_date"":""2025-12-20"",""migration_method"":""puzzle2_2"",""name_2"":""Ubay""},{""gid_2"":""PHL.15.48_1"",""migration_date"":""2025-12-20"",""migration_method"":""puzzle2_2"",""name_2"":""Valencia""},{""gid_2"":""PHL.15.4_1"",""migration_date"":""2025-12-20"",""migration_method"":""puzzle2_2"",""name_2"":""Antequera""},{""gid_2"":""PHL.15.5_1"",""migration_date"":""2025-12-20"",""migration_method"":""puzzle2_2"",""name_2"":""Baclayon""},{""gid_2"":""PHL.15.6_1"",""migration_date"":""2025-12-20"",""migration_method"":""puzzle2_2"",""name_2"":""Balilihan""},{""gid_2"":""PHL.15.7_1"",""migration_date"":""2025-12-20"",""migration_method"":""puzzle2_2"",""name_2"":""Batuan""},{""gid_2"":""PHL.15.8_1"",""migration_date"":""2025-12-20"",""migration_method"":""puzzle2_2"",""name_2"":""Bien Unido""},{""gid_2"":""PHL.15.9_1"",""migration_date"":""2025-12-20"",""migration_method"":""puzzle2_2"",""name_2"":""Bilar""},{""gid_2"":""PHL.2.10_1"",""migration_date"":""2025-12-20"",""migration_method"":""puzzle2_2"",""name_2"":""Nasipit""},{""gid_2"":""PHL.2.11_1"",""migration_date"":""2025-12-20"",""migration_method"":""puzzle2_2"",""name_2"":""Remedios T. Romualdez""},{""gid_2"":""PHL.2.12_1"",""migration_date"":""2025-12-20"",""migration_method"":""puzzle2_2"",""name_2"":""Santiago""},{""gid_2"":""PHL.2.13_1"",""migration_date"":""2025-12-20"",""migration_method"":""puzzle2_2"",""name_2"":""Tubay""},{""gid_2"":""PHL.2.1_1"",""migration_date"":""2025-12-20"",""migration_method"":""puzzle2_2"",""name_2"":""Buenavista""},{""gid_2"":""PHL.2.2_1"",""migration_date"":""2025-12-20"",""migration_method"":""puzzle2_2"",""name_2"":""Butuan City""},{""gid_2"":""PHL.2.3_1"",""migration_date"":""2025-12-20"",""migration_method"":""puzzle2_2"",""name_2"":""Cabadbaran City""},{""gid_2"":""PHL.2.4_1"",""migration_date"":""2025-12-20"",""migration_method"":""puzzle2_2"",""name_2"":""Carmen""},{""gid_2"":""PHL.2.5_1"",""migration_date"":""2025-12-20"",""migration_method"":""puzzle2_2"",""name_2"":""Jabonga""},{""gid_2"":""PHL.2.6_1"",""migration_date"":""2025-12-20"",""migration_method"":""puzzle2_2"",""name_2"":""Kitcharao""},{""gid_2"":""PHL.2.7_1"",""migration_date"":""2025-12-20"",""migration_method"":""puzzle2_2"",""name_2"":""Las Nieves""},{""gid_2"":""PHL.2.8_1"",""migration_date"":""2025-12-20"",""migration_method"":""puzzle2_2"",""name_2"":""Magallanes""},{""gid_2"":""PHL.2.9_1"",""migration_date"":""2025-12-20"",""migration_method"":""puzzle2_2"",""name_2"":""Mainit Lake""},{""gid_2"":""PHL.26.10_1"",""migration_date"":""2025-12-20"",""migration_method"":""puzzle2_2"",""name_2"":""New Bataan""},{""gid_2"":""PHL.26.11_1"",""migration_date"":""2025-12-20"",""migration_method"":""puzzle2_2"",""name_2"":""Pantukan""},{""gid_2"":""PHL.26.1_1"",""migration_date"":""2025-12-20"",""migration_method"":""puzzle2_2"",""name_2"":""Compostela""},{""gid_2"":""PHL.26.3_1"",""migration_date"":""2025-12-20"",""migration_method"":""puzzle2_2"",""name_2"":""Mabini""},{""gid_2"":""PHL.26.4_1"",""migration_date"":""2025-12-20"",""migration_method"":""puzzle2_2"",""name_2"":""Maco""},{""gid_2"":""PHL.26.5_1"",""migration_date"":""2025-12-20"",""migration_method"":""puzzle2_2"",""name_2"":""Maragusan""},{""gid_2"":""PHL.26.6_1"",""migration_date"":""2025-12-20"",""migration_method"":""puzzle2_2"",""name_2"":""Mawab""},{""gid_2"":""PHL.26.7_1"",""migration_date"":""2025-12-20"",""migration_method"":""puzzle2_2"",""name_2"":""Monkayo""},{""gid_2"":""PHL.26.8_1"",""migration_date"":""2025-12-20"",""migration_method"":""puzzle2_2"",""name_2"":""Montevista""},{""gid_2"":""PHL.26.9_1"",""migration_date"":""2025-12-20"",""migration_method"":""puzzle2_2"",""name_2"":""Nabunturan""},{""gid_2"":""PHL.3.10_1"",""migration_date"":""2025-12-20"",""migration_method"":""puzzle2_2"",""name_2"":""Santa Josefa""},{""gid_2"":""PHL.3.11_1"",""migration_date"":""2025-12-20"",""migration_method"":""puzzle2_2"",""name_2"":""Sibagat""},{""gid_2"":""PHL.3.12_1"",""migration_date"":""2025-12-20"",""migration_method"":""puzzle2_2"",""name_2"":""Talacogon""},{""gid_2"":""PHL.3.13_1"",""migration_date"":""2025-12-20"",""migration_method"":""puzzle2_2"",""name_2"":""Trento""},{""gid_2"":""PHL.3.14_1"",""migration_date"":""2025-12-20"",""migration_method"":""puzzle2_2"",""name_2"":""Veruela""},{""gid_2"":""PHL.3.1_1"",""migration_date"":""2025-12-20"",""migration_method"":""puzzle2_2"",""name_2"":""Bayugan City""},{""gid_2"":""PHL.3.2_1"",""migration_date"":""2025-12-20"",""migration_method"":""puzzle2_2"",""name_2"":""Bunawan""},{""gid_2"":""PHL.3.3_1"",""migration_date"":""2025-12-20"",""migration_method"":""puzzle2_2"",""name_2"":""Esperanza""},{""gid_2"":""PHL.3.4_1"",""migration_date"":""2025-12-20"",""migration_method"":""puzzle2_2"",""name_2"":""La Paz""},{""gid_2"":""PHL.3.5_1"",""migration_date"":""2025-12-20"",""migration_method"":""puzzle2_2"",""name_2"":""Loreto""},{""gid_2"":""PHL.3.6_1"",""migration_date"":""2025-12-20"",""migration_method"":""puzzle2_2"",""name_2"":""Prosperidad""},{""gid_2"":""PHL.3.7_1"",""migration_date"":""2025-12-20"",""migration_method"":""puzzle2_2"",""name_2"":""Rosario""},{""gid_2"":""PHL.3.8_1"",""migration_date"":""2025-12-20"",""migration_method"":""puzzle2_2"",""name_2"":""San Francisco""},{""gid_2"":""PHL.3.9_1"",""migration_date"":""2025-12-20"",""migration_method"":""puzzle2_2"",""name_2"":""San Luis""},{""gid_2"":""PHL.49.10_1"",""migration_date"":""2025-12-20"",""migration_method"":""puzzle2_2"",""name_2"":""Initao""},{""gid_2"":""PHL.49.11_1"",""migration_date"":""2025-12-20"",""migration_method"":""puzzle2_2"",""name_2"":""Jasaan""},{""gid_2"":""PHL.49.12_1"",""migration_date"":""2025-12-20"",""migration_method"":""puzzle2_2"",""name_2"":""Kinoguitan""},{""gid_2"":""PHL.49.13_1"",""migration_date"":""2025-12-20"",""migration_method"":""puzzle2_2"",""name_2"":""Lagonglong""},{""gid_2"":""PHL.49.14_1"",""migration_date"":""2025-12-20"",""migration_method"":""puzzle2_2"",""name_2"":""Laguindingan""},{""gid_2"":""PHL.49.15_1"",""migration_date"":""2025-12-20"",""migration_method"":""puzzle2_2"",""name_2"":""Libertad""},{""gid_2"":""PHL.49.16_1"",""migration_date"":""2025-12-20"",""migration_method"":""puzzle2_2"",""name_2"":""Lugait""},{""gid_2"":""PHL.49.17_1"",""migration_date"":""2025-12-20"",""migration_method"":""puzzle2_2"",""name_2"":""Magsaysay""},{""gid_2"":""PHL.49.18_1"",""migration_date"":""2025-12-20"",""migration_method"":""puzzle2_2"",""name_2"":""Manticao""},{""gid_2"":""PHL.49.19_1"",""migration_date"":""2025-12-20"",""migration_method"":""puzzle2_2"",""name_2"":""Medina""},{""gid_2"":""PHL.49.1_1"",""migration_date"":""2025-12-20"",""migration_method"":""puzzle2_2"",""name_2"":""Alubijid""},{""gid_2"":""PHL.49.20_1"",""migration_date"":""2025-12-20"",""migration_method"":""puzzle2_2"",""name_2"":""Naawan""},{""gid_2"":""PHL.49.21_1"",""migration_date"":""2025-12-20"",""migration_method"":""puzzle2_2"",""name_2"":""Opol""},{""gid_2"":""PHL.49.22_1"",""migration_date"":""2025-12-20"",""migration_method"":""puzzle2_2"",""name_2"":""Salay""},{""gid_2"":""PHL.49.23_1"",""migration_date"":""2025-12-20"",""migration_method"":""puzzle2_2"",""name_2"":""Sugbongcogon""},{""gid_2"":""PHL.49.24_1"",""migration_date"":""2025-12-20"",""migration_method"":""puzzle2_2"",""name_2"":""Tagoloan""},{""gid_2"":""PHL.49.25_1"",""migration_date"":""2025-12-20"",""migration_method"":""puzzle2_2"",""name_2"":""Talisayan""},{""gid_2"":""PHL.49.26_1"",""migration_date"":""2025-12-20"",""migration_method"":""puzzle2_2"",""name_2"":""Villanueva""},{""gid_2"":""PHL.49.2_1"",""migration_date"":""2025-12-20"",""migration_method"":""puzzle2_2"",""name_2"":""Balingasag""},{""gid_2"":""PHL.49.3_1"",""migration_date"":""2025-12-20"",""migration_method"":""puzzle2_2"",""name_2"":""Balingoan""},{""gid_2"":""PHL.49.4_1"",""migration_date"":""2025-12-20"",""migration_method"":""puzzle2_2"",""name_2"":""Binuangan""},{""gid_2"":""PHL.49.5_1"",""migration_date"":""2025-12-20"",""migration_method"":""puzzle2_2"",""name_2"":""Cagayan de Oro City""},{""gid_2"":""PHL.49.6_1"",""migration_date"":""2025-12-20"",""migration_method"":""puzzle2_2"",""name_2"":""Claveria""},{""gid_2"":""PHL.49.7_1"",""migration_date"":""2025-12-20"",""migration_method"":""puzzle2_2"",""name_2"":""El Salvador City""},{""gid_2"":""PHL.49.8_1"",""migration_date"":""2025-12-20"",""migration_method"":""puzzle2_2"",""name_2"":""Gingoog City""},{""gid_2"":""PHL.49.9_1"",""migration_date"":""2025-12-20"",""migration_method"":""puzzle2_2"",""name_2"":""Gitagum""},{""gid_2"":""PHL.70.10_1"",""migration_date"":""2025-12-20"",""migration_method"":""puzzle2_2"",""name_2"":""Tampakan""},{""gid_2"":""PHL.70.11_1"",""migration_date"":""2025-12-20"",""migration_method"":""puzzle2_2"",""name_2"":""Tantangan""},{""gid_2"":""PHL.70.12_1"",""migration_date"":""2025-12-20"",""migration_method"":""puzzle2_2"",""name_2"":""Tupi""},{""gid_2"":""PHL.70.1_1"",""migration_date"":""2025-12-20"",""migration_method"":""puzzle2_2"",""name_2"":""Banga""},{""gid_2"":""PHL.70.2_1"",""migration_date"":""2025-12-20"",""migration_method"":""puzzle2_2"",""name_2"":""General Santos City""},{""gid_2"":""PHL.70.3_1"",""migration_date"":""2025-12-20"",""migration_method"":""puzzle2_2"",""name_2"":""Koronadal City""},{""gid_2"":""PHL.70.4_1"",""migration_date"":""2025-12-20"",""migration_method"":""puzzle2_2"",""name_2"":""Lake Sebu""},{""gid_2"":""PHL.70.5_1"",""migration_date"":""2025-12-20"",""migration_method"":""puzzle2_2"",""name_2"":""Norala""},{""gid_2"":""PHL.70.6_1"",""migration_date"":""2025-12-20"",""migration_method"":""puzzle2_2"",""name_2"":""Polomolok""},{""gid_2"":""PHL.70.7_1"",""migration_date"":""2025-12-20"",""migration_method"":""puzzle2_2"",""name_2"":""Santo Nino""},{""gid_2"":""PHL.70.8_1"",""migration_date"":""2025-12-20"",""migration_method"":""puzzle2_2"",""name_2"":""Surallah""},{""gid_2"":""PHL.70.9_1"",""migration_date"":""2025-12-20"",""migration_method"":""puzzle2_2"",""name_2"":""T'Boli""},{""gid_2"":""PHL.71.10_1"",""migration_date"":""2025-12-20"",""migration_method"":""puzzle2_2"",""name_2"":""Malitbog""},{""gid_2"":""PHL.71.11_1"",""migration_date"":""2025-12-20"",""migration_method"":""puzzle2_2"",""name_2"":""Padre Burgos""},{""gid_2"":""PHL.71.12_1"",""migration_date"":""2025-12-20"",""migration_method"":""puzzle2_2"",""name_2"":""Pintuyan""},{""gid_2"":""PHL.71.13_1"",""migration_date"":""2025-12-20"",""migration_method"":""puzzle2_2"",""name_2"":""Saint Bernard""},{""gid_2"":""PHL.71.14_1"",""migration_date"":""2025-12-20"",""migration_method"":""puzzle2_2"",""name_2"":""San Francisco""},{""gid_2"":""PHL.71.15_1"",""migration_date"":""2025-12-20"",""migration_method"":""puzzle2_2"",""name_2"":""San Juan""},{""gid_2"":""PHL.71.16_1"",""migration_date"":""2025-12-20"",""migration_method"":""puzzle2_2"",""name_2"":""San Ricardo""},{""gid_2"":""PHL.71.17_1"",""migration_date"":""2025-12-20"",""migration_method"":""puzzle2_2"",""name_2"":""Silago""},{""gid_2"":""PHL.71.18_1"",""migration_date"":""2025-12-20"",""migration_method"":""puzzle2_2"",""name_2"":""Sogod""},{""gid_2"":""PHL.71.19_1"",""migration_date"":""2025-12-20"",""migration_method"":""puzzle2_2"",""name_2"":""Tomas Oppus""},{""gid_2"":""PHL.71.1_1"",""migration_date"":""2025-12-20"",""migration_method"":""puzzle2_2"",""name_2"":""Anahawan""},{""gid_2"":""PHL.71.2_1"",""migration_date"":""2025-12-20"",""migration_method"":""puzzle2_2"",""name_2"":""Bontoc""},{""gid_2"":""PHL.71.3_1"",""migration_date"":""2025-12-20"",""migration_method"":""puzzle2_2"",""name_2"":""Hinunangan""},{""gid_2"":""PHL.71.4_1"",""migration_date"":""2025-12-20"",""migration_method"":""puzzle2_2"",""name_2"":""Hinundayan""},{""gid_2"":""PHL.71.5_1"",""migration_date"":""2025-12-20"",""migration_method"":""puzzle2_2"",""name_2"":""Libagon""},{""gid_2"":""PHL.71.6_1"",""migration_date"":""2025-12-20"",""migration_method"":""puzzle2_2"",""name_2"":""Liloan""},{""gid_2"":""PHL.71.8_1"",""migration_date"":""2025-12-20"",""migration_method"":""puzzle2_2"",""name_2"":""Maasin City""},{""gid_2"":""PHL.71.9_1"",""migration_date"":""2025-12-20"",""migration_method"":""puzzle2_2"",""name_2"":""Macrohon""},{""gid_2"":""PHL.74.10_1"",""migration_date"":""2025-12-20"",""migration_method"":""puzzle2_2"",""name_2"":""Mainit""},{""gid_2"":""PHL.74.11_1"",""migration_date"":""2025-12-20"",""migration_method"":""puzzle2_2"",""name_2"":""Malimono""},{""gid_2"":""PHL.74.12_1"",""migration_date"":""2025-12-20"",""migration_method"":""puzzle2_2"",""name_2"":""Pilar""},{""gid_2"":""PHL.74.13_1"",""migration_date"":""2025-12-20"",""migration_method"":""puzzle2_2"",""name_2"":""Placer""},{""gid_2"":""PHL.74.14_1"",""migration_date"":""2025-12-20"",""migration_method"":""puzzle2_2"",""name_2"":""San Benito""},{""gid_2"":""PHL.74.15_1"",""migration_date"":""2025-12-20"",""migration_method"":""puzzle2_2"",""name_2"":""San Francisco""},{""gid_2"":""PHL.74.16_1"",""migration_date"":""2025-12-20"",""migration_method"":""puzzle2_2"",""name_2"":""San Isidro""},{""gid_2"":""PHL.74.17_1"",""migration_date"":""2025-12-20"",""migration_method"":""puzzle2_2"",""name_2"":""Santa Monica""},{""gid_2"":""PHL.74.18_1"",""migration_date"":""2025-12-20"",""migration_method"":""puzzle2_2"",""name_2"":""Sison""},{""gid_2"":""PHL.74.19_1"",""migration_date"":""2025-12-20"",""migration_method"":""puzzle2_2"",""name_2"":""Socorro""},{""gid_2"":""PHL.74.1_1"",""migration_date"":""2025-12-20"",""migration_method"":""puzzle2_2"",""name_2"":""Alegria""},{""gid_2"":""PHL.74.21_1"",""migration_date"":""2025-12-20"",""migration_method"":""puzzle2_2"",""name_2"":""Tagana-An""},{""gid_2"":""PHL.74.22_1"",""migration_date"":""2025-12-20"",""migration_method"":""puzzle2_2"",""name_2"":""Tubod""},{""gid_2"":""PHL.74.2_1"",""migration_date"":""2025-12-20"",""migration_method"":""puzzle2_2"",""name_2"":""Bacuag""},{""gid_2"":""PHL.74.3_1"",""migration_date"":""2025-12-20"",""migration_method"":""puzzle2_2"",""name_2"":""Burgos""},{""gid_2"":""PHL.74.4_1"",""migration_date"":""2025-12-20"",""migration_method"":""puzzle2_2"",""name_2"":""Claver""},{""gid_2"":""PHL.74.5_1"",""migration_date"":""2025-12-20"",""migration_method"":""puzzle2_2"",""name_2"":""Dapa""},{""gid_2"":""PHL.74.6_1"",""migration_date"":""2025-12-20"",""migration_method"":""puzzle2_2"",""name_2"":""Del Carmen""},{""gid_2"":""PHL.74.7_1"",""migration_date"":""2025-12-20"",""migration_method"":""puzzle2_2"",""name_2"":""General Luna""},{""gid_2"":""PHL.74.8_1"",""migration_date"":""2025-12-20"",""migration_method"":""puzzle2_2"",""name_2"":""Gigaquit""},{""gid_2"":""PHL.74.9_1"",""migration_date"":""2025-12-20"",""migration_method"":""puzzle2_2"",""name_2"":""Mainit Lake""},{""gid_2"":""PHL.75.10_1"",""migration_date"":""2025-12-20"",""migration_method"":""puzzle2_2"",""name_2"":""Lanuza""},{""gid_2"":""PHL.75.11_1"",""migration_date"":""2025-12-20"",""migration_method"":""puzzle2_2"",""name_2"":""Lianga""},{""gid_2"":""PHL.75.12_1"",""migration_date"":""2025-12-20"",""migration_method"":""puzzle2_2"",""name_2"":""Lingig""},{""gid_2"":""PHL.75.13_1"",""migration_date"":""2025-12-20"",""migration_method"":""puzzle2_2"",""name_2"":""Madrid""},{""gid_2"":""PHL.75.14_1"",""migration_date"":""2025-12-20"",""migration_method"":""puzzle2_2"",""name_2"":""Marihatag""},{""gid_2"":""PHL.75.15_1"",""migration_date"":""2025-12-20"",""migration_method"":""puzzle2_2"",""name_2"":""San Agustin""},{""gid_2"":""PHL.75.16_1"",""migration_date"":""2025-12-20"",""migration_method"":""puzzle2_2"",""name_2"":""San Miguel""},{""gid_2"":""PHL.75.17_1"",""migration_date"":""2025-12-20"",""migration_method"":""puzzle2_2"",""name_2"":""Tagbina""},{""gid_2"":""PHL.75.18_1"",""migration_date"":""2025-12-20"",""migration_method"":""puzzle2_2"",""name_2"":""Tago""},{""gid_2"":""PHL.75.19_1"",""migration_date"":""2025-12-20"",""migration_method"":""puzzle2_2"",""name_2"":""Tandag City""},{""gid_2"":""PHL.75.1_1"",""migration_date"":""2025-12-20"",""migration_method"":""puzzle2_2"",""name_2"":""Barobo""},{""gid_2"":""PHL.75.2_1"",""migration_date"":""2025-12-20"",""migration_method"":""puzzle2_2"",""name_2"":""Bayabas""},{""gid_2"":""PHL.75.3_1"",""migration_date"":""2025-12-20"",""migration_method"":""puzzle2_2"",""name_2"":""Bislig City""},{""gid_2"":""PHL.75.4_1"",""migration_date"":""2025-12-20"",""migration_method"":""puzzle2_2"",""name_2"":""Cagwait""},{""gid_2"":""PHL.75.5_1"",""migration_date"":""2025-12-20"",""migration_method"":""puzzle2_2"",""name_2"":""Cantilan""},{""gid_2"":""PHL.75.6_1"",""migration_date"":""2025-12-20"",""migration_method"":""puzzle2_2"",""name_2"":""Carmen""},{""gid_2"":""PHL.75.7_1"",""migration_date"":""2025-12-20"",""migration_method"":""puzzle2_2"",""name_2"":""Carrascal""},{""gid_2"":""PHL.75.8_1"",""migration_date"":""2025-12-20"",""migration_method"":""puzzle2_2"",""name_2"":""Cortes""},{""gid_2"":""PHL.75.9_1"",""migration_date"":""2025-12-20"",""migration_method"":""puzzle2_2"",""name_2"":""Hinatuan""}]",2005-11-30,2025-12-20,2003-12-19,2004-01-07,2003-12-19
2003-0115-TJK,No,nat-hyd-mmw-lan,Natural,Hydrological,Mass movement (wet),Landslide (wet),,,TJK,Tajikistan,Central Asia,Asia,"Chorvodor village (Kulyab district, Khatlon province)",,,No,No,No,,,,,,,2003,2.0,26.0,2003,2.0,26.0,,,181.0,,181.0,,,,,,,57.1400352670416,"[{""adm2_code"":37590,""adm2_name"":""Kulyab""}]",,2003-10-02,2023-09-25,2003-02-26,2003-02-26,2003-02-26
2003-0189-TJK,No,nat-hyd-mmw-mud,Natural,Hydrological,Mass movement (wet),Mudslide,,,TJK,Tajikistan,Central Asia,Asia,"Dushambe city (Leninskiy district, Tadzhikistan Territories province)",Heavy rains,,No,No,No,,,,,,,2003,4.0,13.0,2003,4.0,25.0,1.0,,6000.0,,6000.0,,,,,41000.0,71754.0,57.1400352670416,"[{""adm2_code"":37623,""adm2_name"":""Leninskiy""}]",,2004-02-16,2023-09-25,2003-04-13,2003-04-25,2003-04-13
2003-0633-USA,No,nat-hyd-mmw-mud,Natural,Hydrological,Mass movement (wet),Mudslide,,,USA,United States of America,Northern America,Americas,San Bernardino district (California province),Heavy rains,,No,No,No,,,,,,,2003,12.0,25.0,2003,12.0,26.0,15.0,15.0,,,15.0,,,,,,,57.1400352670416,"[{""adm2_code"":28900,""adm2_name"":""San Bernardino""}]","[{""gid_2"":""USA.5.36_1"",""migration_date"":""2025-12-20"",""migration_method"":""jaccard2"",""name_2"":""San Bernardino""}]",2004-01-28,2025-12-20,2003-12-25,2003-12-26,2003-12-25
2004-0293-CHN,No,nat-hyd-mmw-lan,Natural,Hydrological,Mass movement (wet),Landslide (wet),GLIDE:LS-2004-000033,,CHN,China,Eastern Asia,Asia,"Wansheng Qu area (Name Unknown district, Chongqing Shi province)",Heavy rain,,No,No,No,,,,,,,2004,6.0,5.0,2004,6.0,5.0,21.0,,100.0,,100.0,,,,,,,58.66980929334124,"[{""adm2_code"":13002,""adm2_name"":""Name Unknown""}]",,2004-07-01,2025-03-04,2004-06-05,2004-06-05,2004-06-05
2004-0619-CHN,No,nat-geo-mmd-lan,Natural,Geophysical,Mass movement (dry),Landslide (dry),GLIDE:LS-2004-000141,,CHN,China,Eastern Asia,Asia,"Zuojiaying village (Liupanshui Shi area, Liupanshui district, Guizhou Sheng province)",,,No,No,No,,,,,,,2004,12.0,3.0,2004,12.0,3.0,44.0,13.0,,340.0,353.0,,,,,,,58.66980929334124,"[{""adm2_code"":13064,""adm2_name"":""Liupanshui""}]","[{""gid_2"":""CHN.8.4_1"",""migration_date"":""2025-12-20"",""migration_method"":""jaccard2"",""name_2"":""Liupanshui""}]",2014-07-11,2025-12-20,2004-12-03,2004-12-03,2004-12-03
2004-0061-IDN,No,nat-hyd-mmw-lan,Natural,Hydrological,Mass movement (wet),Landslide (wet),,,IDN,Indonesia,South-eastern Asia,Asia,"Purworejo, Loano, Bagelen villages (Purworejo district, Jawa Tengah province)",,Flood,No,No,No,,,,,,,2004,1.0,23.0,2004,1.0,30.0,29.0,,,,,,,,,3500.0,5966.0,58.66980929334124,"[{""adm2_code"":18055,""adm2_name"":""Purworejo""}]","[{""gid_2"":""IDN.10.25_1"",""migration_date"":""2025-12-20"",""migration_method"":""jaccard2"",""name_2"":""Purworejo""}]",2005-12-15,2025-12-20,2004-01-23,2004-01-30,2004-01-23
2004-0177-IDN,No,nat-hyd-mmw-lan,Natural,Hydrological,Mass movement (wet),Landslide (wet),GLIDE:LS-2004-000166,,IDN,Indonesia,South-eastern Asia,Asia,Kota Pasaman district (Sumatera Barat province),Heavy rains,Transport accident,No,No,No,,,,,,,2004,4.0,23.0,2004,4.0,23.0,44.0,11.0,,,11.0,,,,,,,58.66980929334124,"[{""adm2_code"":73745,""adm2_name"":""Kota Pasaman""}]","[{""gid_2"":""IDN.30.13_1"",""migration_date"":""2025-12-20"",""migration_method"":""jaccard2"",""name_2"":""Pasaman""}]",2004-04-26,2025-12-20,2004-04-23,2004-04-23,2004-04-23
2004-0129-IDN,No,nat-hyd-mmw-lan,Natural,Hydrological,Mass movement (wet),Landslide (wet),,,IDN,Indonesia,South-eastern Asia,Asia,"Manimbahoi sub-district (Gowa district, Sulawesi Selatan province)",Heavy rains,,No,No,No,,,,,,,2004,3.0,27.0,2004,3.0,27.0,33.0,,5000.0,,5000.0,,,,,,,58.66980929334124,"[{""adm2_code"":18172,""adm2_name"":""Gowa""}]","[{""gid_2"":""IDN.26.6_1"",""migration_date"":""2025-12-20"",""migration_method"":""jaccard2"",""name_2"":""Gowa""}]",2004-04-14,2025-12-20,2004-03-27,2004-03-27,2004-03-27
2004-0173-IDN,No,nat-hyd-mmw-lan,Natural,Hydrological,Mass movement (wet),Landslide (wet),,,IDN,Indonesia,South-eastern Asia,Asia,"Bandung city (Bandung district, Jawa Barat province)",Heavy rains,,No,No,No,,,,,,,2004,4.0,22.0,2004,4.0,22.0,13.0,7.0,,,7.0,,,,,,,58.66980929334124,"[{""adm2_code"":73636,""adm2_name"":""Bandung""}]","[{""gid_2"":""IDN.9.1_1"",""migration_date"":""2025-12-20"",""migration_method"":""puzzle2_2"",""name_2"":""Bandung Barat""},{""gid_2"":""IDN.9.27_1"",""migration_date"":""2025-12-20"",""migration_method"":""puzzle2_2"",""name_2"":""Waduk Cirata""},{""gid_2"":""IDN.9.2_1"",""migration_date"":""2025-12-20"",""migration_method"":""puzzle2_2"",""name_2"":""Bandung""},{""gid_2"":""IDN.9.8_1"",""migration_date"":""2025-12-20"",""migration_method"":""puzzle2_2"",""name_2"":""Cimahi""}]",2004-04-22,2025-12-20,2004-04-22,2004-04-22,2004-04-22
2004-0108-KAZ,No,nat-hyd-mmw-mud,Natural,Hydrological,Mass movement (wet),Mudslide,,,KAZ,Kazakhstan,Central Asia,Asia,Talgar district (Almatinskaya province),,,No,No,No,,,,,,,2004,3.0,14.0,2004,3.0,14.0,48.0,,,,,,,,,,,58.66980929334124,"[{""adm2_code"":37203,""adm2_name"":""Talgar""}]","[{""gid_2"":""KAZ.1.15_1"",""migration_date"":""2025-12-20"",""migration_method"":""jaccard2"",""name_2"":""Talgarskiy""}]",2004-03-31,2025-12-20,2004-03-14,2004-03-14,2004-03-14
2004-0179-KGZ,No,nat-hyd-mmw-lan,Natural,Hydrological,Mass movement (wet),Landslide (wet),,,KGZ,Kyrgyzstan,Central Asia,Asia,"Kara-Sogot village (Kara-Suu district, Osh province)",,,No,No,No,,,,,,,2004,4.0,17.0,2004,4.0,17.0,5.0,,,,,,,,,,,58.66980929334124,"[{""adm2_code"":18620,""adm2_name"":""Kara-Suu""}]","[{""gid_2"":""KGZ.7.5_1"",""migration_date"":""2025-12-20"",""migration_method"":""jaccard2"",""name_2"":""Kara-Suu""}]",2004-04-26,2025-12-20,2004-04-17,2004-04-17,2004-04-17
2004-0192-KGZ,No,nat-hyd-mmw-lan,Natural,Hydrological,Mass movement (wet),Landslide (wet),GLIDE:LS-2004-000152,,KGZ,Kyrgyzstan,Central Asia,Asia,Alay district (Osh province),,,No,Yes,No,46.0,,,,,,2004,4.0,26.0,2004,4.0,26.0,33.0,16.0,,80.0,96.0,,,,,,,58.66980929334124,"[{""adm2_code"":18616,""adm2_name"":""Alay""}]","[{""gid_2"":""KGZ.7.1_1"",""migration_date"":""2025-12-20"",""migration_method"":""jaccard2"",""name_2"":""Alai""}]",2005-04-12,2025-12-20,2004-04-26,2004-04-26,2004-04-26
2004-0387-KGZ,No,nat-hyd-mmw-ava,Natural,Hydrological,Mass movement (wet),Avalanche (wet),,,KGZ,Kyrgyzstan,Central Asia,Asia,"Khan Tengri mount (Ak-Suu district, Ysyk-Kol province)",,,No,No,No,,,,,,,2004,8.0,5.0,2004,8.0,5.0,11.0,2.0,,,2.0,,,,,,,58.66980929334124,"[{""adm2_code"":18627,""adm2_name"":""Ak-Suu""}]","[{""gid_2"":""KGZ.9.1_1"",""migration_date"":""2025-12-20"",""migration_method"":""jaccard2"",""name_2"":""Ak-Suu""}]",2004-08-06,2025-12-20,2004-08-05,2004-08-05,2004-08-05
2004-0280-NIC,No,nat-hyd-mmw-mud,Natural,Hydrological,Mass movement (wet),Mudslide,,,NIC,Nicaragua,Latin America and the Caribbean,Americas,"Rio Blanco district (Matagalpa province), Puerto Cabezaz district (Atlantico Norte province) ; Atlantico Norte, Atlantico Sur provinces","Tropical waves, heavy rains",,Yes,Yes,Yes,470.0,,,,,Prinzapolka,2004,6.0,24.0,2004,6.0,28.0,29.0,18.0,5751.0,,5769.0,,,,,,,58.66980929334124,"[{""adm1_code"":2185,""adm1_name"":""Atlantico Norte""},{""adm1_code"":2186,""adm1_name"":""Atlantico Sur""},{""adm2_code"":22512,""adm2_name"":""Rio Blanco""}]","[{""gid_1"":""NIC.1_1"",""migration_date"":""2025-12-20"",""migration_method"":""jaccard1"",""name_1"":""Atlántico Norte""},{""gid_2"":""NIC.15.7_1"",""migration_date"":""2025-12-20"",""migration_method"":""jaccard2"",""name_2"":""Río Blanco""},{""gid_2"":""NIC.17.4_1"",""migration_date"":""2025-12-20"",""migration_method"":""puzzle1_2"",""name_2"":""San Juan del Norte""},{""gid_2"":""NIC.2.1_1"",""migration_date"":""2025-12-20"",""migration_method"":""puzzle1_2"",""name_2"":""Bluefields""},{""gid_2"":""NIC.2.2_1"",""migration_date"":""2025-12-20"",""migration_method"":""puzzle1_2"",""name_2"":""Bocana de Paiwas""},{""gid_2"":""NIC.2.3_1"",""migration_date"":""2025-12-20"",""migration_method"":""puzzle1_2"",""name_2"":""El Rama""},{""gid_2"":""NIC.2.4_1"",""migration_date"":""2025-12-20"",""migration_method"":""puzzle1_2"",""name_2"":""Kukra Hill""},{""gid_2"":""NIC.2.5_1"",""migration_date"":""2025-12-20"",""migration_method"":""puzzle1_2"",""name_2"":""La Cruz de Río Grande""},{""gid_2"":""NIC.2.6_1"",""migration_date"":""2025-12-20"",""migration_method"":""puzzle1_2"",""name_2"":""Laguna de Perlas""},{""gid_2"":""NIC.2.7_1"",""migration_date"":""2025-12-20"",""migration_method"":""puzzle1_2"",""name_2"":""Muelle de los Bueyes""},{""gid_2"":""NIC.2.8_1"",""migration_date"":""2025-12-20"",""migration_method"":""puzzle1_2"",""name_2"":""Nueva Guinea""}]",2005-04-12,2025-12-20,2004-06-24,2004-06-28,2004-06-24
2004-0156-PER,No,nat-hyd-mmw-mud,Natural,Hydrological,Mass movement (wet),Mudslide,,,PER,Peru,Latin America and the Caribbean,Americas,"Machu Picchu (Urubamba district, Cuzco province)",Heavy rains,Flood,No,No,No,,,,,,,2004,4.0,10.0,2004,4.0,10.0,11.0,6.0,,70.0,76.0,,,,,,,58.66980929334124,"[{""adm2_code"":24084,""adm2_name"":""Urubamba""}]","[{""gid_2"":""PER.8.13_1"",""migration_date"":""2025-12-20"",""migration_method"":""jaccard2"",""name_2"":""Urubamba""}]",2004-04-14,2025-12-20,2004-04-10,2004-04-10,2004-04-10
2004-0634-PHL,No,nat-hyd-mmw-lan,Natural,Hydrological,Mass movement (wet),Landslide (wet),,,PHL,Philippines,South-eastern Asia,Asia,"Tinambac area (Camarines Sur district, Region V (Bicol region) province)",Heavy rains,,No,No,No,,,,,,,2004,12.0,13.0,2004,12.0,13.0,8.0,6.0,,,6.0,,,,,,,58.66980929334124,"[{""adm2_code"":24242,""adm2_name"":""Camarines Sur""}]","[{""gid_2"":""PHL.20.10_1"",""migration_date"":""2025-12-20"",""migration_method"":""puzzle2_2"",""name_2"":""Calabanga""},{""gid_2"":""PHL.20.11_1"",""migration_date"":""2025-12-20"",""migration_method"":""puzzle2_2"",""name_2"":""Camaligan""},{""gid_2"":""PHL.20.12_1"",""migration_date"":""2025-12-20"",""migration_method"":""puzzle2_2"",""name_2"":""Canaman""},{""gid_2"":""PHL.20.13_1"",""migration_date"":""2025-12-20"",""migration_method"":""puzzle2_2"",""name_2"":""Caramoan""},{""gid_2"":""PHL.20.14_1"",""migration_date"":""2025-12-20"",""migration_method"":""puzzle2_2"",""name_2"":""Del Gallego""},{""gid_2"":""PHL.20.15_1"",""migration_date"":""2025-12-20"",""migration_method"":""puzzle2_2"",""name_2"":""Gainza""},{""gid_2"":""PHL.20.16_1"",""migration_date"":""2025-12-20"",""migration_method"":""puzzle2_2"",""name_2"":""Garchitorena""},{""gid_2"":""PHL.20.17_1"",""migration_date"":""2025-12-20"",""migration_method"":""puzzle2_2"",""name_2"":""Goa""},{""gid_2"":""PHL.20.18_1"",""migration_date"":""2025-12-20"",""migration_method"":""puzzle2_2"",""name_2"":""Iriga City""},{""gid_2"":""PHL.20.19_1"",""migration_date"":""2025-12-20"",""migration_method"":""puzzle2_2"",""name_2"":""Lagonoy""},{""gid_2"":""PHL.20.1_1"",""migration_date"":""2025-12-20"",""migration_method"":""puzzle2_2"",""name_2"":""Baao""},{""gid_2"":""PHL.20.20_1"",""migration_date"":""2025-12-20"",""migration_method"":""puzzle2_2"",""name_2"":""Libmanan""},{""gid_2"":""PHL.20.21_1"",""migration_date"":""2025-12-20"",""migration_method"":""puzzle2_2"",""name_2"":""Lupi""},{""gid_2"":""PHL.20.22_1"",""migration_date"":""2025-12-20"",""migration_method"":""puzzle2_2"",""name_2"":""Magarao""},{""gid_2"":""PHL.20.23_1"",""migration_date"":""2025-12-20"",""migration_method"":""puzzle2_2"",""name_2"":""Milaor""},{""gid_2"":""PHL.20.24_1"",""migration_date"":""2025-12-20"",""migration_method"":""puzzle2_2"",""name_2"":""Minalabac""},{""gid_2"":""PHL.20.25_1"",""migration_date"":""2025-12-20"",""migration_method"":""puzzle2_2"",""name_2"":""Nabua""},{""gid_2"":""PHL.20.26_1"",""migration_date"":""2025-12-20"",""migration_method"":""puzzle2_2"",""name_2"":""Naga City""},{""gid_2"":""PHL.20.27_1"",""migration_date"":""2025-12-20"",""migration_method"":""puzzle2_2"",""name_2"":""Ocampo""},{""gid_2"":""PHL.20.28_1"",""migration_date"":""2025-12-20"",""migration_method"":""puzzle2_2"",""name_2"":""Pamplona""},{""gid_2"":""PHL.20.29_1"",""migration_date"":""2025-12-20"",""migration_method"":""puzzle2_2"",""name_2"":""Pasacao""},{""gid_2"":""PHL.20.2_1"",""migration_date"":""2025-12-20"",""migration_method"":""puzzle2_2"",""name_2"":""Balatan""},{""gid_2"":""PHL.20.30_1"",""migration_date"":""2025-12-20"",""migration_method"":""puzzle2_2"",""name_2"":""Pili""},{""gid_2"":""PHL.20.31_1"",""migration_date"":""2025-12-20"",""migration_method"":""puzzle2_2"",""name_2"":""Presentacion""},{""gid_2"":""PHL.20.32_1"",""migration_date"":""2025-12-20"",""migration_method"":""puzzle2_2"",""name_2"":""Ragay""},{""gid_2"":""PHL.20.33_1"",""migration_date"":""2025-12-20"",""migration_method"":""puzzle2_2"",""name_2"":""Sagnay""},{""gid_2"":""PHL.20.34_1"",""migration_date"":""2025-12-20"",""migration_method"":""puzzle2_2"",""name_2"":""San Fernando""},{""gid_2"":""PHL.20.35_1"",""migration_date"":""2025-12-20"",""migration_method"":""puzzle2_2"",""name_2"":""San Jose""},{""gid_2"":""PHL.20.36_1"",""migration_date"":""2025-12-20"",""migration_method"":""puzzle2_2"",""name_2"":""Sipocot""},{""gid_2"":""PHL.20.37_1"",""migration_date"":""2025-12-20"",""migration_method"":""puzzle2_2"",""name_2"":""Siruma""},{""gid_2"":""PHL.20.38_1"",""migration_date"":""2025-12-20"",""migration_method"":""puzzle2_2"",""name_2"":""Tigaon""},{""gid_2"":""PHL.20.39_1"",""migration_date"":""2025-12-20"",""migration_method"":""puzzle2_2"",""name_2"":""Tinambac""},{""gid_2"":""PHL.20.3_1"",""migration_date"":""2025-12-20"",""migration_method"":""puzzle2_2"",""name_2"":""Bato Lake""},{""gid_2"":""PHL.20.4_1"",""migration_date"":""2025-12-20"",""migration_method"":""puzzle2_2"",""name_2"":""Bato""},{""gid_2"":""PHL.20.5_1"",""migration_date"":""2025-12-20"",""migration_method"":""puzzle2_2"",""name_2"":""Bombon""},{""gid_2"":""PHL.20.6_1"",""migration_date"":""2025-12-20"",""migration_method"":""puzzle2_2"",""name_2"":""Buhi Lake""},{""gid_2"":""PHL.20.7_1"",""migration_date"":""2025-12-20"",""migration_method"":""puzzle2_2"",""name_2"":""Buhi""},{""gid_2"":""PHL.20.8_1"",""migration_date"":""2025-12-20"",""migration_method"":""puzzle2_2"",""name_2"":""Bula""},{""gid_2"":""PHL.20.9_1"",""migration_date"":""2025-12-20"",""migration_method"":""puzzle2_2"",""name_2"":""Cabusao""}]",2004-12-21,2025-12-20,2004-12-13,2004-12-13,2004-12-13
2004-0547-THA,No,nat-hyd-mmw-lan,Natural,Hydrological,Mass movement (wet),Landslide (wet),,,THA,Thailand,South-eastern Asia,Asia,"Baan Huay Nam Khiew village (Muang Krabi district, Krabi province)",,,No,No,No,,,,,,,2004,10.0,18.0,2004,10.0,18.0,3.0,10.0,100.0,,110.0,,,,,,,58.66980929334124,"[{""adm2_code"":26609,""adm2_name"":""Muang Krabi""}]","[{""gid_2"":""THA.18.6_1"",""migration_date"":""2025-12-20"",""migration_method"":""puzzle2_2"",""name_2"":""Muang Krabi""},{""gid_2"":""THA.18.7_1"",""migration_date"":""2025-12-20"",""migration_method"":""puzzle2_2"",""name_2"":""Nua Khlong""}]",2004-11-03,2025-12-20,2004-10-18,2004-10-18,2004-10-18
2004-0588-TTO,No,nat-hyd-mmw-mud,Natural,Hydrological,Mass movement (wet),Mudslide,GLIDE:MS-2004-000124,,TTO,Trinidad and Tobago,Latin America and the Caribbean,Americas,Delaford city (east Tobago),,,No,No,No,,,,,,,2004,11.0,12.0,2004,11.0,12.0,2.0,,1200.0,,1200.0,,,,,,,58.66980929334124,"[{""adm2_code"":27421,""adm2_name"":""Administrative unit not available""}]","[{""gid_1"":""TTO.14_1"",""migration_date"":""2025-12-20"",""migration_method"":""parent2_1"",""name_1"":""Tobago""}]",2004-11-22,2025-12-20,2004-11-12,2004-11-12,2004-11-12
2004-0472-VNM,No,nat-hyd-mmw-lan,Natural,Hydrological,Mass movement (wet),Landslide (wet),,,VNM,Viet Nam,South-eastern Asia,Asia,Bat Xat district (Lao Cai province),Torrential rains,,No,No,No,,,,,,,2004,9.0,13.0,2004,9.0,13.0,23.0,,,,,,,,,,,58.66980929334124,"[{""adm2_code"":32442,""adm2_name"":""Bat Xat""}]","[{""gid_2"":""VNM.38.4_1"",""migration_date"":""2025-12-20"",""migration_method"":""jaccard2"",""name_2"":""Bát Xát""}]",2004-10-05,2025-12-20,2004-09-13,2004-09-13,2004-09-13
2005-0368-GTM,No,nat-hyd-mmw-lan,Natural,Hydrological,Mass movement (wet),Landslide (wet),,,GTM,Guatemala,Latin America and the Caribbean,Americas,"Guatemala city (Guatemala district, Guatemala province)",Heavy rains,,No,No,No,,,,,,,2005,7.0,12.0,2005,7.0,13.0,7.0,,1000.0,,1000.0,,,,,,,60.66033175273918,"[{""adm2_code"":64843,""adm2_name"":""Guatemala""}]","[{""gid_2"":""GTM.7.17_1"",""migration_date"":""2025-12-20"",""migration_method"":""puzzle2_2"",""name_2"":""ZONA 1""},{""gid_2"":""GTM.7.18_1"",""migration_date"":""2025-12-20"",""migration_method"":""puzzle2_2"",""name_2"":""ZONA 10""},{""gid_2"":""GTM.7.19_1"",""migration_date"":""2025-12-20"",""migration_method"":""puzzle2_2"",""name_2"":""ZONA 11""},{""gid_2"":""GTM.7.20_1"",""migration_date"":""2025-12-20"",""migration_method"":""puzzle2_2"",""name_2"":""ZONA 12""},{""gid_2"":""GTM.7.21_1"",""migration_date"":""2025-12-20"",""migration_method"":""puzzle2_2"",""name_2"":""ZONA 13""},{""gid_2"":""GTM.7.22_1"",""migration_date"":""2025-12-20"",""migration_method"":""puzzle2_2"",""name_2"":""ZONA 14""},{""gid_2"":""GTM.7.23_1"",""migration_date"":""2025-12-20"",""migration_method"":""puzzle2_2"",""name_2"":""ZONA 15""},{""gid_2"":""GTM.7.24_1"",""migration_date"":""2025-12-20"",""migration_method"":""puzzle2_2"",""name_2"":""ZONA 16""},{""gid_2"":""GTM.7.25_1"",""migration_date"":""2025-12-20"",""migration_method"":""puzzle2_2"",""name_2"":""ZONA 17""},{""gid_2"":""GTM.7.26_1"",""migration_date"":""2025-12-20"",""migration_method"":""puzzle2_2"",""name_2"":""ZONA 18""},{""gid_2"":""GTM.7.29_1"",""migration_date"":""2025-12-20"",""migration_method"":""puzzle2_2"",""name_2"":""ZONA 22""},{""gid_2"":""GTM.7.30_1"",""migration_date"":""2025-12-20"",""migration_method"":""puzzle2_2"",""name_2"":""ZONA 24""},{""gid_2"":""GTM.7.31_1"",""migration_date"":""2025-12-20"",""migration_method"":""puzzle2_2"",""name_2"":""ZONA 25""},{""gid_2"":""GTM.7.32_1"",""migration_date"":""2025-12-20"",""migration_method"":""puzzle2_2"",""name_2"":""ZONA 3""},{""gid_2"":""GTM.7.33_1"",""migration_date"":""2025-12-20"",""migration_method"":""puzzle2_2"",""name_2"":""ZONA 4""},{""gid_2"":""GTM.7.34_1"",""migration_date"":""2025-12-20"",""migration_method"":""puzzle2_2"",""name_2"":""ZONA 5""},{""gid_2"":""GTM.7.35_1"",""migration_date"":""2025-12-20"",""migration_method"":""puzzle2_2"",""name_2"":""ZONA 6""},{""gid_2"":""GTM.7.36_1"",""migration_date"":""2025-12-20"",""migration_method"":""puzzle2_2"",""name_2"":""ZONA 7""},{""gid_2"":""GTM.7.37_1"",""migration_date"":""2025-12-20"",""migration_method"":""puzzle2_2"",""name_2"":""ZONA 8""},{""gid_2"":""GTM.7.38_1"",""migration_date"":""2025-12-20"",""migration_method"":""puzzle2_2"",""name_2"":""ZONA 9""}]",2005-07-14,2025-12-20,2005-07-12,2005-07-13,2005-07-12
2005-0319-GTM,No,nat-hyd-mmw-lan,Natural,Hydrological,Mass movement (wet),Landslide (wet),GLIDE:MS-2005-000092,,GTM,Guatemala,Latin America and the Caribbean,Americas,"El Calvario hill (Senahu district, Alta Verapaz province)",Heavy rains,,No,No,Yes,,,,,,,2005,6.0,15.0,2005,6.0,16.0,63.0,35.0,1500.0,,1535.0,,,,,,,60.66033175273918,"[{""adm2_code"":65103,""adm2_name"":""Senahú""}]","[{""gid_2"":""GTM.1.12_1"",""migration_date"":""2025-12-20"",""migration_method"":""jaccard2"",""name_2"":""Senahú""}]",2006-01-16,2025-12-20,2005-06-15,2005-06-16,2005-06-15
2005-0090-IND,No,nat-hyd-mmw-ava,Natural,Hydrological,Mass movement (wet),Avalanche (wet),GLIDE:AV-2005-000028,,IND,India,Southern Asia,Asia,Administrative unit not available districts (Jammu and Kashmir province),Snowstorms,,No,No,No,,,,,,,2005,2.0,15.0,2005,2.0,21.0,250.0,,5000.0,,5000.0,,,,,50000.0,82426.0,60.66033175273918,"[{""adm2_code"":72802,""adm2_name"":""Administrative unit not available""},{""adm2_code"":72838,""adm2_name"":""Administrative unit not available""},{""adm2_code"":72810,""adm2_name"":""Administrative unit not available""}]",,2006-01-18,2025-06-25,2005-02-15,2005-02-21,2005-02-15
2005-0457-IND,No,nat-hyd-mmw-lan,Natural,Hydrological,Mass movement (wet),Landslide (wet),,,IND,India,Southern Asia,Asia,"Guwahati city (Kamrup district, Assam province)",Monsoonal rain,,No,No,No,,,,,,,2005,8.0,24.0,2005,8.0,25.0,12.0,20.0,,,20.0,,,,,,,60.66033175273918,"[{""adm2_code"":17583,""adm2_name"":""Kamrup""}]","[{""gid_2"":""IND.4.15_1"",""migration_date"":""2025-12-20"",""migration_method"":""puzzle2_2"",""name_2"":""Kamrup Metropolitan""},{""gid_2"":""IND.4.16_1"",""migration_date"":""2025-12-20"",""migration_method"":""puzzle2_2"",""name_2"":""Kamrup""}]",2005-09-06,2025-12-20,2005-08-24,2005-08-25,2005-08-24
2005-0089-IDN,No,nat-hyd-mmw-lan,Natural,Hydrological,Mass movement (wet),Landslide (wet),GLIDE:LS-2005-000025,,IDN,Indonesia,South-eastern Asia,Asia,Bandung district (Jawa Barat province),,,No,No,No,,,,,,,2005,2.0,21.0,2005,2.0,21.0,143.0,,,,,,,,,5000.0,8243.0,60.66033175273918,"[{""adm2_code"":73636,""adm2_name"":""Bandung""}]","[{""gid_2"":""IDN.9.1_1"",""migration_date"":""2025-12-20"",""migration_method"":""puzzle2_2"",""name_2"":""Bandung Barat""},{""gid_2"":""IDN.9.27_1"",""migration_date"":""2025-12-20"",""migration_method"":""puzzle2_2"",""name_2"":""Waduk Cirata""},{""gid_2"":""IDN.9.2_1"",""migration_date"":""2025-12-20"",""migration_method"":""puzzle2_2"",""name_2"":""Bandung""},{""gid_2"":""IDN.9.8_1"",""migration_date"":""2025-12-20"",""migration_method"":""puzzle2_2"",""name_2"":""Cimahi""}]",2005-03-22,2025-12-20,2005-02-21,2005-02-21,2005-02-21
2005-0487-IDN,No,nat-hyd-mmw-lan,Natural,Hydrological,Mass movement (wet),Landslide (wet),GLIDE:LS-2005-000155,,IDN,Indonesia,South-eastern Asia,Asia,Kota Padang district (Sumatera Barat province),Heavy rains,,No,No,No,,,,,,,2005,9.0,2.0,2005,9.0,2.0,25.0,10.0,,,10.0,,,,,,,60.66033175273918,"[{""adm2_code"":18204,""adm2_name"":""Kota Padang""}]","[{""gid_2"":""IDN.30.10_1"",""migration_date"":""2025-12-20"",""migration_method"":""jaccard2"",""name_2"":""Padang""}]",2005-09-12,2025-12-20,2005-09-02,2005-09-02,2005-09-02
2005-0533-MMR,No,nat-hyd-mmw-lan,Natural,Hydrological,Mass movement (wet),Landslide (wet),GLIDE:FL-2005-000160|GLIDE:LS-2005-000160,,MMR,Myanmar,South-eastern Asia,Asia,Myeik district (Taninthayi province),Monsoon rains,Flood,No,No,No,,,,,,,2005,9.0,14.0,2005,9.0,15.0,17.0,16.0,,,16.0,,,,,,,60.66033175273918,"[{""adm2_code"":41836,""adm2_name"":""Myeik""}]","[{""gid_2"":""MMR.14.3_1"",""migration_date"":""2025-12-20"",""migration_method"":""jaccard2"",""name_2"":""Mergui""}]",2005-09-28,2025-12-20,2005-09-14,2005-09-15,2005-09-14
2005-0821-NPL,No,nat-hyd-mmw-ava,Natural,Hydrological,Mass movement (wet),Avalanche (wet),,,NPL,Nepal,Southern Asia,Asia,Gandaki district (Western province),,,No,No,No,,,,,,,2005,10.0,20.0,2005,10.0,20.0,18.0,,,,,,,,,,,60.66033175273918,"[{""adm2_code"":22363,""adm2_name"":""Gandaki""}]","[{""gid_2"":""NPL.5.2_1"",""migration_date"":""2025-12-20"",""migration_method"":""jaccard2"",""name_2"":""Gandaki""}]",2015-06-12,2025-12-20,2005-10-20,2005-10-20,2005-10-20
2005-0714-PAK,No,nat-hyd-mmw-ava,Natural,Hydrological,Mass movement (wet),Avalanche (wet),GLIDE:AV-2005-000214,,PAK,Pakistan,Southern Asia,Asia,"Dassu town (Kohistan District district, North-West Frontier province)",,,No,No,No,,,,,,,2005,12.0,27.0,2005,12.0,27.0,24.0,,,,,,,,,,,60.66033175273918,"[{""adm2_code"":40340,""adm2_name"":""Kohistan District""}]","[{""gid_2"":""PAK.5.4_1"",""migration_date"":""2025-12-20"",""migration_method"":""bufhaus2"",""name_2"":""Hazara""}]",2006-03-08,2025-12-20,2005-12-27,2005-12-27,2005-12-27
2005-0025-RUS,No,nat-hyd-mmw-ava,Natural,Hydrological,Mass movement (wet),Avalanche (wet),,,RUS,Russian Federation,Eastern Europe,Europe,Kamtchatka peninsula (Kamchatskaya Oblast Province),,,No,No,No,,,,,,,2005,1.0,11.0,2005,1.0,11.0,9.0,,,,,,,,,,,60.66033175273918,"[{""adm1_code"":2512,""adm1_name"":""Kamchatskaya Oblast""}]","[{""gid_2"":""RUS.24.10_1"",""migration_date"":""2025-12-20"",""migration_method"":""puzzle1_2"",""name_2"":""Ust'-Bol'sheretskiy rayon""},{""gid_2"":""RUS.24.11_1"",""migration_date"":""2025-12-20"",""migration_method"":""puzzle1_2"",""name_2"":""Ust'-Kamchatskiy rayon""},{""gid_2"":""RUS.24.1_1"",""migration_date"":""2025-12-20"",""migration_method"":""puzzle1_2"",""name_2"":""Aleutskiy rayon""},{""gid_2"":""RUS.24.2_1"",""migration_date"":""2025-12-20"",""migration_method"":""puzzle1_2"",""name_2"":""Bystrinskiy rayon""},{""gid_2"":""RUS.24.3_1"",""migration_date"":""2025-12-20"",""migration_method"":""puzzle1_2"",""name_2"":""Elizovskiy rayon""},{""gid_2"":""RUS.24.5_1"",""migration_date"":""2025-12-20"",""migration_method"":""puzzle1_2"",""name_2"":""Mil'kovskiy rayon""},{""gid_2"":""RUS.24.8_1"",""migration_date"":""2025-12-20"",""migration_method"":""puzzle1_2"",""name_2"":""Sobolevskiy rayon""}]",2005-01-25,2025-12-20,2005-01-11,2005-01-11,2005-01-11
2005-0063-TJK,No,nat-hyd-mmw-ava,Natural,Hydrological,Mass movement (wet),Avalanche (wet),GLIDE:AV-2005-000014,,TJK,Tajikistan,Central Asia,Asia,"Degdonak (Darbanskiy district, Tadzhikistan Territories province)",Heavy snowfall,,No,Yes,No,293.0,,,,,,2005,2.0,3.0,2005,2.0,3.0,16.0,3.0,1560.0,390.0,1953.0,,,,,,,60.66033175273918,"[{""adm2_code"":37617,""adm2_name"":""Darbanskiy""}]",,2005-07-28,2025-06-25,2005-02-03,2005-02-03,2005-02-03
2005-0119-TUR,No,nat-hyd-mmw-lan,Natural,Hydrological,Mass movement (wet),Landslide (wet),GLIDE:LS-2005-000046,,TUR,Türkiye,Western Asia,Asia,"Sugozu village (Koyulhisar district, Sivas province)",,,No,No,No,,,,,,,2005,3.0,17.0,2005,3.0,17.0,15.0,9.0,,,9.0,,,,,,,60.66033175273918,"[{""adm2_code"":28275,""adm2_name"":""Koyulhisar""}]",,2005-03-21,2025-06-25,2005-03-17,2005-03-17,2005-03-17
2005-0709-YEM,No,nat-hyd-mmw-lan,Natural,Hydrological,Mass movement (wet),Landslide (wet),GLIDE:LS-2005-000213,,YEM,Yemen,Western Asia,Asia,"Al-Dhafir village (Bani Matar District, Sana'a Governorate)",,,No,No,No,,,,,,,2005,12.0,28.0,2005,12.0,29.0,65.0,11.0,,,11.0,,,,,,,60.66033175273918,"[{""adm2_code"":32944,""adm2_name"":""Bani Matar""}]","[{""gid_2"":""YEM.19.8_1"",""migration_date"":""2025-12-20"",""migration_method"":""jaccard2"",""name_2"":""Bani Matar""}]",2006-03-08,2025-12-20,2005-12-28,2005-12-29,2005-12-28
2006-0021-AFG,No,nat-hyd-mmw-lan,Natural,Hydrological,Mass movement (wet),Landslide (wet),,,AFG,Afghanistan,Southern Asia,Asia,"Ghuldori village (Kohestanat district, Sar-e-Pul province)","Heavy rains, snow",,No,No,No,,,,,,,2006,1.0,13.0,2006,1.0,13.0,13.0,,300000.0,,300000.0,,,,,,,62.61719478103453,"[{""adm2_code"":3730,""adm2_name"":""Kohestanat""}]","[{""gid_2"":""AFG.30.2_1"",""migration_date"":""2025-12-20"",""migration_method"":""jaccard2"",""name_2"":""Kohistanat""}]",2006-01-16,2025-12-20,2006-01-13,2006-01-13,2006-01-13
2006-0045-AFG,No,nat-hyd-mmw-ava,Natural,Hydrological,Mass movement (wet),Avalanche (wet),,,AFG,Afghanistan,Southern Asia,Asia,Kohestan district (Badakhshan province),,,No,No,No,,,,,,,2006,1.0,31.0,2006,1.0,31.0,15.0,,,,,,,,,,,62.61719478103453,"[{""adm2_code"":100002,""adm2_name"":""Kohestan""}]",,2006-02-06,2023-09-25,2006-01-31,2006-01-31,2006-01-31
2006-0304-CHN,No,nat-geo-mmd-lan,Natural,Geophysical,Mass movement (dry),Landslide (dry),,,CHN,China,Eastern Asia,Asia,"Shiji village (Kangding area, Garze Tibetan district, Sichuan Sheng province)",,,No,No,No,,,,,,,2006,6.0,18.0,2006,6.0,18.0,11.0,5.0,,,5.0,,,,,,,62.61719478103453,"[{""adm2_code"":13271,""adm2_name"":""Garzê Tibetan""}]","[{""gid_2"":""CHN.26.5_1"",""migration_date"":""2025-12-20"",""migration_method"":""jaccard2"",""name_2"":""Garzê Tibetan""}]",2014-07-11,2025-12-20,2006-06-18,2006-06-18,2006-06-18
2006-0357-CHN,No,nat-hyd-mmw-lan,Natural,Hydrological,Mass movement (wet),Landslide (wet),,,CHN,China,Eastern Asia,Asia,Shanxi Sheng province,Heavy rain,,No,No,No,,,,,,,2006,7.0,,2006,7.0,,11.0,,,,,,,,,,,62.61719478103453,"[{""adm1_code"":923,""adm1_name"":""Shanxi Sheng""}]","[{""gid_1"":""CHN.25_1"",""migration_date"":""2025-12-20"",""migration_method"":""jaccard1"",""name_1"":""Shanxi""}]",2006-07-10,2025-12-20,2006-07-01,2006-07-01,2006-07-01
2006-0069-IDN,No,nat-hyd-mmw-lan,Natural,Hydrological,Mass movement (wet),Landslide (wet),,,IDN,Indonesia,South-eastern Asia,Asia,"Lombok Barat, Lombok Tengah, Lombok Timur, Kota Mataram districts (Nusatenggara Barat province), Belu, Timor Tengah Selatan, Timor Tengah Utara, Kupang, Rotendao, Kota Kupang districts (Nusatenggara Timur province), Bali province",Heavy rains,,No,No,No,,,,-8.44,117.29,,2006,1.0,22.0,2006,1.0,27.0,11.0,,3000.0,,3000.0,,,,,10943.0,17476.0,62.61719478103453,"[{""adm1_code"":1513,""adm1_name"":""Bali""},{""adm2_code"":18145,""adm2_name"":""Lombok Barat""},{""adm2_code"":18146,""adm2_name"":""Lombok Tengah""},{""adm2_code"":18147,""adm2_name"":""Lombok Timur""},{""adm2_code"":73736,""adm2_name"":""Kota Mataram""},{""adm2_code"":18150,""adm2_name"":""Belu""},{""adm2_code"":18159,""adm2_name"":""Timor Tengah Selatan""},{""adm2_code"":18160,""adm2_name"":""Timor Tengah Utara""},{""adm2_code"":73731,""adm2_name"":""Kota Kupang""},{""adm2_code"":73765,""adm2_name"":""Kupang""},{""adm2_code"":73837,""adm2_name"":""Rotendao""}]","[{""gid_1"":""IDN.2_1"",""migration_date"":""2025-12-20"",""migration_method"":""jaccard1"",""name_1"":""Bali""},{""gid_2"":""IDN.20.4_1"",""migration_date"":""2025-12-20"",""migration_method"":""puzzle2_2"",""name_2"":""Lombok Barat""},{""gid_2"":""IDN.20.5_1"",""migration_date"":""2025-12-20"",""migration_method"":""jaccard2"",""name_2"":""Lombok Tengah""},{""gid_2"":""IDN.20.6_1"",""migration_date"":""2025-12-20"",""migration_method"":""jaccard2"",""name_2"":""Lombok Timur""},{""gid_2"":""IDN.20.7_1"",""migration_date"":""2025-12-20"",""migration_method"":""puzzle2_2"",""name_2"":""Lombok Utara""},{""gid_2"":""IDN.20.8_1"",""migration_date"":""2025-12-20"",""migration_method"":""jaccard2"",""name_2"":""Mataram""},{""gid_2"":""IDN.21.13_1"",""migration_date"":""2025-12-20"",""migration_method"":""jaccard2"",""name_2"":""Rote Ndao""},{""gid_2"":""IDN.21.14_1"",""migration_date"":""2025-12-20"",""migration_method"":""puzzle2_2"",""name_2"":""Sabu Raijua""},{""gid_2"":""IDN.21.20_1"",""migration_date"":""2025-12-20"",""migration_method"":""jaccard2"",""name_2"":""Timor Tengah Selatan""},{""gid_2"":""IDN.21.21_1"",""migration_date"":""2025-12-20"",""migration_method"":""jaccard2"",""name_2"":""Timor Tengah Utara""},{""gid_2"":""IDN.21.2_1"",""migration_date"":""2025-12-20"",""migration_method"":""jaccard2"",""name_2"":""Belu""},{""gid_2"":""IDN.21.5_1"",""migration_date"":""2025-12-20"",""migration_method"":""bufhaus2"",""name_2"":""Kota Kupang""},{""gid_2"":""IDN.21.5_1"",""migration_date"":""2025-12-20"",""migration_method"":""puzzle2_2"",""name_2"":""Kota Kupang""},{""gid_2"":""IDN.21.6_1"",""migration_date"":""2025-12-20"",""migration_method"":""puzzle2_2"",""name_2"":""Kupang""}]",2007-01-04,2025-12-20,2006-01-22,2006-01-27,2006-01-22
2006-0668-IDN,No,nat-hyd-mmw-lan,Natural,Hydrological,Mass movement (wet),Landslide (wet),GLIDE:LS-2006-000185,,IDN,Indonesia,South-eastern Asia,Asia,Solok district (Sumatera Barat province),Heavy rains,,No,No,No,,,,,,,2006,12.0,15.0,2006,12.0,15.0,17.0,,,,,,,,,,,62.61719478103453,"[{""adm2_code"":73853,""adm2_name"":""Solok""}]","[{""gid_2"":""IDN.30.19_1"",""migration_date"":""2025-12-20"",""migration_method"":""jaccard2"",""name_2"":""Solok""}]",2007-01-08,2025-12-20,2006-12-15,2006-12-15,2006-12-15
2006-0007-IDN,No,nat-hyd-mmw-lan,Natural,Hydrological,Mass movement (wet),Landslide (wet),,,IDN,Indonesia,South-eastern Asia,Asia,"Sijeruk village (Banjarnegara district, Jawa Tengah province)",Heavy rains,,No,No,No,,,,-8.02,113.34,,2006,1.0,1.0,2006,1.0,4.0,156.0,13.0,,8300.0,8313.0,,,,,27000.0,43119.0,62.61719478103453,"[{""adm2_code"":18030,""adm2_name"":""Banjarnegara""}]","[{""gid_2"":""IDN.10.1_1"",""migration_date"":""2025-12-20"",""migration_method"":""jaccard2"",""name_2"":""Banjarnegara""}]",2007-02-15,2025-12-20,2006-01-01,2006-01-04,2006-01-01
2006-0219-ITA,No,nat-hyd-mmw-lan,Natural,Hydrological,Mass movement (wet),Landslide (wet),,,ITA,Italy,Southern Europe,Europe,"Ischia town (Napoli province, Campania region)",,,No,No,No,,,,,,,2006,4.0,30.0,2006,4.0,30.0,4.0,9.0,150.0,,159.0,,,,,,,62.61719478103453,"[{""adm2_code"":18332,""adm2_name"":""Napoli""}]","[{""gid_2"":""ITA.5.4_1"",""migration_date"":""2025-12-20"",""migration_method"":""jaccard2"",""name_2"":""Napoli""}]",2006-05-02,2025-12-20,2006-04-30,2006-04-30,2006-04-30
2006-0407-MEX,No,nat-hyd-mmw-lan,Natural,Hydrological,Mass movement (wet),Landslide (wet),,,MEX,Mexico,Latin America and the Caribbean,Americas,"Santa Maria Chilchotla municipality (Teotitlan district, Oaxaca state)",,,No,No,No,,,,,,,2006,8.0,2.0,2006,8.0,2.0,11.0,,,,,,,,,,,62.61719478103453,"[{""adm2_code"":20569,""adm2_name"":""Dist. Teotitlan""}]",,2006-08-03,2023-09-25,2006-08-02,2006-08-02,2006-08-02
2006-0498-MEX,No,nat-hyd-mmw-lan,Natural,Hydrological,Mass movement (wet),Landslide (wet),,,MEX,Mexico,Latin America and the Caribbean,Americas,"Chalchihuitillo village (Mezquital district, Durango province)",,,No,No,No,,,,,,,2006,9.0,6.0,2006,9.0,6.0,10.0,,,,,,,,,,,62.61719478103453,"[{""adm2_code"":19852,""adm2_name"":""Mezquital""}]","[{""gid_2"":""MEX.10.15_2"",""migration_date"":""2025-12-20"",""migration_method"":""jaccard2"",""name_2"":""Mezquital""}]",2006-09-12,2025-12-20,2006-09-06,2006-09-06,2006-09-06
2006-0409-NPL,No,nat-hyd-mmw-lan,Natural,Hydrological,Mass movement (wet),Landslide (wet),,,NPL,Nepal,Southern Asia,Asia,"Yarsa village (Rasuwa area, Bagmati district, Central province)",,,No,No,No,,,,,,,2006,8.0,3.0,2006,8.0,3.0,10.0,,,,,,,,,,,62.61719478103453,"[{""adm2_code"":22351,""adm2_name"":""Bagmati""}]","[{""gid_2"":""NPL.1.1_1"",""migration_date"":""2025-12-20"",""migration_method"":""jaccard2"",""name_2"":""Bagmati""}]",2006-08-03,2025-12-20,2006-08-03,2006-08-03,2006-08-03
2006-0473-NPL,No,nat-hyd-mmw-lan,Natural,Hydrological,Mass movement (wet),Landslide (wet),GLIDE:FL-2006-000127,,NPL,Nepal,Southern Asia,Asia,"Banke, Bardiya areas (Bheri district, Mid Western province), Achham, Kailali areas (Seti district, Far Western province), Chitwan, Makwanpur areas (Narayani district, Central province), Tanahun area (Gandaki district, Western province), Tehrathum area (Koshi district, Eastern province), Nawalparasi area (Lumbini district, Western province)",Monsoonal rains,Flood,No,No,No,422.0,,,28.69,81.31,,2006,8.0,26.0,2006,9.0,13.0,147.0,,,80000.0,80000.0,,,,,,,62.61719478103453,"[{""adm2_code"":22353,""adm2_name"":""Narayani""},{""adm2_code"":22354,""adm2_name"":""Koshi""},{""adm2_code"":22358,""adm2_name"":""Seti""},{""adm2_code"":22361,""adm2_name"":""Bheri""},{""adm2_code"":22363,""adm2_name"":""Gandaki""},{""adm2_code"":22364,""adm2_name"":""Lumbini""}]","[{""gid_2"":""NPL.1.3_1"",""migration_date"":""2025-12-20"",""migration_method"":""jaccard2"",""name_2"":""Narayani""},{""gid_2"":""NPL.2.1_1"",""migration_date"":""2025-12-20"",""migration_method"":""jaccard2"",""name_2"":""Koshi""},{""gid_2"":""NPL.3.2_1"",""migration_date"":""2025-12-20"",""migration_method"":""jaccard2"",""name_2"":""Seti""},{""gid_2"":""NPL.4.1_1"",""migration_date"":""2025-12-20"",""migration_method"":""jaccard2"",""name_2"":""Bheri""},{""gid_2"":""NPL.5.2_1"",""migration_date"":""2025-12-20"",""migration_method"":""jaccard2"",""name_2"":""Gandaki""},{""gid_2"":""NPL.5.3_1"",""migration_date"":""2025-12-20"",""migration_method"":""jaccard2"",""name_2"":""Lumbini""}]",2007-01-07,2025-12-20,2006-08-26,2006-09-13,2006-08-26
2006-0345-PAK,No,nat-hyd-mmw-lan,Natural,Hydrological,Mass movement (wet),Landslide (wet),GLIDE:MS-2006-000084,,PAK,Pakistan,Southern Asia,Asia,"Ghaeel village (Kalam area, Swat District district, North-West Frontier province)",Monsoonal rain,,No,No,No,,,,35.35,72.62,,2006,7.0,3.0,2006,7.0,4.0,29.0,5.0,,,5.0,,,,,,,62.61719478103453,"[{""adm2_code"":40350,""adm2_name"":""Swat District""}]",,2007-03-09,2025-06-25,2006-07-03,2006-07-04,2006-07-03
2006-0222-PNG,No,nat-hyd-mmw-mud,Natural,Hydrological,Mass movement (wet),Mudslide,,,PNG,Papua New Guinea,Melanesia,Oceania,"Kuma village (Mendi district, Southern Highlands province)",,"Slide (land, mud, snow, rock)",No,No,No,,,,-6.16,143.7,,2006,4.0,27.0,2006,4.0,30.0,1.0,,300.0,,300.0,,,,,,,62.61719478103453,"[{""adm2_code"":37549,""adm2_name"":""Mendi""}]",,2007-01-04,2023-09-25,2006-04-27,2006-04-30,2006-04-27
2006-0059-PNG,No,nat-hyd-mmw-lan,Natural,Hydrological,Mass movement (wet),Landslide (wet),GLIDE:LS-2006-000007,,PNG,Papua New Guinea,Melanesia,Oceania,"Kwasang 2 village (Mumeng district, Morobe province)",Torrential rain,,No,No,No,,,,,,,2006,1.0,20.0,2006,4.0,18.0,14.0,,,10000.0,10000.0,,,,,,,62.61719478103453,"[{""adm2_code"":37525,""adm2_name"":""Mumeng""}]",,2007-03-08,2025-06-25,2006-01-20,2006-04-18,2006-01-20
2006-0439-PHL,No,nat-hyd-mmw-ava,Natural,Hydrological,Mass movement (wet),Avalanche (wet),,,PHL,Philippines,South-eastern Asia,Asia,"Kapatagan area (Lanao Del Norte district, Region X (Northern Mindanao) province), Pagadian area (Zamboanga Del Sur district, Rgion IX (Zamboanga Peninsula) province)",Heavy rains,,No,No,No,,,,,,,2006,8.0,13.0,2006,8.0,13.0,6.0,,1200.0,,1200.0,,,,,,,62.61719478103453,"[{""adm2_code"":67164,""adm2_name"":""Zamboanga Del Sur""},{""adm2_code"":24272,""adm2_name"":""Lanao Del Norte""}]","[{""gid_2"":""PHL.41.10_1"",""migration_date"":""2025-12-20"",""migration_method"":""puzzle2_2"",""name_2"":""Magsaysay""},{""gid_2"":""PHL.41.11_1"",""migration_date"":""2025-12-20"",""migration_method"":""puzzle2_2"",""name_2"":""Maigo""},{""gid_2"":""PHL.41.12_1"",""migration_date"":""2025-12-20"",""migration_method"":""puzzle2_2"",""name_2"":""Matungao""},{""gid_2"":""PHL.41.13_1"",""migration_date"":""2025-12-20"",""migration_method"":""puzzle2_2"",""name_2"":""Munai""},{""gid_2"":""PHL.41.14_1"",""migration_date"":""2025-12-20"",""migration_method"":""puzzle2_2"",""name_2"":""Nunungan""},{""gid_2"":""PHL.41.15_1"",""migration_date"":""2025-12-20"",""migration_method"":""puzzle2_2"",""name_2"":""Pantao Ragat""},{""gid_2"":""PHL.41.17_1"",""migration_date"":""2025-12-20"",""migration_method"":""puzzle2_2"",""name_2"":""Poona Piagapo""},{""gid_2"":""PHL.41.18_1"",""migration_date"":""2025-12-20"",""migration_method"":""puzzle2_2"",""name_2"":""Salvador""},{""gid_2"":""PHL.41.19_1"",""migration_date"":""2025-12-20"",""migration_method"":""puzzle2_2"",""name_2"":""Sapad""},{""gid_2"":""PHL.41.1_1"",""migration_date"":""2025-12-20"",""migration_method"":""puzzle2_2"",""name_2"":""Bacolod""},{""gid_2"":""PHL.41.20_1"",""migration_date"":""2025-12-20"",""migration_method"":""puzzle2_2"",""name_2"":""Sultan Naga Dimaporo""},{""gid_2"":""PHL.41.21_1"",""migration_date"":""2025-12-20"",""migration_method"":""puzzle2_2"",""name_2"":""Tagoloan""},{""gid_2"":""PHL.41.22_1"",""migration_date"":""2025-12-20"",""migration_method"":""puzzle2_2"",""name_2"":""Tangcal""},{""gid_2"":""PHL.41.23_1"",""migration_date"":""2025-12-20"",""migration_method"":""puzzle2_2"",""name_2"":""Tubod""},{""gid_2"":""PHL.41.2_1"",""migration_date"":""2025-12-20"",""migration_method"":""puzzle2_2"",""name_2"":""Baloi""},{""gid_2"":""PHL.41.3_1"",""migration_date"":""2025-12-20"",""migration_method"":""puzzle2_2"",""name_2"":""Baroy""},{""gid_2"":""PHL.41.4_1"",""migration_date"":""2025-12-20"",""migration_method"":""puzzle2_2"",""name_2"":""Iligan City""},{""gid_2"":""PHL.41.5_1"",""migration_date"":""2025-12-20"",""migration_method"":""puzzle2_2"",""name_2"":""Kapatagan""},{""gid_2"":""PHL.41.6_1"",""migration_date"":""2025-12-20"",""migration_method"":""puzzle2_2"",""name_2"":""Kauswagan""},{""gid_2"":""PHL.41.7_1"",""migration_date"":""2025-12-20"",""migration_method"":""puzzle2_2"",""name_2"":""Kolambugan""},{""gid_2"":""PHL.41.8_1"",""migration_date"":""2025-12-20"",""migration_method"":""puzzle2_2"",""name_2"":""Lala""},{""gid_2"":""PHL.41.9_1"",""migration_date"":""2025-12-20"",""migration_method"":""puzzle2_2"",""name_2"":""Linamon""},{""gid_2"":""PHL.80.10_1"",""migration_date"":""2025-12-20"",""migration_method"":""puzzle2_2"",""name_2"":""Labangan""},{""gid_2"":""PHL.80.11_1"",""migration_date"":""2025-12-20"",""migration_method"":""puzzle2_2"",""name_2"":""Lakewood Lake""},{""gid_2"":""PHL.80.12_1"",""migration_date"":""2025-12-20"",""migration_method"":""puzzle2_2"",""name_2"":""Lakewood""},{""gid_2"":""PHL.80.13_1"",""migration_date"":""2025-12-20"",""migration_method"":""puzzle2_2"",""name_2"":""Lapuyan""},{""gid_2"":""PHL.80.14_1"",""migration_date"":""2025-12-20"",""migration_method"":""puzzle2_2"",""name_2"":""Mahayag""},{""gid_2"":""PHL.80.15_1"",""migration_date"":""2025-12-20"",""migration_method"":""puzzle2_2"",""name_2"":""Margosatubig""},{""gid_2"":""PHL.80.16_1"",""migration_date"":""2025-12-20"",""migration_method"":""puzzle2_2"",""name_2"":""Midsalip""},{""gid_2"":""PHL.80.17_1"",""migration_date"":""2025-12-20"",""migration_method"":""puzzle2_2"",""name_2"":""Molave""},{""gid_2"":""PHL.80.18_1"",""migration_date"":""2025-12-20"",""migration_method"":""puzzle2_2"",""name_2"":""Pagadian City""},{""gid_2"":""PHL.80.19_1"",""migration_date"":""2025-12-20"",""migration_method"":""puzzle2_2"",""name_2"":""Pitogo""},{""gid_2"":""PHL.80.1_1"",""migration_date"":""2025-12-20"",""migration_method"":""puzzle2_2"",""name_2"":""Aurora""},{""gid_2"":""PHL.80.20_1"",""migration_date"":""2025-12-20"",""migration_method"":""puzzle2_2"",""name_2"":""Ramon Magsaysay""},{""gid_2"":""PHL.80.21_1"",""migration_date"":""2025-12-20"",""migration_method"":""puzzle2_2"",""name_2"":""San Miguel""},{""gid_2"":""PHL.80.22_1"",""migration_date"":""2025-12-20"",""migration_method"":""puzzle2_2"",""name_2"":""San Pablo""},{""gid_2"":""PHL.80.23_1"",""migration_date"":""2025-12-20"",""migration_method"":""puzzle2_2"",""name_2"":""Sominot""},{""gid_2"":""PHL.80.24_1"",""migration_date"":""2025-12-20"",""migration_method"":""puzzle2_2"",""name_2"":""Tabina""},{""gid_2"":""PHL.80.25_1"",""migration_date"":""2025-12-20"",""migration_method"":""puzzle2_2"",""name_2"":""Tambulig""},{""gid_2"":""PHL.80.26_1"",""migration_date"":""2025-12-20"",""migration_method"":""puzzle2_2"",""name_2"":""Tigbao""},{""gid_2"":""PHL.80.27_1"",""migration_date"":""2025-12-20"",""migration_method"":""puzzle2_2"",""name_2"":""Tukuran""},{""gid_2"":""PHL.80.28_1"",""migration_date"":""2025-12-20"",""migration_method"":""puzzle2_2"",""name_2"":""Vincenzo A. Sagun""},{""gid_2"":""PHL.80.29_1"",""migration_date"":""2025-12-20"",""migration_method"":""puzzle2_2"",""name_2"":""Zamboanga City""},{""gid_2"":""PHL.80.2_1"",""migration_date"":""2025-12-20"",""migration_method"":""puzzle2_2"",""name_2"":""Bayog""},{""gid_2"":""PHL.80.3_1"",""migration_date"":""2025-12-20"",""migration_method"":""puzzle2_2"",""name_2"":""Dimataling""},{""gid_2"":""PHL.80.4_1"",""migration_date"":""2025-12-20"",""migration_method"":""puzzle2_2"",""name_2"":""Dinas""},{""gid_2"":""PHL.80.5_1"",""migration_date"":""2025-12-20"",""migration_method"":""puzzle2_2"",""name_2"":""Dumalinao""},{""gid_2"":""PHL.80.6_1"",""migration_date"":""2025-12-20"",""migration_method"":""puzzle2_2"",""name_2"":""Dumingag""},{""gid_2"":""PHL.80.7_1"",""migration_date"":""2025-12-20"",""migration_method"":""puzzle2_2"",""name_2"":""Guipos""},{""gid_2"":""PHL.80.8_1"",""migration_date"":""2025-12-20"",""migration_method"":""puzzle2_2"",""name_2"":""Josefina""}]",2006-08-14,2025-12-20,2006-08-13,2006-08-13,2006-08-13
2006-0087-PHL,No,nat-hyd-mmw-lan,Natural,Hydrological,Mass movement (wet),Landslide (wet),GLIDE:LS-2006-000024,,PHL,Philippines,South-eastern Asia,Asia,"Sogod area (Southern Leyte district, Region VIII (Eastern Visayas) province)",Continuous monsoon rain,,No,No,No,,,,,,,2006,2.0,14.0,2006,2.0,14.0,11.0,25.0,7500.0,,7525.0,,,,,,,62.61719478103453,"[{""adm2_code"":24260,""adm2_name"":""Southern Leyte""}]","[{""gid_2"":""PHL.71.10_1"",""migration_date"":""2025-12-20"",""migration_method"":""puzzle2_2"",""name_2"":""Malitbog""},{""gid_2"":""PHL.71.11_1"",""migration_date"":""2025-12-20"",""migration_method"":""puzzle2_2"",""name_2"":""Padre Burgos""},{""gid_2"":""PHL.71.12_1"",""migration_date"":""2025-12-20"",""migration_method"":""puzzle2_2"",""name_2"":""Pintuyan""},{""gid_2"":""PHL.71.13_1"",""migration_date"":""2025-12-20"",""migration_method"":""puzzle2_2"",""name_2"":""Saint Bernard""},{""gid_2"":""PHL.71.14_1"",""migration_date"":""2025-12-20"",""migration_method"":""puzzle2_2"",""name_2"":""San Francisco""},{""gid_2"":""PHL.71.15_1"",""migration_date"":""2025-12-20"",""migration_method"":""puzzle2_2"",""name_2"":""San Juan""},{""gid_2"":""PHL.71.16_1"",""migration_date"":""2025-12-20"",""migration_method"":""puzzle2_2"",""name_2"":""San Ricardo""},{""gid_2"":""PHL.71.17_1"",""migration_date"":""2025-12-20"",""migration_method"":""puzzle2_2"",""name_2"":""Silago""},{""gid_2"":""PHL.71.18_1"",""migration_date"":""2025-12-20"",""migration_method"":""puzzle2_2"",""name_2"":""Sogod""},{""gid_2"":""PHL.71.19_1"",""migration_date"":""2025-12-20"",""migration_method"":""puzzle2_2"",""name_2"":""Tomas Oppus""},{""gid_2"":""PHL.71.1_1"",""migration_date"":""2025-12-20"",""migration_method"":""puzzle2_2"",""name_2"":""Anahawan""},{""gid_2"":""PHL.71.2_1"",""migration_date"":""2025-12-20"",""migration_method"":""puzzle2_2"",""name_2"":""Bontoc""},{""gid_2"":""PHL.71.3_1"",""migration_date"":""2025-12-20"",""migration_method"":""puzzle2_2"",""name_2"":""Hinunangan""},{""gid_2"":""PHL.71.4_1"",""migration_date"":""2025-12-20"",""migration_method"":""puzzle2_2"",""name_2"":""Hinundayan""},{""gid_2"":""PHL.71.5_1"",""migration_date"":""2025-12-20"",""migration_method"":""puzzle2_2"",""name_2"":""Libagon""},{""gid_2"":""PHL.71.6_1"",""migration_date"":""2025-12-20"",""migration_method"":""puzzle2_2"",""name_2"":""Liloan""},{""gid_2"":""PHL.71.8_1"",""migration_date"":""2025-12-20"",""migration_method"":""puzzle2_2"",""name_2"":""Maasin City""},{""gid_2"":""PHL.71.9_1"",""migration_date"":""2025-12-20"",""migration_method"":""puzzle2_2"",""name_2"":""Macrohon""}]",2006-02-14,2025-12-20,2006-02-14,2006-02-14,2006-02-14
2006-0096-PHL,No,nat-hyd-mmw-lan,Natural,Hydrological,Mass movement (wet),Landslide (wet),GLIDE:MS-2006-000026,,PHL,Philippines,South-eastern Asia,Asia,"Guinsaugon village (Southern Leyte, Region VIII (Eastern Visayas) province)",,,Yes,No,No,5494.0,,,,,,2006,2.0,17.0,2006,2.0,17.0,1126.0,19.0,5907.0,,5926.0,,,,,2203.0,3518.0,62.61719478103453,"[{""adm2_code"":24260,""adm2_name"":""Southern Leyte""}]","[{""gid_2"":""PHL.71.10_1"",""migration_date"":""2025-12-20"",""migration_method"":""puzzle2_2"",""name_2"":""Malitbog""},{""gid_2"":""PHL.71.11_1"",""migration_date"":""2025-12-20"",""migration_method"":""puzzle2_2"",""name_2"":""Padre Burgos""},{""gid_2"":""PHL.71.12_1"",""migration_date"":""2025-12-20"",""migration_method"":""puzzle2_2"",""name_2"":""Pintuyan""},{""gid_2"":""PHL.71.13_1"",""migration_date"":""2025-12-20"",""migration_method"":""puzzle2_2"",""name_2"":""Saint Bernard""},{""gid_2"":""PHL.71.14_1"",""migration_date"":""2025-12-20"",""migration_method"":""puzzle2_2"",""name_2"":""San Francisco""},{""gid_2"":""PHL.71.15_1"",""migration_date"":""2025-12-20"",""migration_method"":""puzzle2_2"",""name_2"":""San Juan""},{""gid_2"":""PHL.71.16_1"",""migration_date"":""2025-12-20"",""migration_method"":""puzzle2_2"",""name_2"":""San Ricardo""},{""gid_2"":""PHL.71.17_1"",""migration_date"":""2025-12-20"",""migration_method"":""puzzle2_2"",""name_2"":""Silago""},{""gid_2"":""PHL.71.18_1"",""migration_date"":""2025-12-20"",""migration_method"":""puzzle2_2"",""name_2"":""Sogod""},{""gid_2"":""PHL.71.19_1"",""migration_date"":""2025-12-20"",""migration_method"":""puzzle2_2"",""name_2"":""Tomas Oppus""},{""gid_2"":""PHL.71.1_1"",""migration_date"":""2025-12-20"",""migration_method"":""puzzle2_2"",""name_2"":""Anahawan""},{""gid_2"":""PHL.71.2_1"",""migration_date"":""2025-12-20"",""migration_method"":""puzzle2_2"",""name_2"":""Bontoc""},{""gid_2"":""PHL.71.3_1"",""migration_date"":""2025-12-20"",""migration_method"":""puzzle2_2"",""name_2"":""Hinunangan""},{""gid_2"":""PHL.71.4_1"",""migration_date"":""2025-12-20"",""migration_method"":""puzzle2_2"",""name_2"":""Hinundayan""},{""gid_2"":""PHL.71.5_1"",""migration_date"":""2025-12-20"",""migration_method"":""puzzle2_2"",""name_2"":""Libagon""},{""gid_2"":""PHL.71.6_1"",""migration_date"":""2025-12-20"",""migration_method"":""puzzle2_2"",""name_2"":""Liloan""},{""gid_2"":""PHL.71.8_1"",""migration_date"":""2025-12-20"",""migration_method"":""puzzle2_2"",""name_2"":""Maasin City""},{""gid_2"":""PHL.71.9_1"",""migration_date"":""2025-12-20"",""migration_method"":""puzzle2_2"",""name_2"":""Macrohon""}]",2007-02-15,2025-12-20,2006-02-17,2006-02-17,2006-02-17
2006-0646-RWA,No,nat-hyd-mmw-lan,Natural,Hydrological,Mass movement (wet),Landslide (wet),,,RWA,Rwanda,Sub-Saharan Africa,Africa,Rulindo district (North/Amajyaruguru province),Heavy rains,,No,No,No,,,,-1.79,29.94,,2006,11.0,28.0,2006,11.0,30.0,24.0,,2000.0,,2000.0,,,,,,,62.61719478103453,"[{""adm2_code"":22000,""adm2_name"":""Rulindo""}]","[{""gid_2"":""RWA.1.5_1"",""migration_date"":""2025-12-20"",""migration_method"":""jaccard2"",""name_2"":""Rulindo""}]",2007-01-07,2025-12-20,2006-11-28,2006-11-30,2006-11-28
2006-0256-TJK,No,nat-hyd-mmw-mud,Natural,Hydrological,Mass movement (wet),Mudslide,,,TJK,Tajikistan,Central Asia,Asia,"Temumalik area (Baljuan district, Khatlon province) , Jomi area (Bokhtar district, Khatlon province), Yavan village (Yvanskiy district, Khatlon province), Muminobod, Shurabad, Dangara districts (Khatlon province)",,"Slide (land, mud, snow, rock)",No,No,No,,,,,,,2006,4.0,24.0,2006,5.0,8.0,1.0,,13000.0,,13000.0,,,,,,,62.61719478103453,"[{""adm2_code"":37582,""adm2_name"":""Baljuan""},{""adm2_code"":37583,""adm2_name"":""Bokhtar""},{""adm2_code"":37584,""adm2_name"":""Dangara""},{""adm2_code"":37594,""adm2_name"":""Muminobod""},{""adm2_code"":37598,""adm2_name"":""Shurabad""},{""adm2_code"":37602,""adm2_name"":""Yvanskiy""}]","[{""gid_1"":""TJK.3_1"",""migration_date"":""2025-12-20"",""migration_method"":""parent2_1"",""name_1"":""Khatlon""},{""gid_1"":""TJK.3_1"",""migration_date"":""2025-12-20"",""migration_method"":""parent2_1"",""name_1"":""Khatlon""},{""gid_1"":""TJK.3_1"",""migration_date"":""2025-12-20"",""migration_method"":""parent2_1"",""name_1"":""Khatlon""},{""gid_1"":""TJK.3_1"",""migration_date"":""2025-12-20"",""migration_method"":""parent2_1"",""name_1"":""Khatlon""}]",2006-05-16,2025-12-20,2006-04-24,2006-05-08,2006-04-24
2006-0053-TJK,No,nat-hyd-mmw-ava,Natural,Hydrological,Mass movement (wet),Avalanche (wet),,,TJK,Tajikistan,Central Asia,Asia,"Darvoz area (Kalay-Humbskiy district, Badakhshoni Kuni province), Khorog, Shugnan villages (Shugnanskiy district, Badakhshoni Kuni province), Vanchskiy, Roshtkala, Rushanskiy districts (Badakhshoni Kuni province), Dushambe city (Leninskiy district, Tadzhikistan Territories province), Faysabadskiy, Jirgatalskiy districts (Tadzhikistan Territories province), Vahshskiy district (Khatlon province)",,,No,No,No,,,,,,,2006,1.0,26.0,2006,2.0,2.0,21.0,5.0,723.0,,728.0,,,,,,,62.61719478103453,"[{""adm2_code"":37576,""adm2_name"":""Kalay-Humbskiy""},{""adm2_code"":37578,""adm2_name"":""Roshtkala""},{""adm2_code"":37579,""adm2_name"":""Rushanskiy""},{""adm2_code"":37580,""adm2_name"":""Shugnanskiy""},{""adm2_code"":37581,""adm2_name"":""Vanchskiy""},{""adm2_code"":37600,""adm2_name"":""Vahshskiy""},{""adm2_code"":37618,""adm2_name"":""Faysabadskiy""},{""adm2_code"":37621,""adm2_name"":""Jirgatalskiy""},{""adm2_code"":37623,""adm2_name"":""Leninskiy""}]",,2006-02-06,2023-09-25,2006-01-26,2006-02-02,2006-01-26
2007-0015-BRA,No,nat-hyd-mmw-mud,Natural,Hydrological,Mass movement (wet),Mudslide,GLIDE:MS-2007-000004,,BRA,Brazil,Latin America and the Caribbean,Americas,"Mirai, Muriae districts (Minas Gerais province)",Dam break,,No,No,No,,,,,,,2007,1.0,10.0,2007,1.0,10.0,,,5000.0,,5000.0,,,,,,,64.40346368476521,"[{""adm2_code"":8357,""adm2_name"":""Mirai""},{""adm2_code"":8377,""adm2_name"":""Muriae""}]","[{""gid_2"":""BRA.13.487_2"",""migration_date"":""2025-12-20"",""migration_method"":""jaccard2"",""name_2"":""Miraí""},{""gid_2"":""BRA.13.507_2"",""migration_date"":""2025-12-20"",""migration_method"":""jaccard2"",""name_2"":""Muriaé""}]",2007-01-21,2025-12-20,2007-01-10,2007-01-10,2007-01-10
2007-0580-CHN,No,nat-hyd-mmw-lan,Natural,Hydrological,Mass movement (wet),Landslide (wet),,,CHN,China,Eastern Asia,Asia,"Badong area (Enshi Tujia and Miao district, Hubei Sheng province)",,Transport accident,No,No,No,,,,,,,2007,11.0,20.0,2007,11.0,20.0,33.0,1.0,,,1.0,,,,,,,64.40346368476521,"[{""adm2_code"":13128,""adm2_name"":""Enshi Tujia and Miao""}]","[{""gid_2"":""CHN.13.1_1"",""migration_date"":""2025-12-20"",""migration_method"":""jaccard2"",""name_2"":""Enshi Tujia and Miao""}]",2008-03-12,2025-12-20,2007-11-20,2007-11-20,2007-11-20
2007-0011-IDN,No,nat-hyd-mmw-lan,Natural,Hydrological,Mass movement (wet),Landslide (wet),,,IDN,Indonesia,South-eastern Asia,Asia,Padangpariaman district (Sumatera Barat province),Heavy rain,,No,No,No,,,,,,,2007,1.0,9.0,2007,1.0,9.0,11.0,,,,,,,,,,,64.40346368476521,"[{""adm2_code"":73819,""adm2_name"":""Padangpariaman""}]","[{""gid_2"":""IDN.30.9_1"",""migration_date"":""2025-12-20"",""migration_method"":""jaccard2"",""name_2"":""Padang Pariaman""}]",2007-01-10,2025-12-20,2007-01-09,2007-01-09,2007-01-09
2007-0016-IDN,No,nat-hyd-mmw-lan,Natural,Hydrological,Mass movement (wet),Landslide (wet),GLIDE:LS-2007-000015,,IDN,Indonesia,South-eastern Asia,Asia,"Tahuna, Dumuhung, Soa Taloara villages (Kepulauan-sangihe district, Sulawesi Utara province)",,Flood,No,No,No,,,,3.56,125.54,,2007,1.0,12.0,2007,1.0,14.0,32.0,,3990.0,,3990.0,,,,,,,64.40346368476521,"[{""adm2_code"":73699,""adm2_name"":""Kepulauan-sangihe""}]",,2007-12-10,2025-06-25,2007-01-12,2007-01-14,2007-01-12
2007-0356-KEN,No,nat-hyd-mmw-mud,Natural,Hydrological,Mass movement (wet),Mudslide,GLIDE:LS-2007-000128,,KEN,Kenya,Sub-Saharan Africa,Africa,"Kuvasali village (Kakamega didstrict, Western province)",Heavy rains,,No,No,No,,,,,,,2007,8.0,10.0,2007,8.0,13.0,20.0,6.0,,,6.0,,,,,,,64.40346368476521,"[{""adm2_code"":51398,""adm2_name"":""Kakamega""}]","[{""gid_2"":""KEN.11.10_1"",""migration_date"":""2025-12-20"",""migration_method"":""puzzle2_2"",""name_2"":""Navakholo""},{""gid_2"":""KEN.11.11_1"",""migration_date"":""2025-12-20"",""migration_method"":""puzzle2_2"",""name_2"":""Shinyalu""},{""gid_2"":""KEN.11.2_1"",""migration_date"":""2025-12-20"",""migration_method"":""puzzle2_2"",""name_2"":""Ikolomani""},{""gid_2"":""KEN.11.5_1"",""migration_date"":""2025-12-20"",""migration_method"":""puzzle2_2"",""name_2"":""Lurambi""},{""gid_2"":""KEN.11.6_1"",""migration_date"":""2025-12-20"",""migration_method"":""puzzle2_2"",""name_2"":""Malava""}]",2007-08-14,2025-12-20,2007-08-10,2007-08-13,2007-08-10
2007-0537-MEX,No,nat-hyd-mmw-lan,Natural,Hydrological,Mass movement (wet),Landslide (wet),GLIDE:MS-2007-000200,,MEX,Mexico,Latin America and the Caribbean,Americas,"San Juan Grijalva village (Ostuacan district, Chiapas province)",Heavy rains,Tsunami/Tidal wave,No,No,No,,,,,,,2007,11.0,6.0,2007,11.0,6.0,16.0,,,,,,,,,,,64.40346368476521,"[{""adm2_code"":19663,""adm2_name"":""Ostuacan""}]",,2007-11-08,2025-06-25,2007-11-06,2007-11-06,2007-11-06
2007-0093-PAK,No,nat-hyd-mmw-lan,Natural,Hydrological,Mass movement (wet),Landslide (wet),GLIDE:LS-2007-000037,,PAK,Pakistan,Southern Asia,Asia,"Administrative unit not available district (Jammu and Kashmir province), Lower Dir District, Upper Dir District districts (North-West Frontier province)",Heavy rain,,No,No,No,,,,,,,2007,3.0,21.0,2007,3.0,21.0,80.0,,,,,,,,,,,64.40346368476521,"[{""adm2_code"":40342,""adm2_name"":""Lower Dir District""},{""adm2_code"":40352,""adm2_name"":""Upper Dir District""},{""adm2_code"":40414,""adm2_name"":""Administrative unit not available""}]",,2007-03-22,2025-06-25,2007-03-21,2007-03-21,2007-03-21
2007-0128-PAK,No,nat-hyd-mmw-ava,Natural,Hydrological,Mass movement (wet),Avalanche (wet),GLIDE:AV-2007-000043,,PAK,Pakistan,Southern Asia,Asia,Chitral District district (North-West Frontier province),Heavy snow fall,,No,No,No,,,,,,,2007,3.0,30.0,2007,4.0,2.0,43.0,3.0,,,3.0,,,,,,,64.40346368476521,"[{""adm2_code"":40334,""adm2_name"":""Chitral District""}]","[{""gid_2"":""PAK.5.6_1"",""migration_date"":""2025-12-20"",""migration_method"":""bufhaus2"",""name_2"":""Malakand""}]",2008-03-12,2025-12-20,2007-03-30,2007-04-02,2007-03-30
2007-0007-PAK,No,nat-hyd-mmw-lan,Natural,Hydrological,Mass movement (wet),Landslide (wet),,,PAK,Pakistan,Southern Asia,Asia,Administrative unit not available district (Jammu and Kashmir province),,,No,No,No,,,,,,,2007,1.0,5.0,2007,1.0,5.0,20.0,,2.0,,2.0,,,,,,,64.40346368476521,"[{""adm2_code"":40412,""adm2_name"":""Administrative unit not available""}]",,2007-01-08,2023-09-25,2007-01-05,2007-01-05,2007-01-05
2007-0617-TJK,No,nat-hyd-mmw-ava,Natural,Hydrological,Mass movement (wet),Avalanche (wet),,,TJK,Tajikistan,Central Asia,Asia,"Douchanbe area (Leninskiy district, Tadzhikistan Territories province)",,,No,No,No,,,,,,,2007,12.0,22.0,2007,12.0,22.0,16.0,,,,,,,,,,,64.40346368476521,"[{""adm2_code"":37623,""adm2_name"":""Leninskiy""}]",,2008-01-01,2023-09-25,2007-12-22,2007-12-22,2007-12-22
2008-0568-BGD,No,nat-hyd-mmw-lan,Natural,Hydrological,Mass movement (wet),Landslide (wet),GLIDE:FL-2008-000136,,BGD,Bangladesh,Southern Asia,Asia,"Chittagong city (Chittagong district, Chittagong province)",Hevay tropical rains,,No,No,No,,,,,,,2008,8.0,16.0,2008,8.0,16.0,13.0,50.0,,,50.0,,,,,,,66.87597417890872,"[{""adm2_code"":5770,""adm2_name"":""Chittagong""}]","[{""gid_2"":""BGD.2.4_1"",""migration_date"":""2025-12-20"",""migration_method"":""jaccard2"",""name_2"":""Chittagong""}]",2008-12-16,2025-12-20,2008-08-16,2008-08-16,2008-08-16
2008-0140-CHN,No,nat-hyd-mmw-ava,Natural,Hydrological,Mass movement (wet),Avalanche (wet),,,CHN,China,Eastern Asia,Asia,"Huocheng area (Ili Kazakh district, Xinjiang Uygur Zizhiqu province)",,,No,No,No,,,,,,,2008,3.0,14.0,2008,3.0,14.0,12.0,,,,,,,,,,,66.87597417890872,"[{""adm2_code"":13292,""adm2_name"":""Ili Kazakh""}]","[{""gid_2"":""CHN.28.7_1"",""migration_date"":""2025-12-20"",""migration_method"":""jaccard2"",""name_2"":""Ili Kazakh""}]",2008-07-04,2025-12-20,2008-03-14,2008-03-14,2008-03-14
2008-0398-CHN,No,nat-hyd-mmw-lan,Natural,Hydrological,Mass movement (wet),Landslide (wet),,,CHN,China,Eastern Asia,Asia,"Taoshi village (Xiangfen area, Linfen district, Shanxi Sheng province)",Heavy rains,,No,No,No,,,,,,,2008,9.0,8.0,2008,9.0,8.0,277.0,35.0,,,35.0,,,,,,,66.87597417890872,"[{""adm2_code"":13253,""adm2_name"":""Linfen""}]","[{""gid_2"":""CHN.25.5_1"",""migration_date"":""2025-12-20"",""migration_method"":""jaccard2"",""name_2"":""Linfen""}]",2008-09-15,2025-12-20,2008-09-08,2008-09-08,2008-09-08
2008-0596-CHN,No,nat-hyd-mmw-lan,Natural,Hydrological,Mass movement (wet),Landslide (wet),,,CHN,China,Eastern Asia,Asia,"Long En village (Liangshan Yi district, Sichuan Sheng province)",Torrential rains,,No,No,No,,,,,,,2008,7.0,8.0,2008,7.0,8.0,15.0,,,,,,,,,,,66.87597417890872,"[{""adm2_code"":13272,""adm2_name"":""Liangshan Yi""}]","[{""gid_2"":""CHN.26.9_1"",""migration_date"":""2025-12-20"",""migration_method"":""jaccard2"",""name_2"":""Liangshan Yi""}]",2009-01-05,2025-12-20,2008-07-08,2008-07-08,2008-07-08
2008-0241-CHN,No,nat-hyd-mmw-lan,Natural,Hydrological,Mass movement (wet),Landslide (wet),GLIDE:CW-2008-000013,,CHN,China,Eastern Asia,Asia,Luliang district (Shanxi Sheng province),,,No,No,No,,,,,,,2008,6.0,13.0,2008,6.0,13.0,19.0,,,,,,,,,,,66.87597417890872,"[{""adm2_code"":13251,""adm2_name"":""Luliang""}]","[{""gid_2"":""CHN.25.6_1"",""migration_date"":""2025-12-20"",""migration_method"":""jaccard2"",""name_2"":""Luliang""}]",2008-07-31,2025-12-20,2008-06-13,2008-06-13,2008-06-13
2008-0218-COL,No,nat-hyd-mmw-lan,Natural,Hydrological,Mass movement (wet),Landslide (wet),,,COL,Colombia,Latin America and the Caribbean,Americas,Medellin district (Antioquia province),Heavy rains,,No,No,No,,,,,,,2008,5.0,31.0,2008,5.0,31.0,27.0,16.0,,,16.0,,,,,,,66.87597417890872,"[{""adm2_code"":13408,""adm2_name"":""Medellin""}]",,2008-06-10,2023-09-25,2008-05-31,2008-05-31,2008-05-31
2008-0538-COL,No,nat-geo-mmd-lan,Natural,Geophysical,Mass movement (dry),Landslide (dry),,,COL,Colombia,Latin America and the Caribbean,Americas,Medellin district (Antioquia province),,,No,No,No,,,,,,,2008,11.0,16.0,2008,11.0,16.0,12.0,,,,,,,,,,,66.87597417890872,"[{""adm2_code"":13408,""adm2_name"":""Medellin""}]",,2008-11-19,2023-09-25,2008-11-16,2008-11-16,2008-11-16
2008-0394-EGY,No,nat-geo-mmd-roc,Natural,Geophysical,Mass movement (dry),Rockfall (dry),GLIDE:LS-2008-000153,,EGY,Egypt,Northern Africa,Africa,Minshat Nasir district (Cairo province),,,No,No,No,,,,,,,2008,9.0,6.0,2008,9.0,6.0,98.0,72.0,,625.0,697.0,,,,,,,66.87597417890872,"[{""adm2_code"":61630,""adm2_name"":""Minshat Nasir""}]","[{""gid_2"":""EGY.11.30_1"",""migration_date"":""2025-12-20"",""migration_method"":""jaccard2"",""name_2"":""Monshat Nasr""}]",2008-11-02,2025-12-20,2008-09-06,2008-09-06,2008-09-06
2008-0247-GTM,No,nat-hyd-mmw-lan,Natural,Hydrological,Mass movement (wet),Landslide (wet),GLIDE:LS-2008-000110,,GTM,Guatemala,Latin America and the Caribbean,Americas,"Guatemala city (Guatemala district, Guatemala province)",Heavy rain,,No,No,No,,,,,,,2008,6.0,20.0,2008,6.0,20.0,27.0,,,,,,,,,,,66.87597417890872,"[{""adm2_code"":64843,""adm2_name"":""Guatemala""}]","[{""gid_2"":""GTM.7.17_1"",""migration_date"":""2025-12-20"",""migration_method"":""puzzle2_2"",""name_2"":""ZONA 1""},{""gid_2"":""GTM.7.18_1"",""migration_date"":""2025-12-20"",""migration_method"":""puzzle2_2"",""name_2"":""ZONA 10""},{""gid_2"":""GTM.7.19_1"",""migration_date"":""2025-12-20"",""migration_method"":""puzzle2_2"",""name_2"":""ZONA 11""},{""gid_2"":""GTM.7.20_1"",""migration_date"":""2025-12-20"",""migration_method"":""puzzle2_2"",""name_2"":""ZONA 12""},{""gid_2"":""GTM.7.21_1"",""migration_date"":""2025-12-20"",""migration_method"":""puzzle2_2"",""name_2"":""ZONA 13""},{""gid_2"":""GTM.7.22_1"",""migration_date"":""2025-12-20"",""migration_method"":""puzzle2_2"",""name_2"":""ZONA 14""},{""gid_2"":""GTM.7.23_1"",""migration_date"":""2025-12-20"",""migration_method"":""puzzle2_2"",""name_2"":""ZONA 15""},{""gid_2"":""GTM.7.24_1"",""migration_date"":""2025-12-20"",""migration_method"":""puzzle2_2"",""name_2"":""ZONA 16""},{""gid_2"":""GTM.7.25_1"",""migration_date"":""2025-12-20"",""migration_method"":""puzzle2_2"",""name_2"":""ZONA 17""},{""gid_2"":""GTM.7.26_1"",""migration_date"":""2025-12-20"",""migration_method"":""puzzle2_2"",""name_2"":""ZONA 18""},{""gid_2"":""GTM.7.29_1"",""migration_date"":""2025-12-20"",""migration_method"":""puzzle2_2"",""name_2"":""ZONA 22""},{""gid_2"":""GTM.7.30_1"",""migration_date"":""2025-12-20"",""migration_method"":""puzzle2_2"",""name_2"":""ZONA 24""},{""gid_2"":""GTM.7.31_1"",""migration_date"":""2025-12-20"",""migration_method"":""puzzle2_2"",""name_2"":""ZONA 25""},{""gid_2"":""GTM.7.32_1"",""migration_date"":""2025-12-20"",""migration_method"":""puzzle2_2"",""name_2"":""ZONA 3""},{""gid_2"":""GTM.7.33_1"",""migration_date"":""2025-12-20"",""migration_method"":""puzzle2_2"",""name_2"":""ZONA 4""},{""gid_2"":""GTM.7.34_1"",""migration_date"":""2025-12-20"",""migration_method"":""puzzle2_2"",""name_2"":""ZONA 5""},{""gid_2"":""GTM.7.35_1"",""migration_date"":""2025-12-20"",""migration_method"":""puzzle2_2"",""name_2"":""ZONA 6""},{""gid_2"":""GTM.7.36_1"",""migration_date"":""2025-12-20"",""migration_method"":""puzzle2_2"",""name_2"":""ZONA 7""},{""gid_2"":""GTM.7.37_1"",""migration_date"":""2025-12-20"",""migration_method"":""puzzle2_2"",""name_2"":""ZONA 8""},{""gid_2"":""GTM.7.38_1"",""migration_date"":""2025-12-20"",""migration_method"":""puzzle2_2"",""name_2"":""ZONA 9""}]",2009-01-12,2025-12-20,2008-06-20,2008-06-20,2008-06-20
2008-0062-IND,No,nat-hyd-mmw-lan,Natural,Hydrological,Mass movement (wet),Landslide (wet),GLIDE:LS-2008-000007,,IND,India,Southern Asia,Asia,Administrative unit not available districts (Jammu and Kashmir province),Heavy snow fall,,No,No,No,,,,,,,2008,2.0,8.0,2008,2.0,8.0,37.0,,,,,,,,,,,66.87597417890872,"[{""adm2_code"":72802,""adm2_name"":""Administrative unit not available""},{""adm2_code"":72789,""adm2_name"":""Administrative unit not available""}]",,2008-07-31,2023-09-25,2008-02-08,2008-02-08,2008-02-08
2008-0189-IDN,No,nat-hyd-mmw-lan,Natural,Hydrological,Mass movement (wet),Landslide (wet),GLIDE:LS-2008-000257,,IDN,Indonesia,South-eastern Asia,Asia,"Puncakjaya, Mimika districts (Papua province)",,,No,No,No,,,,-4.4831667,137.69,,2008,5.0,5.0,2008,5.0,5.0,21.0,,,,,,,,,,,66.87597417890872,"[{""adm2_code"":73797,""adm2_name"":""Mimika""},{""adm2_code"":73832,""adm2_name"":""Puncakjaya""}]",,2008-07-04,2025-06-25,2008-05-05,2008-05-05,2008-05-05
2008-0513-KEN,No,nat-hyd-mmw-lan,Natural,Hydrological,Mass movement (wet),Landslide (wet),,,KEN,Kenya,Sub-Saharan Africa,Africa,"Chepkogoh village (West Pokot district, Rift Valley province)",Heavy rains,,No,No,No,,,,,,,2008,11.0,8.0,2008,11.0,8.0,10.0,20.0,,,20.0,,,,,,,66.87597417890872,"[{""adm2_code"":51394,""adm2_name"":""West Pokot""}]","[{""gid_2"":""KEN.47.1_1"",""migration_date"":""2025-12-20"",""migration_method"":""puzzle2_2"",""name_2"":""Kacheliba""},{""gid_2"":""KEN.47.2_1"",""migration_date"":""2025-12-20"",""migration_method"":""puzzle2_2"",""name_2"":""Kapenguria""},{""gid_2"":""KEN.47.3_1"",""migration_date"":""2025-12-20"",""migration_method"":""puzzle2_2"",""name_2"":""Pokot South""},{""gid_2"":""KEN.47.4_1"",""migration_date"":""2025-12-20"",""migration_method"":""puzzle2_2"",""name_2"":""Sigor""},{""gid_2"":""KEN.47.5_1"",""migration_date"":""2025-12-20"",""migration_method"":""puzzle2_2"",""name_2"":""unknown 3""}]",2008-11-13,2025-12-20,2008-11-08,2008-11-08,2008-11-08
2008-0433-MEX,No,nat-hyd-mmw-lan,Natural,Hydrological,Mass movement (wet),Landslide (wet),,,MEX,Mexico,Latin America and the Caribbean,Americas,"Huautla de Jimenez municipality (Teotitlan district, Oaxaca state)",,,No,No,No,,,,,,,2008,9.0,17.0,2008,9.0,18.0,22.0,,,,,,,,,,,66.87597417890872,"[{""adm2_code"":20569,""adm2_name"":""Dist. Teotitlan""}]",,2008-09-24,2023-09-25,2008-09-17,2008-09-18,2008-09-17
2008-0625-PNG,No,nat-geo-mmd-lan,Natural,Geophysical,Mass movement (dry),Landslide (dry),,,PNG,Papua New Guinea,Melanesia,Oceania,"Kainantu gold mine site (Kainantu district, Eastern Highlands province)",,Industrial accidents,No,No,No,,,,,,,2008,1.0,6.0,2008,1.0,6.0,10.0,,,,,,,,,,,66.87597417890872,"[{""adm2_code"":37491,""adm2_name"":""Kainantu""}]",,2014-07-11,2023-09-25,2008-01-06,2008-01-06,2008-01-06
2008-0393-PHL,No,nat-hyd-mmw-lan,Natural,Hydrological,Mass movement (wet),Landslide (wet),GLIDE:LS-2008-000152,,PHL,Philippines,South-eastern Asia,Asia,"Maco city (Compostela district, Region XI (Davao Region) province)",Heavy rains,,No,No,Yes,,,,,,,2008,9.0,6.0,2008,9.0,8.0,24.0,28.0,5000.0,,5028.0,,,,,,,66.87597417890872,"[{""adm2_code"":24266,""adm2_name"":""Compostela""}]","[{""gid_2"":""PHL.26.10_1"",""migration_date"":""2025-12-20"",""migration_method"":""puzzle2_2"",""name_2"":""New Bataan""},{""gid_2"":""PHL.26.11_1"",""migration_date"":""2025-12-20"",""migration_method"":""puzzle2_2"",""name_2"":""Pantukan""},{""gid_2"":""PHL.26.1_1"",""migration_date"":""2025-12-20"",""migration_method"":""puzzle2_2"",""name_2"":""Compostela""},{""gid_2"":""PHL.26.3_1"",""migration_date"":""2025-12-20"",""migration_method"":""puzzle2_2"",""name_2"":""Mabini""},{""gid_2"":""PHL.26.4_1"",""migration_date"":""2025-12-20"",""migration_method"":""puzzle2_2"",""name_2"":""Maco""},{""gid_2"":""PHL.26.5_1"",""migration_date"":""2025-12-20"",""migration_method"":""puzzle2_2"",""name_2"":""Maragusan""},{""gid_2"":""PHL.26.6_1"",""migration_date"":""2025-12-20"",""migration_method"":""puzzle2_2"",""name_2"":""Mawab""},{""gid_2"":""PHL.26.7_1"",""migration_date"":""2025-12-20"",""migration_method"":""puzzle2_2"",""name_2"":""Monkayo""},{""gid_2"":""PHL.26.8_1"",""migration_date"":""2025-12-20"",""migration_method"":""puzzle2_2"",""name_2"":""Montevista""},{""gid_2"":""PHL.26.9_1"",""migration_date"":""2025-12-20"",""migration_method"":""puzzle2_2"",""name_2"":""Nabunturan""}]",2009-01-13,2025-12-20,2008-09-06,2008-09-08,2008-09-06
2009-0033-AFG,No,nat-hyd-mmw-ava,Natural,Hydrological,Mass movement (wet),Avalanche (wet),GLIDE:AV-2009-000017,,AFG,Afghanistan,Southern Asia,Asia,"Salang mountain pass (Hindu Kush mountains, Salang district, Parwan province)",,,No,No,No,,,,,,,2009,1.0,18.0,2009,1.0,18.0,10.0,11.0,21.0,,32.0,,,,,,,66.63820107166443,"[{""adm2_code"":3720,""adm2_name"":""Salang""}]",,2009-02-04,2025-06-25,2009-01-18,2009-01-18,2009-01-18
2009-0041-ARG,No,nat-hyd-mmw-lan,Natural,Hydrological,Mass movement (wet),Landslide (wet),GLIDE:MS-2009-000041,,ARG,Argentina,Latin America and the Caribbean,Americas,"Tartagal town (Genaral Jose de San Martin district, Salta Province)",Brief torrential rain,,No,No,No,,,,-24.15,-64.29,,2009,2.0,9.0,2009,2.0,10.0,4.0,,20000.0,,20000.0,,,,,15000.0,22510.0,66.63820107166443,"[{""adm2_code"":4773,""adm2_name"":""General Jose de San Martin""}]","[{""gid_2"":""ARG.17.8_1"",""migration_date"":""2025-12-20"",""migration_method"":""jaccard2"",""name_2"":""General José de San Martín""}]",2009-11-06,2025-12-20,2009-02-09,2009-02-10,2009-02-09
2009-0600-BRA,No,nat-hyd-mmw-mud,Natural,Hydrological,Mass movement (wet),Mudslide,,,BRA,Brazil,Latin America and the Caribbean,Americas,"Iiha Grande Island (Angra dos Reis district, Rio de Janeiro province), Juiz de Fora district (Minas Gerais province)",Heavy rains,Flood|Rain,No,No,No,,,,-22.98,-44.07,,2009,12.0,31.0,2010,1.0,28.0,74.0,,1000.0,,1000.0,,,,,145000.0,217593.0,66.63820107166443,"[{""adm2_code"":8289,""adm2_name"":""Juiz De Fora""},{""adm2_code"":9895,""adm2_name"":""Angra Dos Reis""}]","[{""gid_2"":""BRA.13.419_2"",""migration_date"":""2025-12-20"",""migration_method"":""jaccard2"",""name_2"":""Juiz de Fora""},{""gid_2"":""BRA.19.1_2"",""migration_date"":""2025-12-20"",""migration_method"":""jaccard2"",""name_2"":""Angra dos Reis""}]",2011-03-15,2025-12-20,2009-12-31,2010-01-28,2009-12-31
2009-0218-CHN,No,nat-hyd-mmw-lan,Natural,Hydrological,Mass movement (wet),Landslide (wet),,,CHN,China,Eastern Asia,Asia,Wulong Xian area (Chongqing Shi province),,,No,No,No,,,,,,,2009,6.0,5.0,2009,6.0,5.0,72.0,,,,,,,,,,,66.63820107166443,"[{""adm2_code"":13003,""adm2_name"":""Name Unknown""}]","[{""gid_2"":""CHN.3.1_1"",""migration_date"":""2025-12-20"",""migration_method"":""jaccard2"",""name_2"":""Chongqing""}]",2009-06-08,2025-12-20,2009-06-05,2009-06-05,2009-06-05
2009-0313-CHN,No,nat-hyd-mmw-lan,Natural,Hydrological,Mass movement (wet),Landslide (wet),,,CHN,China,Eastern Asia,Asia,"Hanyuan Xian area (Ya'an district, Sichuan Sheng province)",Heavy rain,,No,No,No,,,,,,,2009,8.0,6.0,2009,8.0,6.0,31.0,18.0,,,18.0,,,,,,,66.63820107166443,"[{""adm2_code"":13269,""adm2_name"":""Ya'an""}]","[{""gid_2"":""CHN.26.19_1"",""migration_date"":""2025-12-20"",""migration_method"":""jaccard2"",""name_2"":""Ya'an""}]",2009-08-13,2025-12-20,2009-08-06,2009-08-06,2009-08-06
2009-0284-CHN,No,nat-hyd-mmw-lan,Natural,Hydrological,Mass movement (wet),Landslide (wet),,,CHN,China,Eastern Asia,Asia,"Kangding area (Garze Tibetan, Sichuan Sheng province), Beichuan area (Mianyang district, Sichuan Sheng province), Wenchuan area (Ngawa Tibetan and Quiang, Sichuan Sheng province), Qingchuan area (Guangyuan, Sichuan Sheng province)",Heavy rains,,No,No,No,,,,,,,2009,7.0,14.0,2009,7.0,23.0,54.0,4.0,,10000.0,10004.0,,,,,139000.0,208589.0,66.63820107166443,"[{""adm2_code"":13260,""adm2_name"":""Mianyang""},{""adm2_code"":13261,""adm2_name"":""Guangyuan""},{""adm2_code"":13270,""adm2_name"":""Ngawa Tibetan and Qiang""},{""adm2_code"":13271,""adm2_name"":""Garzê Tibetan""}]","[{""gid_2"":""CHN.26.12_1"",""migration_date"":""2025-12-20"",""migration_method"":""jaccard2"",""name_2"":""Mianyang""},{""gid_2"":""CHN.26.16_1"",""migration_date"":""2025-12-20"",""migration_method"":""jaccard2"",""name_2"":""Ngawa Tibetan and Qiang""},{""gid_2"":""CHN.26.5_1"",""migration_date"":""2025-12-20"",""migration_method"":""jaccard2"",""name_2"":""Garzê Tibetan""},{""gid_2"":""CHN.26.7_1"",""migration_date"":""2025-12-20"",""migration_method"":""jaccard2"",""name_2"":""Guangyuan""}]",2010-03-05,2025-12-20,2009-07-14,2009-07-23,2009-07-14
2009-0500-CHN,No,nat-hyd-mmw-lan,Natural,Hydrological,Mass movement (wet),Landslide (wet),,,CHN,China,Eastern Asia,Asia,"Zhongyang Xiang area (Luliang district, Shanxi Sheng province)",,,No,No,No,,,,,,,2009,11.0,17.0,2009,11.0,17.0,23.0,,,,,,,,,,,66.63820107166443,"[{""adm2_code"":13251,""adm2_name"":""Luliang""}]","[{""gid_2"":""CHN.25.6_1"",""migration_date"":""2025-12-20"",""migration_method"":""jaccard2"",""name_2"":""Luliang""}]",2009-12-03,2025-12-20,2009-11-17,2009-11-17,2009-11-17
2009-0285-CHN,No,nat-hyd-mmw-lan,Natural,Hydrological,Mass movement (wet),Landslide (wet),,,CHN,China,Eastern Asia,Asia,Jixi district (Heilongjiang Sheng province),Heavy rains,,No,No,No,,,,,,,2009,7.0,22.0,2009,7.0,22.0,23.0,,,,,,,,,,,66.63820107166443,"[{""adm2_code"":13088,""adm2_name"":""Jixi""}]","[{""gid_2"":""CHN.11.7_1"",""migration_date"":""2025-12-20"",""migration_method"":""jaccard2"",""name_2"":""Jixi""}]",2009-07-28,2025-12-20,2009-07-22,2009-07-22,2009-07-22
2009-0637-COL,No,nat-hyd-mmw-lan,Natural,Hydrological,Mass movement (wet),Landslide (wet),,,COL,Colombia,Latin America and the Caribbean,Americas,Novita district (Choco province),Heavy rains,,No,No,No,,,,,,,2009,7.0,23.0,2009,7.0,23.0,30.0,7.0,,,7.0,,,,,,,66.63820107166443,"[{""adm2_code"":13800,""adm2_name"":""Novita""}]",,2010-03-05,2023-09-25,2009-07-23,2009-07-23,2009-07-23
2009-0096-COL,No,nat-hyd-mmw-lan,Natural,Hydrological,Mass movement (wet),Landslide (wet),,,COL,Colombia,Latin America and the Caribbean,Americas,"Altos de Cazuca (Soacha district, Cundinamarca province)",,,No,No,No,,,,,,,2009,2.0,7.0,2009,2.0,7.0,,,,593.0,593.0,,,,,,,66.63820107166443,"[{""adm2_code"":13920,""adm2_name"":""Soacha""}]",,2009-03-16,2023-09-25,2009-02-07,2009-02-07,2009-02-07
2009-0223-CIV,No,nat-hyd-mmw-lan,Natural,Hydrological,Mass movement (wet),Landslide (wet),GLIDE:MS-2009-000115,,CIV,Côte d’Ivoire,Sub-Saharan Africa,Africa,"Attecoube, Yopugon boroughs (Abidjan district, District autonome de Abidjan province)",Heavy rains,,No,No,No,,,,,,,2009,6.0,11.0,2009,6.0,12.0,27.0,6.0,,10000.0,10006.0,,,,,,,66.63820107166443,"[{""adm2_code"":14911,""adm2_name"":""Abidjan""}]","[{""gid_2"":""CIV.1.1_1"",""migration_date"":""2025-12-20"",""migration_method"":""jaccard2"",""name_2"":""Abidjan""}]",2010-02-01,2025-12-20,2009-06-11,2009-06-12,2009-06-11
2009-0003-GTM,No,nat-geo-mmd-lan,Natural,Geophysical,Mass movement (dry),Landslide (dry),GLIDE:LS-2009-000004,,GTM,Guatemala,Latin America and the Caribbean,Americas,"Aquil Grande, Aquil Pequeno, Independencia, Zacaton (San Cristobal Verapaz district, Alta Verapraz province)",,,No,No,No,,,,,,,2009,1.0,4.0,2009,1.0,4.0,36.0,,2037.0,991.0,3028.0,,,,,,,66.63820107166443,"[{""adm2_code"":65098,""adm2_name"":""San Cristóbal Verapaz""}]","[{""gid_2"":""GTM.1.7_1"",""migration_date"":""2025-12-20"",""migration_method"":""jaccard2"",""name_2"":""San Cristóbal Verapaz""}]",2014-07-11,2025-12-20,2009-01-04,2009-01-04,2009-01-04
2009-0315-IND,No,nat-hyd-mmw-lan,Natural,Hydrological,Mass movement (wet),Landslide (wet),,,IND,India,Southern Asia,Asia,Pithoragarh district (Uttarakhand province),Torrential rain,,No,No,No,,,,,,,2009,8.0,8.0,2009,8.0,8.0,45.0,,,,,,,,,,,66.63820107166443,"[{""adm2_code"":17932,""adm2_name"":""Pithoragarh""}]","[{""gid_2"":""IND.35.9_1"",""migration_date"":""2025-12-20"",""migration_method"":""jaccard2"",""name_2"":""Pithoragarh""}]",2010-03-05,2025-12-20,2009-08-08,2009-08-08,2009-08-08
2009-0383-IND,No,nat-hyd-mmw-lan,Natural,Hydrological,Mass movement (wet),Landslide (wet),,,IND,India,Southern Asia,Asia,"Lal, Bahadur, Shastri, Nagar slums (Mumbai Suburban district, Maharashtra province)",,,No,No,No,,,,,,,2009,9.0,3.0,2009,9.0,3.0,10.0,,,,,,,,,,,66.63820107166443,"[{""adm2_code"":70183,""adm2_name"":""Mumbai Suburban""}]","[{""gid_2"":""IND.20.18_1"",""migration_date"":""2025-12-20"",""migration_method"":""jaccard2"",""name_2"":""Mumbai Suburban""}]",2009-10-01,2025-12-20,2009-09-03,2009-09-03,2009-09-03
2009-0049-IDN,No,nat-hyd-mmw-lan,Natural,Hydrological,Mass movement (wet),Landslide (wet),,,IDN,Indonesia,South-eastern Asia,Asia,"Buwun Mas village (Central Sekotong sub-district, Lombok Barat, Nusatenggara Barat province)",Heavy rains,,No,No,No,,,,,,,2009,1.0,18.0,2009,1.0,18.0,15.0,,5.0,,5.0,,,,,,,66.63820107166443,"[{""adm2_code"":18145,""adm2_name"":""Lombok Barat""}]","[{""gid_2"":""IDN.20.4_1"",""migration_date"":""2025-12-20"",""migration_method"":""puzzle2_2"",""name_2"":""Lombok Barat""},{""gid_2"":""IDN.20.7_1"",""migration_date"":""2025-12-20"",""migration_method"":""puzzle2_2"",""name_2"":""Lombok Utara""}]",2009-02-25,2025-12-20,2009-01-18,2009-01-18,2009-01-18
2009-0480-IDN,No,nat-hyd-mmw-lan,Natural,Hydrological,Mass movement (wet),Landslide (wet),GLIDE:LS-2009-000236,,IDN,Indonesia,South-eastern Asia,Asia,Kota Palopo district (Sulawesi Selatan province),Heavy rains,,No,No,No,,,,,,,2009,11.0,8.0,2009,11.0,8.0,14.0,,,,,,,,,,,66.63820107166443,"[{""adm2_code"":73740,""adm2_name"":""Kota Palopo""}]","[{""gid_2"":""IDN.26.14_1"",""migration_date"":""2025-12-20"",""migration_method"":""jaccard2"",""name_2"":""Palopo""}]",2009-11-16,2025-12-20,2009-11-08,2009-11-08,2009-11-08
2009-0275-JPN,No,nat-hyd-mmw-lan,Natural,Hydrological,Mass movement (wet),Landslide (wet),,,JPN,Japan,Eastern Asia,Asia,"Yamaguti, Tottori provinces",,,No,No,No,,,,,,,2009,7.0,20.0,2009,7.0,20.0,16.0,,400.0,,400.0,,,,,,,66.63820107166443,"[{""adm1_code"":1691,""adm1_name"":""Tottori""},{""adm1_code"":1696,""adm1_name"":""Yamaguti""}]","[{""gid_1"":""JPN.42_1"",""migration_date"":""2025-12-20"",""migration_method"":""jaccard1"",""name_1"":""Tottori""},{""gid_1"":""JPN.46_1"",""migration_date"":""2025-12-20"",""migration_method"":""jaccard1"",""name_1"":""Yamaguchi""}]",2009-07-28,2025-12-20,2009-07-20,2009-07-20,2009-07-20
2009-0276-JPN,No,nat-hyd-mmw-lan,Natural,Hydrological,Mass movement (wet),Landslide (wet),,,JPN,Japan,Eastern Asia,Asia,Hukuoka province,Heavy rains,,No,No,No,,,,,,,2009,7.0,26.0,2009,7.0,27.0,28.0,,,,,,,,,,,66.63820107166443,"[{""adm1_code"":1656,""adm1_name"":""Hukuoka""}]","[{""gid_1"":""JPN.7_1"",""migration_date"":""2025-12-20"",""migration_method"":""jaccard1"",""name_1"":""Fukuoka""}]",2010-01-13,2025-12-20,2009-07-26,2009-07-27,2009-07-26
2009-0251-MMR,No,nat-hyd-mmw-lan,Natural,Hydrological,Mass movement (wet),Landslide (wet),GLIDE:LS-2009-000131,,MMR,Myanmar,South-eastern Asia,Asia,"Hpakant area (Myitkyina district, Kachin province)",Heavy rains,,No,No,No,,,,,,,2009,7.0,4.0,2009,7.0,4.0,24.0,,1351.0,,1351.0,,,,,,,66.63820107166443,"[{""adm2_code"":41789,""adm2_name"":""Myitkyina""}]","[{""gid_2"":""MMR.4.2_1"",""migration_date"":""2025-12-20"",""migration_method"":""jaccard2"",""name_2"":""Myitkyina""}]",2009-07-22,2025-12-20,2009-07-04,2009-07-04,2009-07-04
2009-0305-NPL,No,nat-hyd-mmw-lan,Natural,Hydrological,Mass movement (wet),Landslide (wet),GLIDE:FL-2009-000145,,NPL,Nepal,Southern Asia,Asia,"Sankhuwasabha area (Koshi district, Eastern province)",Heavy rains,,No,No,No,,,,,,,2009,7.0,28.0,2009,7.0,28.0,10.0,,,,,,,,,,,66.63820107166443,"[{""adm2_code"":22354,""adm2_name"":""Koshi""}]","[{""gid_2"":""NPL.2.1_1"",""migration_date"":""2025-12-20"",""migration_method"":""jaccard2"",""name_2"":""Koshi""}]",2009-08-12,2025-12-20,2009-07-28,2009-07-28,2009-07-28
2009-0211-PNG,No,nat-hyd-mmw-lan,Natural,Hydrological,Mass movement (wet),Landslide (wet),GLIDE:LS-2009-000106,,PNG,Papua New Guinea,Melanesia,Oceania,"Zongefifi village (Sialum area, Finschhafen district, Morobe province)",Heavy rain,,No,No,No,,,,,,,2009,5.0,26.0,2009,5.0,26.0,19.0,,,,,,,,,,,66.63820107166443,"[{""adm2_code"":37520,""adm2_name"":""Finschhafen""}]",,2009-05-29,2025-06-25,2009-05-26,2009-05-26,2009-05-26
2009-0143-PER,No,nat-hyd-mmw-lan,Natural,Hydrological,Mass movement (wet),Landslide (wet),,,PER,Peru,Latin America and the Caribbean,Americas,"Retamas (Pataz district) Aricapampa, Chamanacucho (Sanchez Carrion district) (La Libertad province)",Heavy rains,,No,No,No,,,,,,,2009,4.0,12.0,2009,4.0,16.0,20.0,,1300.0,,1300.0,,,,,,,66.63820107166443,"[{""adm2_code"":24124,""adm2_name"":""Pataz""},{""adm2_code"":24125,""adm2_name"":""Sánchez Carrión""}]","[{""gid_2"":""PER.13.8_1"",""migration_date"":""2025-12-20"",""migration_method"":""jaccard2"",""name_2"":""Pataz""},{""gid_2"":""PER.13.9_1"",""migration_date"":""2025-12-20"",""migration_method"":""jaccard2"",""name_2"":""Sánchez Carrión""}]",2009-11-05,2025-12-20,2009-04-12,2009-04-16,2009-04-12
2009-0569-PER,No,nat-hyd-mmw-lan,Natural,Hydrological,Mass movement (wet),Landslide (wet),,,PER,Peru,Latin America and the Caribbean,Americas,"Ayachuco, Carmen Alto municipality (Huamanga district, Ayacucho province)",Heavy rain,,No,No,Yes,,,,,,,2009,12.0,16.0,2009,12.0,16.0,59.0,25.0,1128.0,,1153.0,,,,,,,66.63820107166443,"[{""adm2_code"":24049,""adm2_name"":""Huamanga""}]","[{""gid_2"":""PER.5.2_1"",""migration_date"":""2025-12-20"",""migration_method"":""jaccard2"",""name_2"":""Huamanga""}]",2009-12-21,2025-12-20,2009-12-16,2009-12-16,2009-12-16
2009-0152-PER,No,nat-hyd-mmw-lan,Natural,Hydrological,Mass movement (wet),Landslide (wet),,,PER,Peru,Latin America and the Caribbean,Americas,"Chamanacucho municipality (Sanchez Carrion district, La Libertad province)",,,No,No,No,,,,,,,2009,5.0,5.0,2009,5.0,5.0,33.0,,12.0,150.0,162.0,,,,,,,66.63820107166443,"[{""adm2_code"":24125,""adm2_name"":""Sánchez Carrión""}]","[{""gid_2"":""PER.13.9_1"",""migration_date"":""2025-12-20"",""migration_method"":""jaccard2"",""name_2"":""Sánchez Carrión""}]",2009-05-05,2025-12-20,2009-05-05,2009-05-05,2009-05-05
2009-0086-PER,No,nat-hyd-mmw-roc,Natural,Hydrological,Mass movement (wet),Rockfall (wet),GLIDE:LS-2009-000054,,PER,Peru,Latin America and the Caribbean,Americas,"Huanchumay village (Carabaya district, Puno province)",Heavy rains,,No,No,No,,,,,,,2009,3.0,2.0,2009,3.0,2.0,33.0,,,,,,,,,,,66.63820107166443,"[{""adm2_code"":24166,""adm2_name"":""Carabaya""}]","[{""gid_2"":""PER.22.2_1"",""migration_date"":""2025-12-20"",""migration_method"":""jaccard2"",""name_2"":""Carabaya""}]",2010-03-05,2025-12-20,2009-03-02,2009-03-02,2009-03-02
2009-0192-PHL,No,nat-hyd-mmw-lan,Natural,Hydrological,Mass movement (wet),Landslide (wet),GLIDE:LS-2009-000097,,PHL,Philippines,South-eastern Asia,Asia,"Magapispis, Sitio Boringot, Brgy Napnapan, Sitio Gumayan, Brgy Kingking villages (Compostela district, Region XI (Davao Region) province)",Heavy rains,,No,No,No,,,,,,,2009,5.0,18.0,2009,5.0,18.0,10.0,16.0,,,16.0,,,,,,,66.63820107166443,"[{""adm2_code"":24266,""adm2_name"":""Compostela""}]","[{""gid_2"":""PHL.26.10_1"",""migration_date"":""2025-12-20"",""migration_method"":""puzzle2_2"",""name_2"":""New Bataan""},{""gid_2"":""PHL.26.11_1"",""migration_date"":""2025-12-20"",""migration_method"":""puzzle2_2"",""name_2"":""Pantukan""},{""gid_2"":""PHL.26.1_1"",""migration_date"":""2025-12-20"",""migration_method"":""puzzle2_2"",""name_2"":""Compostela""},{""gid_2"":""PHL.26.3_1"",""migration_date"":""2025-12-20"",""migration_method"":""puzzle2_2"",""name_2"":""Mabini""},{""gid_2"":""PHL.26.4_1"",""migration_date"":""2025-12-20"",""migration_method"":""puzzle2_2"",""name_2"":""Maco""},{""gid_2"":""PHL.26.5_1"",""migration_date"":""2025-12-20"",""migration_method"":""puzzle2_2"",""name_2"":""Maragusan""},{""gid_2"":""PHL.26.6_1"",""migration_date"":""2025-12-20"",""migration_method"":""puzzle2_2"",""name_2"":""Mawab""},{""gid_2"":""PHL.26.7_1"",""migration_date"":""2025-12-20"",""migration_method"":""puzzle2_2"",""name_2"":""Monkayo""},{""gid_2"":""PHL.26.8_1"",""migration_date"":""2025-12-20"",""migration_method"":""puzzle2_2"",""name_2"":""Montevista""},{""gid_2"":""PHL.26.9_1"",""migration_date"":""2025-12-20"",""migration_method"":""puzzle2_2"",""name_2"":""Nabunturan""}]",2009-05-22,2025-12-20,2009-05-18,2009-05-18,2009-05-18
2009-0054-TUR,No,nat-hyd-mmw-ava,Natural,Hydrological,Mass movement (wet),Avalanche (wet),,,TUR,Türkiye,Western Asia,Asia,"Zigana area (Torul district, Gumushane province)",High temperatures,,No,No,No,,,,,,,2009,1.0,25.0,2009,1.0,25.0,11.0,,6.0,,6.0,,,,,,,66.63820107166443,"[{""adm2_code"":27842,""adm2_name"":""Torul""}]",,2009-03-09,2023-09-25,2009-01-25,2009-01-25,2009-01-25
2009-0476-VNM,No,nat-hyd-mmw-lan,Natural,Hydrological,Mass movement (wet),Landslide (wet),,,VNM,Viet Nam,South-eastern Asia,Asia,Bac Tra My district (Quang Nam province),Heavy rains,,No,No,No,,,,,,,2009,11.0,6.0,2009,11.0,6.0,13.0,1.0,,,1.0,,,,,,,66.63820107166443,"[{""adm2_code"":74178,""adm2_name"":""Bac Tra My""}]","[{""gid_2"":""VNM.47.1_1"",""migration_date"":""2025-12-20"",""migration_method"":""jaccard2"",""name_2"":""Bắc Trà My""}]",2009-12-08,2025-12-20,2009-11-06,2009-11-06,2009-11-06
2009-0346-YEM,No,nat-hyd-mmw-lan,Natural,Hydrological,Mass movement (wet),Landslide (wet),,,YEM,Yemen,Western Asia,Asia,"Modawar village (Al Mahwait district, Al Mahwit province)",Heavy rains,,No,No,No,,,,,,,2009,8.0,27.0,2009,8.0,27.0,11.0,,,,,,,,,,,66.63820107166443,"[{""adm2_code"":145036,""adm2_name"":""Al Mahwait""}]","[{""gid_2"":""YEM.8.2_1"",""migration_date"":""2025-12-20"",""migration_method"":""jaccard2"",""name_2"":""Al Mahwait""}]",2009-09-10,2025-12-20,2009-08-27,2009-08-27,2009-08-27
2010-0129-AFG,No,nat-hyd-mmw-ava,Natural,Hydrological,Mass movement (wet),Avalanche (wet),,,AFG,Afghanistan,Southern Asia,Asia,Arghanjkhwa district (Badakhshan province),,,No,No,No,,,,,,,2010,3.0,2.0,2010,3.0,2.0,35.0,,,,,,,,,,,67.73109452917775,"[{""adm2_code"":100006,""adm2_name"":""Arghanjkhwa""}]",,2011-03-16,2023-09-25,2010-03-02,2010-03-02,2010-03-02
2010-0048-AFG,No,nat-hyd-mmw-ava,Natural,Hydrological,Mass movement (wet),Avalanche (wet),GLIDE:FF-2010-000020,,AFG,Afghanistan,Southern Asia,Asia,"Salang mountain pass (Hindu Kush mountains, Salang district, Parwan province)",,,No,No,No,272.0,,,,,,2010,2.0,6.0,2010,2.0,9.0,169.0,130.0,,,130.0,,,,,,,67.73109452917775,"[{""adm2_code"":3720,""adm2_name"":""Salang""}]",,2011-03-02,2025-03-06,2010-02-06,2010-02-09,2010-02-06
2010-0231-BGD,No,nat-hyd-mmw-lan,Natural,Hydrological,Mass movement (wet),Landslide (wet),GLIDE:FL-2010-000115|GLIDE:FL-2010-001140,,BGD,Bangladesh,Southern Asia,Asia,"Cox's Bazar, Bandarban districts (Chittagong province)",Heavy rain,,No,No,No,,,,,,,2010,6.0,14.0,2010,6.0,15.0,66.0,100.0,55130.0,,55230.0,,,,,,,67.73109452917775,"[{""adm2_code"":5767,""adm2_name"":""Bandarban""},{""adm2_code"":5772,""adm2_name"":""Cox's Bazar""}]","[{""gid_2"":""BGD.2.1_1"",""migration_date"":""2025-12-20"",""migration_method"":""jaccard2"",""name_2"":""Bandarban""},{""gid_2"":""BGD.2.6_1"",""migration_date"":""2025-12-20"",""migration_method"":""jaccard2"",""name_2"":""Cox'S Bazar""}]",2011-01-10,2025-12-20,2010-06-14,2010-06-15,2010-06-14
2010-0377-CHN,No,nat-hyd-mmw-lan,Natural,Hydrological,Mass movement (wet),Landslide (wet),GLIDE:LS-2010-000156,,CHN,China,Eastern Asia,Asia,"Zhouqu Xian area (Gannan Tibetan district, Gansu Sheng province)",Heavy rains,,Yes,No,No,,,,,,,2010,8.0,7.0,2010,8.0,8.0,1765.0,200.0,47000.0,,47200.0,,,3000.0,4429.0,759000.0,1120608.0,67.73109452917775,"[{""adm2_code"":13027,""adm2_name"":""Gannan Tibetan""}]","[{""gid_2"":""CHN.5.3_1"",""migration_date"":""2025-12-20"",""migration_method"":""jaccard2"",""name_2"":""Gannan Tibetan""}]",2014-05-12,2025-12-20,2010-08-07,2010-08-08,2010-08-07
2010-0411-CHN,No,nat-hyd-mmw-lan,Natural,Hydrological,Mass movement (wet),Landslide (wet),,,CHN,China,Eastern Asia,Asia,"Puladixiang village (Gongshan Dulong-Nu Zizhixia area, Nujiang Lisu district, Yunnan Sheng province)",Heavy rains,,No,No,No,,,,,,,2010,8.0,18.0,2010,8.0,18.0,92.0,,,,,,,,,,,67.73109452917775,"[{""adm2_code"":13316,""adm2_name"":""Nujiang Lisu""}]","[{""gid_2"":""CHN.30.10_1"",""migration_date"":""2025-12-20"",""migration_method"":""jaccard2"",""name_2"":""Nujiang Lisu""}]",2010-08-26,2025-12-20,2010-08-18,2010-08-18,2010-08-18
2010-0464-CHN,No,nat-hyd-mmw-lan,Natural,Hydrological,Mass movement (wet),Landslide (wet),,,CHN,China,Eastern Asia,Asia,"Baoshan city (Baoshan district, Yunnan Sheng province)",,,No,No,No,,,,,,,2010,9.0,6.0,2010,9.0,6.0,48.0,,,,,,,,,,,67.73109452917775,"[{""adm2_code"":13313,""adm2_name"":""Baoshan""}]","[{""gid_2"":""CHN.30.1_1"",""migration_date"":""2025-12-20"",""migration_method"":""jaccard2"",""name_2"":""Baoshan""}]",2010-09-06,2025-12-20,2010-09-06,2010-09-06,2010-09-06
2010-0682-CHN,No,nat-hyd-mmw-lan,Natural,Hydrological,Mass movement (wet),Landslide (wet),GLIDE:LS-2010-000052,,CHN,China,Eastern Asia,Asia,"Shuanghuyu village (Zizhou area, Yulin district, Shaanxi Sheng province)",Heavy snow,,No,No,No,,,,,,,2010,3.0,10.0,2010,3.0,10.0,28.0,10.0,,125.0,135.0,,,,,,,67.73109452917775,"[{""adm2_code"":13224,""adm2_name"":""Yulin""}]","[{""gid_2"":""CHN.22.10_1"",""migration_date"":""2025-12-20"",""migration_method"":""jaccard2"",""name_2"":""Yulin""}]",2011-03-17,2025-12-20,2010-03-10,2010-03-10,2010-03-10
2010-0394-CHN,No,nat-hyd-mmw-lan,Natural,Hydrological,Mass movement (wet),Landslide (wet),,,CHN,China,Eastern Asia,Asia,"Wenchuan area (Ngawa Tibetan and Qiang district, Sichuan Sheng province)",,,No,No,No,,,,,,,2010,8.0,14.0,2010,8.0,14.0,32.0,,500.0,,500.0,,,,,,,67.73109452917775,"[{""adm2_code"":13270,""adm2_name"":""Ngawa Tibetan and Qiang""}]","[{""gid_2"":""CHN.26.16_1"",""migration_date"":""2025-12-20"",""migration_method"":""jaccard2"",""name_2"":""Ngawa Tibetan and Qiang""}]",2010-08-16,2025-12-20,2010-08-14,2010-08-14,2010-08-14
2010-0216-CHN,No,nat-hyd-mmw-lan,Natural,Hydrological,Mass movement (wet),Landslide (wet),,,CHN,China,Eastern Asia,Asia,Guangxi Zhuangzu Zizhiqu province,Heavy rains,,No,No,No,,,,,,,2010,5.0,30.0,2010,6.0,3.0,52.0,,2100000.0,,2100000.0,,,,,,,67.73109452917775,"[{""adm1_code"":904,""adm1_name"":""Guangxi Zhuangzu Zizhiqu""}]","[{""gid_1"":""CHN.7_1"",""migration_date"":""2025-12-20"",""migration_method"":""jaccard1"",""name_1"":""Guangxi""}]",2010-06-08,2025-12-20,2010-05-30,2010-06-03,2010-05-30
2010-0262-CHN,No,nat-hyd-mmw-lan,Natural,Hydrological,Mass movement (wet),Landslide (wet),,,CHN,China,Eastern Asia,Asia,"Dazhai village (Guanling Bouyi-Miao Zizhixi area, Anshun district, Guizhou Sheng province)",,,No,No,No,,,,,,,2010,6.0,28.0,2010,6.0,28.0,99.0,,,,,,,,,,,67.73109452917775,"[{""adm2_code"":13069,""adm2_name"":""Anshun""}]","[{""gid_2"":""CHN.8.1_1"",""migration_date"":""2025-12-20"",""migration_method"":""jaccard2"",""name_2"":""Anshun""}]",2010-07-09,2025-12-20,2010-06-28,2010-06-28,2010-06-28
2010-0354-CHN,No,nat-hyd-mmw-lan,Natural,Hydrological,Mass movement (wet),Landslide (wet),,,CHN,China,Eastern Asia,Asia,"Hanyuan Xian area (Ya'an district, Sichuan Sheng province)",Heavy rains,,No,No,No,,,,,,,2010,7.0,27.0,2010,7.0,27.0,21.0,,,,,,,,,,,67.73109452917775,"[{""adm2_code"":13269,""adm2_name"":""Ya'an""}]","[{""gid_2"":""CHN.26.19_1"",""migration_date"":""2025-12-20"",""migration_method"":""jaccard2"",""name_2"":""Ya'an""}]",2010-08-03,2025-12-20,2010-07-27,2010-07-27,2010-07-27
2010-0625-COL,No,nat-hyd-mmw-lan,Natural,Hydrological,Mass movement (wet),Landslide (wet),,,COL,Colombia,Latin America and the Caribbean,Americas,"Bello town (Medellin district, Antioquia province)",Heavy rains,,No,No,No,,,,,,,2010,12.0,5.0,2010,12.0,5.0,145.0,,,,,,,,,,,67.73109452917775,"[{""adm2_code"":13408,""adm2_name"":""Medellin""}]",,2010-12-06,2023-09-25,2010-12-05,2010-12-05,2010-12-05
2010-0502-COL,No,nat-hyd-mmw-lan,Natural,Hydrological,Mass movement (wet),Landslide (wet),GLIDE:LS-2010-000190,,COL,Colombia,Latin America and the Caribbean,Americas,Giraldo district (Antioquia province),,,No,No,No,,,,,,,2010,9.0,27.0,2010,9.0,27.0,30.0,,,,,,,,,,,67.73109452917775,"[{""adm2_code"":13389,""adm2_name"":""Giraldo""}]",,2010-10-01,2025-07-16,2010-09-27,2010-09-27,2010-09-27
2010-0199-COD,No,nat-hyd-mmw-lan,Natural,Hydrological,Mass movement (wet),Landslide (wet),GLIDE:LS-2010-000098,,COD,Democratic Republic of the Congo,Sub-Saharan Africa,Africa,Nord-Kivu province,Heavy rains,,No,No,No,,,,,,,2010,5.0,16.0,2010,5.0,16.0,46.0,7.0,,1160.0,1167.0,,,,,,,67.73109452917775,"[{""adm1_code"":1074,""adm1_name"":""Nord-Kivu""}]","[{""gid_1"":""COD.19_1"",""migration_date"":""2025-12-20"",""migration_method"":""jaccard1"",""name_1"":""Nord-Kivu""}]",2010-07-15,2025-12-20,2010-05-16,2010-05-16,2010-05-16
2010-0459-GTM,No,nat-hyd-mmw-lan,Natural,Hydrological,Mass movement (wet),Landslide (wet),,,GTM,Guatemala,Latin America and the Caribbean,Americas,"Chimaltenango, Quezaltenango, Escuintla, Retalhuleu, Suchitepequez, Solola, Totonicapan provinces","Heavy rains, convergence of two low-pressure systems",,Yes,No,Yes,,,,,,,2010,9.0,4.0,2010,9.0,4.0,53.0,56.0,,50640.0,50696.0,,,,,500000.0,738213.0,67.73109452917775,"[{""adm1_code"":64824,""adm1_name"":""Chimaltenango""},{""adm1_code"":64825,""adm1_name"":""Escuintla""},{""adm1_code"":64828,""adm1_name"":""Totonicapán""},{""adm1_code"":64829,""adm1_name"":""Quetzaltenango""},{""adm1_code"":64830,""adm1_name"":""Suchitepéquez""},{""adm1_code"":64831,""adm1_name"":""Retalhuleu""}]","[{""gid_1"":""GTM.13_1"",""migration_date"":""2025-12-20"",""migration_method"":""jaccard1"",""name_1"":""Quezaltenango""},{""gid_1"":""GTM.15_1"",""migration_date"":""2025-12-20"",""migration_method"":""jaccard1"",""name_1"":""Retalhuleu""},{""gid_1"":""GTM.20_1"",""migration_date"":""2025-12-20"",""migration_method"":""jaccard1"",""name_1"":""Suchitepéquez""},{""gid_1"":""GTM.21_1"",""migration_date"":""2025-12-20"",""migration_method"":""jaccard1"",""name_1"":""Totonicapán""},{""gid_1"":""GTM.3_1"",""migration_date"":""2025-12-20"",""migration_method"":""jaccard1"",""name_1"":""Chimaltenango""},{""gid_1"":""GTM.6_1"",""migration_date"":""2025-12-20"",""migration_method"":""jaccard1"",""name_1"":""Escuintla""}]",2014-07-28,2025-12-20,2010-09-04,2010-09-04,2010-09-04
2010-0052-IND,No,nat-hyd-mmw-ava,Natural,Hydrological,Mass movement (wet),Avalanche (wet),,,IND,India,Southern Asia,Asia,Administrative unit not available district (Jammu and Kashmir province),,,No,No,No,,,,,,,2010,2.0,8.0,2010,2.0,8.0,17.0,,,,,,,,,,,67.73109452917775,"[{""adm2_code"":72789,""adm2_name"":""Administrative unit not available""}]",,2010-02-10,2023-09-25,2010-02-08,2010-02-08,2010-02-08
2010-0533-IDN,No,nat-hyd-mmw-lan,Natural,Hydrological,Mass movement (wet),Landslide (wet),GLIDE:LS-2010-000233,,IDN,Indonesia,South-eastern Asia,Asia,Sulawesi Tengah province,Heavy rains and human work,,No,No,No,,,,,,,2010,10.0,12.0,2010,10.0,12.0,13.0,18.0,,,18.0,,,,,,,67.73109452917775,"[{""adm1_code"":1532,""adm1_name"":""Sulawesi Tengah""}]","[{""gid_1"":""IDN.27_1"",""migration_date"":""2025-12-20"",""migration_method"":""jaccard1"",""name_1"":""Sulawesi Tengah""}]",2010-10-13,2025-12-20,2010-10-12,2010-10-12,2010-10-12
2010-0186-KEN,No,nat-hyd-mmw-lan,Natural,Hydrological,Mass movement (wet),Landslide (wet),,,KEN,Kenya,Sub-Saharan Africa,Africa,"Kitony village (Marakwet district, Rift Valley province)",Torrential rain,,No,No,No,,,,,,,2010,4.0,30.0,2010,4.0,30.0,10.0,,,,,,,,,,,67.73109452917775,"[{""adm2_code"":51385,""adm2_name"":""Marakwet""}]",,2010-05-10,2023-09-25,2010-04-30,2010-04-30,2010-04-30
2010-0272-KGZ,No,nat-hyd-mmw-lan,Natural,Hydrological,Mass movement (wet),Landslide (wet),GLIDE:MS-2010-000109-KGZ,,KGZ,Kyrgyzstan,Central Asia,Asia,"Suzak, Bazar-Korgon districts (Jalal-Abad province), Kara-Kulja, Ozgon, Kara-Suu districts (Osh province)",Heavy rains,,No,No,No,,,,,,,2010,6.0,3.0,2010,6.0,3.0,,,8350.0,,8350.0,,,,,,,67.73109452917775,"[{""adm2_code"":18605,""adm2_name"":""Bazar-Korgon""},{""adm2_code"":18608,""adm2_name"":""Suzak""},{""adm2_code"":18619,""adm2_name"":""Kara-Kulja""},{""adm2_code"":18620,""adm2_name"":""Kara-Suu""},{""adm2_code"":18622,""adm2_name"":""Ozgon""}]","[{""gid_2"":""KGZ.4.3_1"",""migration_date"":""2025-12-20"",""migration_method"":""jaccard2"",""name_2"":""Bazar-Korgon""},{""gid_2"":""KGZ.4.6_1"",""migration_date"":""2025-12-20"",""migration_method"":""jaccard2"",""name_2"":""Suzak""},{""gid_2"":""KGZ.7.4_1"",""migration_date"":""2025-12-20"",""migration_method"":""jaccard2"",""name_2"":""Kara-Kuldja""},{""gid_2"":""KGZ.7.5_1"",""migration_date"":""2025-12-20"",""migration_method"":""jaccard2"",""name_2"":""Kara-Suu""},{""gid_2"":""KGZ.7.7_1"",""migration_date"":""2025-12-20"",""migration_method"":""jaccard2"",""name_2"":""Uzgen""}]",2010-07-13,2025-12-20,2010-06-03,2010-06-03,2010-06-03
2010-0510-MEX,No,nat-hyd-mmw-lan,Natural,Hydrological,Mass movement (wet),Landslide (wet),,,MEX,Mexico,Latin America and the Caribbean,Americas,"Santa Maria Tlahuitoltepec municipality (Mixe district, Oaxaca province) ; Oaxaca, Chiapas provinces",Heavy rains,,No,No,No,,,,,,,2010,9.0,28.0,2010,9.0,29.0,44.0,,,,,,,,,,,67.73109452917775,"[{""adm1_code"":2032,""adm1_name"":""Chiapas""},{""adm1_code"":2047,""adm1_name"":""Oaxaca""}]","[{""gid_1"":""MEX.20_1"",""migration_date"":""2025-12-20"",""migration_method"":""jaccard1"",""name_1"":""Oaxaca""},{""gid_1"":""MEX.5_1"",""migration_date"":""2025-12-20"",""migration_method"":""jaccard1"",""name_1"":""Chiapas""}]",2011-03-15,2025-12-20,2010-09-28,2010-09-29,2010-09-28
2010-0496-MEX,No,nat-hyd-mmw-lan,Natural,Hydrological,Mass movement (wet),Landslide (wet),,,MEX,Mexico,Latin America and the Caribbean,Americas,Villa Guerrero district (Mexico province),Heavy rains,,No,No,No,,,,,,,2010,9.0,21.0,2010,9.0,21.0,27.0,,,,,,,,,,,67.73109452917775,"[{""adm2_code"":20320,""adm2_name"":""Villa Guerrero""}]",,2010-09-22,2023-09-25,2010-09-21,2010-09-21,2010-09-21
2010-0231-MMR,No,nat-hyd-mmw-lan,Natural,Hydrological,Mass movement (wet),Landslide (wet),GLIDE:FL-2010-000115|GLIDE:FL-2010-001140,,MMR,Myanmar,South-eastern Asia,Asia,"Maungdaw, Buthidaung districts (Rakhine province)",,"Slide (land, mud, snow, rock)",No,No,No,13261.0,,,,,,2010,6.0,17.0,2010,6.0,17.0,68.0,,145000.0,,145000.0,,,,,,,67.73109452917775,"[{""adm2_code"":41810,""adm2_name"":""Buthidaung""},{""adm2_code"":41812,""adm2_name"":""Maungdaw""}]","[{""gid_2"":""MMR.11.1_1"",""migration_date"":""2025-12-20"",""migration_method"":""bufhaus2"",""name_2"":""Buthidaung""},{""gid_2"":""MMR.11.3_1"",""migration_date"":""2025-12-20"",""migration_method"":""jaccard2"",""name_2"":""Maungtaw""}]",2010-07-14,2025-12-20,2010-06-17,2010-06-17,2010-06-17
2010-0073-PAK,No,nat-hyd-mmw-ava,Natural,Hydrological,Mass movement (wet),Avalanche (wet),GLIDE:AV-2010-000027,,PAK,Pakistan,Southern Asia,Asia,"Saidan Gutlo, Mula Khail Gutlo, Gujri Bek, Kachar, Seri, Gutlo Bawon, Pari Mula Khail, Bawon Soya Khail, Karon Mula Khail, Haran, Atta Abad, Kundian villages (Kohistan District district, North-West Frontier province)",,,No,No,No,193.0,,,,,,2010,2.0,18.0,2010,2.0,18.0,31.0,72.0,3633.0,,3705.0,,,,,,,67.73109452917775,"[{""adm2_code"":40340,""adm2_name"":""Kohistan District""}]","[{""gid_2"":""PAK.5.4_1"",""migration_date"":""2025-12-20"",""migration_method"":""bufhaus2"",""name_2"":""Hazara""}]",2010-02-24,2025-12-20,2010-02-18,2010-02-18,2010-02-18
2010-0012-PAK,No,nat-hyd-mmw-lan,Natural,Hydrological,Mass movement (wet),Landslide (wet),GLIDE:LS-2010-000004,,PAK,Pakistan,Southern Asia,Asia,Administrative unit not available district (Jammu and Kashmir province),Heavy snowfall,,Yes,No,No,100.0,,,,,,2010,1.0,4.0,2010,1.0,4.0,19.0,,26700.0,,26700.0,,,,,18000.0,26576.0,67.73109452917775,"[{""adm2_code"":40421,""adm2_name"":""Administrative unit not available""}]",,2014-05-12,2023-09-25,2010-01-04,2010-01-04,2010-01-04
2010-0156-PER,No,nat-hyd-mmw-lan,Natural,Hydrological,Mass movement (wet),Landslide (wet),GLIDE:LS-2010-000065,,PER,Peru,Latin America and the Caribbean,Americas,"Ancash, Cajamarca provinces ; Huanuco, Ambo districts (Huanuco province), Trujillo district (La Libertad province)",Heavy rains,,No,No,No,,,,,,,2010,4.0,1.0,2010,4.0,6.0,68.0,54.0,,1000.0,1054.0,,,,,,,67.73109452917775,"[{""adm1_code"":2329,""adm1_name"":""Ancash""},{""adm1_code"":2333,""adm1_name"":""Cajamarca""},{""adm2_code"":24092,""adm2_name"":""Ambo""},{""adm2_code"":24096,""adm2_name"":""Huenuco""},{""adm2_code"":24127,""adm2_name"":""Trujillo""}]","[{""gid_1"":""PER.2_1"",""migration_date"":""2025-12-20"",""migration_method"":""jaccard1"",""name_1"":""Ancash""},{""gid_1"":""PER.6_1"",""migration_date"":""2025-12-20"",""migration_method"":""jaccard1"",""name_1"":""Cajamarca""},{""gid_2"":""PER.10.1_1"",""migration_date"":""2025-12-20"",""migration_method"":""jaccard2"",""name_2"":""Ambo""},{""gid_2"":""PER.10.5_1"",""migration_date"":""2025-12-20"",""migration_method"":""jaccard2"",""name_2"":""Huenuco""},{""gid_2"":""PER.13.11_1"",""migration_date"":""2025-12-20"",""migration_method"":""jaccard2"",""name_2"":""Trujillo""}]",2011-03-15,2025-12-20,2010-04-01,2010-04-06,2010-04-01
2010-0031-PHL,No,nat-hyd-mmw-lan,Natural,Hydrological,Mass movement (wet),Landslide (wet),GLIDE:LS-2010-000007,,PHL,Philippines,South-eastern Asia,Asia,"Cagdiana area (Dinagat district, Region XIII (Caraga) province)",Continuous heavy rains,,No,No,No,,,,,,,2010,1.0,1.0,2010,1.0,1.0,2.0,2.0,925.0,,927.0,,,,,78.0,115.0,67.73109452917775,"[{""adm2_code"":67168,""adm2_name"":""Dinagat""}]","[{""gid_2"":""PHL.30.1_1"",""migration_date"":""2025-12-20"",""migration_method"":""puzzle2_2"",""name_2"":""Basilisa""},{""gid_2"":""PHL.30.2_1"",""migration_date"":""2025-12-20"",""migration_method"":""puzzle2_2"",""name_2"":""Cagdianao""},{""gid_2"":""PHL.30.3_1"",""migration_date"":""2025-12-20"",""migration_method"":""puzzle2_2"",""name_2"":""Dinagat""},{""gid_2"":""PHL.30.4_1"",""migration_date"":""2025-12-20"",""migration_method"":""puzzle2_2"",""name_2"":""Libjo""},{""gid_2"":""PHL.30.5_1"",""migration_date"":""2025-12-20"",""migration_method"":""puzzle2_2"",""name_2"":""Loreto""},{""gid_2"":""PHL.30.6_1"",""migration_date"":""2025-12-20"",""migration_method"":""puzzle2_2"",""name_2"":""San Jose""},{""gid_2"":""PHL.30.7_1"",""migration_date"":""2025-12-20"",""migration_method"":""puzzle2_2"",""name_2"":""Tubajon""},{""gid_2"":""PHL.74.20_1"",""migration_date"":""2025-12-20"",""migration_method"":""puzzle2_2"",""name_2"":""Surigao City""}]",2010-02-03,2025-12-20,2010-01-01,2010-01-01,2010-01-01
2010-0146-RWA,No,nat-hyd-mmw-lan,Natural,Hydrological,Mass movement (wet),Landslide (wet),GLIDE:LS-2010-000071,,RWA,Rwanda,Sub-Saharan Africa,Africa,"Murambi, Kubukoko, Knebwe areas (Rubavu district, West/Iburengerazuba province)",Heavy rains,,No,No,No,,,,,,,2010,3.0,26.0,2010,3.0,31.0,14.0,17.0,,5920.0,5937.0,,,,,,,67.73109452917775,"[{""adm2_code"":21998,""adm2_name"":""Rubavu""}]","[{""gid_2"":""RWA.4.5_1"",""migration_date"":""2025-12-20"",""migration_method"":""jaccard2"",""name_2"":""Rubavu""}]",2011-03-15,2025-12-20,2010-03-26,2010-03-31,2010-03-26
2010-0199-RWA,No,nat-hyd-mmw-lan,Natural,Hydrological,Mass movement (wet),Landslide (wet),GLIDE:LS-2010-000098,,RWA,Rwanda,Sub-Saharan Africa,Africa,Nyabihu district (West/Iburengerazuba province),,,No,No,No,,,,,,,2010,5.0,16.0,2010,5.0,16.0,7.0,,,,,,,,,,,67.73109452917775,"[{""adm2_code"":21991,""adm2_name"":""Nyabihu""}]","[{""gid_2"":""RWA.4.3_1"",""migration_date"":""2025-12-20"",""migration_method"":""jaccard2"",""name_2"":""Nyabihu""}]",2010-07-15,2025-12-20,2010-05-16,2010-05-16,2010-05-16
2010-0389-SLE,No,nat-hyd-mmw-lan,Natural,Hydrological,Mass movement (wet),Landslide (wet),,,SLE,Sierra Leone,Sub-Saharan Africa,Africa,Western Area Urb district (Western province),,,No,No,No,,,,,,,2010,8.0,9.0,2010,8.0,9.0,16.0,5.0,,,5.0,,,,,,,67.73109452917775,"[{""adm2_code"":111381,""adm2_name"":""Western Area Urb""}]",,2010-08-12,2023-09-25,2010-08-09,2010-08-09,2010-08-09
2010-0438-TUR,No,nat-hyd-mmw-lan,Natural,Hydrological,Mass movement (wet),Landslide (wet),GLIDE:LS-2010-000169,,TUR,Türkiye,Western Asia,Asia,"Gundogdu village (Merkez district, Rize province)",Torrential rains,,No,No,No,,,,,,,2010,8.0,27.0,2010,8.0,27.0,13.0,6.0,,200.0,206.0,,,,,,,67.73109452917775,"[{""adm2_code"":28201,""adm2_name"":""Merkez""}]",,2010-08-30,2025-06-25,2010-08-27,2010-08-27,2010-08-27
2010-0084-UGA,No,nat-hyd-mmw-lan,Natural,Hydrological,Mass movement (wet),Landslide (wet),GLIDE:LS-2010-000040,,UGA,Uganda,Sub-Saharan Africa,Africa,"Himumtu, Mazimasa, Kachonga, Butalega Rural, Butaleja Town areas (Bunyole district, Butaleja province), Nametsi, Kubehwo, Namangasa, Namasheti, Bumayoka villages (Manjiya district, Bududa province), Amudat, Amuria, Budaka, Bukwo, Kapchorwa, Katakwi, Kibuku, Manafwa, Mbale, Moroto, Nakapiripirit, Napak, Pallisa, Sironko provinces",Heavy rains,,Yes,No,No,339.0,,,,,,2010,2.0,25.0,2010,3.0,1.0,388.0,10.0,12785.0,,12795.0,,,,,,,67.73109452917775,"[{""adm1_code"":744,""adm1_name"":""Amudat""},{""adm1_code"":747,""adm1_name"":""Budaka""},{""adm1_code"":751,""adm1_name"":""Bukwo""},{""adm1_code"":761,""adm1_name"":""Kapchorwa""},{""adm1_code"":769,""adm1_name"":""Manafwa""},{""adm1_code"":772,""adm1_name"":""Moroto""},{""adm1_code"":773,""adm1_name"":""Nakapiripirit""},{""adm1_code"":775,""adm1_name"":""Napak""},{""adm1_code"":785,""adm1_name"":""Sironko""},{""adm1_code"":1235,""adm1_name"":""Kibuku""},{""adm1_code"":1369,""adm1_name"":""Pallisa""},{""adm1_code"":47068,""adm1_name"":""Amuria""},{""adm1_code"":47078,""adm1_name"":""Katakwi""},{""adm1_code"":47085,""adm1_name"":""Mbale""},{""adm2_code"":28480,""adm2_name"":""Manjiya""},{""adm2_code"":28539,""adm2_name"":""Bunyole""}]","[{""gid_2"":""UGA.20.1_1"",""migration_date"":""2025-12-20"",""migration_method"":""puzzle1_2"",""name_2"":""Kongasis""},{""gid_2"":""UGA.20.3_1"",""migration_date"":""2025-12-20"",""migration_method"":""puzzle1_2"",""name_2"":""Tingey""},{""gid_2"":""UGA.22.1_1"",""migration_date"":""2025-12-20"",""migration_method"":""puzzle1_2"",""name_2"":""Amuria""},{""gid_2"":""UGA.22.2_1"",""migration_date"":""2025-12-20"",""migration_method"":""puzzle1_2"",""name_2"":""Kapelebyong""},{""gid_2"":""UGA.22.3_1"",""migration_date"":""2025-12-20"",""migration_method"":""puzzle1_2"",""name_2"":""Usuk""},{""gid_2"":""UGA.38.1_1"",""migration_date"":""2025-12-20"",""migration_method"":""puzzle1_2"",""name_2"":""Bubulo""},{""gid_2"":""UGA.38.2_1"",""migration_date"":""2025-12-20"",""migration_method"":""puzzle1_2"",""name_2"":""Bungokho""},{""gid_2"":""UGA.38.3_1"",""migration_date"":""2025-12-20"",""migration_method"":""jaccard2"",""name_2"":""Manjiya""},{""gid_2"":""UGA.38.4_1"",""migration_date"":""2025-12-20"",""migration_method"":""puzzle1_2"",""name_2"":""Mbale""},{""gid_2"":""UGA.40.1_1"",""migration_date"":""2025-12-20"",""migration_method"":""puzzle1_2"",""name_2"":""Bokora""},{""gid_2"":""UGA.40.2_1"",""migration_date"":""2025-12-20"",""migration_method"":""puzzle1_2"",""name_2"":""Matheniko""},{""gid_2"":""UGA.40.3_1"",""migration_date"":""2025-12-20"",""migration_method"":""puzzle1_2"",""name_2"":""Moroto""},{""gid_2"":""UGA.45.1_1"",""migration_date"":""2025-12-20"",""migration_method"":""puzzle1_2"",""name_2"":""Chekwii""},{""gid_2"":""UGA.45.2_1"",""migration_date"":""2025-12-20"",""migration_method"":""puzzle1_2"",""name_2"":""Pian""},{""gid_2"":""UGA.45.3_1"",""migration_date"":""2025-12-20"",""migration_method"":""puzzle1_2"",""name_2"":""Pokot""},{""gid_2"":""UGA.50.1_1"",""migration_date"":""2025-12-20"",""migration_method"":""puzzle1_2"",""name_2"":""Budaka""},{""gid_2"":""UGA.50.2_1"",""migration_date"":""2025-12-20"",""migration_method"":""puzzle1_2"",""name_2"":""Butebo""},{""gid_2"":""UGA.50.3_1"",""migration_date"":""2025-12-20"",""migration_method"":""puzzle1_2"",""name_2"":""Kibuku""},{""gid_2"":""UGA.50.4_1"",""migration_date"":""2025-12-20"",""migration_method"":""puzzle1_2"",""name_2"":""Pallisa""},{""gid_2"":""UGA.54.1_1"",""migration_date"":""2025-12-20"",""migration_method"":""puzzle1_2"",""name_2"":""Budadiri""},{""gid_2"":""UGA.56.1_1"",""migration_date"":""2025-12-20"",""migration_method"":""jaccard2"",""name_2"":""Bunyole""}]",2014-05-12,2025-12-20,2010-02-25,2010-03-01,2010-02-25
2010-0070-ZMB,No,nat-hyd-mmw-lan,Natural,Hydrological,Mass movement (wet),Landslide (wet),,,ZMB,Zambia,Sub-Saharan Africa,Africa,Mpulungu district (Northern province),Heavy rains,,No,No,No,,,,,,,2010,2.0,22.0,2010,2.0,22.0,9.0,,,150.0,150.0,,,,,,,67.73109452917775,"[{""adm2_code"":65218,""adm2_name"":""Mpulungu""}]","[{""gid_2"":""ZMB.8.9_2"",""migration_date"":""2025-12-20"",""migration_method"":""jaccard2"",""name_2"":""Mpulungu""}]",2010-02-23,2025-12-20,2010-02-22,2010-02-22,2010-02-22
2011-0586-BGD,No,nat-hyd-mmw-lan,Natural,Hydrological,Mass movement (wet),Landslide (wet),,,BGD,Bangladesh,Southern Asia,Asia,"Chittagong city (Chittagong district, Chittagong province)",,,No,No,No,,,,,,,2011,7.0,4.0,2011,7.0,4.0,17.0,,,,,,,,,,,69.86926350886503,"[{""adm2_code"":5770,""adm2_name"":""Chittagong""}]","[{""gid_2"":""BGD.2.4_1"",""migration_date"":""2025-12-20"",""migration_method"":""jaccard2"",""name_2"":""Chittagong""}]",2012-01-04,2025-12-20,2011-07-04,2011-07-04,2011-07-04
2011-0107-BOL,No,nat-hyd-mmw-lan,Natural,Hydrological,Mass movement (wet),Landslide (wet),,,BOL,Bolivia (Plurinational State of),Latin America and the Caribbean,Americas,"La Paz city (Murillo province, La Paz department)",Heavy rains,,No,No,No,,,,,,,2011,2.0,26.0,2011,2.0,26.0,,,4000.0,,4000.0,,,,,,,69.86926350886503,"[{""adm2_code"":6185,""adm2_name"":""Murillo""}]","[{""gid_2"":""BOL.4.17_2"",""migration_date"":""2025-12-20"",""migration_method"":""jaccard2"",""name_2"":""Murillo""}]",2011-04-20,2025-12-20,2011-02-26,2011-02-26,2011-02-26
2011-0268-CHN,No,nat-hyd-mmw-lan,Natural,Hydrological,Mass movement (wet),Landslide (wet),,,CHN,China,Eastern Asia,Asia,"Lueyang area (Hanzhong district, Shaanxi Sheng province)",Heavy rains,,No,No,No,,,,,,,2011,7.0,5.0,2011,7.0,5.0,18.0,2.0,,,2.0,,,,,,,69.86926350886503,"[{""adm2_code"":13221,""adm2_name"":""Hanzhong""}]","[{""gid_2"":""CHN.22.3_1"",""migration_date"":""2025-12-20"",""migration_method"":""jaccard2"",""name_2"":""Hanzhong""}]",2011-08-02,2025-12-20,2011-07-05,2011-07-05,2011-07-05
2011-0156-CHN,No,nat-hyd-mmw-lan,Natural,Hydrological,Mass movement (wet),Landslide (wet),,,CHN,China,Eastern Asia,Asia,"Luojiang area (Deyang district, Sichuan Sheng province)",Heavy rains,,No,No,No,,,,,,,2011,5.0,9.0,2011,5.0,9.0,22.0,,,,,,,,,,,69.86926350886503,"[{""adm2_code"":13259,""adm2_name"":""Deyang""}]","[{""gid_2"":""CHN.26.4_1"",""migration_date"":""2025-12-20"",""migration_method"":""jaccard2"",""name_2"":""Deyang""}]",2012-04-05,2025-12-20,2011-05-09,2011-05-09,2011-05-09
2011-0431-COL,No,nat-hyd-mmw-lan,Natural,Hydrological,Mass movement (wet),Landslide (wet),GLIDE:FL-2011-000170,,COL,Colombia,Latin America and the Caribbean,Americas,Manizales district (Caldas province),Heavy rains,,No,No,No,,,,,,,2011,11.0,4.0,2011,11.0,5.0,40.0,,175.0,,175.0,,,,,,,69.86926350886503,"[{""adm2_code"":13668,""adm2_name"":""Manizales""}]",,2011-11-07,2025-06-25,2011-11-04,2011-11-05,2011-11-04
2011-0278-ECU,No,nat-hyd-mmw-lan,Natural,Hydrological,Mass movement (wet),Landslide (wet),,,ECU,Ecuador,Latin America and the Caribbean,Americas,"Lafama (Sucumbios district, Sucumbios province)",Heavy rains,,No,No,Yes,,,,,,,2011,7.0,,2011,7.0,,7.0,,150.0,,150.0,,,,,,,69.86926350886503,"[{""adm2_code"":15521,""adm2_name"":""Sucumbios""}]","[{""gid_2"":""ECU.22.7_1"",""migration_date"":""2025-12-20"",""migration_method"":""jaccard2"",""name_2"":""Sucumbíos""}]",2011-08-10,2025-12-20,2011-07-01,2011-07-01,2011-07-01
2011-0366-GTM,No,nat-hyd-mmw-lan,Natural,Hydrological,Mass movement (wet),Landslide (wet),,,GTM,Guatemala,Latin America and the Caribbean,Americas,"Manantial hill (Santa Cruz Barillas municipality, Barillas district, Huehuetenango province)",Heavy rains,,No,No,No,,,,,,,2011,9.0,20.0,2011,9.0,22.0,16.0,,,,,,,,,,,69.86926350886503,"[{""adm2_code"":65061,""adm2_name"":""Barillas""}]","[{""gid_2"":""GTM.8.26_1"",""migration_date"":""2025-12-20"",""migration_method"":""jaccard2"",""name_2"":""Santa Cruz Barillas""}]",2011-09-23,2025-12-20,2011-09-20,2011-09-22,2011-09-20
2011-0153-IDN,No,nat-hyd-mmw-lan,Natural,Hydrological,Mass movement (wet),Landslide (wet),GLIDE:FL-2011-000048,,IDN,Indonesia,South-eastern Asia,Asia,Garut district (Jawa Barat province),Heavy rains,,No,No,No,,,,,,,2011,5.0,6.0,2011,5.0,6.0,19.0,4.0,,,4.0,,,,,,,69.86926350886503,"[{""adm2_code"":18012,""adm2_name"":""Garut""}]","[{""gid_2"":""IDN.9.11_1"",""migration_date"":""2025-12-20"",""migration_method"":""jaccard2"",""name_2"":""Garut""}]",2011-05-13,2025-12-20,2011-05-06,2011-05-06,2011-05-06
2011-0493-IDN,No,nat-hyd-mmw-lan,Natural,Hydrological,Mass movement (wet),Landslide (wet),GLIDE:LS-2011-000179,,IDN,Indonesia,South-eastern Asia,Asia,Nias district (Sumatera Utara province),Heavy rains,,No,No,No,,,,,,,2011,11.0,30.0,2011,11.0,30.0,34.0,,,,,,,,,,,69.86926350886503,"[{""adm2_code"":73812,""adm2_name"":""Nias""}]","[{""gid_2"":""IDN.32.17_1"",""migration_date"":""2025-12-20"",""migration_method"":""puzzle2_2"",""name_2"":""Nias Barat""},{""gid_2"":""IDN.32.19_1"",""migration_date"":""2025-12-20"",""migration_method"":""puzzle2_2"",""name_2"":""Nias Utara""},{""gid_2"":""IDN.32.20_1"",""migration_date"":""2025-12-20"",""migration_method"":""puzzle2_2"",""name_2"":""Nias""},{""gid_2"":""IDN.32.5_1"",""migration_date"":""2025-12-20"",""migration_method"":""puzzle2_2"",""name_2"":""Gunungsitoli""}]",2011-12-07,2025-12-20,2011-11-30,2011-11-30,2011-11-30
2011-0175-MYS,No,nat-hyd-mmw-lan,Natural,Hydrological,Mass movement (wet),Landslide (wet),,,MYS,Malaysia,South-eastern Asia,Asia,Ulu Langat district (Selangor province),Heavy rains,,No,No,No,,,,,,,2011,5.0,21.0,2011,5.0,21.0,16.0,6.0,,,6.0,,,,,,,69.86926350886503,"[{""adm2_code"":37462,""adm2_name"":""Ulu Langat""}]","[{""gid_2"":""MYS.15.2_1"",""migration_date"":""2025-12-20"",""migration_method"":""jaccard2"",""name_2"":""Hulu Langat""}]",2011-05-24,2025-12-20,2011-05-21,2011-05-21,2011-05-21
2011-0510-NPL,No,nat-hyd-mmw-lan,Natural,Hydrological,Mass movement (wet),Landslide (wet),GLIDE:LS-2011-000087,,NPL,Nepal,Southern Asia,Asia,"Rukum area (Rapti district, Mid Western province), Nuwakot area (Bagmati district, Central province)",Heavy rains,,No,No,No,,,,,,,2011,7.0,15.0,2011,7.0,15.0,16.0,,,,,,,,,,,69.86926350886503,"[{""adm2_code"":22351,""adm2_name"":""Bagmati""},{""adm2_code"":22360,""adm2_name"":""Rapti""}]","[{""gid_2"":""NPL.1.1_1"",""migration_date"":""2025-12-20"",""migration_method"":""jaccard2"",""name_2"":""Bagmati""},{""gid_2"":""NPL.4.3_1"",""migration_date"":""2025-12-20"",""migration_method"":""jaccard2"",""name_2"":""Rapti""}]",2011-12-13,2025-12-20,2011-07-15,2011-07-15,2011-07-15
2011-0543-NPL,No,nat-hyd-mmw-lan,Natural,Hydrological,Mass movement (wet),Landslide (wet),,,NPL,Nepal,Southern Asia,Asia,"Narjamandap village (Nuwakot area, Bagmati district, Central province), Rasuwa area (Bagmati district, Central province), Parsyang village (Pokhara Sumetropolis area, Kaski sub-district, Gandaki district, Western province), Khotang area (Sagarmatha district, Eastern province)",Torrential rain,,No,No,No,,,,,,,2011,7.0,20.0,2011,7.0,20.0,13.0,,,,,,,,,,,69.86926350886503,"[{""adm2_code"":22351,""adm2_name"":""Bagmati""},{""adm2_code"":22356,""adm2_name"":""Sagarmatha""},{""adm2_code"":22363,""adm2_name"":""Gandaki""}]","[{""gid_2"":""NPL.1.1_1"",""migration_date"":""2025-12-20"",""migration_method"":""jaccard2"",""name_2"":""Bagmati""},{""gid_2"":""NPL.2.3_1"",""migration_date"":""2025-12-20"",""migration_method"":""jaccard2"",""name_2"":""Sagarmatha""},{""gid_2"":""NPL.5.2_1"",""migration_date"":""2025-12-20"",""migration_method"":""jaccard2"",""name_2"":""Gandaki""}]",2011-12-28,2025-12-20,2011-07-20,2011-07-20,2011-07-20
2011-0141-PHL,No,nat-hyd-mmw-lan,Natural,Hydrological,Mass movement (wet),Landslide (wet),,,PHL,Philippines,South-eastern Asia,Asia,"Pantukan area (Compostela district, Region XI (Davao Region) province)",Heavy rains,,No,No,No,,,,,,,2011,4.0,22.0,2011,4.0,22.0,24.0,14.0,560.0,,574.0,,,,,,,69.86926350886503,"[{""adm2_code"":24266,""adm2_name"":""Compostela""}]","[{""gid_2"":""PHL.26.10_1"",""migration_date"":""2025-12-20"",""migration_method"":""puzzle2_2"",""name_2"":""New Bataan""},{""gid_2"":""PHL.26.11_1"",""migration_date"":""2025-12-20"",""migration_method"":""puzzle2_2"",""name_2"":""Pantukan""},{""gid_2"":""PHL.26.1_1"",""migration_date"":""2025-12-20"",""migration_method"":""puzzle2_2"",""name_2"":""Compostela""},{""gid_2"":""PHL.26.3_1"",""migration_date"":""2025-12-20"",""migration_method"":""puzzle2_2"",""name_2"":""Mabini""},{""gid_2"":""PHL.26.4_1"",""migration_date"":""2025-12-20"",""migration_method"":""puzzle2_2"",""name_2"":""Maco""},{""gid_2"":""PHL.26.5_1"",""migration_date"":""2025-12-20"",""migration_method"":""puzzle2_2"",""name_2"":""Maragusan""},{""gid_2"":""PHL.26.6_1"",""migration_date"":""2025-12-20"",""migration_method"":""puzzle2_2"",""name_2"":""Mawab""},{""gid_2"":""PHL.26.7_1"",""migration_date"":""2025-12-20"",""migration_method"":""puzzle2_2"",""name_2"":""Monkayo""},{""gid_2"":""PHL.26.8_1"",""migration_date"":""2025-12-20"",""migration_method"":""puzzle2_2"",""name_2"":""Montevista""},{""gid_2"":""PHL.26.9_1"",""migration_date"":""2025-12-20"",""migration_method"":""puzzle2_2"",""name_2"":""Nabunturan""}]",2011-12-30,2025-12-20,2011-04-22,2011-04-22,2011-04-22
2011-0244-PHL,No,nat-hyd-mmw-lan,Natural,Hydrological,Mass movement (wet),Landslide (wet),,,PHL,Philippines,South-eastern Asia,Asia,Bukidnon district (Region X (Northern Mindanao) province),Heavy rains,,No,No,No,,,,,,,2011,7.0,4.0,2011,7.0,4.0,5.0,5.0,,,5.0,,,,,,,69.86926350886503,"[{""adm2_code"":24262,""adm2_name"":""Bukidnon""}]","[{""gid_2"":""PHL.16.10_1"",""migration_date"":""2025-12-20"",""migration_method"":""puzzle2_2"",""name_2"":""Kitaotao""},{""gid_2"":""PHL.16.11_1"",""migration_date"":""2025-12-20"",""migration_method"":""puzzle2_2"",""name_2"":""Lantapan""},{""gid_2"":""PHL.16.12_1"",""migration_date"":""2025-12-20"",""migration_method"":""puzzle2_2"",""name_2"":""Libona""},{""gid_2"":""PHL.16.13_1"",""migration_date"":""2025-12-20"",""migration_method"":""puzzle2_2"",""name_2"":""Malaybalay City""},{""gid_2"":""PHL.16.14_1"",""migration_date"":""2025-12-20"",""migration_method"":""puzzle2_2"",""name_2"":""Malitbog""},{""gid_2"":""PHL.16.15_1"",""migration_date"":""2025-12-20"",""migration_method"":""puzzle2_2"",""name_2"":""Manolo Fortich""},{""gid_2"":""PHL.16.16_1"",""migration_date"":""2025-12-20"",""migration_method"":""puzzle2_2"",""name_2"":""Maramag""},{""gid_2"":""PHL.16.17_1"",""migration_date"":""2025-12-20"",""migration_method"":""puzzle2_2"",""name_2"":""Pangantucan""},{""gid_2"":""PHL.16.18_1"",""migration_date"":""2025-12-20"",""migration_method"":""puzzle2_2"",""name_2"":""Quezon""},{""gid_2"":""PHL.16.19_1"",""migration_date"":""2025-12-20"",""migration_method"":""puzzle2_2"",""name_2"":""San Fernando""},{""gid_2"":""PHL.16.1_1"",""migration_date"":""2025-12-20"",""migration_method"":""puzzle2_2"",""name_2"":""Baungon""},{""gid_2"":""PHL.16.20_1"",""migration_date"":""2025-12-20"",""migration_method"":""puzzle2_2"",""name_2"":""Sumilao""},{""gid_2"":""PHL.16.21_1"",""migration_date"":""2025-12-20"",""migration_method"":""puzzle2_2"",""name_2"":""Talakag""},{""gid_2"":""PHL.16.22_1"",""migration_date"":""2025-12-20"",""migration_method"":""puzzle2_2"",""name_2"":""Valencia City""},{""gid_2"":""PHL.16.2_1"",""migration_date"":""2025-12-20"",""migration_method"":""puzzle2_2"",""name_2"":""Cabanglasan""},{""gid_2"":""PHL.16.3_1"",""migration_date"":""2025-12-20"",""migration_method"":""puzzle2_2"",""name_2"":""Damulog""},{""gid_2"":""PHL.16.4_1"",""migration_date"":""2025-12-20"",""migration_method"":""puzzle2_2"",""name_2"":""Dangcagan""},{""gid_2"":""PHL.16.5_1"",""migration_date"":""2025-12-20"",""migration_method"":""puzzle2_2"",""name_2"":""Don Carlos""},{""gid_2"":""PHL.16.6_1"",""migration_date"":""2025-12-20"",""migration_method"":""puzzle2_2"",""name_2"":""Impasug-Ong""},{""gid_2"":""PHL.16.8_1"",""migration_date"":""2025-12-20"",""migration_method"":""puzzle2_2"",""name_2"":""Kalilangan""},{""gid_2"":""PHL.16.9_1"",""migration_date"":""2025-12-20"",""migration_method"":""puzzle2_2"",""name_2"":""Kibawe""}]",2012-01-04,2025-12-20,2011-07-04,2011-07-04,2011-07-04
2011-0305-PHL,No,nat-hyd-mmw-lan,Natural,Hydrological,Mass movement (wet),Landslide (wet),,,PHL,Philippines,South-eastern Asia,Asia,"Asinan village (Zambales district, Region III (Central Luzon) province)",Heavy rains,,No,No,No,,,,,,,2011,8.0,5.0,2011,8.0,5.0,,,310.0,,310.0,,,,,,,69.86926350886503,"[{""adm2_code"":24225,""adm2_name"":""Zambales""}]","[{""gid_2"":""PHL.78.10_1"",""migration_date"":""2025-12-20"",""migration_method"":""puzzle2_2"",""name_2"":""San Felipe""},{""gid_2"":""PHL.78.11_1"",""migration_date"":""2025-12-20"",""migration_method"":""puzzle2_2"",""name_2"":""San Marcelino""},{""gid_2"":""PHL.78.12_1"",""migration_date"":""2025-12-20"",""migration_method"":""puzzle2_2"",""name_2"":""San Narciso""},{""gid_2"":""PHL.78.13_1"",""migration_date"":""2025-12-20"",""migration_method"":""puzzle2_2"",""name_2"":""Santa Cruz""},{""gid_2"":""PHL.78.14_1"",""migration_date"":""2025-12-20"",""migration_method"":""puzzle2_2"",""name_2"":""Subic""},{""gid_2"":""PHL.78.1_1"",""migration_date"":""2025-12-20"",""migration_method"":""puzzle2_2"",""name_2"":""Botolan""},{""gid_2"":""PHL.78.2_1"",""migration_date"":""2025-12-20"",""migration_method"":""puzzle2_2"",""name_2"":""Cabangan""},{""gid_2"":""PHL.78.3_1"",""migration_date"":""2025-12-20"",""migration_method"":""puzzle2_2"",""name_2"":""Candelaria""},{""gid_2"":""PHL.78.4_1"",""migration_date"":""2025-12-20"",""migration_method"":""puzzle2_2"",""name_2"":""Castillejos""},{""gid_2"":""PHL.78.5_1"",""migration_date"":""2025-12-20"",""migration_method"":""puzzle2_2"",""name_2"":""Iba""},{""gid_2"":""PHL.78.6_1"",""migration_date"":""2025-12-20"",""migration_method"":""puzzle2_2"",""name_2"":""Masinloc""},{""gid_2"":""PHL.78.7_1"",""migration_date"":""2025-12-20"",""migration_method"":""puzzle2_2"",""name_2"":""Olongapo City""},{""gid_2"":""PHL.78.8_1"",""migration_date"":""2025-12-20"",""migration_method"":""puzzle2_2"",""name_2"":""Palauig""},{""gid_2"":""PHL.78.9_1"",""migration_date"":""2025-12-20"",""migration_method"":""puzzle2_2"",""name_2"":""San Antonio""}]",2011-08-08,2025-12-20,2011-08-05,2011-08-05,2011-08-05
2011-0274-KOR,No,nat-hyd-mmw-lan,Natural,Hydrological,Mass movement (wet),Landslide (wet),,,KOR,Republic of Korea,Eastern Asia,Asia,"Chuncheon city (Kang-won-do province), Bangbae-dong area (Seoul province), Dongducheon area (Kyongii-do province)",Heavy rains,Broken Dam/Burst bank,No,No,No,,,,,,,2011,7.0,26.0,2011,7.0,27.0,59.0,26.0,,2000.0,2026.0,,,,,,,69.86926350886503,"[{""adm1_code"":2437,""adm1_name"":""Kang-won-do""},{""adm1_code"":2439,""adm1_name"":""Kyonggi-do""},{""adm1_code"":2443,""adm1_name"":""Seoul""}]","[{""gid_1"":""KOR.16_1"",""migration_date"":""2025-12-20"",""migration_method"":""jaccard1"",""name_1"":""Seoul""},{""gid_1"":""KOR.6_1"",""migration_date"":""2025-12-20"",""migration_method"":""jaccard1"",""name_1"":""Gangwon-do""},{""gid_1"":""KOR.8_1"",""migration_date"":""2025-12-20"",""migration_method"":""jaccard1"",""name_1"":""Gyeonggi-do""}]",2011-08-02,2025-12-20,2011-07-26,2011-07-27,2011-07-26
2012-0563-AFG,No,nat-hyd-mmw-ava,Natural,Hydrological,Mass movement (wet),Avalanche (wet),,,AFG,Afghanistan,Southern Asia,Asia,Nuristan province,,,No,No,No,,,,,,,2012,3.0,12.0,2012,3.0,12.0,45.0,,,,,,,,,,,71.31508773357608,"[{""adm1_code"":294,""adm1_name"":""Nuristan""}]","[{""gid_1"":""AFG.24_1"",""migration_date"":""2025-12-20"",""migration_method"":""jaccard1"",""name_1"":""Nuristan""}]",2013-03-28,2025-12-20,2012-03-12,2012-03-12,2012-03-12
2012-0067-AFG,No,nat-hyd-mmw-ava,Natural,Hydrological,Mass movement (wet),Avalanche (wet),,,AFG,Afghanistan,Southern Asia,Asia,Shaki district (Badakhshan province),Redoux after heavy snow,,No,No,No,,,,,,,2012,3.0,5.0,2012,3.0,5.0,37.0,6.0,,,6.0,,,,,,,71.31508773357608,"[{""adm2_code"":100003,""adm2_name"":""Shaki""}]",,2012-03-15,2023-09-25,2012-03-05,2012-03-05,2012-03-05
2012-0013-AFG,No,nat-hyd-mmw-ava,Natural,Hydrological,Mass movement (wet),Avalanche (wet),GLIDE:AV-2012-000007,,AFG,Afghanistan,Southern Asia,Asia,"Arghanjkhwa, Eshkmesh, Khwahan, Kohestan, Kofab, Raghestan, Shuhada, Shahr-e-Buzorg, Yaftal-e-Sufla, Yawan districts (Badakhshan province)",,,No,No,No,,,,,,,2012,1.0,18.0,2012,1.0,18.0,29.0,40.0,,,40.0,,,,,,,71.31508773357608,"[{""adm2_code"":3448,""adm2_name"":""Eshkmesh""},{""adm2_code"":3454,""adm2_name"":""Shahr-e-Buzorg""},{""adm2_code"":99997,""adm2_name"":""Yawan""},{""adm2_code"":99998,""adm2_name"":""Raghestan""},{""adm2_code"":99999,""adm2_name"":""Khwahan""},{""adm2_code"":100000,""adm2_name"":""Kofab""},{""adm2_code"":100001,""adm2_name"":""Yaftal-e-Sufla""},{""adm2_code"":100002,""adm2_name"":""Kohestan""},{""adm2_code"":100006,""adm2_name"":""Arghanjkhwa""},{""adm2_code"":100008,""adm2_name"":""Shuhada""}]",,2012-01-24,2025-06-25,2012-01-18,2012-01-18,2012-01-18
2012-0455-CHN,No,nat-hyd-mmw-lan,Natural,Hydrological,Mass movement (wet),Landslide (wet),,,CHN,China,Eastern Asia,Asia,"Zhenhe village (Yiliang area , Kunming district, Yunnan Sheng province)",,,No,No,No,,,,,,,2012,10.0,5.0,2012,10.0,5.0,19.0,,,,,,,,,,,71.31508773357608,"[{""adm2_code"":13303,""adm2_name"":""Kunming""}]","[{""gid_2"":""CHN.30.7_1"",""migration_date"":""2025-12-20"",""migration_method"":""jaccard2"",""name_2"":""Kunming""}]",2012-11-21,2025-12-20,2012-10-05,2012-10-05,2012-10-05
2012-0049-IND,No,nat-geo-mmd-ava,Natural,Geophysical,Mass movement (dry),Avalanche (dry),,,IND,India,Southern Asia,Asia,Adminitrative unit not available districts (Jammu and Kashmir province),,,No,No,No,,,,,,,2012,2.0,23.0,2012,2.0,23.0,16.0,,,,,,,,,,,71.31508773357608,"[{""adm2_code"":72794,""adm2_name"":""Administrative unit not available""},{""adm2_code"":72789,""adm2_name"":""Administrative unit not available""}]",,2013-02-04,2023-09-25,2012-02-23,2012-02-23,2012-02-23
2012-0250-IDN,No,nat-hyd-mmw-lan,Natural,Hydrological,Mass movement (wet),Landslide (wet),,,IDN,Indonesia,South-eastern Asia,Asia,"Pangradin village (Jasinga sub-district, Bogor district, West Java province)",Heavy rains,,No,No,No,,,,,,,2012,5.0,24.0,2012,5.0,24.0,12.0,,,,,,,,,,,71.31508773357608,"[{""adm2_code"":18008,""adm2_name"":""Bogor""}]","[{""gid_2"":""IDN.9.5_1"",""migration_date"":""2025-12-20"",""migration_method"":""jaccard2"",""name_2"":""Bogor""}]",2012-07-23,2025-12-20,2012-05-24,2012-05-24,2012-05-24
2012-0249-IDN,No,nat-hyd-mmw-lan,Natural,Hydrological,Mass movement (wet),Landslide (wet),,,IDN,Indonesia,South-eastern Asia,Asia,"Kel Karang Panjang, Kel Kudamati villages (Kota Ambon district, Malaku province)",Heavy rains,,No,No,No,,,,,,,2012,5.0,24.0,2012,5.0,27.0,20.0,100.0,115.0,,215.0,,,,,,,71.31508773357608,"[{""adm2_code"":18139,""adm2_name"":""Kota Ambon""}]",,2013-03-27,2023-09-25,2012-05-24,2012-05-27,2012-05-24
2012-0589-NPL,No,nat-hyd-mmw-ava,Natural,Hydrological,Mass movement (wet),Avalanche (wet),,,NPL,Nepal,Southern Asia,Asia,Gandaki district (Western province),,,No,No,No,,,,,,,2012,9.0,23.0,2012,9.0,23.0,11.0,,,,,,,,,,,71.31508773357608,"[{""adm2_code"":22363,""adm2_name"":""Gandaki""}]","[{""gid_2"":""NPL.5.2_1"",""migration_date"":""2025-12-20"",""migration_method"":""jaccard2"",""name_2"":""Gandaki""}]",2013-02-06,2025-12-20,2012-09-23,2012-09-23,2012-09-23
2012-0511-PAK,No,nat-hyd-mmw-lan,Natural,Hydrological,Mass movement (wet),Landslide (wet),,,PAK,Pakistan,Southern Asia,Asia,Administrative unit not available district (Jammu and Kashmir province),,,No,No,No,,,,,,,2012,11.0,30.0,2012,11.0,30.0,18.0,,,,,,,,,,,71.31508773357608,"[{""adm2_code"":40414,""adm2_name"":""Administrative unit not available""}]","[{""gid_2"":""Z06.1.1_1"",""migration_date"":""2025-12-20"",""migration_method"":""bufhaus2"",""name_2"":""Azad Kashmir""}]",2013-02-06,2025-12-20,2012-11-30,2012-11-30,2012-11-30
2012-0084-PAK,No,nat-hyd-mmw-ava,Natural,Hydrological,Mass movement (wet),Avalanche (wet),,,PAK,Pakistan,Southern Asia,Asia,Administrative unit not available district (Jammu and Kashmir province),,,No,No,No,,,,,,,2012,4.0,7.0,2012,4.0,7.0,135.0,,,,,,,,,,,71.31508773357608,"[{""adm2_code"":40419,""adm2_name"":""Administrative unit not available""}]",,2012-04-10,2023-09-25,2012-04-07,2012-04-07,2012-04-07
2012-0052-PNG,No,nat-hyd-mmw-lan,Natural,Hydrological,Mass movement (wet),Landslide (wet),GLIDE:LS-2012-000010,,PNG,Papua New Guinea,Melanesia,Oceania,"Tumbi village (Tari district, Southern Highlands province)",,,No,No,No,,,,,,,2012,1.0,24.0,2012,1.0,24.0,60.0,,,,,,,,,,,71.31508773357608,"[{""adm2_code"":37552,""adm2_name"":""Tari""}]",,2012-02-24,2023-09-25,2012-01-24,2012-01-24,2012-01-24
2012-0386-PER,No,nat-hyd-mmw-lan,Natural,Hydrological,Mass movement (wet),Landslide (wet),,,PER,Peru,Latin America and the Caribbean,Americas,"El Porvenir (Picota district, San Martin province)",Heavy rains,,No,No,No,,,,,,,2012,10.0,17.0,2012,10.0,17.0,22.0,,,,,,,,,,,71.31508773357608,"[{""adm2_code"":24185,""adm2_name"":""Picota""}]","[{""gid_2"":""PER.23.7_1"",""migration_date"":""2025-12-20"",""migration_method"":""jaccard2"",""name_2"":""Picota""}]",2012-10-19,2025-12-20,2012-10-17,2012-10-17,2012-10-17
2012-0002-PHL,No,nat-hyd-mmw-lan,Natural,Hydrological,Mass movement (wet),Landslide (wet),,,PHL,Philippines,South-eastern Asia,Asia,"Napnapan village (Compostela district, Region XI (Davao Region) province)",Heavy rains,,No,No,No,,,,,,,2012,1.0,5.0,2012,1.0,5.0,75.0,16.0,7.0,,23.0,,,,,,,71.31508773357608,"[{""adm2_code"":24266,""adm2_name"":""Compostela""}]","[{""gid_2"":""PHL.26.10_1"",""migration_date"":""2025-12-20"",""migration_method"":""puzzle2_2"",""name_2"":""New Bataan""},{""gid_2"":""PHL.26.11_1"",""migration_date"":""2025-12-20"",""migration_method"":""puzzle2_2"",""name_2"":""Pantukan""},{""gid_2"":""PHL.26.1_1"",""migration_date"":""2025-12-20"",""migration_method"":""puzzle2_2"",""name_2"":""Compostela""},{""gid_2"":""PHL.26.3_1"",""migration_date"":""2025-12-20"",""migration_method"":""puzzle2_2"",""name_2"":""Mabini""},{""gid_2"":""PHL.26.4_1"",""migration_date"":""2025-12-20"",""migration_method"":""puzzle2_2"",""name_2"":""Maco""},{""gid_2"":""PHL.26.5_1"",""migration_date"":""2025-12-20"",""migration_method"":""puzzle2_2"",""name_2"":""Maragusan""},{""gid_2"":""PHL.26.6_1"",""migration_date"":""2025-12-20"",""migration_method"":""puzzle2_2"",""name_2"":""Mawab""},{""gid_2"":""PHL.26.7_1"",""migration_date"":""2025-12-20"",""migration_method"":""puzzle2_2"",""name_2"":""Monkayo""},{""gid_2"":""PHL.26.8_1"",""migration_date"":""2025-12-20"",""migration_method"":""puzzle2_2"",""name_2"":""Montevista""},{""gid_2"":""PHL.26.9_1"",""migration_date"":""2025-12-20"",""migration_method"":""puzzle2_2"",""name_2"":""Nabunturan""}]",2013-02-04,2025-12-20,2012-01-05,2012-01-05,2012-01-05
2012-0215-UGA,No,nat-hyd-mmw-lan,Natural,Hydrological,Mass movement (wet),Landslide (wet),GLIDE:LS-2012-000105,,UGA,Uganda,Sub-Saharan Africa,Africa,"Namanga, Bunakasala villages (Bududa district, Manjiya province)",Heavy rains,,No,No,No,,,,,,,2012,6.0,24.0,2012,6.0,24.0,18.0,64.0,,3368.0,3432.0,,,,,,,71.31508773357608,"[{""adm2_code"":28480,""adm2_name"":""Manjiya""}]","[{""gid_2"":""UGA.38.3_1"",""migration_date"":""2025-12-20"",""migration_method"":""jaccard2"",""name_2"":""Manjiya""}]",2012-07-18,2025-12-20,2012-06-24,2012-06-24,2012-06-24
2013-0414-AFG,No,nat-hyd-mmw-lan,Natural,Hydrological,Mass movement (wet),Landslide (wet),,,AFG,Afghanistan,Southern Asia,Asia,Zebak district (Badakhshan province),Heavy rains,,No,No,No,,,,,,,2013,9.0,10.0,2013,9.0,10.0,24.0,,1000.0,,1000.0,,,,,,,72.35973747892506,"[{""adm2_code"":3457,""adm2_name"":""Zebak""}]",,2013-10-28,2023-09-25,2013-09-10,2013-09-10,2013-09-10
2013-0383-BOL,No,nat-hyd-mmw-lan,Natural,Hydrological,Mass movement (wet),Landslide (wet),,,BOL,Bolivia (Plurinational State of),Latin America and the Caribbean,Americas,"Caranavi town (Caranavi Province, La Paz department)",Excessive rains,,No,No,No,,,,,,,2013,9.0,23.0,2013,9.0,23.0,19.0,29.0,,,29.0,,,,,,,72.35973747892506,"[{""adm2_code"":40480,""adm2_name"":""Caranavi""}]",,2013-10-28,2023-09-25,2013-09-23,2013-09-23,2013-09-23
2013-0018-CHN,No,nat-geo-mmd-lan,Natural,Geophysical,Mass movement (dry),Landslide (dry),,,CHN,China,Eastern Asia,Asia,"Zhaojiagou village (Zhaotong district, Yunnan Sheng province)",,,No,No,No,,,,,,,2013,1.0,11.0,2013,1.0,11.0,46.0,2.0,,,2.0,,,,,8000.0,11056.0,72.35973747892506,"[{""adm2_code"":13306,""adm2_name"":""Zhaotong""}]","[{""gid_2"":""CHN.30.16_1"",""migration_date"":""2025-12-20"",""migration_method"":""jaccard2"",""name_2"":""Zhaotong""}]",2014-07-11,2025-12-20,2013-01-11,2013-01-11,2013-01-11
2013-0245-CHN,No,nat-hyd-mmw-lan,Natural,Hydrological,Mass movement (wet),Landslide (wet),,,CHN,China,Eastern Asia,Asia,"Zhongxing village (Dujiangyan Shi area, Chengdu district, Sichuan Sheng province)",Heavy rains,,No,No,No,,,,,,,2013,7.0,10.0,2013,7.0,10.0,17.0,,,,,,,,,,,72.35973747892506,"[{""adm2_code"":13255,""adm2_name"":""Chengdu""}]","[{""gid_2"":""CHN.26.2_1"",""migration_date"":""2025-12-20"",""migration_method"":""jaccard2"",""name_2"":""Chengdu""}]",2013-07-23,2025-12-20,2013-07-10,2013-07-10,2013-07-10
2013-0167-CHN,No,nat-hyd-mmw-lan,Natural,Hydrological,Mass movement (wet),Landslide (wet),,,CHN,China,Eastern Asia,Asia,"Mozhugongka Xian area (Lhassa district, Xizang Zizhiqu province)",,,No,No,No,,,,,,,2013,3.0,29.0,2013,3.0,29.0,83.0,,,,,,,,,,,72.35973747892506,"[{""adm2_code"":13296,""adm2_name"":""Lhasa""}]","[{""gid_2"":""CHN.29.2_1"",""migration_date"":""2025-12-20"",""migration_method"":""jaccard2"",""name_2"":""Lhasa""}]",2013-05-24,2025-12-20,2013-03-29,2013-03-29,2013-03-29
2013-0565-CHN,No,nat-hyd-mmw-lan,Natural,Hydrological,Mass movement (wet),Landslide (wet),,,CHN,China,Eastern Asia,Asia,"Sinan area (Tongren district, Guizhou Sheng province)",Persitent rain,,No,No,No,,,,,,,2013,4.0,22.0,2013,4.0,22.0,11.0,2.0,,,2.0,,,,,,,72.35973747892506,"[{""adm2_code"":13066,""adm2_name"":""Tongren""}]","[{""gid_2"":""CHN.8.8_1"",""migration_date"":""2025-12-20"",""migration_method"":""jaccard2"",""name_2"":""Tongren""}]",2014-01-20,2025-12-20,2013-04-22,2013-04-22,2013-04-22
2013-0014-ECU,No,nat-hyd-mmw-lan,Natural,Hydrological,Mass movement (wet),Landslide (wet),,,ECU,Ecuador,Latin America and the Caribbean,Americas,"Pueblo Nuevo community (Camillo Ponce Enriquez district, Azuay province)",Heavy rains,,No,No,No,,,,,,,2013,1.0,24.0,2013,1.0,24.0,10.0,,,,,,,,,,,72.35973747892506,"[{""adm2_code"":22035,""adm2_name"":""Camilo ponce enriquez""}]",,2013-09-05,2023-09-25,2013-01-24,2013-01-24,2013-01-24
2013-0120-ECU,No,nat-hyd-mmw-lan,Natural,Hydrological,Mass movement (wet),Landslide (wet),,,ECU,Ecuador,Latin America and the Caribbean,Americas,"Tabete (Esmeraldas district, Esmeraldas province)",,,No,No,No,,,,,,,2013,4.0,23.0,2013,4.0,23.0,14.0,,,,,,,,,,,72.35973747892506,"[{""adm2_code"":22044,""adm2_name"":""Esmeraldas""}]","[{""gid_2"":""ECU.8.3_1"",""migration_date"":""2025-12-20"",""migration_method"":""jaccard2"",""name_2"":""Esmeraldas""}]",2013-05-27,2025-12-20,2013-04-23,2013-04-23,2013-04-23
2013-0086-IDN,No,nat-hyd-mmw-lan,Natural,Hydrological,Mass movement (wet),Landslide (wet),,,IDN,Indonesia,South-eastern Asia,Asia,"Cililin village (Bandung district, Jawa Barat province)",Torrential rain,,No,No,No,,,,,,,2013,3.0,25.0,2013,3.0,25.0,13.0,,,,,,,,,,,72.35973747892506,"[{""adm2_code"":73636,""adm2_name"":""Bandung""}]","[{""gid_2"":""IDN.9.1_1"",""migration_date"":""2025-12-20"",""migration_method"":""puzzle2_2"",""name_2"":""Bandung Barat""},{""gid_2"":""IDN.9.27_1"",""migration_date"":""2025-12-20"",""migration_method"":""puzzle2_2"",""name_2"":""Waduk Cirata""},{""gid_2"":""IDN.9.2_1"",""migration_date"":""2025-12-20"",""migration_method"":""puzzle2_2"",""name_2"":""Bandung""},{""gid_2"":""IDN.9.8_1"",""migration_date"":""2025-12-20"",""migration_method"":""puzzle2_2"",""name_2"":""Cimahi""}]",2013-04-08,2025-12-20,2013-03-25,2013-03-25,2013-03-25
2013-0022-IDN,No,nat-hyd-mmw-lan,Natural,Hydrological,Mass movement (wet),Landslide (wet),,,IDN,Indonesia,South-eastern Asia,Asia,"Agam district (Sumatera Barat province), Kerinci district (Jambi province)",Heavy rains,,No,No,No,,,,,,,2013,1.0,25.0,2013,1.0,27.0,21.0,3.0,,,3.0,,,,,,,72.35973747892506,"[{""adm2_code"":18002,""adm2_name"":""Kerinci""},{""adm2_code"":18202,""adm2_name"":""Agam""}]","[{""gid_2"":""IDN.30.1_1"",""migration_date"":""2025-12-20"",""migration_method"":""jaccard2"",""name_2"":""Agam""},{""gid_2"":""IDN.8.4_1"",""migration_date"":""2025-12-20"",""migration_method"":""puzzle2_2"",""name_2"":""Kerinci""},{""gid_2"":""IDN.8.8_1"",""migration_date"":""2025-12-20"",""migration_method"":""puzzle2_2"",""name_2"":""Sungai Penuh""}]",2013-02-25,2025-12-20,2013-01-25,2013-01-27,2013-01-25
2013-0160-MMR,No,nat-hyd-mmw-lan,Natural,Hydrological,Mass movement (wet),Landslide (wet),,,MMR,Myanmar,South-eastern Asia,Asia,"Kalaw area (Tuanggyi district, Shan (S) province)",Heavy rains,,No,No,No,,,,,,,2013,5.0,3.0,2013,5.0,3.0,16.0,,,,,,,,,,,72.35973747892506,"[{""adm2_code"":41833,""adm2_name"":""Tuanggyi""}]","[{""gid_2"":""MMR.13.11_1"",""migration_date"":""2025-12-20"",""migration_method"":""jaccard2"",""name_2"":""Taunggye""}]",2013-05-24,2025-12-20,2013-05-03,2013-05-03,2013-05-03
2014-0021-ARG,No,nat-hyd-mmw-lan,Natural,Hydrological,Mass movement (wet),Landslide (wet),,,ARG,Argentina,Latin America and the Caribbean,Americas,"El Rodeo town (Ambato district, Catamarca province)",,,No,No,No,,,,,,Ambato river,2014,1.0,25.0,2014,1.0,25.0,24.0,,350.0,,350.0,,,,,,,73.53357700926716,"[{""adm2_code"":4510,""adm2_name"":""Ambato""}]","[{""gid_2"":""ARG.2.1_1"",""migration_date"":""2025-12-20"",""migration_method"":""jaccard2"",""name_2"":""Ambato""}]",2014-01-27,2025-12-20,2014-01-25,2014-01-25,2014-01-25
2014-0035-BOL,No,nat-hyd-mmw-lan,Natural,Hydrological,Mass movement (wet),Landslide (wet),GLIDE:FL-2014-000008,,BOL,Bolivia (Plurinational State of),Latin America and the Caribbean,Americas,"Trinidad town (Cercado Province, Beni department), Rurrenabaque town (General Jose Ballivi province, Beni department); Cochabamba, La Paz, Chuquisaca, Oruro, Tarija, Santa Cruz, Potosi, Pando departments",Violent weather,,No,No,Yes,,,,-13.3888,-64.01,,2014,1.0,1.0,2014,2.0,28.0,74.0,,6600.0,4800.0,11400.0,,,,,200000.0,271985.0,73.53357700926716,"[{""adm1_code"":648,""adm1_name"":""Pando""},{""adm1_code"":40444,""adm1_name"":""Chuquisaca""},{""adm1_code"":40445,""adm1_name"":""Cochabamba""},{""adm1_code"":40446,""adm1_name"":""La Paz""},{""adm1_code"":40447,""adm1_name"":""Oruro""},{""adm1_code"":40448,""adm1_name"":""Potosi""},{""adm1_code"":40449,""adm1_name"":""Santa Cruz""},{""adm1_code"":40450,""adm1_name"":""Tarija""},{""adm2_code"":6141,""adm2_name"":""Cercado""},{""adm2_code"":6142,""adm2_name"":""General Jose Ballivi""}]","[{""gid_1"":""BOL.1_1"",""migration_date"":""2025-12-20"",""migration_method"":""jaccard1"",""name_1"":""Chuquisaca""},{""gid_1"":""BOL.2_1"",""migration_date"":""2025-12-20"",""migration_method"":""jaccard1"",""name_1"":""Cochabamba""},{""gid_1"":""BOL.4_1"",""migration_date"":""2025-12-20"",""migration_method"":""jaccard1"",""name_1"":""La Paz""},{""gid_1"":""BOL.5_1"",""migration_date"":""2025-12-20"",""migration_method"":""jaccard1"",""name_1"":""Oruro""},{""gid_1"":""BOL.6_1"",""migration_date"":""2025-12-20"",""migration_method"":""jaccard1"",""name_1"":""Pando""},{""gid_1"":""BOL.7_1"",""migration_date"":""2025-12-20"",""migration_method"":""jaccard1"",""name_1"":""Potosí""},{""gid_1"":""BOL.8_1"",""migration_date"":""2025-12-20"",""migration_method"":""jaccard1"",""name_1"":""Santa Cruz""},{""gid_1"":""BOL.9_1"",""migration_date"":""2025-12-20"",""migration_method"":""jaccard1"",""name_1"":""Tarija""},{""gid_2"":""BOL.3.1_2"",""migration_date"":""2025-12-20"",""migration_method"":""jaccard2"",""name_2"":""Cercado""},{""gid_2"":""BOL.3.2_2"",""migration_date"":""2025-12-20"",""migration_method"":""jaccard2"",""name_2"":""General José Ballivián""}]",2014-05-14,2025-12-20,2014-01-01,2014-02-28,2014-01-01
2014-0572-CHN,No,nat-hyd-mmw-lan,Natural,Hydrological,Mass movement (wet),Landslide (wet),,,CHN,China,Eastern Asia,Asia,"Dazhou, Guang'an districts (Sichuan Sheng province), Chongqing Shi province",Severe rain,,No,No,No,,,,,,,2014,9.0,14.0,2014,9.0,14.0,10.0,,,,,,,,,,,73.53357700926716,"[{""adm1_code"":900,""adm1_name"":""Chongqing Shi""},{""adm2_code"":13267,""adm2_name"":""Guang'an""},{""adm2_code"":13268,""adm2_name"":""Dazhou""}]","[{""gid_1"":""CHN.3_1"",""migration_date"":""2025-12-20"",""migration_method"":""jaccard1"",""name_1"":""Chongqing""},{""gid_2"":""CHN.26.3_1"",""migration_date"":""2025-12-20"",""migration_method"":""jaccard2"",""name_2"":""Dazhou""},{""gid_2"":""CHN.26.6_1"",""migration_date"":""2025-12-20"",""migration_method"":""jaccard2"",""name_2"":""Guang'an""}]",2015-04-24,2025-12-20,2014-09-14,2014-09-14,2014-09-14
2014-0337-CHN,No,nat-hyd-mmw-lan,Natural,Hydrological,Mass movement (wet),Landslide (wet),,,CHN,China,Eastern Asia,Asia,"Fuquan Shi area (Qiannan Buyei and Miao, Guizhou Sheng province)",,,No,No,No,,,,,,,2014,8.0,27.0,2014,8.0,27.0,25.0,22.0,,385.0,407.0,,,,,,,73.53357700926716,"[{""adm2_code"":13071,""adm2_name"":""Qiannan Buyei and Miao""}]","[{""gid_2"":""CHN.8.6_1"",""migration_date"":""2025-12-20"",""migration_method"":""jaccard2"",""name_2"":""Qiannan Buyei and Miao""}]",2014-09-30,2025-12-20,2014-08-27,2014-08-27,2014-08-27
2014-0028-COD,No,nat-hyd-mmw-lan,Natural,Hydrological,Mass movement (wet),Landslide (wet),,,COD,Democratic Republic of the Congo,Sub-Saharan Africa,Africa,Bukavu district (Sud-Kivu province),Heavy rains,,No,No,No,,,,,,,2014,1.0,18.0,2014,1.0,19.0,11.0,,,,,,,,,,,73.53357700926716,"[{""adm2_code"":74354,""adm2_name"":""Bukavu""}]",,2014-01-27,2023-09-25,2014-01-18,2014-01-19,2014-01-18
2014-0270-IND,No,nat-hyd-mmw-lan,Natural,Hydrological,Mass movement (wet),Landslide (wet),GLIDE:LS-2014-000101,,IND,India,Southern Asia,Asia,"Malin village (Pune district, Maharashtra province)",Monsoonal rains,,No,No,No,,,,,,,2014,7.0,30.0,2014,7.0,30.0,151.0,,,200.0,200.0,,,,,,,73.53357700926716,"[{""adm2_code"":17776,""adm2_name"":""Pune""}]","[{""gid_2"":""IND.20.26_1"",""migration_date"":""2025-12-20"",""migration_method"":""jaccard2"",""name_2"":""Pune""}]",2014-08-28,2025-12-20,2014-07-30,2014-07-30,2014-07-30
2014-0034-IDN,No,nat-hyd-mmw-lan,Natural,Hydrological,Mass movement (wet),Landslide (wet),,,IDN,Indonesia,South-eastern Asia,Asia,Jombang district (Jawa Timur province),Heavy rains,,No,No,No,,,,,,,2014,1.0,28.0,2014,1.0,28.0,19.0,,,,,,,,,,,73.53357700926716,"[{""adm2_code"":18071,""adm2_name"":""Jombang""}]","[{""gid_2"":""IDN.11.9_1"",""migration_date"":""2025-12-20"",""migration_method"":""jaccard2"",""name_2"":""Jombang""}]",2014-01-28,2025-12-20,2014-01-28,2014-01-28,2014-01-28
2014-0483-IDN,No,nat-hyd-mmw-lan,Natural,Hydrological,Mass movement (wet),Landslide (wet),GLIDE:LS-2014-000164,,IDN,Indonesia,South-eastern Asia,Asia,"Sampang village (Jemblung area, Banjarnegara district, Jawa Tengah province)",Torrential rains,,No,No,No,,,,,,,2014,12.0,12.0,2014,12.0,20.0,108.0,,1900.0,2000.0,3900.0,,,,,,,73.53357700926716,"[{""adm2_code"":18030,""adm2_name"":""Banjarnegara""}]","[{""gid_2"":""IDN.10.1_1"",""migration_date"":""2025-12-20"",""migration_method"":""jaccard2"",""name_2"":""Banjarnegara""}]",2014-12-16,2025-12-20,2014-12-12,2014-12-20,2014-12-12
2014-0271-JPN,No,nat-hyd-mmw-lan,Natural,Hydrological,Mass movement (wet),Landslide (wet),GLIDE:LS-2014-000114,,JPN,Japan,Eastern Asia,Asia,"Hirosimasi_Asaminamiku, Hirosimasi_Asakitaku districts (Hirosima province)",Torrential rainfall,,No,No,No,,,,,,,2014,8.0,20.0,2014,8.0,20.0,82.0,67.0,,,67.0,,,30900.0,42022.0,38000.0,51677.0,73.53357700926716,"[{""adm2_code"":34084,""adm2_name"":""Hirosimasi_Asakitaku""},{""adm2_code"":34085,""adm2_name"":""Hirosimasi_Asaminamiku""}]","[{""gid_2"":""JPN.11.9_1"",""migration_date"":""2025-12-20"",""migration_method"":""bufhaus2"",""name_2"":""Hiroshima""},{""gid_2"":""JPN.11.9_1"",""migration_date"":""2025-12-20"",""migration_method"":""bufhaus2"",""name_2"":""Hiroshima""}]",2014-08-28,2025-12-20,2014-08-20,2014-08-20,2014-08-20
2014-0124-NPL,No,nat-hyd-mmw-ava,Natural,Hydrological,Mass movement (wet),Avalanche (wet),GLIDE:AV-2014-000056,,NPL,Nepal,Southern Asia,Asia,Sagarmatha district (Eastern province),,,No,No,No,,,,,,,2014,4.0,18.0,2014,4.0,18.0,16.0,,,,,,,,,,,73.53357700926716,"[{""adm2_code"":22356,""adm2_name"":""Sagarmatha""}]","[{""gid_2"":""NPL.2.3_1"",""migration_date"":""2025-12-20"",""migration_method"":""jaccard2"",""name_2"":""Sagarmatha""}]",2014-04-22,2025-12-20,2014-04-18,2014-04-18,2014-04-18
2014-0296-NPL,No,nat-hyd-mmw-lan,Natural,Hydrological,Mass movement (wet),Landslide (wet),GLIDE:LS-2014-000103,,NPL,Nepal,Southern Asia,Asia,"Jure, Mankha villages (Sindhupalchowk area, Bagmati district, Central province)",,,Yes,No,No,,,,,,Sunkoshi,2014,8.0,2.0,2014,8.0,2.0,156.0,,476.0,,476.0,,,,,15000.0,20399.0,73.53357700926716,"[{""adm2_code"":22351,""adm2_name"":""Bagmati""}]","[{""gid_2"":""NPL.1.1_1"",""migration_date"":""2025-12-20"",""migration_method"":""jaccard2"",""name_2"":""Bagmati""}]",2014-09-04,2025-12-20,2014-08-02,2014-08-02,2014-08-02
2014-0548-LKA,No,nat-hyd-mmw-lan,Natural,Hydrological,Mass movement (wet),Landslide (wet),,,LKA,Sri Lanka,Southern Asia,Asia,"Haldummulla area (Badulla district, Uva province)",,,Yes,No,No,,,,,,,2014,10.0,29.0,2014,10.0,29.0,196.0,,1067.0,,1067.0,,,,,,,73.53357700926716,"[{""adm2_code"":25849,""adm2_name"":""Badulla""}]","[{""gid_2"":""LKA.3.10_1"",""migration_date"":""2025-12-20"",""migration_method"":""puzzle2_2"",""name_2"":""Meegahakivula""},{""gid_2"":""LKA.3.11_1"",""migration_date"":""2025-12-20"",""migration_method"":""puzzle2_2"",""name_2"":""Passara""},{""gid_2"":""LKA.3.12_1"",""migration_date"":""2025-12-20"",""migration_method"":""puzzle2_2"",""name_2"":""Rideemaliyadda""},{""gid_2"":""LKA.3.13_1"",""migration_date"":""2025-12-20"",""migration_method"":""puzzle2_2"",""name_2"":""Soranathota""},{""gid_2"":""LKA.3.14_1"",""migration_date"":""2025-12-20"",""migration_method"":""puzzle2_2"",""name_2"":""Uva Paranagama""},{""gid_2"":""LKA.3.15_1"",""migration_date"":""2025-12-20"",""migration_method"":""puzzle2_2"",""name_2"":""Welimada""},{""gid_2"":""LKA.3.1_1"",""migration_date"":""2025-12-20"",""migration_method"":""puzzle2_2"",""name_2"":""Badulla""},{""gid_2"":""LKA.3.2_1"",""migration_date"":""2025-12-20"",""migration_method"":""puzzle2_2"",""name_2"":""Bandarawela""},{""gid_2"":""LKA.3.3_1"",""migration_date"":""2025-12-20"",""migration_method"":""puzzle2_2"",""name_2"":""Ella""},{""gid_2"":""LKA.3.4_1"",""migration_date"":""2025-12-20"",""migration_method"":""puzzle2_2"",""name_2"":""Hali-Ela""},{""gid_2"":""LKA.3.5_1"",""migration_date"":""2025-12-20"",""migration_method"":""puzzle2_2"",""name_2"":""Haputale""},{""gid_2"":""LKA.3.6_1"",""migration_date"":""2025-12-20"",""migration_method"":""puzzle2_2"",""name_2"":""Hildummulla""},{""gid_2"":""LKA.3.7_1"",""migration_date"":""2025-12-20"",""migration_method"":""puzzle2_2"",""name_2"":""Kandaketiya""},{""gid_2"":""LKA.3.8_1"",""migration_date"":""2025-12-20"",""migration_method"":""puzzle2_2"",""name_2"":""Lunugala""},{""gid_2"":""LKA.3.9_1"",""migration_date"":""2025-12-20"",""migration_method"":""puzzle2_2"",""name_2"":""Mahiyanganaya""}]",2015-03-26,2025-12-20,2014-10-29,2014-10-29,2014-10-29
2014-0402-LKA,No,nat-hyd-mmw-lan,Natural,Hydrological,Mass movement (wet),Landslide (wet),,,LKA,Sri Lanka,Southern Asia,Asia,Southern province,Heavy rains,,No,No,No,,,,,,,2014,10.0,2.0,2014,10.0,2.0,7.0,,400.0,,400.0,,,,,,,73.53357700926716,"[{""adm1_code"":2742,""adm1_name"":""Southern""}]","[{""gid_1"":""LKA.17_1"",""migration_date"":""2025-12-20"",""migration_method"":""puzzle1_1"",""name_1"":""Matara""},{""gid_1"":""LKA.6_1"",""migration_date"":""2025-12-20"",""migration_method"":""puzzle1_1"",""name_1"":""Galle""},{""gid_1"":""LKA.8_1"",""migration_date"":""2025-12-20"",""migration_method"":""puzzle1_1"",""name_1"":""Hambantota""}]",2014-10-15,2025-12-20,2014-10-02,2014-10-02,2014-10-02
2014-0434-LKA,No,nat-hyd-mmw-lan,Natural,Hydrological,Mass movement (wet),Landslide (wet),GLIDE:LS-2014-000148,,LKA,Sri Lanka,Southern Asia,Asia,"Koslanda area (Badulla district, Uva province)",Torrential monsoon rains,,No,No,No,,,,,,,2014,10.0,28.0,2014,10.0,29.0,38.0,,,330.0,330.0,,,,,,,73.53357700926716,"[{""adm2_code"":25849,""adm2_name"":""Badulla""}]","[{""gid_2"":""LKA.3.10_1"",""migration_date"":""2025-12-20"",""migration_method"":""puzzle2_2"",""name_2"":""Meegahakivula""},{""gid_2"":""LKA.3.11_1"",""migration_date"":""2025-12-20"",""migration_method"":""puzzle2_2"",""name_2"":""Passara""},{""gid_2"":""LKA.3.12_1"",""migration_date"":""2025-12-20"",""migration_method"":""puzzle2_2"",""name_2"":""Rideemaliyadda""},{""gid_2"":""LKA.3.13_1"",""migration_date"":""2025-12-20"",""migration_method"":""puzzle2_2"",""name_2"":""Soranathota""},{""gid_2"":""LKA.3.14_1"",""migration_date"":""2025-12-20"",""migration_method"":""puzzle2_2"",""name_2"":""Uva Paranagama""},{""gid_2"":""LKA.3.15_1"",""migration_date"":""2025-12-20"",""migration_method"":""puzzle2_2"",""name_2"":""Welimada""},{""gid_2"":""LKA.3.1_1"",""migration_date"":""2025-12-20"",""migration_method"":""puzzle2_2"",""name_2"":""Badulla""},{""gid_2"":""LKA.3.2_1"",""migration_date"":""2025-12-20"",""migration_method"":""puzzle2_2"",""name_2"":""Bandarawela""},{""gid_2"":""LKA.3.3_1"",""migration_date"":""2025-12-20"",""migration_method"":""puzzle2_2"",""name_2"":""Ella""},{""gid_2"":""LKA.3.4_1"",""migration_date"":""2025-12-20"",""migration_method"":""puzzle2_2"",""name_2"":""Hali-Ela""},{""gid_2"":""LKA.3.5_1"",""migration_date"":""2025-12-20"",""migration_method"":""puzzle2_2"",""name_2"":""Haputale""},{""gid_2"":""LKA.3.6_1"",""migration_date"":""2025-12-20"",""migration_method"":""puzzle2_2"",""name_2"":""Hildummulla""},{""gid_2"":""LKA.3.7_1"",""migration_date"":""2025-12-20"",""migration_method"":""puzzle2_2"",""name_2"":""Kandaketiya""},{""gid_2"":""LKA.3.8_1"",""migration_date"":""2025-12-20"",""migration_method"":""puzzle2_2"",""name_2"":""Lunugala""},{""gid_2"":""LKA.3.9_1"",""migration_date"":""2025-12-20"",""migration_method"":""puzzle2_2"",""name_2"":""Mahiyanganaya""}]",2014-10-29,2025-12-20,2014-10-28,2014-10-29,2014-10-28
2014-0095-USA,No,nat-hyd-mmw-lan,Natural,Hydrological,Mass movement (wet),Landslide (wet),GLIDE:LS-2014-000040,,USA,United States of America,Northern America,Americas,"Oso village (Snohomish district, Washington province)",Heavy rains and small earthquake,,No,No,No,,,,,,,2014,3.0,22.0,2014,3.0,22.0,43.0,,,150.0,150.0,,,,,20000.0,27198.0,73.53357700926716,"[{""adm2_code"":31660,""adm2_name"":""Snohomish""}]","[{""gid_2"":""USA.48.31_1"",""migration_date"":""2025-12-20"",""migration_method"":""jaccard2"",""name_2"":""Snohomish""}]",2014-04-09,2025-12-20,2014-03-22,2014-03-22,2014-03-22
2015-0054-AFG,No,nat-hyd-mmw-ava,Natural,Hydrological,Mass movement (wet),Avalanche (wet),GLIDE:AV-2015-000016,,AFG,Afghanistan,Southern Asia,Asia,"Laghman, Nangarhar, Panjsher, Badakhshan, Bamyan provinces",Heavy snow,"Flood|Slide (land, mud, snow, rock)",No,No,No,,,,,,,2015,2.0,15.0,2015,2.0,27.0,254.0,72.0,26425.0,6560.0,33057.0,,,,,3000.0,4075.0,73.62080293658643,"[{""adm1_code"":272,""adm1_name"":""Badakhshan""},{""adm1_code"":276,""adm1_name"":""Bamyan""},{""adm1_code"":290,""adm1_name"":""Laghman""},{""adm1_code"":292,""adm1_name"":""Nangarhar""},{""adm1_code"":99879,""adm1_name"":""Panjsher""}]","[{""gid_1"":""AFG.1_1"",""migration_date"":""2025-12-20"",""migration_method"":""jaccard1"",""name_1"":""Badakhshan""},{""gid_1"":""AFG.20_1"",""migration_date"":""2025-12-20"",""migration_method"":""jaccard1"",""name_1"":""Laghman""},{""gid_1"":""AFG.22_1"",""migration_date"":""2025-12-20"",""migration_method"":""jaccard1"",""name_1"":""Nangarhar""},{""gid_1"":""AFG.27_1"",""migration_date"":""2025-12-20"",""migration_method"":""jaccard1"",""name_1"":""Panjshir""},{""gid_2"":""AFG.3.7_1"",""migration_date"":""2025-12-20"",""migration_method"":""puzzle1_2"",""name_2"":""Kahmard""},{""gid_2"":""AFG.5.1_1"",""migration_date"":""2025-12-20"",""migration_method"":""puzzle1_2"",""name_2"":""Bamyan City""},{""gid_2"":""AFG.5.2_1"",""migration_date"":""2025-12-20"",""migration_method"":""puzzle1_2"",""name_2"":""Panjab""},{""gid_2"":""AFG.5.3_1"",""migration_date"":""2025-12-20"",""migration_method"":""puzzle1_2"",""name_2"":""Shibar""},{""gid_2"":""AFG.5.4_1"",""migration_date"":""2025-12-20"",""migration_method"":""puzzle1_2"",""name_2"":""Waras""},{""gid_2"":""AFG.5.5_1"",""migration_date"":""2025-12-20"",""migration_method"":""puzzle1_2"",""name_2"":""Yakawlang""}]",2015-02-25,2025-12-20,2015-02-15,2015-02-27,2015-02-15
2015-0059-AFG,No,nat-hyd-mmw-ava,Natural,Hydrological,Mass movement (wet),Avalanche (wet),,,AFG,Afghanistan,Southern Asia,Asia,Yamgan district,Hevay snowfall,,No,No,No,,,,,,,2015,2.0,15.0,2015,2.0,15.0,6.0,,100.0,,100.0,,,,,,,73.62080293658643,"[{""adm2_code"":100016,""adm2_name"":""Yamgan""}]","[{""gid_2"":""AFG.1.5_1"",""migration_date"":""2025-12-20"",""migration_method"":""bufhaus2"",""name_2"":""Jurm""}]",2015-02-27,2025-12-20,2015-02-15,2015-02-15,2015-02-15
2015-0151-AFG,No,nat-hyd-mmw-lan,Natural,Hydrological,Mass movement (wet),Landslide (wet),GLIDE:FF-2015-000060,,AFG,Afghanistan,Southern Asia,Asia,"Geriy Bala village (Khwahan district, Badakhshan province), Abi Barik village (Argo district, Badakhshan province), Jawzjan, Faryab, Sar-e-Pul, Baghlan, Balkh provinces",Heavy rains and snow melt,Flood,No,No,No,,,,,,,2015,4.0,27.0,2015,5.0,2.0,52.0,,,500.0,500.0,,,,,,,73.62080293658643,"[{""adm1_code"":274,""adm1_name"":""Baghlan""},{""adm1_code"":275,""adm1_name"":""Balkh""},{""adm1_code"":278,""adm1_name"":""Faryab""},{""adm1_code"":283,""adm1_name"":""Jawzjan""},{""adm1_code"":299,""adm1_name"":""Sar-e-Pul""},{""adm2_code"":99999,""adm2_name"":""Khwahan""},{""adm2_code"":100010,""adm2_name"":""Argo""}]","[{""gid_1"":""AFG.13_1"",""migration_date"":""2025-12-20"",""migration_method"":""jaccard1"",""name_1"":""Jawzjan""},{""gid_1"":""AFG.30_1"",""migration_date"":""2025-12-20"",""migration_method"":""jaccard1"",""name_1"":""Sari Pul""},{""gid_1"":""AFG.4_1"",""migration_date"":""2025-12-20"",""migration_method"":""jaccard1"",""name_1"":""Balkh""},{""gid_1"":""AFG.8_1"",""migration_date"":""2025-12-20"",""migration_method"":""jaccard1"",""name_1"":""Faryab""},{""gid_2"":""AFG.1.3_1"",""migration_date"":""2025-12-20"",""migration_method"":""bufhaus2"",""name_2"":""Fayzabad""},{""gid_2"":""AFG.1.6_1"",""migration_date"":""2025-12-20"",""migration_method"":""bufhaus2"",""name_2"":""Khwahan""},{""gid_2"":""AFG.3.10_1"",""migration_date"":""2025-12-20"",""migration_method"":""puzzle1_2"",""name_2"":""Nahrin""},{""gid_2"":""AFG.3.11_1"",""migration_date"":""2025-12-20"",""migration_method"":""puzzle1_2"",""name_2"":""Puli Khumri""},{""gid_2"":""AFG.3.12_1"",""migration_date"":""2025-12-20"",""migration_method"":""puzzle1_2"",""name_2"":""Tala Wa Barfak""},{""gid_2"":""AFG.3.1_1"",""migration_date"":""2025-12-20"",""migration_method"":""puzzle1_2"",""name_2"":""Andarab""},{""gid_2"":""AFG.3.2_1"",""migration_date"":""2025-12-20"",""migration_method"":""puzzle1_2"",""name_2"":""Baghlan City""},{""gid_2"":""AFG.3.3_1"",""migration_date"":""2025-12-20"",""migration_method"":""puzzle1_2"",""name_2"":""Baghlani Jadid""},{""gid_2"":""AFG.3.4_1"",""migration_date"":""2025-12-20"",""migration_method"":""puzzle1_2"",""name_2"":""Burka""},{""gid_2"":""AFG.3.5_1"",""migration_date"":""2025-12-20"",""migration_method"":""puzzle1_2"",""name_2"":""Dahana-I-Ghori""},{""gid_2"":""AFG.3.6_1"",""migration_date"":""2025-12-20"",""migration_method"":""puzzle1_2"",""name_2"":""Doshi""},{""gid_2"":""AFG.3.8_1"",""migration_date"":""2025-12-20"",""migration_method"":""puzzle1_2"",""name_2"":""Khinjan""},{""gid_2"":""AFG.3.9_1"",""migration_date"":""2025-12-20"",""migration_method"":""puzzle1_2"",""name_2"":""Khost Wa Firing""}]",2015-04-28,2025-12-20,2015-04-27,2015-05-02,2015-04-27
2015-0058-AFG,No,nat-hyd-mmw-ava,Natural,Hydrological,Mass movement (wet),Avalanche (wet),,,AFG,Afghanistan,Southern Asia,Asia,Raghestan district (Badakhshan province),Heavy snowfall,,No,No,No,,,,,,,2015,2.0,21.0,2015,2.0,21.0,12.0,,50.0,,50.0,,,,,,,73.62080293658643,"[{""adm2_code"":99998,""adm2_name"":""Raghestan""}]",,2015-02-27,2023-09-25,2015-02-21,2015-02-21,2015-02-21
2015-0411-BGD,No,nat-hyd-mmw-lan,Natural,Hydrological,Mass movement (wet),Landslide (wet),,,BGD,Bangladesh,Southern Asia,Asia,"Lalkhan Bazar area (Chittagong district, Chittagong province)",,,No,No,No,,,,,,,2015,7.0,18.0,2015,7.0,18.0,7.0,3.0,1000.0,,1003.0,,,,,,,73.62080293658643,"[{""adm2_code"":5770,""adm2_name"":""Chittagong""}]","[{""gid_2"":""BGD.2.4_1"",""migration_date"":""2025-12-20"",""migration_method"":""jaccard2"",""name_2"":""Chittagong""}]",2015-09-10,2025-12-20,2015-07-18,2015-07-18,2015-07-18
2015-0157-BRA,No,nat-hyd-mmw-lan,Natural,Hydrological,Mass movement (wet),Landslide (wet),,,BRA,Brazil,Latin America and the Caribbean,Americas,"Salvador city (Salvador district, Bahia state)",Rainfall,,No,No,No,,,,,,,2015,4.0,27.0,2015,4.0,27.0,15.0,,,,,,,,,,,73.62080293658643,"[{""adm2_code"":6865,""adm2_name"":""Salvador""}]","[{""gid_2"":""BRA.5.336_2"",""migration_date"":""2025-12-20"",""migration_method"":""bufhaus2"",""name_2"":""Salvador""}]",2015-05-19,2025-12-20,2015-04-27,2015-04-27,2015-04-27
2015-0109-BDI,No,nat-hyd-mmw-lan,Natural,Hydrological,Mass movement (wet),Landslide (wet),GLIDE:LS-2015-000031,,BDI,Burundi,Sub-Saharan Africa,Africa,"Rutunga river (Muhuta district, Bujumbura rural province)",Heavy rains,,No,No,No,,,,,,,2015,3.0,29.0,2015,3.0,29.0,20.0,,3000.0,,3000.0,,,,,,,73.62080293658643,"[{""adm2_code"":40586,""adm2_name"":""Muhuta""}]","[{""gid_2"":""BDI.3.8_1"",""migration_date"":""2025-12-20"",""migration_method"":""jaccard2"",""name_2"":""Muhuta""}]",2015-04-01,2025-12-20,2015-03-29,2015-03-29,2015-03-29
2015-0510-CHN,No,nat-hyd-mmw-lan,Natural,Hydrological,Mass movement (wet),Landslide (wet),,,CHN,China,Eastern Asia,Asia,"Lindong village (Lishui district, Zhejiang Sheng province)",Flood,,No,No,No,,,,,,,2015,11.0,13.0,2015,11.0,13.0,38.0,,300.0,,300.0,,,,,,,73.62080293658643,"[{""adm2_code"":13329,""adm2_name"":""Lishui""}]","[{""gid_2"":""CHN.31.5_1"",""migration_date"":""2025-12-20"",""migration_method"":""jaccard2"",""name_2"":""Lishui""}]",2015-11-19,2025-12-20,2015-11-13,2015-11-13,2015-11-13
2015-0171-COL,No,nat-hyd-mmw-lan,Natural,Hydrological,Mass movement (wet),Landslide (wet),DFO:4250|GLIDE:FL-2015-000056,,COL,Colombia,Latin America and the Caribbean,Americas,"Salgar city (Antioquia), Amazonas province",Heavy rains,Flood,No,No,No,,,,5.70693,-74.5,Liboriana river,2015,5.0,17.0,2015,5.0,18.0,93.0,48.0,,300.0,348.0,,,,,,,73.62080293658643,"[{""adm1_code"":934,""adm1_name"":""Amazonas""},{""adm2_code"":13428,""adm2_name"":""Salgar""}]","[{""gid_1"":""COL.1_2"",""migration_date"":""2025-12-20"",""migration_method"":""jaccard1"",""name_1"":""Amazonas""},{""gid_1"":""COL.2_2"",""migration_date"":""2025-12-20"",""migration_method"":""parent2_1"",""name_1"":""Antioquia""}]",2015-05-21,2025-12-20,2015-05-17,2015-05-18,2015-05-17
2015-0444-GTM,No,nat-hyd-mmw-lan,Natural,Hydrological,Mass movement (wet),Landslide (wet),DFO:4297|GLIDE:LS-2015-000138,,GTM,Guatemala,Latin America and the Caribbean,Americas,"El Cambray III village (Santa Catarina Pinula district, Guatemala province)",,,Yes,No,No,,,,14.826,-90.613,,2015,10.0,2.0,2015,10.0,3.0,350.0,26.0,1086.0,,1112.0,,,,,5000.0,6792.0,73.62080293658643,"[{""adm2_code"":64844,""adm2_name"":""Santa Catarina Pinula""}]",,2015-10-07,2023-09-25,2015-10-02,2015-10-03,2015-10-02
2015-0428-GIN,No,nat-hyd-mmw-lan,Natural,Hydrological,Mass movement (wet),Landslide (wet),,,GIN,Guinea,Sub-Saharan Africa,Africa,"Kolon Kola area (Boffa district, Boke province)",Heavy rains,,No,No,No,,,,,,,2015,9.0,6.0,2015,9.0,7.0,7.0,12.0,480.0,,492.0,,,,,,,73.62080293658643,"[{""adm2_code"":40708,""adm2_name"":""Boffa""}]","[{""gid_2"":""GIN.1.1_1"",""migration_date"":""2025-12-20"",""migration_method"":""jaccard2"",""name_2"":""Boffa""}]",2015-09-29,2025-12-20,2015-09-06,2015-09-07,2015-09-06
2015-0226-IND,No,nat-hyd-mmw-lan,Natural,Hydrological,Mass movement (wet),Landslide (wet),GLIDE:FL-2015-000064|GLIDE:FL-2015-000066,,IND,India,Southern Asia,Asia,"Barpeta, Sonitpur, Goalpara, Dhemaji, Lakhimpur, Tinsukia, Darrang, Nalbari, Jorhat, Kamrup, Dibrugarh, Nagaon, Bongaigaon districts (Assam province)",Seosnal monsoon,,No,No,No,,,,26.9195,93.87,Bhrahmaputra river,2015,6.0,2.0,2015,6.0,29.0,3.0,,9000.0,,9000.0,,,,,,,73.62080293658643,"[{""adm2_code"":17576,""adm2_name"":""Barpeta""},{""adm2_code"":17578,""adm2_name"":""Darrang""},{""adm2_code"":17580,""adm2_name"":""Dibrugarh""},{""adm2_code"":17581,""adm2_name"":""Goalpara""},{""adm2_code"":17583,""adm2_name"":""Kamrup""},{""adm2_code"":17589,""adm2_name"":""Nagaon""},{""adm2_code"":17590,""adm2_name"":""Nalbari""},{""adm2_code"":17593,""adm2_name"":""Sonitpur""},{""adm2_code"":70086,""adm2_name"":""Bongaigaon""},{""adm2_code"":70087,""adm2_name"":""Dhemaji""},{""adm2_code"":70089,""adm2_name"":""Jorhat""},{""adm2_code"":70091,""adm2_name"":""Lakhimpur""},{""adm2_code"":70093,""adm2_name"":""Tinsukia""}]","[{""gid_1"":""IND.4_1"",""migration_date"":""2025-12-20"",""migration_method"":""parent2_1"",""name_1"":""Assam""}]",2015-07-15,2025-12-20,2015-06-02,2015-06-29,2015-06-02
2015-0181-IDN,No,nat-hyd-mmw-lan,Natural,Hydrological,Mass movement (wet),Landslide (wet),,,IDN,Indonesia,South-eastern Asia,Asia,"Banten, Daerah Istimewa Yogyakarta, Jawa Barat, Jawa Tengah, Jawa Timur provinces",Torrential rains,,No,No,No,,,,,,,2015,5.0,6.0,2015,5.0,6.0,13.0,,,,,,,,,,,73.62080293658643,"[{""adm1_code"":1515,""adm1_name"":""Daerah Istimewa Yogyakarta""},{""adm1_code"":1520,""adm1_name"":""Jawa Tengah""},{""adm1_code"":1521,""adm1_name"":""Jawa Timur""},{""adm1_code"":73610,""adm1_name"":""Banten""},{""adm1_code"":73613,""adm1_name"":""Jawa Barat""}]","[{""gid_1"":""IDN.10_1"",""migration_date"":""2025-12-20"",""migration_method"":""jaccard1"",""name_1"":""Jawa Tengah""},{""gid_1"":""IDN.11_1"",""migration_date"":""2025-12-20"",""migration_method"":""jaccard1"",""name_1"":""Jawa Timur""},{""gid_1"":""IDN.33_1"",""migration_date"":""2025-12-20"",""migration_method"":""jaccard1"",""name_1"":""Yogyakarta""},{""gid_1"":""IDN.4_1"",""migration_date"":""2025-12-20"",""migration_method"":""jaccard1"",""name_1"":""Banten""},{""gid_1"":""IDN.9_1"",""migration_date"":""2025-12-20"",""migration_method"":""jaccard1"",""name_1"":""Jawa Barat""}]",2015-05-21,2025-12-20,2015-05-06,2015-05-06,2015-05-06
2015-0112-IDN,No,nat-hyd-mmw-roc,Natural,Hydrological,Mass movement (wet),Rockfall (wet),,,IDN,Indonesia,South-eastern Asia,Asia,"Cimerak hamlet (Tegalpanjang village, Sukabumi district, Jawa Barat province)",Heavy rains,,No,No,No,,,,,,,2015,3.0,28.0,2015,3.0,28.0,12.0,,,55.0,55.0,,,,,,,73.62080293658643,"[{""adm2_code"":18026,""adm2_name"":""Sukabumi""}]","[{""gid_2"":""IDN.9.24_1"",""migration_date"":""2025-12-20"",""migration_method"":""jaccard2"",""name_2"":""Sukabumi""}]",2015-04-01,2025-12-20,2015-03-28,2015-03-28,2015-03-28
2015-0524-IDN,No,nat-hyd-mmw-lan,Natural,Hydrological,Mass movement (wet),Landslide (wet),,,IDN,Indonesia,South-eastern Asia,Asia,"Lebong Tandai (Bengkulu Utara district, Bengkulu province)",,,No,No,No,,,,,,,2015,12.0,3.0,2015,12.0,3.0,20.0,,,105.0,105.0,,,,,,,73.62080293658643,"[{""adm2_code"":73654,""adm2_name"":""Bengkulu Utara""}]","[{""gid_2"":""IDN.5.2_1"",""migration_date"":""2025-12-20"",""migration_method"":""puzzle2_2"",""name_2"":""Bengkulu Tengah""},{""gid_2"":""IDN.5.3_1"",""migration_date"":""2025-12-20"",""migration_method"":""puzzle2_2"",""name_2"":""Bengkulu Utara""}]",2015-12-03,2025-12-20,2015-12-03,2015-12-03,2015-12-03
2015-0449-MMR,No,nat-hyd-mmw-lan,Natural,Hydrological,Mass movement (wet),Landslide (wet),,,MMR,Myanmar,South-eastern Asia,Asia,"Tonzang village (Falam district, Chin state)",,,No,No,No,,,,,,,2015,10.0,9.0,2015,10.0,9.0,21.0,,,900.0,900.0,,,,,,,73.62080293658643,"[{""adm2_code"":41786,""adm2_name"":""Falam""}]","[{""gid_2"":""MMR.3.2_1"",""migration_date"":""2025-12-20"",""migration_method"":""jaccard2"",""name_2"":""Palam""}]",2015-10-12,2025-12-20,2015-10-09,2015-10-09,2015-10-09
2015-0455-MMR,No,nat-hyd-mmw-lan,Natural,Hydrological,Mass movement (wet),Landslide (wet),,,MMR,Myanmar,South-eastern Asia,Asia,"Hpasawng village (Bawlake district, Kayar province)",Heavy rains,,No,No,No,,,,,,,2015,10.0,11.0,2015,10.0,11.0,17.0,,,300.0,300.0,,,,,,,73.62080293658643,"[{""adm2_code"":41791,""adm2_name"":""Bawlake""}]","[{""gid_2"":""MMR.5.1_1"",""migration_date"":""2025-12-20"",""migration_method"":""jaccard2"",""name_2"":""Bawlake""}]",2015-10-13,2025-12-20,2015-10-11,2015-10-11,2015-10-11
2015-0226-NPL,No,nat-hyd-mmw-lan,Natural,Hydrological,Mass movement (wet),Landslide (wet),GLIDE:FL-2015-000064|GLIDE:FL-2015-000066,,NPL,Nepal,Southern Asia,Asia,"Taplejung area (Mechi district, Eastern province)",Torrential rain,"Flood|Slide (land, mud, snow, rock)",No,No,No,,,,,,,2015,6.0,6.0,2015,6.0,11.0,36.0,18.0,,,18.0,,,,,,,73.62080293658643,"[{""adm2_code"":22355,""adm2_name"":""Mechi""}]","[{""gid_2"":""NPL.2.2_1"",""migration_date"":""2025-12-20"",""migration_method"":""jaccard2"",""name_2"":""Mechi""}]",2015-06-15,2025-12-20,2015-06-06,2015-06-11,2015-06-06
2015-0306-NPL,No,nat-hyd-mmw-lan,Natural,Hydrological,Mass movement (wet),Landslide (wet),GLIDE:LS-2015-000100,,NPL,Nepal,Southern Asia,Asia,"Kaski area (Gandaki district, Western province), Myagdi area (Dhawalagiri district, Western province), Chitwan area (Narayani district, Central province), Taplejung area (Mechi district, Eastern province)",Heavy rains,,No,No,No,,,,,,,2015,7.0,29.0,2015,8.0,,29.0,18.0,,,18.0,,,,,,,73.62080293658643,"[{""adm2_code"":22353,""adm2_name"":""Narayani""},{""adm2_code"":22355,""adm2_name"":""Mechi""},{""adm2_code"":22362,""adm2_name"":""Dhawalagiri""},{""adm2_code"":22363,""adm2_name"":""Gandaki""}]","[{""gid_2"":""NPL.1.3_1"",""migration_date"":""2025-12-20"",""migration_method"":""jaccard2"",""name_2"":""Narayani""},{""gid_2"":""NPL.2.2_1"",""migration_date"":""2025-12-20"",""migration_method"":""jaccard2"",""name_2"":""Mechi""},{""gid_2"":""NPL.5.1_1"",""migration_date"":""2025-12-20"",""migration_method"":""jaccard2"",""name_2"":""Dhaualagiri""},{""gid_2"":""NPL.5.2_1"",""migration_date"":""2025-12-20"",""migration_method"":""jaccard2"",""name_2"":""Gandaki""}]",2015-08-03,2025-12-20,2015-07-29,2015-08-01,2015-07-29
2015-0454-PAK,No,nat-geo-mmd-roc,Natural,Geophysical,Mass movement (dry),Rockfall (dry),,,PAK,Pakistan,Southern Asia,Asia,"Gulistane Jauhar area (Karachi East District district, Sindh province)",,,No,No,No,,,,,,,2015,10.0,13.0,2015,10.0,13.0,13.0,,,,,,,,,,,73.62080293658643,"[{""adm2_code"":40393,""adm2_name"":""Karachi East District""}]",,2015-10-13,2023-09-25,2015-10-13,2015-10-13,2015-10-13
2015-0119-TJK,No,nat-hyd-mmw-mud,Natural,Hydrological,Mass movement (wet),Mudslide,GLIDE:LS-2015-000034,,TJK,Tajikistan,Central Asia,Asia,"Douchanbe area (Leninskiy district, Tadzhikistan Territories province)",,,No,No,No,,,,,,,2015,4.0,3.0,2015,4.0,3.0,10.0,,,,,,,,,,,73.62080293658643,"[{""adm2_code"":37623,""adm2_name"":""Leninskiy""}]",,2015-04-07,2025-06-25,2015-04-03,2015-04-03,2015-04-03
2016-0482-ARM,No,nat-hyd-mmw-lan,Natural,Hydrological,Mass movement (wet),Landslide (wet),GLIDE:MS-2016-000070,,ARM,Armenia,Western Asia,Asia,"Karchaghbyur city (Vardanis district, Gegharqunik province), Artik city (Artik district, Shirak province)",Heavy hailstorm and rains,,No,No,No,,,,,,,2016,6.0,24.0,2016,6.0,24.0,,,750.0,,750.0,,,,,,,74.54960298643441,"[{""adm2_code"":4905,""adm2_name"":""Vardanis""},{""adm2_code"":4924,""adm2_name"":""Artik""}]",,2016-12-08,2023-09-25,2016-06-24,2016-06-24,2016-06-24
2016-0250-CHN,No,nat-hyd-mmw-lan,Natural,Hydrological,Mass movement (wet),Landslide (wet),,,CHN,China,Eastern Asia,Asia,"Pianpo village (Bijie district, Guizhou Sheng province)",Heavy rains,,No,No,No,,,,,,,2016,7.0,1.0,2016,7.0,1.0,22.0,7.0,,,7.0,,,,,,,74.54960298643441,"[{""adm2_code"":13068,""adm2_name"":""Bijie""}]","[{""gid_2"":""CHN.8.2_1"",""migration_date"":""2025-12-20"",""migration_method"":""jaccard2"",""name_2"":""Bijie""}]",2016-08-01,2025-12-20,2016-07-01,2016-07-01,2016-07-01
2016-0162-CHN,No,nat-hyd-mmw-mud,Natural,Hydrological,Mass movement (wet),Mudslide,,,CHN,China,Eastern Asia,Asia,"Sanming district (Fujian Sheng province), Guangxi Zhuangzu Zizhiqu, Guangdong Sheng, Zhejiang, Jiangxi, Hubei, Hunan, Chongqing, Sichuan, Guizhou, Yunnan provinces",Heavy rains,Flood,No,No,No,,,,,,,2016,5.0,4.0,2016,5.0,11.0,66.0,,237600.0,,237600.0,,,,,700000.0,938972.0,74.54960298643441,"[{""adm1_code"":900,""adm1_name"":""Chongqing Shi""},{""adm1_code"":903,""adm1_name"":""Guangdong Sheng""},{""adm1_code"":904,""adm1_name"":""Guangxi Zhuangzu Zizhiqu""},{""adm1_code"":905,""adm1_name"":""Guizhou Sheng""},{""adm1_code"":911,""adm1_name"":""Hubei Sheng""},{""adm1_code"":912,""adm1_name"":""Hunan Sheng""},{""adm1_code"":914,""adm1_name"":""Jiangxi Sheng""},{""adm1_code"":924,""adm1_name"":""Sichuan Sheng""},{""adm1_code"":929,""adm1_name"":""Yunnan Sheng""},{""adm1_code"":930,""adm1_name"":""Zhejiang Sheng""},{""adm2_code"":13008,""adm2_name"":""Sanming""}]","[{""gid_1"":""CHN.13_1"",""migration_date"":""2025-12-20"",""migration_method"":""jaccard1"",""name_1"":""Hubei""},{""gid_1"":""CHN.14_1"",""migration_date"":""2025-12-20"",""migration_method"":""jaccard1"",""name_1"":""Hunan""},{""gid_1"":""CHN.16_1"",""migration_date"":""2025-12-20"",""migration_method"":""jaccard1"",""name_1"":""Jiangxi""},{""gid_1"":""CHN.26_1"",""migration_date"":""2025-12-20"",""migration_method"":""jaccard1"",""name_1"":""Sichuan""},{""gid_1"":""CHN.30_1"",""migration_date"":""2025-12-20"",""migration_method"":""jaccard1"",""name_1"":""Yunnan""},{""gid_1"":""CHN.31_1"",""migration_date"":""2025-12-20"",""migration_method"":""jaccard1"",""name_1"":""Zhejiang""},{""gid_1"":""CHN.3_1"",""migration_date"":""2025-12-20"",""migration_method"":""jaccard1"",""name_1"":""Chongqing""},{""gid_1"":""CHN.6_1"",""migration_date"":""2025-12-20"",""migration_method"":""jaccard1"",""name_1"":""Guangdong""},{""gid_1"":""CHN.7_1"",""migration_date"":""2025-12-20"",""migration_method"":""jaccard1"",""name_1"":""Guangxi""},{""gid_1"":""CHN.8_1"",""migration_date"":""2025-12-20"",""migration_method"":""jaccard1"",""name_1"":""Guizhou""},{""gid_2"":""CHN.4.7_1"",""migration_date"":""2025-12-20"",""migration_method"":""jaccard2"",""name_2"":""Sanming""}]",2016-05-20,2025-12-20,2016-05-04,2016-05-11,2016-05-04
2016-0255-CHN,No,nat-hyd-mmw-lan,Natural,Hydrological,Mass movement (wet),Landslide (wet),,,CHN,China,Eastern Asia,Asia,Kunlun mountain (Xinjiang Uygur Zizhiqu province),Heavy rains,,No,No,No,,,,,,,2016,7.0,7.0,2016,7.0,7.0,35.0,,,,,,,,,,,74.54960298643441,"[{""adm1_code"":927,""adm1_name"":""Xinjiang Uygur Zizhiqu""}]","[{""gid_1"":""CHN.28_1"",""migration_date"":""2025-12-20"",""migration_method"":""jaccard1"",""name_1"":""Xinjiang Uygur""}]",2016-08-02,2025-12-20,2016-07-07,2016-07-07,2016-07-07
2016-0318-GTM,No,nat-hyd-mmw-lan,Natural,Hydrological,Mass movement (wet),Landslide (wet),,,GTM,Guatemala,Latin America and the Caribbean,Americas,Villa Nueva,Heavy rains,,No,No,No,,,,,,,2016,9.0,6.0,2016,9.0,7.0,10.0,1.0,45.0,,46.0,,,,,,,74.54960298643441,"[{""adm2_code"":64857,""adm2_name"":""Villa Nueva""}]",,2016-09-14,2023-09-25,2016-09-06,2016-09-07,2016-09-06
2016-0195-IND,No,nat-hyd-mmw-lan,Natural,Hydrological,Mass movement (wet),Landslide (wet),,,IND,India,Southern Asia,Asia,Uttarakhand province,Thunderstorms,,No,No,No,,,,,,,2016,5.0,22.0,2016,5.0,22.0,10.0,5.0,,,5.0,,,,,,,74.54960298643441,"[{""adm1_code"":70082,""adm1_name"":""Uttarakhand""}]","[{""gid_1"":""IND.35_1"",""migration_date"":""2025-12-20"",""migration_method"":""jaccard1"",""name_1"":""Uttarakhand""}]",2016-06-24,2025-12-20,2016-05-22,2016-05-22,2016-05-22
2016-0049-IND,No,nat-hyd-mmw-ava,Natural,Hydrological,Mass movement (wet),Avalanche (wet),,,IND,India,Southern Asia,Asia,Jammu and Kashmir (Administrative unit not available) (Siachen glacier),,,No,No,No,,,,,,,2016,2.0,3.0,2016,2.0,3.0,10.0,,,,,,,,,,,74.54960298643441,"[{""adm1_code"":40409,""adm1_name"":""Administrative unit not available""}]","[{""gid_1"":""Z06.6_1"",""migration_date"":""2025-12-20"",""migration_method"":""jaccard1"",""name_1"":""Gilgit-Baltistan""}]",2016-02-23,2025-12-20,2016-02-03,2016-02-03,2016-02-03
2016-0216-IDN,No,nat-hyd-mmw-lan,Natural,Hydrological,Mass movement (wet),Landslide (wet),DFO:4364|GLIDE:FF-2016-000062,,IDN,Indonesia,South-eastern Asia,Asia,"Banjarnegara, Purworejo (Karangrejo Loano), Kebumen, Sukoharjo, Banyumas, Rembang, Karanganyar, Wonogiri, Wonosobo, Surakarta (Jawa Tengah province, Java Isl.), Padang City (Koto Tangah, Lubuk Bengalung, Nanggalo, Padang Selatan, Padang Burat, Bungus Teluk Kabung, Padang Timur; Lubuk Buaya, Tunggul Hitam, Pangambiran, Ampalu, Banda Gadung, Maransi, Parang Jambu, Jondul, Seberang Padang, Pampang, Seberang Palinggam, Lolong, Bungus and Marapalan villages) (Sumatera Barat)",Torrential rains,Flood,No,No,No,,,,,,Bengawan Solo River,2016,6.0,17.0,2016,6.0,21.0,62.0,,,,,,,,,25000.0,33535.0,74.54960298643441,"[{""adm2_code"":18030,""adm2_name"":""Banjarnegara""},{""adm2_code"":18031,""adm2_name"":""Banyumas""},{""adm2_code"":18040,""adm2_name"":""Karanganyar""},{""adm2_code"":18041,""adm2_name"":""Kebumen""},{""adm2_code"":18047,""adm2_name"":""Kota Surakarta""},{""adm2_code"":18055,""adm2_name"":""Purworejo""},{""adm2_code"":18056,""adm2_name"":""Rembang""},{""adm2_code"":18059,""adm2_name"":""Sukoharjo""},{""adm2_code"":18062,""adm2_name"":""Wonogiri""},{""adm2_code"":18063,""adm2_name"":""Wonosobo""},{""adm2_code"":18204,""adm2_name"":""Kota Padang""}]","[{""gid_2"":""IDN.10.11_1"",""migration_date"":""2025-12-20"",""migration_method"":""jaccard2"",""name_2"":""Karanganyar""},{""gid_2"":""IDN.10.12_1"",""migration_date"":""2025-12-20"",""migration_method"":""jaccard2"",""name_2"":""Kebumen""},{""gid_2"":""IDN.10.1_1"",""migration_date"":""2025-12-20"",""migration_method"":""jaccard2"",""name_2"":""Banjarnegara""},{""gid_2"":""IDN.10.25_1"",""migration_date"":""2025-12-20"",""migration_method"":""jaccard2"",""name_2"":""Purworejo""},{""gid_2"":""IDN.10.26_1"",""migration_date"":""2025-12-20"",""migration_method"":""jaccard2"",""name_2"":""Rembang""},{""gid_2"":""IDN.10.2_1"",""migration_date"":""2025-12-20"",""migration_method"":""jaccard2"",""name_2"":""Banyumas""},{""gid_2"":""IDN.10.30_1"",""migration_date"":""2025-12-20"",""migration_method"":""jaccard2"",""name_2"":""Sukoharjo""},{""gid_2"":""IDN.10.31_1"",""migration_date"":""2025-12-20"",""migration_method"":""jaccard2"",""name_2"":""Surakarta""},{""gid_2"":""IDN.10.35_1"",""migration_date"":""2025-12-20"",""migration_method"":""jaccard2"",""name_2"":""Wonogiri""},{""gid_2"":""IDN.10.36_1"",""migration_date"":""2025-12-20"",""migration_method"":""jaccard2"",""name_2"":""Wonosobo""},{""gid_2"":""IDN.30.10_1"",""migration_date"":""2025-12-20"",""migration_method"":""jaccard2"",""name_2"":""Padang""}]",2016-07-06,2025-12-20,2016-06-17,2016-06-21,2016-06-17
2016-0156-IDN,No,nat-hyd-mmw-lan,Natural,Hydrological,Mass movement (wet),Landslide (wet),GLIDE:LS-2016-000051,,IDN,Indonesia,South-eastern Asia,Asia,"Sibolangit (Deli Serdang district, Sumatera Utara province, Sumatra Isl.)",Heavy rains,,No,No,No,,,,,,,2016,5.0,15.0,2016,5.0,15.0,15.0,,,,,,,,,,,74.54960298643441,"[{""adm2_code"":73669,""adm2_name"":""Deli Serdang""}]","[{""gid_2"":""IDN.32.4_1"",""migration_date"":""2025-12-20"",""migration_method"":""jaccard2"",""name_2"":""Deli Serdang""}]",2016-05-19,2025-12-20,2016-05-15,2016-05-15,2016-05-15
2016-0224-MMR,No,nat-hyd-mmw-lan,Natural,Hydrological,Mass movement (wet),Landslide (wet),,,MMR,Myanmar,South-eastern Asia,Asia,Hpakant region (Kachin province),Heavy rains,,No,No,No,,,,,,,2016,5.0,23.0,2016,5.0,23.0,42.0,15.0,,,15.0,,,,,,,74.54960298643441,"[{""adm1_code"":2127,""adm1_name"":""Kachin""}]","[{""gid_1"":""MMR.4_1"",""migration_date"":""2025-12-20"",""migration_method"":""jaccard1"",""name_1"":""Kachin""}]",2016-07-07,2025-12-20,2016-05-23,2016-05-23,2016-05-23
2016-0164-RWA,No,nat-hyd-mmw-lan,Natural,Hydrological,Mass movement (wet),Landslide (wet),DFO:4353,,RWA,Rwanda,Sub-Saharan Africa,Africa,"Gakenke district (North/Amajyaruguru province), Muhanga district (South/Amajyepfo province), Rubavu district (West/Iburengerazuba province), Ngororero districts (West/Iburengerazuba province)",Heavy rains,,No,No,No,,,,-2.057,30.012,,2016,5.0,7.0,2016,5.0,8.0,50.0,30.0,30000.0,,30030.0,,,,,,,74.54960298643441,"[{""adm2_code"":21976,""adm2_name"":""Gakenke""},{""adm2_code"":21987,""adm2_name"":""Muhanga""},{""adm2_code"":21990,""adm2_name"":""Ngororero""},{""adm2_code"":21998,""adm2_name"":""Rubavu""}]","[{""gid_2"":""RWA.1.2_1"",""migration_date"":""2025-12-20"",""migration_method"":""jaccard2"",""name_2"":""Gakenke""},{""gid_2"":""RWA.2.4_1"",""migration_date"":""2025-12-20"",""migration_method"":""jaccard2"",""name_2"":""Muhanga""},{""gid_2"":""RWA.4.2_1"",""migration_date"":""2025-12-20"",""migration_method"":""jaccard2"",""name_2"":""Ngororero""},{""gid_2"":""RWA.4.5_1"",""migration_date"":""2025-12-20"",""migration_method"":""jaccard2"",""name_2"":""Rubavu""}]",2016-05-20,2025-12-20,2016-05-07,2016-05-08,2016-05-07
2016-0148-UGA,No,nat-hyd-mmw-lan,Natural,Hydrological,Mass movement (wet),Landslide (wet),,,UGA,Uganda,Sub-Saharan Africa,Africa,"Bubukwanga, Bukhonzo, Humya, and Bumadu village in Bundibugyo town council (Bundinbugyo district)",Torrential rains,,No,No,No,,,,,,,2016,5.0,10.0,2016,5.0,10.0,15.0,,,1000.0,1000.0,,,,,,,74.54960298643441,"[{""adm2_code"":28395,""adm2_name"":""Bwamba""}]","[{""gid_2"":""UGA.5.1_1"",""migration_date"":""2025-12-20"",""migration_method"":""jaccard2"",""name_2"":""Bwamba""}]",2016-05-12,2025-12-20,2016-05-10,2016-05-10,2016-05-10
2016-0196-YEM,No,nat-hyd-mmw-lan,Natural,Hydrological,Mass movement (wet),Landslide (wet),,,YEM,Yemen,Western Asia,Asia,"Al-Lassbah village (Al-Shamayteen mountain region, Taez province)",Heavy rains,,No,No,No,,,,,,,2016,5.0,22.0,2016,5.0,23.0,20.0,20.0,,,20.0,,,,,,,74.54960298643441,"[{""adm1_code"":3425,""adm1_name"":""Taizz""}]","[{""gid_1"":""YEM.21_1"",""migration_date"":""2025-12-20"",""migration_method"":""jaccard1"",""name_1"":""Ta`izz""}]",2016-06-24,2025-12-20,2016-05-22,2016-05-23,2016-05-22
2017-0027-AFG,No,nat-hyd-mmw-ava,Natural,Hydrological,Mass movement (wet),Avalanche (wet),GLIDE:AV-2017-000013,,AFG,Afghanistan,Southern Asia,Asia,Dawaz Bala (Badakhshan province),,Snow/ice,No,No,No,,,,,,,2017,2.0,5.0,2017,2.0,5.0,73.0,,,,,,,,,,,76.13760370577658,,,2017-02-06,2025-06-25,2017-02-05,2017-02-05,2017-02-05
2017-0026-AFG,No,nat-hyd-mmw-ava,Natural,Hydrological,Mass movement (wet),Avalanche (wet),GLIDE:AV-2017-000013,,AFG,Afghanistan,Southern Asia,Asia,"Afsay Village - Barg-e-Matal district (Nuristan province), Nuristan",,Snow/ice,No,No,No,,,,,,,2017,2.0,5.0,2017,2.0,5.0,50.0,13.0,,350.0,363.0,,,,,,,76.13760370577658,,,2017-02-06,2025-06-25,2017-02-05,2017-02-05,2017-02-05
2017-0031-ARG,No,nat-hyd-mmw-lan,Natural,Hydrological,Mass movement (wet),Landslide (wet),GLIDE:LS-2017-000009,,ARG,Argentina,Latin America and the Caribbean,Americas,"Jujuy Province; Volcán, Bárcenas, Purmamarca (Tumbaya department); León (Dr Manuel Belgrano), Santa Barbara, San Martín (Ledesma), Tumbaya, Humahuaca",Heavy rains,,No,No,No,,,,,,,2017,1.0,10.0,2017,1.0,10.0,,,2666.0,,2666.0,,,,,,,76.13760370577658,"[{""adm2_code"":4645,""adm2_name"":""Dr. Manuel Belgrano""},{""adm2_code"":4648,""adm2_name"":""Humahuaca""},{""adm2_code"":4649,""adm2_name"":""Ledesma""},{""adm2_code"":4654,""adm2_name"":""Santa Barbara""},{""adm2_code"":4658,""adm2_name"":""Tumbaya""}]","[{""gid_2"":""ARG.10.10_1"",""migration_date"":""2025-12-20"",""migration_method"":""jaccard2"",""name_2"":""Santa Bárbara""},{""gid_2"":""ARG.10.14_1"",""migration_date"":""2025-12-20"",""migration_method"":""jaccard2"",""name_2"":""Tumbaya""},{""gid_2"":""ARG.10.1_1"",""migration_date"":""2025-12-20"",""migration_method"":""jaccard2"",""name_2"":""Capital""},{""gid_2"":""ARG.10.4_1"",""migration_date"":""2025-12-20"",""migration_method"":""jaccard2"",""name_2"":""Humahuaca""},{""gid_2"":""ARG.10.5_1"",""migration_date"":""2025-12-20"",""migration_method"":""jaccard2"",""name_2"":""Ledesma""}]",2017-02-08,2025-12-20,2017-01-10,2017-01-10,2017-01-10
2017-0174-BGD,No,nat-hyd-mmw-mud,Natural,Hydrological,Mass movement (wet),Mudslide,GLIDE:LS-2017-000068,,BGD,Bangladesh,Southern Asia,Asia,"Chittagong (Teknaf, Rangunia, Chandanaish), Rangamati, Bandarban, Cox's Bazar, Khagrachari",Monsoon,"Slide (land, mud, snow, rock)",No,No,No,,,,,,,2017,6.0,12.0,2017,6.0,14.0,160.0,187.0,80000.0,,80187.0,,,,,,,76.13760370577658,"[{""adm2_code"":5767,""adm2_name"":""Bandarban""},{""adm2_code"":5770,""adm2_name"":""Chittagong""},{""adm2_code"":5772,""adm2_name"":""Cox's Bazar""},{""adm2_code"":5774,""adm2_name"":""Khagrachhari""},{""adm2_code"":5777,""adm2_name"":""Rangamati""}]","[{""gid_2"":""BGD.2.11_1"",""migration_date"":""2025-12-20"",""migration_method"":""jaccard2"",""name_2"":""Rangamati""},{""gid_2"":""BGD.2.1_1"",""migration_date"":""2025-12-20"",""migration_method"":""jaccard2"",""name_2"":""Bandarban""},{""gid_2"":""BGD.2.4_1"",""migration_date"":""2025-12-20"",""migration_method"":""jaccard2"",""name_2"":""Chittagong""},{""gid_2"":""BGD.2.6_1"",""migration_date"":""2025-12-20"",""migration_method"":""jaccard2"",""name_2"":""Cox'S Bazar""},{""gid_2"":""BGD.2.8_1"",""migration_date"":""2025-12-20"",""migration_method"":""jaccard2"",""name_2"":""Khagrachhari""}]",2017-06-14,2025-12-20,2017-06-12,2017-06-14,2017-06-12
2017-0080-BDI,No,nat-hyd-mmw-lan,Natural,Hydrological,Mass movement (wet),Landslide (wet),,,BDI,Burundi,Sub-Saharan Africa,Africa,"Mabayi district (Cibitoke province);Bujumbura mairie (Butere, Kinama,...); Kiganda district (Muramvya province), Mutimbuzi district (Bujumbura Rural province)",Torrential rains,Flood,No,No,No,,,,,,,2017,3.0,16.0,2017,3.0,22.0,6.0,,,810.0,810.0,,,,,,,76.13760370577658,"[{""adm1_code"":40543,""adm1_name"":""Bujumbura Mairie""},{""adm2_code"":40589,""adm2_name"":""Mutimbuzi""},{""adm2_code"":40607,""adm2_name"":""Mabayi""},{""adm2_code"":40653,""adm2_name"":""Kiganda""}]","[{""gid_1"":""BDI.2_1"",""migration_date"":""2025-12-20"",""migration_method"":""bufhaus1"",""name_1"":""Bujumbura Mairie""},{""gid_2"":""BDI.12.2_1"",""migration_date"":""2025-12-20"",""migration_method"":""jaccard2"",""name_2"":""Kiganda""},{""gid_2"":""BDI.3.11_1"",""migration_date"":""2025-12-20"",""migration_method"":""jaccard2"",""name_2"":""Mutimbuzi""},{""gid_2"":""BDI.6.3_1"",""migration_date"":""2025-12-20"",""migration_method"":""jaccard2"",""name_2"":""Mabayi""}]",2017-03-17,2025-12-20,2017-03-16,2017-03-22,2017-03-16
2017-0529-CHL,No,nat-hyd-mmw-lan,Natural,Hydrological,Mass movement (wet),Landslide (wet),,,CHL,Chile,Latin America and the Caribbean,Americas,"Villa Santa Lucia (Los Lagos region), Hualaihué",Heavy rains,Flood,No,No,No,,,,,,La Maquina,2017,12.0,17.0,2017,12.0,18.0,22.0,12.0,,130.0,142.0,,,,,,,76.13760370577658,"[{""adm2_code"":12957,""adm2_name"":""Palena""}]","[{""gid_2"":""CHL.9.4_1"",""migration_date"":""2025-12-20"",""migration_method"":""jaccard2"",""name_2"":""Palena""}]",2017-12-22,2025-12-20,2017-12-17,2017-12-18,2017-12-17
2017-0201-CHN,No,nat-hyd-mmw-roc,Natural,Hydrological,Mass movement (wet),Rockfall (wet),,,CHN,China,Eastern Asia,Asia,"Xinmo (Mao County, Ngawa Prefecture, Sichuan)",,,No,No,No,,,,,,,2017,6.0,23.0,2017,6.0,23.0,83.0,,400.0,,400.0,,,,,,,76.13760370577658,"[{""adm2_code"":13270,""adm2_name"":""Ngawa Tibetan and Qiang""}]","[{""gid_2"":""CHN.26.16_1"",""migration_date"":""2025-12-20"",""migration_method"":""jaccard2"",""name_2"":""Ngawa Tibetan and Qiang""}]",2017-06-26,2025-12-20,2017-06-23,2017-06-23,2017-06-23
2017-0044-CHN,No,nat-hyd-mmw-lan,Natural,Hydrological,Mass movement (wet),Landslide (wet),,,CHN,China,Eastern Asia,Asia,Nanzhang county (Hubei province),,,No,No,No,,,,,,,2017,1.0,20.0,2017,1.0,20.0,12.0,,,,,,,,,,,76.13760370577658,"[{""adm2_code"":13121,""adm2_name"":""Xiangfan""}]","[{""gid_2"":""CHN.13.13_1"",""migration_date"":""2025-12-20"",""migration_method"":""jaccard2"",""name_2"":""Xiangfan""}]",2017-02-09,2025-12-20,2017-01-20,2017-01-20,2017-01-20
2017-0363-CHN,No,nat-hyd-mmw-lan,Natural,Hydrological,Mass movement (wet),Landslide (wet),,,CHN,China,Eastern Asia,Asia,Bijie (Guizhou province),,,No,No,No,,,,,,,2017,8.0,28.0,2017,8.0,28.0,35.0,8.0,,750.0,758.0,,,,,2300.0,3021.0,76.13760370577658,"[{""adm2_code"":13068,""adm2_name"":""Bijie""}]","[{""gid_2"":""CHN.8.2_1"",""migration_date"":""2025-12-20"",""migration_method"":""jaccard2"",""name_2"":""Bijie""}]",2017-08-28,2025-12-20,2017-08-28,2017-08-28,2017-08-28
2017-0332-CHN,No,nat-hyd-mmw-lan,Natural,Hydrological,Mass movement (wet),Landslide (wet),,,CHN,China,Eastern Asia,Asia,Puge (Liangshan Yi-Sichuan province),Heavy rains,,No,No,No,,,,,,,2017,8.0,7.0,2017,8.0,7.0,25.0,4.0,,,4.0,,,,,,,76.13760370577658,"[{""adm2_code"":13272,""adm2_name"":""Liangshan Yi""}]","[{""gid_2"":""CHN.26.9_1"",""migration_date"":""2025-12-20"",""migration_method"":""jaccard2"",""name_2"":""Liangshan Yi""}]",2017-08-09,2025-12-20,2017-08-07,2017-08-07,2017-08-07
2017-0119-COL,No,nat-hyd-mmw-lan,Natural,Hydrological,Mass movement (wet),Landslide (wet),,,COL,Colombia,Latin America and the Caribbean,Americas,Manizales (Caldes),Torrential rains,,No,No,No,,,,,,,2017,4.0,17.0,2017,4.0,21.0,20.0,23.0,489.0,,512.0,,,,,2000.0,2627.0,76.13760370577658,"[{""adm2_code"":13668,""adm2_name"":""Manizales""}]",,2017-04-25,2023-09-25,2017-04-17,2017-04-21,2017-04-17
2017-0090-COL,No,nat-hyd-mmw-mud,Natural,Hydrological,Mass movement (wet),Mudslide,GLIDE:MS-2017-000033,,COL,Colombia,Latin America and the Caribbean,Americas,"San Fernando, San Miguel, Independencia, Chaparros, San Agustín, Naranjito,Pablo VI, Avenida 17 de Julio, Miraflores, Progres (Mocoa); Putumayo Department",Torrential rain,,Yes,No,Yes,,,,,,"Mocoa, Sangoyaco, Mulato rivers",2017,3.0,31.0,2017,4.0,1.0,329.0,360.0,45000.0,,45360.0,,,,,100000.0,131341.0,76.13760370577658,"[{""adm2_code"":14166,""adm2_name"":""Mocoa""}]",,2017-04-12,2023-09-25,2017-03-31,2017-04-01,2017-03-31
2017-0340-COD,No,nat-hyd-mmw-lan,Natural,Hydrological,Mass movement (wet),Landslide (wet),GLIDE:LS-2017-000118,,COD,Democratic Republic of the Congo,Sub-Saharan Africa,Africa,Tora (Ituri),,,No,No,No,,,,,,,2017,8.0,16.0,2017,8.0,16.0,174.0,10.0,,,10.0,,,,,,,76.13760370577658,"[{""adm2_code"":14992,""adm2_name"":""Ituri""}]","[{""gid_2"":""COD.6.10_1"",""migration_date"":""2025-12-20"",""migration_method"":""puzzle2_2"",""name_2"":""Mambasa""},{""gid_2"":""COD.6.11_1"",""migration_date"":""2025-12-20"",""migration_method"":""puzzle2_2"",""name_2"":""Mongwalu""},{""gid_2"":""COD.6.1_1"",""migration_date"":""2025-12-20"",""migration_method"":""puzzle2_2"",""name_2"":""Ariwara""},{""gid_2"":""COD.6.2_1"",""migration_date"":""2025-12-20"",""migration_method"":""puzzle2_2"",""name_2"":""Aru""},{""gid_2"":""COD.6.3_1"",""migration_date"":""2025-12-20"",""migration_method"":""puzzle2_2"",""name_2"":""Aru (ville)""},{""gid_2"":""COD.6.4_1"",""migration_date"":""2025-12-20"",""migration_method"":""puzzle2_2"",""name_2"":""Bunia""},{""gid_2"":""COD.6.5_1"",""migration_date"":""2025-12-20"",""migration_method"":""puzzle2_2"",""name_2"":""Djugu""},{""gid_2"":""COD.6.6_1"",""migration_date"":""2025-12-20"",""migration_method"":""puzzle2_2"",""name_2"":""Ingbokolo""},{""gid_2"":""COD.6.7_1"",""migration_date"":""2025-12-20"",""migration_method"":""puzzle2_2"",""name_2"":""Irumu""},{""gid_2"":""COD.6.8_1"",""migration_date"":""2025-12-20"",""migration_method"":""puzzle2_2"",""name_2"":""Mahagi""},{""gid_2"":""COD.6.9_1"",""migration_date"":""2025-12-20"",""migration_method"":""puzzle2_2"",""name_2"":""Mahagi (ville)""}]",2017-08-17,2025-12-20,2017-08-16,2017-08-16,2017-08-16
2017-0190-GTM,No,nat-hyd-mmw-lan,Natural,Hydrological,Mass movement (wet),Landslide (wet),,,GTM,Guatemala,Latin America and the Caribbean,Americas,near San Pedro Soloma,,,No,No,No,,,,,,,2017,6.0,20.0,2017,6.0,20.0,11.0,,,,,,,,,,,76.13760370577658,"[{""adm2_code"":65043,""adm2_name"":""Soloma""}]",,2017-06-23,2023-09-25,2017-06-20,2017-06-20,2017-06-20
2017-0483-IND,No,nat-hyd-mmw-lan,Natural,Hydrological,Mass movement (wet),Landslide (wet),,,IND,India,Southern Asia,Asia,"Kotropi, Mandi district (Himachal Pradesh)",,,No,No,No,,,,,,,2017,8.0,13.0,2017,8.0,13.0,46.0,,,100.0,100.0,,,,,,,76.13760370577658,"[{""adm2_code"":17673,""adm2_name"":""Mandi""}]","[{""gid_2"":""IND.13.8_1"",""migration_date"":""2025-12-20"",""migration_method"":""jaccard2"",""name_2"":""Mandi""}]",2017-11-23,2025-12-20,2017-08-13,2017-08-13,2017-08-13
2017-0266-IND,No,nat-hyd-mmw-lan,Natural,Hydrological,Mass movement (wet),Landslide (wet),,,IND,India,Southern Asia,Asia,"Laptap Village, Papumpare district (Arunachal Pradesh)",,,No,No,No,,,,,,,2017,7.0,11.0,2017,7.0,11.0,22.0,,,,,,,,,,,76.13760370577658,"[{""adm2_code"":70085,""adm2_name"":""Papum Pare""}]",,2017-07-18,2023-09-25,2017-07-11,2017-07-11,2017-07-11
2017-0046-IND,No,nat-hyd-mmw-ava,Natural,Hydrological,Mass movement (wet),Avalanche (wet),,,IND,India,Southern Asia,Asia,"Sonamanrg (Ganderbal district), Gurez Valleys (Jammu and Kashmir state)",Heavy snow,,No,No,No,,,,,,,2017,1.0,25.0,2017,1.0,26.0,28.0,,,,,,,,,,,76.13760370577658,"[{""adm1_code"":40424,""adm1_name"":""Administrative unit not available""},{""adm1_code"":40431,""adm1_name"":""Administrative unit not available""}]","[{""gid_2"":""Z01.14.12_1"",""migration_date"":""2025-12-20"",""migration_method"":""puzzle1_2"",""name_2"":""Kupwara""},{""gid_2"":""Z01.14.14_1"",""migration_date"":""2025-12-20"",""migration_method"":""puzzle1_2"",""name_2"":""Poonch""},{""gid_2"":""Z01.14.16_1"",""migration_date"":""2025-12-20"",""migration_method"":""puzzle1_2"",""name_2"":""Rajouri""},{""gid_2"":""Z01.14.18_1"",""migration_date"":""2025-12-20"",""migration_method"":""puzzle1_2"",""name_2"":""Reasi""},{""gid_2"":""Z01.14.21_1"",""migration_date"":""2025-12-20"",""migration_method"":""puzzle1_2"",""name_2"":""Srinagar""},{""gid_2"":""Z01.14.22_1"",""migration_date"":""2025-12-20"",""migration_method"":""puzzle1_2"",""name_2"":""Udhampur""},{""gid_2"":""Z01.14.2_1"",""migration_date"":""2025-12-20"",""migration_method"":""puzzle1_2"",""name_2"":""Badgam""},{""gid_2"":""Z01.14.3_1"",""migration_date"":""2025-12-20"",""migration_method"":""puzzle1_2"",""name_2"":""Bandipore""},{""gid_2"":""Z01.14.4_1"",""migration_date"":""2025-12-20"",""migration_method"":""puzzle1_2"",""name_2"":""Baramulla""},{""gid_2"":""Z01.14.6_1"",""migration_date"":""2025-12-20"",""migration_method"":""puzzle1_2"",""name_2"":""Ganderbal""}]",2017-02-09,2025-12-20,2017-01-25,2017-01-26,2017-01-25
2017-0102-IDN,No,nat-hyd-mmw-lan,Natural,Hydrological,Mass movement (wet),Landslide (wet),,,IDN,Indonesia,South-eastern Asia,Asia,Ponorogo discrict (Java province),Heavy rains,,No,No,No,,,,,,,2017,4.0,1.0,2017,4.0,1.0,28.0,17.0,,160.0,177.0,,,,,11000.0,14448.0,76.13760370577658,"[{""adm2_code"":18092,""adm2_name"":""Ponorogo""}]","[{""gid_2"":""IDN.11.29_1"",""migration_date"":""2025-12-20"",""migration_method"":""jaccard2"",""name_2"":""Ponorogo""}]",2017-04-19,2025-12-20,2017-04-01,2017-04-01,2017-04-01
2017-0068-IDN,No,nat-hyd-mmw-lan,Natural,Hydrological,Mass movement (wet),Landslide (wet),,,IDN,Indonesia,South-eastern Asia,Asia,"Kintamani district (Bali); Java, Lombok, and Sumbawa.",Heavy rains,"Slide (land, mud, snow, rock)",No,No,No,,,,,,,2017,2.0,9.0,2017,2.0,12.0,12.0,,50500.0,,50500.0,,,,,2000.0,2627.0,76.13760370577658,"[{""adm1_code"":1513,""adm1_name"":""Bali""},{""adm1_code"":1515,""adm1_name"":""Daerah Istimewa Yogyakarta""},{""adm1_code"":1516,""adm1_name"":""Dki Jakarta""},{""adm1_code"":1520,""adm1_name"":""Jawa Tengah""},{""adm1_code"":1521,""adm1_name"":""Jawa Timur""},{""adm1_code"":1528,""adm1_name"":""Nusatenggara Barat""},{""adm1_code"":73610,""adm1_name"":""Banten""},{""adm1_code"":73613,""adm1_name"":""Jawa Barat""}]","[{""gid_1"":""IDN.10_1"",""migration_date"":""2025-12-20"",""migration_method"":""jaccard1"",""name_1"":""Jawa Tengah""},{""gid_1"":""IDN.11_1"",""migration_date"":""2025-12-20"",""migration_method"":""jaccard1"",""name_1"":""Jawa Timur""},{""gid_1"":""IDN.20_1"",""migration_date"":""2025-12-20"",""migration_method"":""jaccard1"",""name_1"":""Nusa Tenggara Barat""},{""gid_1"":""IDN.2_1"",""migration_date"":""2025-12-20"",""migration_method"":""jaccard1"",""name_1"":""Bali""},{""gid_1"":""IDN.33_1"",""migration_date"":""2025-12-20"",""migration_method"":""jaccard1"",""name_1"":""Yogyakarta""},{""gid_1"":""IDN.4_1"",""migration_date"":""2025-12-20"",""migration_method"":""jaccard1"",""name_1"":""Banten""},{""gid_1"":""IDN.7_1"",""migration_date"":""2025-12-20"",""migration_method"":""jaccard1"",""name_1"":""Jakarta Raya""},{""gid_1"":""IDN.9_1"",""migration_date"":""2025-12-20"",""migration_method"":""jaccard1"",""name_1"":""Jawa Barat""}]",2017-03-03,2025-12-20,2017-02-09,2017-02-12,2017-02-09
2017-0146-KGZ,No,nat-hyd-mmw-lan,Natural,Hydrological,Mass movement (wet),Landslide (wet),,,KGZ,Kyrgyzstan,Central Asia,Asia,Ayu village (Uzgen - Osh region),,,No,No,No,,,,,,,2017,4.0,29.0,2017,4.0,29.0,24.0,,,55.0,55.0,,,,,,,76.13760370577658,"[{""adm2_code"":18622,""adm2_name"":""Ozgon""}]","[{""gid_2"":""KGZ.7.7_1"",""migration_date"":""2025-12-20"",""migration_method"":""jaccard2"",""name_2"":""Uzgen""}]",2017-05-18,2025-12-20,2017-04-29,2017-04-29,2017-04-29
2017-0466-MNG,No,nat-hyd-mmw-ava,Natural,Hydrological,Mass movement (wet),Avalanche (wet),,,MNG,Mongolia,Eastern Asia,Asia,"Otgontenger mountain (Khangai mountain range, Zavkhan province)",,,No,No,No,,,,,,,2017,10.0,22.0,2017,10.0,22.0,17.0,,,,,,,,,,,76.13760370577658,"[{""adm2_code"":21766,""adm2_name"":""Otgon""}]","[{""gid_2"":""MNG.9.10_1"",""migration_date"":""2025-12-20"",""migration_method"":""jaccard2"",""name_2"":""Otgon""}]",2017-11-21,2025-12-20,2017-10-22,2017-10-22,2017-10-22
2017-0256-NPL,No,nat-hyd-mmw-lan,Natural,Hydrological,Mass movement (wet),Landslide (wet),,,NPL,Nepal,Southern Asia,Asia,"Parbat, Kaski, Pyuthan, Syangja, Saptari, Mugu, Sindhuli districts (Paunwatole Rayapur of Rupani Rural Municipality)",Rain,Flood,No,No,No,,,,,,Khado River,2017,6.0,30.0,2017,7.0,5.0,11.0,,7500.0,,7500.0,,,,,,,76.13760370577658,"[{""adm2_code"":22356,""adm2_name"":""Sagarmatha""},{""adm2_code"":22360,""adm2_name"":""Rapti""},{""adm2_code"":22362,""adm2_name"":""Dhawalagiri""},{""adm2_code"":22363,""adm2_name"":""Gandaki""}]","[{""gid_2"":""NPL.2.3_1"",""migration_date"":""2025-12-20"",""migration_method"":""jaccard2"",""name_2"":""Sagarmatha""},{""gid_2"":""NPL.4.3_1"",""migration_date"":""2025-12-20"",""migration_method"":""jaccard2"",""name_2"":""Rapti""},{""gid_2"":""NPL.5.1_1"",""migration_date"":""2025-12-20"",""migration_method"":""jaccard2"",""name_2"":""Dhaualagiri""},{""gid_2"":""NPL.5.2_1"",""migration_date"":""2025-12-20"",""migration_method"":""jaccard2"",""name_2"":""Gandaki""}]",2017-07-17,2025-12-20,2017-06-30,2017-07-05,2017-06-30
2017-0025-PAK,No,nat-hyd-mmw-ava,Natural,Hydrological,Mass movement (wet),Avalanche (wet),,,PAK,Pakistan,Southern Asia,Asia,"Tehsil Garam Chashma, Shershal UC Karimabad village, Arandu (Chitral), Dera Ismail Khan (Khyber Pakhtunkhwa province), Bazaar Zakhakhel, Badi Samoor area of Khar (Bajaur) (Federally Administered Tribal Areas of Pakistan), between Chagai and Nushki (Balochistan)",,Rain|Snow/ice,No,No,No,,,,,,,2017,2.0,4.0,2017,2.0,4.0,9.0,3.0,110.0,,113.0,,,,,,,76.13760370577658,"[{""adm2_code"":23614,""adm2_name"":""Chagai District""},{""adm2_code"":23631,""adm2_name"":""Bajaur Agency""},{""adm2_code"":23642,""adm2_name"":""D. I. Khan District""},{""adm2_code"":40334,""adm2_name"":""Chitral District""}]","[{""gid_1"":""PAK.3_1"",""migration_date"":""2025-12-20"",""migration_method"":""within2_1"",""name_1"":""Federally Administered Tribal Ar""},{""gid_2"":""PAK.2.4_1"",""migration_date"":""2025-12-20"",""migration_method"":""jaccard2"",""name_2"":""Quetta""},{""gid_2"":""PAK.5.2_1"",""migration_date"":""2025-12-20"",""migration_method"":""jaccard2"",""name_2"":""Dera Ismail Khan""},{""gid_2"":""PAK.5.6_1"",""migration_date"":""2025-12-20"",""migration_method"":""bufhaus2"",""name_2"":""Malakand""}]",2017-02-06,2025-12-20,2017-02-04,2017-02-04,2017-02-04
2017-0343-SLE,No,nat-hyd-mmw-mud,Natural,Hydrological,Mass movement (wet),Mudslide,GLIDE:MS-2017-000109,,SLE,Sierra Leone,Sub-Saharan Africa,Africa,"Freetown, Regent neighbourhood, Juba/Kaningo, Malama/Kamayama",Torrential rains,"Slide (land, mud, snow, rock)",Yes,Yes,No,,,,,,,2017,8.0,14.0,2017,8.0,14.0,1102.0,100.0,11816.0,,11916.0,,,,,30000.0,39402.0,76.13760370577658,"[{""adm2_code"":111380,""adm2_name"":""Western Area Rur""},{""adm2_code"":111381,""adm2_name"":""Western Area Urb""}]","[{""gid_1"":""SLE.4_1"",""migration_date"":""2025-12-20"",""migration_method"":""parent2_1"",""name_1"":""Western""}]",2017-08-18,2025-12-20,2017-08-14,2017-08-14,2017-08-14
2017-0350-CHE,No,nat-geo-mmd-roc,Natural,Geophysical,Mass movement (dry),Rockfall (dry),,,CHE,Switzerland,Western Europe,Europe,"Bregaglia Valley, Bondo in Graubünden canton",,,No,No,No,,,,,,,2017,8.0,23.0,2017,8.0,23.0,8.0,,200.0,,200.0,,,,,,,76.13760370577658,"[{""adm1_code"":2816,""adm1_name"":""Graubunden""}]","[{""gid_1"":""CHE.10_1"",""migration_date"":""2025-12-20"",""migration_method"":""jaccard1"",""name_1"":""Graubünden""}]",2017-08-25,2025-12-20,2017-08-23,2017-08-23,2017-08-23
2017-0034-TJK,No,nat-hyd-mmw-ava,Natural,Hydrological,Mass movement (wet),Avalanche (wet),,,TJK,Tajikistan,Central Asia,Asia,"Pamir region. Road between Douchanbe (Tadshikistan territories) and Khodjent (Sogd), Gorno-Badakhshan region (East)",,,No,No,No,,,,,,,2017,1.0,27.0,2017,1.0,28.0,13.0,,,,,,,,,,,76.13760370577658,"[{""adm1_code"":2847,""adm1_name"":""Badakhshoni Kuni""},{""adm1_code"":2849,""adm1_name"":""Sogd""},{""adm1_code"":2850,""adm1_name"":""Tadzhikistan Territories""}]","[{""gid_1"":""TJK.2_1"",""migration_date"":""2025-12-20"",""migration_method"":""jaccard1"",""name_1"":""Gorno-Badakhshan""},{""gid_1"":""TJK.4_1"",""migration_date"":""2025-12-20"",""migration_method"":""jaccard1"",""name_1"":""Sughd""},{""gid_1"":""TJK.5_1"",""migration_date"":""2025-12-20"",""migration_method"":""jaccard1"",""name_1"":""Districts of Republican Subordin""}]",2017-02-08,2025-12-20,2017-01-27,2017-01-28,2017-01-27
2018-0189-AFG,No,nat-hyd-mmw-mud,Natural,Hydrological,Mass movement (wet),Mudslide,,,AFG,Afghanistan,Southern Asia,Asia,khenj district (Panjshir),,,No,No,No,,,,,,,2018,7.0,12.0,2018,7.0,12.0,12.0,,,,,,,,,,,77.99726518795474,"[{""adm2_code"":99944,""adm2_name"":""Khenj (Hes-e- Awal)""}]","[{""gid_2"":""AFG.27.1_1"",""migration_date"":""2025-12-20"",""migration_method"":""bufhaus2"",""name_2"":""Hisa-I-Awali Panjsher""}]",2018-07-12,2025-12-20,2018-07-12,2018-07-12,2018-07-12
2018-0415-BRA,No,nat-hyd-mmw-lan,Natural,Hydrological,Mass movement (wet),Landslide (wet),,,BRA,Brazil,Latin America and the Caribbean,Americas,"Niteroi, near Rio de Janeiro",Heavy rains,,No,No,No,,,,,,,2018,11.0,10.0,2018,11.0,10.0,15.0,,,300.0,300.0,,,,,,,77.99726518795474,"[{""adm2_code"":9941,""adm2_name"":""Niteroi""}]","[{""gid_2"":""BRA.19.48_2"",""migration_date"":""2025-12-20"",""migration_method"":""jaccard2"",""name_2"":""Niterói""}]",2018-11-13,2025-12-20,2018-11-10,2018-11-10,2018-11-10
2018-0180-ETH,No,nat-hyd-mmw-lan,Natural,Hydrological,Mass movement (wet),Landslide (wet),,,ETH,Ethiopia,Sub-Saharan Africa,Africa,Gamo Gofa; Sidama,Heavy rains,,No,No,No,,,,,,,2018,5.0,20.0,2018,5.0,26.0,32.0,17.0,,,17.0,,,,,,,77.99726518795474,"[{""adm2_code"":40838,""adm2_name"":""Sidama""},{""adm2_code"":47699,""adm2_name"":""Gamo Gofa""}]","[{""gid_2"":""ETH.10.10_1"",""migration_date"":""2025-12-20"",""migration_method"":""jaccard2"",""name_2"":""Gamo Gofa""},{""gid_2"":""ETH.10.19_1"",""migration_date"":""2025-12-20"",""migration_method"":""jaccard2"",""name_2"":""Sidama""}]",2018-07-03,2025-12-20,2018-05-20,2018-05-26,2018-05-20
2018-0328-ETH,No,nat-hyd-mmw-lan,Natural,Hydrological,Mass movement (wet),Landslide (wet),,,ETH,Ethiopia,Sub-Saharan Africa,Africa,"Isara district in Région des nations, des nationalités et des peuples du Sud (SNNP); Kaffa province",Heavy rains,,No,No,No,,,,,,,2018,9.0,4.0,2018,9.0,4.0,12.0,4.0,,,4.0,,,,,36.0,46.0,77.99726518795474,"[{""adm2_code"":47698,""adm2_name"":""Dawro""}]","[{""gid_2"":""ETH.10.7_1"",""migration_date"":""2025-12-20"",""migration_method"":""jaccard2"",""name_2"":""Dawro""}]",2018-09-05,2025-12-20,2018-09-04,2018-09-04,2018-09-04
2018-0454-IDN,No,nat-hyd-mmw-lan,Natural,Hydrological,Mass movement (wet),Landslide (wet),,,IDN,Indonesia,South-eastern Asia,Asia,Sukabumi (Java),Heavy rains,,No,No,No,,,,,,,2018,12.0,31.0,2019,1.0,1.0,33.0,,,,,,,,,,,77.99726518795474,"[{""adm2_code"":18026,""adm2_name"":""Sukabumi""}]","[{""gid_2"":""IDN.9.24_1"",""migration_date"":""2025-12-20"",""migration_method"":""jaccard2"",""name_2"":""Sukabumi""}]",2019-01-02,2025-12-20,2018-12-31,2019-01-01,2018-12-31
2018-0056-IDN,No,nat-hyd-mmw-lan,Natural,Hydrological,Mass movement (wet),Landslide (wet),,,IDN,Indonesia,South-eastern Asia,Asia,"Pasir Panjang, Purbalingga, Cirebon, Cepu District, Blora Regency, Wanarej, Cilacap Regency, Bandung, Pangandaran, Brebes district (Java)",Heavy rains,Flood,No,No,No,,,,,,,2018,2.0,22.0,2018,2.0,22.0,15.0,14.0,50000.0,,50014.0,,,,,,,77.99726518795474,"[{""adm2_code"":18033,""adm2_name"":""Blora""},{""adm2_code"":18035,""adm2_name"":""Brebes""},{""adm2_code"":18036,""adm2_name"":""Cilacap""},{""adm2_code"":18054,""adm2_name"":""Purbalingga""},{""adm2_code"":73823,""adm2_name"":""Pasir""},{""adm2_code"":18011,""adm2_name"":""Cirebon""},{""adm2_code"":18015,""adm2_name"":""Kota Bandung""},{""adm2_code"":18017,""adm2_name"":""Kota Cirebon""},{""adm2_code"":73636,""adm2_name"":""Bandung""},{""adm2_code"":73667,""adm2_name"":""Ciamis""}]","[{""gid_2"":""IDN.10.24_1"",""migration_date"":""2025-12-20"",""migration_method"":""jaccard2"",""name_2"":""Purbalingga""},{""gid_2"":""IDN.10.4_1"",""migration_date"":""2025-12-20"",""migration_method"":""jaccard2"",""name_2"":""Blora""},{""gid_2"":""IDN.10.6_1"",""migration_date"":""2025-12-20"",""migration_method"":""jaccard2"",""name_2"":""Brebes""},{""gid_2"":""IDN.10.7_1"",""migration_date"":""2025-12-20"",""migration_method"":""jaccard2"",""name_2"":""Cilacap""},{""gid_2"":""IDN.34.10_1"",""migration_date"":""2025-12-20"",""migration_method"":""jaccard2"",""name_2"":""Paser""},{""gid_2"":""IDN.9.14_1"",""migration_date"":""2025-12-20"",""migration_method"":""jaccard2"",""name_2"":""Kota Bandung""},{""gid_2"":""IDN.9.17_1"",""migration_date"":""2025-12-20"",""migration_method"":""jaccard2"",""name_2"":""Kota Cirebon""},{""gid_2"":""IDN.9.1_1"",""migration_date"":""2025-12-20"",""migration_method"":""puzzle2_2"",""name_2"":""Bandung Barat""},{""gid_2"":""IDN.9.27_1"",""migration_date"":""2025-12-20"",""migration_method"":""puzzle2_2"",""name_2"":""Waduk Cirata""},{""gid_2"":""IDN.9.2_1"",""migration_date"":""2025-12-20"",""migration_method"":""puzzle2_2"",""name_2"":""Bandung""},{""gid_2"":""IDN.9.6_1"",""migration_date"":""2025-12-20"",""migration_method"":""jaccard2"",""name_2"":""Ciamis""},{""gid_2"":""IDN.9.8_1"",""migration_date"":""2025-12-20"",""migration_method"":""puzzle2_2"",""name_2"":""Cimahi""},{""gid_2"":""IDN.9.9_1"",""migration_date"":""2025-12-20"",""migration_method"":""jaccard2"",""name_2"":""Cirebon""}]",2018-02-27,2025-12-20,2018-02-22,2018-02-22,2018-02-22
2018-0039-MOZ,No,nat-hyd-mmw-lan,Natural,Hydrological,Mass movement (wet),Landslide (wet),DFO:4573|GLIDE:FL-2018-000018,,MOZ,Mozambique,Sub-Saharan Africa,Africa,Hulene (Maputo),Heavy rains,,No,No,No,,,,,,,2018,2.0,18.0,2018,2.0,19.0,17.0,,300.0,,300.0,,,,,,,77.99726518795474,"[{""adm2_code"":41374,""adm2_name"":""Cidade de Maputo""}]",,2018-02-20,2023-09-25,2018-02-18,2018-02-19,2018-02-18
2018-0240-MMR,No,nat-hyd-mmw-lan,Natural,Hydrological,Mass movement (wet),Landslide (wet),,,MMR,Myanmar,South-eastern Asia,Asia,Lone Khin (Kachin state),Heavy rains,,No,No,No,,,,,,,2018,7.0,15.0,2018,7.0,15.0,15.0,45.0,,,45.0,,,,,,,77.99726518795474,"[{""adm2_code"":41789,""adm2_name"":""Myitkyina""}]","[{""gid_2"":""MMR.4.2_1"",""migration_date"":""2025-12-20"",""migration_method"":""jaccard2"",""name_2"":""Myitkyina""}]",2018-07-27,2025-12-20,2018-07-15,2018-07-15,2018-07-15
2018-0154-MMR,No,nat-geo-mmd-lan,Natural,Geophysical,Mass movement (dry),Landslide (dry),,,MMR,Myanmar,South-eastern Asia,Asia,Hpakant (Kachine state),,,No,No,No,,,,,,,2018,5.0,4.0,2018,5.0,4.0,17.0,,,,,,,,,,,77.99726518795474,"[{""adm2_code"":41789,""adm2_name"":""Myitkyina""}]","[{""gid_2"":""MMR.4.2_1"",""migration_date"":""2025-12-20"",""migration_method"":""jaccard2"",""name_2"":""Myitkyina""}]",2018-05-23,2025-12-20,2018-05-04,2018-05-04,2018-05-04
2018-0208-RWA,No,nat-hyd-mmw-lan,Natural,Hydrological,Mass movement (wet),Landslide (wet),,,RWA,Rwanda,Sub-Saharan Africa,Africa,Rwankuba (Karongi district),,"Slide (land, mud, snow, rock)",No,No,No,,,,,,,2018,5.0,6.0,2018,5.0,6.0,18.0,12.0,,,12.0,,,,,28000.0,35899.0,77.99726518795474,"[{""adm2_code"":21983,""adm2_name"":""Karongi""}]","[{""gid_2"":""RWA.4.1_1"",""migration_date"":""2025-12-20"",""migration_method"":""jaccard2"",""name_2"":""Karongi""}]",2018-07-20,2025-12-20,2018-05-06,2018-05-06,2018-05-06
2018-0272-TUR,No,nat-hyd-mmw-lan,Natural,Hydrological,Mass movement (wet),Landslide (wet),,,TUR,Türkiye,Western Asia,Asia,Sarilar village (Tekirdag region),Heavy rains,Transport accident,No,No,No,,,,,,,2018,7.0,8.0,2018,7.0,8.0,24.0,100.0,,,100.0,,,,,,,77.99726518795474,"[{""adm2_code"":28287,""adm2_name"":""Merkez""}]",,2018-08-08,2023-09-25,2018-07-08,2018-07-08,2018-07-08
2018-0423-UGA,No,nat-hyd-mmw-mud,Natural,Hydrological,Mass movement (wet),Mudslide,,,UGA,Uganda,Sub-Saharan Africa,Africa,Bududa district,,Flood,No,No,No,,,,,,,2018,10.0,11.0,2018,10.0,11.0,51.0,,,,,,,,,,,77.99726518795474,"[{""adm1_code"":1080,""adm1_name"":""Bududa""}]","[{""gid_2"":""UGA.38.3_1"",""migration_date"":""2025-12-20"",""migration_method"":""puzzle1_2"",""name_2"":""Manjiya""}]",2018-11-26,2025-12-20,2018-10-11,2018-10-11,2018-10-11
2018-0010-USA,No,nat-hyd-mmw-mud,Natural,Hydrological,Mass movement (wet),Mudslide,,,USA,United States of America,Northern America,Americas,"Santa Barbara County (Montecito and Carpinteria), Los Angeles County (Burbank), Ventura (California)",Heavy rains,Flood,No,No,No,,,,,,,2018,1.0,8.0,2018,1.0,14.0,21.0,28.0,1338.0,,1366.0,,,,,900000.0,1153887.0,77.99726518795474,"[{""adm2_code"":28883,""adm2_name"":""Los Angeles""},{""adm2_code"":28906,""adm2_name"":""Santa Barbara""},{""adm2_code"":28920,""adm2_name"":""Ventura""}]","[{""gid_2"":""USA.5.19_1"",""migration_date"":""2025-12-20"",""migration_method"":""jaccard2"",""name_2"":""Los Angeles""},{""gid_2"":""USA.5.42_1"",""migration_date"":""2025-12-20"",""migration_method"":""jaccard2"",""name_2"":""Santa Barbara""},{""gid_2"":""USA.5.56_1"",""migration_date"":""2025-12-20"",""migration_method"":""jaccard2"",""name_2"":""Ventura""}]",2018-01-15,2025-12-20,2018-01-08,2018-01-14,2018-01-08
2019-0613-AFG,No,nat-hyd-mmw-lan,Natural,Hydrological,Mass movement (wet),Landslide (wet),,,AFG,Afghanistan,Southern Asia,Asia,Badakhshan Province,,,No,No,No,,,,,,,2019,12.0,11.0,2019,12.0,11.0,40.0,,,,,,,,,,,79.41078460433721,"[{""adm1_code"":272,""adm1_name"":""Badakhshan""}]","[{""gid_1"":""AFG.1_1"",""migration_date"":""2025-12-20"",""migration_method"":""jaccard1"",""name_1"":""Badakhshan""}]",2019-12-12,2025-12-20,2019-12-11,2019-12-11,2019-12-11
2019-0304-BGD,No,nat-hyd-mmw-lan,Natural,Hydrological,Mass movement (wet),Landslide (wet),,,BGD,Bangladesh,Southern Asia,Asia,Cox’s Bazar (Chittagong Division),Mosoon rains,,No,No,No,,,,,,,2019,7.0,2.0,2019,7.0,8.0,2.0,16.0,18000.0,,18016.0,,,,,,,79.41078460433721,"[{""adm2_code"":5772,""adm2_name"":""Cox's Bazar""}]","[{""gid_2"":""BGD.2.6_1"",""migration_date"":""2025-12-20"",""migration_method"":""jaccard2"",""name_2"":""Cox'S Bazar""}]",2019-07-09,2025-12-20,2019-07-02,2019-07-08,2019-07-02
2019-0092-BOL,No,nat-hyd-mmw-mud,Natural,Hydrological,Mass movement (wet),Mudslide,,,BOL,Bolivia (Plurinational State of),Latin America and the Caribbean,Americas,"Cochabamba, Beni, La Paz, Potosi, Chuquisaca, Tarija and Pando",Torrential rains,,No,No,No,,,,,,,2019,2.0,2.0,2019,2.0,4.0,23.0,,,,,,,,,,,79.41078460433721,"[{""adm1_code"":648,""adm1_name"":""Pando""},{""adm1_code"":40443,""adm1_name"":""Beni""},{""adm1_code"":40444,""adm1_name"":""Chuquisaca""},{""adm1_code"":40445,""adm1_name"":""Cochabamba""},{""adm1_code"":40446,""adm1_name"":""La Paz""},{""adm1_code"":40448,""adm1_name"":""Potosi""},{""adm1_code"":40450,""adm1_name"":""Tarija""}]","[{""gid_1"":""BOL.1_1"",""migration_date"":""2025-12-20"",""migration_method"":""jaccard1"",""name_1"":""Chuquisaca""},{""gid_1"":""BOL.2_1"",""migration_date"":""2025-12-20"",""migration_method"":""jaccard1"",""name_1"":""Cochabamba""},{""gid_1"":""BOL.3_1"",""migration_date"":""2025-12-20"",""migration_method"":""jaccard1"",""name_1"":""Beni""},{""gid_1"":""BOL.4_1"",""migration_date"":""2025-12-20"",""migration_method"":""jaccard1"",""name_1"":""La Paz""},{""gid_1"":""BOL.6_1"",""migration_date"":""2025-12-20"",""migration_method"":""jaccard1"",""name_1"":""Pando""},{""gid_1"":""BOL.7_1"",""migration_date"":""2025-12-20"",""migration_method"":""jaccard1"",""name_1"":""Potosí""},{""gid_1"":""BOL.9_1"",""migration_date"":""2025-12-20"",""migration_method"":""jaccard1"",""name_1"":""Tarija""}]",2019-03-08,2025-12-20,2019-02-02,2019-02-04,2019-02-02
2019-0585-BDI,No,nat-hyd-mmw-lan,Natural,Hydrological,Mass movement (wet),Landslide (wet),DFO:4828|GLIDE:FL-2019-000167,,BDI,Burundi,Sub-Saharan Africa,Africa,"Mugina, Nyuempundu, Rukombe, Gikomero (Cibitoke province)",Heavy rains,,No,No,No,,,,,,,2019,12.0,5.0,2019,12.0,5.0,37.0,7.0,9935.0,,9942.0,,,,,,,79.41078460433721,"[{""adm1_code"":40547,""adm1_name"":""Cibitoke""}]","[{""gid_1"":""BDI.6_1"",""migration_date"":""2025-12-20"",""migration_method"":""jaccard1"",""name_1"":""Cibitoke""}]",2019-12-05,2025-12-20,2019-12-05,2019-12-05,2019-12-05
2019-0527-CMR,No,nat-hyd-mmw-lan,Natural,Hydrological,Mass movement (wet),Landslide (wet),,,CMR,Cameroon,Sub-Saharan Africa,Africa,Bafoussam City (West Region),Heavy rains,,No,No,No,,,,,,,2019,10.0,28.0,2019,10.0,28.0,54.0,,,,,,,,,,,79.41078460433721,"[{""adm2_code"":12507,""adm2_name"":""Mifi""}]","[{""gid_2"":""CMR.8.6_1"",""migration_date"":""2025-12-20"",""migration_method"":""jaccard2"",""name_2"":""Mifi""}]",2019-10-30,2025-12-20,2019-10-28,2019-10-28,2019-10-28
2019-0453-TCD,No,nat-hyd-mmw-lan,Natural,Hydrological,Mass movement (wet),Landslide (wet),,,TCD,Chad,Sub-Saharan Africa,Africa,Tibesti Region,,Collapse,No,No,No,,,,,,,2019,9.0,27.0,2019,9.0,27.0,52.0,37.0,,,37.0,,,,,,,79.41078460433721,"[{""adm1_code"":12909,""adm1_name"":""Tibesti""}]","[{""gid_1"":""TCD.21_1"",""migration_date"":""2025-12-20"",""migration_method"":""jaccard1"",""name_1"":""Tibesti""}]",2019-09-30,2025-12-20,2019-09-27,2019-09-27,2019-09-27
2019-0367-CHN,No,nat-hyd-mmw-lan,Natural,Hydrological,Mass movement (wet),Landslide (wet),,,CHN,China,Eastern Asia,Asia,Shuicheng County (Guizhou Province),Heavy rains,,No,No,No,,,,,,,2019,7.0,23.0,2019,7.0,23.0,51.0,,40.0,,40.0,,,,,,,79.41078460433721,"[{""adm2_code"":13064,""adm2_name"":""Liupanshui""}]","[{""gid_2"":""CHN.8.4_1"",""migration_date"":""2025-12-20"",""migration_method"":""jaccard2"",""name_2"":""Liupanshui""}]",2019-07-29,2025-12-20,2019-07-23,2019-07-23,2019-07-23
2019-0400-CHN,No,nat-hyd-mmw-mud,Natural,Hydrological,Mass movement (wet),Mudslide,,,CHN,China,Eastern Asia,Asia,Wenchuan county (Sichuan province),Heavy rains,,No,No,No,,,,,,,2019,8.0,19.0,2019,8.0,20.0,38.0,6.0,6600.0,,6606.0,,,,,200000.0,251855.0,79.41078460433721,"[{""adm2_code"":13270,""adm2_name"":""Ngawa Tibetan and Qiang""}]","[{""gid_2"":""CHN.26.16_1"",""migration_date"":""2025-12-20"",""migration_method"":""jaccard2"",""name_2"":""Ngawa Tibetan and Qiang""}]",2019-08-27,2025-12-20,2019-08-19,2019-08-20,2019-08-19
2019-0175-COL,No,nat-hyd-mmw-lan,Natural,Hydrological,Mass movement (wet),Landslide (wet),,,COL,Colombia,Latin America and the Caribbean,Americas,Rosas (Cauca department) - Barbacoas municapility (Narino department),Heavy rains,,No,No,No,,,,,,,2019,4.0,21.0,2019,4.0,21.0,32.0,,,,,,,,,,,79.41078460433721,"[{""adm2_code"":13748,""adm2_name"":""Rosas""},{""adm2_code"":14064,""adm2_name"":""Barbacoas""}]",,2019-05-06,2023-09-25,2019-04-21,2019-04-21,2019-04-21
2019-0170-COD,No,nat-hyd-mmw-lan,Natural,Hydrological,Mass movement (wet),Landslide (wet),,,COD,Democratic Republic of the Congo,Sub-Saharan Africa,Africa,"Mahanga, Masisi (Osso Banyungu, Nord-Kivu)",Heavy rains,,No,No,No,,,,,,,2019,4.0,26.0,2019,4.0,29.0,13.0,,,450.0,450.0,,,,,,,79.41078460433721,"[{""adm1_code"":1074,""adm1_name"":""Nord-Kivu""}]","[{""gid_1"":""COD.19_1"",""migration_date"":""2025-12-20"",""migration_method"":""jaccard1"",""name_1"":""Nord-Kivu""}]",2019-05-06,2025-12-20,2019-04-26,2019-04-29,2019-04-26
2019-0623-COD,No,nat-hyd-mmw-lan,Natural,Hydrological,Mass movement (wet),Landslide (wet),,,COD,Democratic Republic of the Congo,Sub-Saharan Africa,Africa,Ituri Province,Heavy rains,,No,No,No,,,,,,,2019,12.0,13.0,2019,12.0,14.0,24.0,,,,,,,,,,,79.41078460433721,"[{""adm2_code"":14992,""adm2_name"":""Ituri""}]","[{""gid_2"":""COD.6.10_1"",""migration_date"":""2025-12-20"",""migration_method"":""puzzle2_2"",""name_2"":""Mambasa""},{""gid_2"":""COD.6.11_1"",""migration_date"":""2025-12-20"",""migration_method"":""puzzle2_2"",""name_2"":""Mongwalu""},{""gid_2"":""COD.6.1_1"",""migration_date"":""2025-12-20"",""migration_method"":""puzzle2_2"",""name_2"":""Ariwara""},{""gid_2"":""COD.6.2_1"",""migration_date"":""2025-12-20"",""migration_method"":""puzzle2_2"",""name_2"":""Aru""},{""gid_2"":""COD.6.3_1"",""migration_date"":""2025-12-20"",""migration_method"":""puzzle2_2"",""name_2"":""Aru (ville)""},{""gid_2"":""COD.6.4_1"",""migration_date"":""2025-12-20"",""migration_method"":""puzzle2_2"",""name_2"":""Bunia""},{""gid_2"":""COD.6.5_1"",""migration_date"":""2025-12-20"",""migration_method"":""puzzle2_2"",""name_2"":""Djugu""},{""gid_2"":""COD.6.6_1"",""migration_date"":""2025-12-20"",""migration_method"":""puzzle2_2"",""name_2"":""Ingbokolo""},{""gid_2"":""COD.6.7_1"",""migration_date"":""2025-12-20"",""migration_method"":""puzzle2_2"",""name_2"":""Irumu""},{""gid_2"":""COD.6.8_1"",""migration_date"":""2025-12-20"",""migration_method"":""puzzle2_2"",""name_2"":""Mahagi""},{""gid_2"":""COD.6.9_1"",""migration_date"":""2025-12-20"",""migration_method"":""puzzle2_2"",""name_2"":""Mahagi (ville)""}]",2019-12-17,2025-12-20,2019-12-13,2019-12-14,2019-12-13
2019-0283-ECU,No,nat-hyd-mmw-lan,Natural,Hydrological,Mass movement (wet),Landslide (wet),,,ECU,Ecuador,Latin America and the Caribbean,Americas,"Banos de Agua Santa (Tungurahua province, central Ecuador); Juive Grande",Heavy rains,Flood,No,No,No,,,,,,,2019,6.0,22.0,2019,6.0,22.0,2.0,,145.0,,145.0,,,,,,,79.41078460433721,"[{""adm2_code"":15523,""adm2_name"":""Banos de Agua Santa""}]","[{""gid_2"":""ECU.23.2_1"",""migration_date"":""2025-12-20"",""migration_method"":""jaccard2"",""name_2"":""Baños de Agua Santa""}]",2019-06-25,2025-12-20,2019-06-22,2019-06-22,2019-06-22
2019-0494-ETH,No,nat-hyd-mmw-lan,Natural,Hydrological,Mass movement (wet),Landslide (wet),,,ETH,Ethiopia,Sub-Saharan Africa,Africa,Konta district (SNNPR region),Heavy rains,,No,No,No,,,,,,,2019,10.0,15.0,2019,10.0,15.0,23.0,,,,,,,,,,,79.41078460433721,"[{""adm2_code"":47703,""adm2_name"":""Konta""}]","[{""gid_2"":""ETH.10.17_1"",""migration_date"":""2025-12-20"",""migration_method"":""jaccard2"",""name_2"":""Konta""}]",2019-10-22,2025-12-20,2019-10-15,2019-10-15,2019-10-15
2019-0013-IDN,No,nat-hyd-mmw-lan,Natural,Hydrological,Mass movement (wet),Landslide (wet),GLIDE:FL-2019-000011,,IDN,Indonesia,South-eastern Asia,Asia,"Jenepoto, Maros, Gowa, Makassar-city, Soppeng, Wajo, Barru, Pangkep, Sidra, Bantaeng, Takalar, Selayar, Sinjai districts (Celebes Isl., Sulawesi province)",Heavy rains,Flood,No,No,No,,,,,,,2019,1.0,21.0,2019,1.0,23.0,84.0,47.0,6596.0,,6643.0,,,,,,,79.41078460433721,"[{""adm2_code"":18167,""adm2_name"":""Bantaeng""},{""adm2_code"":18168,""adm2_name"":""Barru""},{""adm2_code"":18172,""adm2_name"":""Gowa""},{""adm2_code"":18173,""adm2_name"":""Jeneponto""},{""adm2_code"":18182,""adm2_name"":""Selayar""},{""adm2_code"":18184,""adm2_name"":""Sinjai""},{""adm2_code"":18185,""adm2_name"":""Soppeng""},{""adm2_code"":18186,""adm2_name"":""Takalar""},{""adm2_code"":18188,""adm2_name"":""Wajo""},{""adm2_code"":73735,""adm2_name"":""Kota Makasar""},{""adm2_code"":73792,""adm2_name"":""Maros""}]","[{""gid_2"":""IDN.26.12_1"",""migration_date"":""2025-12-20"",""migration_method"":""jaccard2"",""name_2"":""Makassar""},{""gid_2"":""IDN.26.13_1"",""migration_date"":""2025-12-20"",""migration_method"":""jaccard2"",""name_2"":""Maros""},{""gid_2"":""IDN.26.19_1"",""migration_date"":""2025-12-20"",""migration_method"":""jaccard2"",""name_2"":""Sinjai""},{""gid_2"":""IDN.26.1_1"",""migration_date"":""2025-12-20"",""migration_method"":""jaccard2"",""name_2"":""Bantaeng""},{""gid_2"":""IDN.26.20_1"",""migration_date"":""2025-12-20"",""migration_method"":""jaccard2"",""name_2"":""Soppeng""},{""gid_2"":""IDN.26.21_1"",""migration_date"":""2025-12-20"",""migration_method"":""jaccard2"",""name_2"":""Takalar""},{""gid_2"":""IDN.26.24_1"",""migration_date"":""2025-12-20"",""migration_method"":""jaccard2"",""name_2"":""Wajo""},{""gid_2"":""IDN.26.2_1"",""migration_date"":""2025-12-20"",""migration_method"":""jaccard2"",""name_2"":""Barru""},{""gid_2"":""IDN.26.6_1"",""migration_date"":""2025-12-20"",""migration_method"":""jaccard2"",""name_2"":""Gowa""},{""gid_2"":""IDN.26.7_1"",""migration_date"":""2025-12-20"",""migration_method"":""jaccard2"",""name_2"":""Jeneponto""},{""gid_2"":""IDN.26.8_1"",""migration_date"":""2025-12-20"",""migration_method"":""jaccard2"",""name_2"":""Kepulauan Selayar""}]",2019-01-23,2025-12-20,2019-01-21,2019-01-23,2019-01-21
2019-0117-IDN,No,nat-hyd-mmw-lan,Natural,Hydrological,Mass movement (wet),Landslide (wet),,,IDN,Indonesia,South-eastern Asia,Asia,Yogyakarta region,Heavy rains,,No,No,No,,,,,,,2019,3.0,20.0,2019,3.0,20.0,5.0,,860.0,,860.0,,,,,,,79.41078460433721,"[{""adm1_code"":1515,""adm1_name"":""Daerah Istimewa Yogyakarta""}]","[{""gid_1"":""IDN.33_1"",""migration_date"":""2025-12-20"",""migration_method"":""jaccard1"",""name_1"":""Yogyakarta""}]",2019-03-20,2025-12-20,2019-03-20,2019-03-20,2019-03-20
2019-0557-KEN,No,nat-hyd-mmw-lan,Natural,Hydrological,Mass movement (wet),Landslide (wet),,,KEN,Kenya,Sub-Saharan Africa,Africa,"Tapach, Parua (West Pokot county)",Heavy rains,Flood,No,No,No,,,,,,,2019,11.0,23.0,2019,11.0,23.0,97.0,,,120.0,120.0,,,,,,,79.41078460433721,"[{""adm2_code"":51394,""adm2_name"":""West Pokot""}]","[{""gid_2"":""KEN.47.1_1"",""migration_date"":""2025-12-20"",""migration_method"":""puzzle2_2"",""name_2"":""Kacheliba""},{""gid_2"":""KEN.47.2_1"",""migration_date"":""2025-12-20"",""migration_method"":""puzzle2_2"",""name_2"":""Kapenguria""},{""gid_2"":""KEN.47.3_1"",""migration_date"":""2025-12-20"",""migration_method"":""puzzle2_2"",""name_2"":""Pokot South""},{""gid_2"":""KEN.47.4_1"",""migration_date"":""2025-12-20"",""migration_method"":""puzzle2_2"",""name_2"":""Sigor""},{""gid_2"":""KEN.47.5_1"",""migration_date"":""2025-12-20"",""migration_method"":""puzzle2_2"",""name_2"":""unknown 3""}]",2019-11-25,2025-12-20,2019-11-23,2019-11-23,2019-11-23
2019-0187-MWI,No,nat-hyd-mmw-lan,Natural,Hydrological,Mass movement (wet),Landslide (wet),,,MWI,Malawi,Sub-Saharan Africa,Africa,Rumphi District,Heavy rains,,No,No,No,,,,,,,2019,4.0,20.0,2019,4.0,20.0,8.0,9.0,100.0,,109.0,,,,,,,79.41078460433721,"[{""adm2_code"":19320,""adm2_name"":""Rumphi""}]","[{""gid_2"":""MWI.25.10_1"",""migration_date"":""2025-12-20"",""migration_method"":""puzzle2_2"",""name_2"":""TA Katumbi""},{""gid_2"":""MWI.25.11_1"",""migration_date"":""2025-12-20"",""migration_method"":""puzzle2_2"",""name_2"":""TA Mwamlowe""},{""gid_2"":""MWI.25.12_1"",""migration_date"":""2025-12-20"",""migration_method"":""puzzle2_2"",""name_2"":""Vwaza Marsh Game Reserve - Rumph""},{""gid_2"":""MWI.25.2_1"",""migration_date"":""2025-12-20"",""migration_method"":""puzzle2_2"",""name_2"":""Nyika National Park - Rumphi""},{""gid_2"":""MWI.25.3_1"",""migration_date"":""2025-12-20"",""migration_method"":""puzzle2_2"",""name_2"":""Rumphi Boma""},{""gid_2"":""MWI.25.4_1"",""migration_date"":""2025-12-20"",""migration_method"":""puzzle2_2"",""name_2"":""SC Chapinduka""},{""gid_2"":""MWI.25.5_1"",""migration_date"":""2025-12-20"",""migration_method"":""puzzle2_2"",""name_2"":""SC Kachulu""},{""gid_2"":""MWI.25.6_1"",""migration_date"":""2025-12-20"",""migration_method"":""puzzle2_2"",""name_2"":""SC Mwahenga""},{""gid_2"":""MWI.25.7_1"",""migration_date"":""2025-12-20"",""migration_method"":""puzzle2_2"",""name_2"":""SC Mwalweni""},{""gid_2"":""MWI.25.8_1"",""migration_date"":""2025-12-20"",""migration_method"":""puzzle2_2"",""name_2"":""SC Mwankhunikira""},{""gid_2"":""MWI.25.9_1"",""migration_date"":""2025-12-20"",""migration_method"":""puzzle2_2"",""name_2"":""TA Chikulamayembe""}]",2019-05-07,2025-12-20,2019-04-20,2019-04-20,2019-04-20
2019-0370-MAR,No,nat-hyd-mmw-lan,Natural,Hydrological,Mass movement (wet),Landslide (wet),,,MAR,Morocco,Northern Africa,Africa,"Near Asni, Al Haouz Province",Heavy rains,"Slide (land, mud, snow, rock)|Transport accident",No,No,No,,,,,,,2019,7.0,24.0,2019,7.0,24.0,15.0,,,,,,,,,,,79.41078460433721,"[{""adm2_code"":147347,""adm2_name"":""Al Haouz""}]","[{""gid_2"":""MAR.8.1_1"",""migration_date"":""2025-12-20"",""migration_method"":""jaccard2"",""name_2"":""Al Haouz""}]",2019-07-29,2025-12-20,2019-07-24,2019-07-24,2019-07-24
2019-0369-MMR,No,nat-hyd-mmw-lan,Natural,Hydrological,Mass movement (wet),Landslide (wet),,,MMR,Myanmar,South-eastern Asia,Asia,Hpakant (Kachin state),Heavy rains,Industrial accidents,No,No,No,,,,,,,2019,7.0,28.0,2019,7.0,28.0,13.0,,,,,,,,,,,79.41078460433721,"[{""adm2_code"":41790,""adm2_name"":""Putao""}]","[{""gid_2"":""MMR.4.3_1"",""migration_date"":""2025-12-20"",""migration_method"":""jaccard2"",""name_2"":""Putao""}]",2019-07-29,2025-12-20,2019-07-28,2019-07-28,2019-07-28
2019-0375-NOR,No,nat-hyd-mmw-lan,Natural,Hydrological,Mass movement (wet),Landslide (wet),HANZE:2237,,NOR,Norway,Northern Europe,Europe,"Jølster Municipality (Sogn og Fjordane County, south-western Norway)",Extreme rain,Flood,No,No,No,,,,,,,2019,7.0,30.0,2019,7.0,30.0,1.0,,150.0,,150.0,,,,,,,79.41078460433721,"[{""adm2_code"":23480,""adm2_name"":""Joelster""}]","[{""gid_2"":""NOR.14.16_1"",""migration_date"":""2025-12-20"",""migration_method"":""jaccard2"",""name_2"":""Jølster""}]",2019-08-02,2025-12-20,2019-07-30,2019-07-30,2019-07-30
2019-0158-PNG,No,nat-hyd-mmw-lan,Natural,Hydrological,Mass movement (wet),Landslide (wet),,,PNG,Papua New Guinea,Melanesia,Oceania,"Tsak valley (Wapenamanda District, Enga Province, Highlands Region)",Heavy rains,,No,No,No,,,,,,,2019,4.0,15.0,2019,4.0,15.0,10.0,,,,,,,,,,,79.41078460433721,"[{""adm2_code"":37500,""adm2_name"":""Wapenamanda""}]",,2019-04-18,2023-09-25,2019-04-15,2019-04-15,2019-04-15
2019-0027-PER,No,nat-hyd-mmw-mud,Natural,Hydrological,Mass movement (wet),Mudslide,,,PER,Peru,Latin America and the Caribbean,Americas,Apurimac department (Abancay province),Heavy rains,,No,No,No,,,,,,,2019,1.0,25.0,2019,1.0,26.0,15.0,28.0,,,28.0,,,,,,,79.41078460433721,"[{""adm1_code"":2330,""adm1_name"":""Apurímac""}]","[{""gid_1"":""PER.3_1"",""migration_date"":""2025-12-20"",""migration_method"":""jaccard1"",""name_1"":""Apurímac""}]",2019-01-28,2025-12-20,2019-01-25,2019-01-26,2019-01-25
2019-0430-UGA,No,nat-hyd-mmw-lan,Natural,Hydrological,Mass movement (wet),Landslide (wet),,,UGA,Uganda,Sub-Saharan Africa,Africa,"Nabiwutulu, Gimadu Bugatiisa, Buluganya Counties (Bulambuli District)",Heavy rains,Flood,No,No,No,,,,,,,2019,8.0,31.0,2019,9.0,3.0,20.0,,,,,,,,,,,79.41078460433721,"[{""adm1_code"":752,""adm1_name"":""Bulambuli""}]","[{""gid_2"":""UGA.54.2_1"",""migration_date"":""2025-12-20"",""migration_method"":""puzzle1_2"",""name_2"":""Bulambuli""},{""gid_2"":""UGA.54.3_1"",""migration_date"":""2025-12-20"",""migration_method"":""puzzle1_2"",""name_2"":""Mt. Elgon Np""}]",2019-09-20,2025-12-20,2019-08-31,2019-09-03,2019-08-31
2019-0623-UGA,No,nat-hyd-mmw-lan,Natural,Hydrological,Mass movement (wet),Landslide (wet),,,UGA,Uganda,Sub-Saharan Africa,Africa,Central and eastern regions,Heavy rains,,No,No,No,,,,,,,2019,12.0,13.0,2019,12.0,14.0,7.0,,1000.0,,1000.0,,,,,,,79.41078460433721,"[{""adm1_code"":747,""adm1_name"":""Budaka""},{""adm1_code"":748,""adm1_name"":""Bugiri""},{""adm1_code"":749,""adm1_name"":""Buikwe""},{""adm1_code"":750,""adm1_name"":""Bukomansimbi""},{""adm1_code"":751,""adm1_name"":""Bukwo""},{""adm1_code"":752,""adm1_name"":""Bulambuli""},{""adm1_code"":756,""adm1_name"":""Buyende""},{""adm1_code"":757,""adm1_name"":""Butambala""},{""adm1_code"":758,""adm1_name"":""Iganga""},{""adm1_code"":759,""adm1_name"":""Kalungu""},{""adm1_code"":760,""adm1_name"":""Kamuli""},{""adm1_code"":761,""adm1_name"":""Kapchorwa""},{""adm1_code"":766,""adm1_name"":""Kween""},{""adm1_code"":768,""adm1_name"":""Luuka""},{""adm1_code"":769,""adm1_name"":""Manafwa""},{""adm1_code"":770,""adm1_name"":""Masaka""},{""adm1_code"":774,""adm1_name"":""Namutumba""},{""adm1_code"":777,""adm1_name"":""Ngora""},{""adm1_code"":785,""adm1_name"":""Sironko""},{""adm1_code"":786,""adm1_name"":""Soroti""},{""adm1_code"":788,""adm1_name"":""Bukedea""},{""adm1_code"":1080,""adm1_name"":""Bududa""},{""adm1_code"":1082,""adm1_name"":""Buvuma""},{""adm1_code"":1086,""adm1_name"":""Gomba""},{""adm1_code"":1234,""adm1_name"":""Kiboga""},{""adm1_code"":1235,""adm1_name"":""Kibuku""},{""adm1_code"":1261,""adm1_name"":""Kumi""},{""adm1_code"":1344,""adm1_name"":""Kyankwanzi""},{""adm1_code"":1363,""adm1_name"":""Mpigi""},{""adm1_code"":1365,""adm1_name"":""Serere""},{""adm1_code"":1366,""adm1_name"":""Lwengo""},{""adm1_code"":1367,""adm1_name"":""Mukono""},{""adm1_code"":1368,""adm1_name"":""Namayingo""},{""adm1_code"":1369,""adm1_name"":""Pallisa""},{""adm1_code"":1371,""adm1_name"":""Rakai""},{""adm1_code"":1372,""adm1_name"":""Lyantonde""},{""adm1_code"":3110,""adm1_name"":""Busia""},{""adm1_code"":3114,""adm1_name"":""Jinja""},{""adm1_code"":3117,""adm1_name"":""Kalangala""},{""adm1_code"":3145,""adm1_name"":""Ssembabule""},{""adm1_code"":42181,""adm1_name"":""Kaberamaido""},{""adm1_code"":42182,""adm1_name"":""Kampala""},{""adm1_code"":42185,""adm1_name"":""Kayunga""},{""adm1_code"":42189,""adm1_name"":""Mayuge""},{""adm1_code"":42195,""adm1_name"":""Nakasongola""},{""adm1_code"":42200,""adm1_name"":""Wakiso""},{""adm1_code"":47068,""adm1_name"":""Amuria""},{""adm1_code"":47071,""adm1_name"":""Butaleja""},{""adm1_code"":47075,""adm1_name"":""Kaliro""},{""adm1_code"":47078,""adm1_name"":""Katakwi""},{""adm1_code"":47083,""adm1_name"":""Luwero""},{""adm1_code"":47085,""adm1_name"":""Mbale""},{""adm1_code"":47087,""adm1_name"":""Mityana""},{""adm1_code"":47088,""adm1_name"":""Mubende""},{""adm1_code"":47089,""adm1_name"":""Nakaseke""},{""adm1_code"":47090,""adm1_name"":""Tororo""}]","[{""gid_1"":""UGA.11_1"",""migration_date"":""2025-12-20"",""migration_method"":""jaccard1"",""name_1"":""Jinja""},{""gid_1"":""UGA.14_1"",""migration_date"":""2025-12-20"",""migration_method"":""jaccard1"",""name_1"":""Kaberamaido""},{""gid_1"":""UGA.16_1"",""migration_date"":""2025-12-20"",""migration_method"":""jaccard1"",""name_1"":""Kampala""},{""gid_1"":""UGA.23_1"",""migration_date"":""2025-12-20"",""migration_method"":""jaccard1"",""name_1"":""Kayunga""},{""gid_1"":""UGA.25_1"",""migration_date"":""2025-12-20"",""migration_method"":""bufhaus1"",""name_1"":""Kiboga""},{""gid_1"":""UGA.25_1"",""migration_date"":""2025-12-20"",""migration_method"":""bufhaus1"",""name_1"":""Kiboga""},{""gid_1"":""UGA.32_1"",""migration_date"":""2025-12-20"",""migration_method"":""bufhaus1"",""name_1"":""Lake Victoria""},{""gid_1"":""UGA.32_1"",""migration_date"":""2025-12-20"",""migration_method"":""bufhaus1"",""name_1"":""Lake Victoria""},{""gid_1"":""UGA.32_1"",""migration_date"":""2025-12-20"",""migration_method"":""bufhaus1"",""name_1"":""Lake Victoria""},{""gid_1"":""UGA.32_1"",""migration_date"":""2025-12-20"",""migration_method"":""bufhaus1"",""name_1"":""Lake Victoria""},{""gid_1"":""UGA.35_1"",""migration_date"":""2025-12-20"",""migration_method"":""bufhaus1"",""name_1"":""Masaka""},{""gid_1"":""UGA.44_1"",""migration_date"":""2025-12-20"",""migration_method"":""bufhaus1"",""name_1"":""Mukono""},{""gid_1"":""UGA.46_1"",""migration_date"":""2025-12-20"",""migration_method"":""jaccard1"",""name_1"":""Nakasongola""},{""gid_1"":""UGA.4_1"",""migration_date"":""2025-12-20"",""migration_method"":""bufhaus1"",""name_1"":""Bugiri""},{""gid_1"":""UGA.53_1"",""migration_date"":""2025-12-20"",""migration_method"":""jaccard1"",""name_1"":""Sembabule""},{""gid_1"":""UGA.57_1"",""migration_date"":""2025-12-20"",""migration_method"":""bufhaus1"",""name_1"":""Wakiso""},{""gid_1"":""UGA.7_1"",""migration_date"":""2025-12-20"",""migration_method"":""jaccard1"",""name_1"":""Busia""},{""gid_2"":""UGA.10.1_1"",""migration_date"":""2025-12-20"",""migration_method"":""puzzle1_2"",""name_2"":""Bugweri""},{""gid_2"":""UGA.10.2_1"",""migration_date"":""2025-12-20"",""migration_method"":""puzzle1_2"",""name_2"":""Busiki""},{""gid_2"":""UGA.10.3_1"",""migration_date"":""2025-12-20"",""migration_method"":""puzzle1_2"",""name_2"":""Kigulu""},{""gid_2"":""UGA.10.4_1"",""migration_date"":""2025-12-20"",""migration_method"":""puzzle1_2"",""name_2"":""Luuka""},{""gid_2"":""UGA.17.1_1"",""migration_date"":""2025-12-20"",""migration_method"":""puzzle1_2"",""name_2"":""Budiope""},{""gid_2"":""UGA.17.2_1"",""migration_date"":""2025-12-20"",""migration_method"":""puzzle1_2"",""name_2"":""Bugabula""},{""gid_2"":""UGA.17.3_1"",""migration_date"":""2025-12-20"",""migration_method"":""puzzle1_2"",""name_2"":""Bulamogi""},{""gid_2"":""UGA.17.4_1"",""migration_date"":""2025-12-20"",""migration_method"":""puzzle1_2"",""name_2"":""Buzaaya""},{""gid_2"":""UGA.20.1_1"",""migration_date"":""2025-12-20"",""migration_method"":""puzzle1_2"",""name_2"":""Kongasis""},{""gid_2"":""UGA.20.2_1"",""migration_date"":""2025-12-20"",""migration_method"":""puzzle1_2"",""name_2"":""Kween""},{""gid_2"":""UGA.20.3_1"",""migration_date"":""2025-12-20"",""migration_method"":""puzzle1_2"",""name_2"":""Tingey""},{""gid_2"":""UGA.22.1_1"",""migration_date"":""2025-12-20"",""migration_method"":""puzzle1_2"",""name_2"":""Amuria""},{""gid_2"":""UGA.22.2_1"",""migration_date"":""2025-12-20"",""migration_method"":""puzzle1_2"",""name_2"":""Kapelebyong""},{""gid_2"":""UGA.22.3_1"",""migration_date"":""2025-12-20"",""migration_method"":""puzzle1_2"",""name_2"":""Usuk""},{""gid_2"":""UGA.29.1_1"",""migration_date"":""2025-12-20"",""migration_method"":""puzzle1_2"",""name_2"":""Bukedea""},{""gid_2"":""UGA.29.2_1"",""migration_date"":""2025-12-20"",""migration_method"":""puzzle1_2"",""name_2"":""Kumi""},{""gid_2"":""UGA.29.3_1"",""migration_date"":""2025-12-20"",""migration_method"":""puzzle1_2"",""name_2"":""Ngora""},{""gid_2"":""UGA.34.1_1"",""migration_date"":""2025-12-20"",""migration_method"":""puzzle1_2"",""name_2"":""Bamunanika""},{""gid_2"":""UGA.34.2_1"",""migration_date"":""2025-12-20"",""migration_method"":""puzzle1_2"",""name_2"":""Katikamu""},{""gid_2"":""UGA.34.3_1"",""migration_date"":""2025-12-20"",""migration_method"":""puzzle1_2"",""name_2"":""Nakaseke""},{""gid_2"":""UGA.38.1_1"",""migration_date"":""2025-12-20"",""migration_method"":""puzzle1_2"",""name_2"":""Bubulo""},{""gid_2"":""UGA.38.2_1"",""migration_date"":""2025-12-20"",""migration_method"":""puzzle1_2"",""name_2"":""Bungokho""},{""gid_2"":""UGA.38.3_1"",""migration_date"":""2025-12-20"",""migration_method"":""puzzle1_2"",""name_2"":""Manjiya""},{""gid_2"":""UGA.38.4_1"",""migration_date"":""2025-12-20"",""migration_method"":""puzzle1_2"",""name_2"":""Mbale""},{""gid_2"":""UGA.42.1_1"",""migration_date"":""2025-12-20"",""migration_method"":""puzzle1_2"",""name_2"":""Butambala""},{""gid_2"":""UGA.42.2_1"",""migration_date"":""2025-12-20"",""migration_method"":""puzzle1_2"",""name_2"":""Gomba""},{""gid_2"":""UGA.42.3_1"",""migration_date"":""2025-12-20"",""migration_method"":""puzzle1_2"",""name_2"":""Mawokota""},{""gid_2"":""UGA.43.1_1"",""migration_date"":""2025-12-20"",""migration_method"":""puzzle1_2"",""name_2"":""Busujju""},{""gid_2"":""UGA.43.2_1"",""migration_date"":""2025-12-20"",""migration_method"":""puzzle1_2"",""name_2"":""Buwekula""},{""gid_2"":""UGA.43.3_1"",""migration_date"":""2025-12-20"",""migration_method"":""puzzle1_2"",""name_2"":""Kassanda""},{""gid_2"":""UGA.43.4_1"",""migration_date"":""2025-12-20"",""migration_method"":""puzzle1_2"",""name_2"":""Mityana""},{""gid_2"":""UGA.50.1_1"",""migration_date"":""2025-12-20"",""migration_method"":""puzzle1_2"",""name_2"":""Budaka""},{""gid_2"":""UGA.50.2_1"",""migration_date"":""2025-12-20"",""migration_method"":""puzzle1_2"",""name_2"":""Butebo""},{""gid_2"":""UGA.50.3_1"",""migration_date"":""2025-12-20"",""migration_method"":""puzzle1_2"",""name_2"":""Kibuku""},{""gid_2"":""UGA.50.4_1"",""migration_date"":""2025-12-20"",""migration_method"":""puzzle1_2"",""name_2"":""Pallisa""},{""gid_2"":""UGA.51.1_1"",""migration_date"":""2025-12-20"",""migration_method"":""puzzle1_2"",""name_2"":""Kabula""},{""gid_2"":""UGA.51.2_1"",""migration_date"":""2025-12-20"",""migration_method"":""puzzle1_2"",""name_2"":""Kakuuto""},{""gid_2"":""UGA.51.3_1"",""migration_date"":""2025-12-20"",""migration_method"":""puzzle1_2"",""name_2"":""Kooki""},{""gid_2"":""UGA.51.4_1"",""migration_date"":""2025-12-20"",""migration_method"":""puzzle1_2"",""name_2"":""Kyotera""},{""gid_2"":""UGA.54.1_1"",""migration_date"":""2025-12-20"",""migration_method"":""puzzle1_2"",""name_2"":""Budadiri""},{""gid_2"":""UGA.54.2_1"",""migration_date"":""2025-12-20"",""migration_method"":""puzzle1_2"",""name_2"":""Bulambuli""},{""gid_2"":""UGA.54.3_1"",""migration_date"":""2025-12-20"",""migration_method"":""puzzle1_2"",""name_2"":""Mt. Elgon Np""},{""gid_2"":""UGA.55.1_1"",""migration_date"":""2025-12-20"",""migration_method"":""puzzle1_2"",""name_2"":""Kasilo""},{""gid_2"":""UGA.55.2_1"",""migration_date"":""2025-12-20"",""migration_method"":""puzzle1_2"",""name_2"":""Serere""},{""gid_2"":""UGA.55.3_1"",""migration_date"":""2025-12-20"",""migration_method"":""puzzle1_2"",""name_2"":""Soroti (Municipality)""},{""gid_2"":""UGA.55.4_1"",""migration_date"":""2025-12-20"",""migration_method"":""puzzle1_2"",""name_2"":""Soroti""},{""gid_2"":""UGA.56.1_1"",""migration_date"":""2025-12-20"",""migration_method"":""puzzle1_2"",""name_2"":""Bunyole""},{""gid_2"":""UGA.56.2_1"",""migration_date"":""2025-12-20"",""migration_method"":""puzzle1_2"",""name_2"":""Kisoko (West Budama)""},{""gid_2"":""UGA.56.3_1"",""migration_date"":""2025-12-20"",""migration_method"":""puzzle1_2"",""name_2"":""Tororo (Municipality)""},{""gid_2"":""UGA.56.4_1"",""migration_date"":""2025-12-20"",""migration_method"":""puzzle1_2"",""name_2"":""Tororo""}]",2020-01-22,2025-12-20,2019-12-13,2019-12-14,2019-12-13
2019-0227-UGA,No,nat-hyd-mmw-lan,Natural,Hydrological,Mass movement (wet),Landslide (wet),GLIDE:FL-2019-000066,,UGA,Uganda,Sub-Saharan Africa,Africa,"Bududa, Bushenyi, Rukiga, Sironko, Mbale, Butaleja Districts",Heavy rains,Flood|Lightening,No,No,No,,,,,,,2019,6.0,4.0,2019,6.0,8.0,61.0,25.0,129928.0,,129953.0,,,,,,,79.41078460433721,"[{""adm1_code"":755,""adm1_name"":""Bushenyi""},{""adm1_code"":785,""adm1_name"":""Sironko""},{""adm1_code"":1080,""adm1_name"":""Bududa""},{""adm1_code"":47071,""adm1_name"":""Butaleja""},{""adm1_code"":47085,""adm1_name"":""Mbale""},{""adm2_code"":28421,""adm2_name"":""Rukiga""}]","[{""gid_2"":""UGA.12.4_1"",""migration_date"":""2025-12-20"",""migration_method"":""jaccard2"",""name_2"":""Rukiga""},{""gid_2"":""UGA.38.2_1"",""migration_date"":""2025-12-20"",""migration_method"":""puzzle1_2"",""name_2"":""Bungokho""},{""gid_2"":""UGA.38.3_1"",""migration_date"":""2025-12-20"",""migration_method"":""puzzle1_2"",""name_2"":""Manjiya""},{""gid_2"":""UGA.38.4_1"",""migration_date"":""2025-12-20"",""migration_method"":""puzzle1_2"",""name_2"":""Mbale""},{""gid_2"":""UGA.54.1_1"",""migration_date"":""2025-12-20"",""migration_method"":""puzzle1_2"",""name_2"":""Budadiri""},{""gid_2"":""UGA.56.1_1"",""migration_date"":""2025-12-20"",""migration_method"":""puzzle1_2"",""name_2"":""Bunyole""},{""gid_2"":""UGA.6.3_1"",""migration_date"":""2025-12-20"",""migration_method"":""puzzle1_2"",""name_2"":""Igara""}]",2019-06-17,2025-12-20,2019-06-04,2019-06-08,2019-06-04
2020-0063-AFG,No,nat-hyd-mmw-ava,Natural,Hydrological,Mass movement (wet),Avalanche (wet),,,AFG,Afghanistan,Southern Asia,Asia,Daykundi Province,,,No,No,No,,,,,,,2020,2.0,13.0,2020,2.0,14.0,22.0,10.0,,250.0,260.0,,,,,,,80.39038300821143,"[{""adm1_code"":99878,""adm1_name"":""Daykundi""}]","[{""gid_1"":""AFG.6_1"",""migration_date"":""2025-12-20"",""migration_method"":""jaccard1"",""name_1"":""Daykundi""}]",2020-02-17,2025-12-20,2020-02-13,2020-02-14,2020-02-13
2020-0260-CHN,No,nat-hyd-mmw-lan,Natural,Hydrological,Mass movement (wet),Landslide (wet),,,CHN,China,Eastern Asia,Asia,Danba County (Sichuan province),,Flood,No,No,No,,,,,,,2020,6.0,17.0,2020,6.0,18.0,4.0,,20000.0,,20000.0,,,,,,,80.39038300821143,"[{""adm2_code"":13271,""adm2_name"":""Garzê Tibetan""}]","[{""gid_2"":""CHN.26.5_1"",""migration_date"":""2025-12-20"",""migration_method"":""jaccard2"",""name_2"":""Garzê Tibetan""}]",2020-06-18,2025-12-20,2020-06-17,2020-06-18,2020-06-17
2020-0488-COL,No,nat-hyd-mmw-lan,Natural,Hydrological,Mass movement (wet),Landslide (wet),GLIDE:FL-2020-000242,,COL,Colombia,Latin America and the Caribbean,Americas,Puerto Valdivia municupality (Antioquia department),,Flood,No,No,No,,,,,,,2020,11.0,23.0,2020,11.0,23.0,18.0,12.0,,,12.0,,,,,,,80.39038300821143,"[{""adm2_code"":13457,""adm2_name"":""Valdivia""}]","[{""gid_2"":""COL.2.116_2"",""migration_date"":""2025-12-20"",""migration_method"":""jaccard2"",""name_2"":""Valdivia""}]",2020-11-24,2025-12-20,2020-11-23,2020-11-23,2020-11-23
2020-0464-SLV,No,nat-hyd-mmw-mud,Natural,Hydrological,Mass movement (wet),Mudslide,GLIDE:LS-2020-000219,,SLV,El Salvador,Latin America and the Caribbean,Americas,Nejapa municipality (San Salvador Department),Heavy rains,,No,No,No,,,,,,,2020,10.0,29.0,2020,10.0,29.0,42.0,,525.0,,525.0,,,,,,,80.39038300821143,"[{""adm2_code"":15753,""adm2_name"":""Nejapa""}]",,2020-11-03,2025-06-25,2020-10-29,2020-10-29,2020-10-29
2020-0222-ETH,No,nat-hyd-mmw-lan,Natural,Hydrological,Mass movement (wet),Landslide (wet),,,ETH,Ethiopia,Sub-Saharan Africa,Africa,Gamo Area,Heavy rains,,No,No,No,,,,,,,2020,5.0,28.0,2020,5.0,28.0,10.0,,,,,,,,,,,80.39038300821143,"[{""adm2_code"":47699,""adm2_name"":""Gamo Gofa""}]","[{""gid_2"":""ETH.10.10_1"",""migration_date"":""2025-12-20"",""migration_method"":""jaccard2"",""name_2"":""Gamo Gofa""}]",2020-06-05,2025-12-20,2020-05-28,2020-05-28,2020-05-28
2020-0240-ETH,No,nat-hyd-mmw-lan,Natural,Hydrological,Mass movement (wet),Landslide (wet),,,ETH,Ethiopia,Sub-Saharan Africa,Africa,"Ale district (Illubabor, Oroma), Gamo Zone in SNNPR region",Heavy rains,,No,No,No,,,,,,,2020,5.0,9.0,2020,5.0,9.0,12.0,,,,,,,,,,,80.39038300821143,"[{""adm2_code"":47699,""adm2_name"":""Gamo Gofa""},{""adm2_code"":149292,""adm2_name"":""Ilubabor""}]","[{""gid_2"":""ETH.10.10_1"",""migration_date"":""2025-12-20"",""migration_method"":""jaccard2"",""name_2"":""Gamo Gofa""},{""gid_2"":""ETH.8.7_1"",""migration_date"":""2025-12-20"",""migration_method"":""jaccard2"",""name_2"":""Ilubabor""}]",2020-06-10,2025-12-20,2020-05-09,2020-05-09,2020-05-09
2020-0220-IND,No,nat-hyd-mmw-lan,Natural,Hydrological,Mass movement (wet),Landslide (wet),,,IND,India,Southern Asia,Asia,"Barak Valley Region (southern Assam State, north-east India); Hailakandi ; Cachar; Karimganj Districts",Heavy ran,,No,No,No,,,,,,,2020,5.0,27.0,2020,6.0,2.0,21.0,,155850.0,,155850.0,,,,,,,80.39038300821143,"[{""adm2_code"":17577,""adm2_name"":""Cachar""},{""adm2_code"":17585,""adm2_name"":""Karimganj""},{""adm2_code"":70088,""adm2_name"":""Hailakandi""}]","[{""gid_2"":""IND.4.13_1"",""migration_date"":""2025-12-20"",""migration_method"":""jaccard2"",""name_2"":""Hailakandi""},{""gid_2"":""IND.4.18_1"",""migration_date"":""2025-12-20"",""migration_method"":""jaccard2"",""name_2"":""Karimganj""},{""gid_2"":""IND.4.4_1"",""migration_date"":""2025-12-20"",""migration_method"":""jaccard2"",""name_2"":""Cachar""}]",2020-06-05,2025-12-20,2020-05-27,2020-06-02,2020-05-27
2020-0332-IND,No,nat-hyd-mmw-lan,Natural,Hydrological,Mass movement (wet),Landslide (wet),,,IND,India,Southern Asia,Asia,Idukki district (Kerala state),Heavy rains,,No,No,No,,,,,,,2020,8.0,7.0,2020,8.0,7.0,70.0,,,,,,,,,,,80.39038300821143,"[{""adm2_code"":17700,""adm2_name"":""Idukki""}]","[{""gid_2"":""IND.17.3_1"",""migration_date"":""2025-12-20"",""migration_method"":""jaccard2"",""name_2"":""Idukki""}]",2020-08-12,2025-12-20,2020-08-07,2020-08-07,2020-08-07
2020-0429-IDN,No,nat-hyd-mmw-lan,Natural,Hydrological,Mass movement (wet),Landslide (wet),,,IDN,Indonesia,South-eastern Asia,Asia,North Tarakan and Central Tarakan (North Kalimantan Province),Heavy rains and high winds,,No,No,No,,,,,,,2020,9.0,28.0,2020,9.0,28.0,11.0,,170.0,,170.0,,,,,,,80.39038300821143,"[{""adm2_code"":73755,""adm2_name"":""Kota Tarakan""}]","[{""gid_2"":""IDN.35.14"",""migration_date"":""2025-12-20"",""migration_method"":""jaccard2"",""name_2"":""Tarakan""}]",2020-10-15,2025-12-20,2020-09-28,2020-09-28,2020-09-28
2020-0574-IRN,No,nat-hyd-mmw-ava,Natural,Hydrological,Mass movement (wet),Avalanche (wet),,,IRN,Iran (Islamic Republic of),Southern Asia,Asia,Darabad mountains,,,No,No,No,,,,,,,2020,12.0,25.0,2020,12.0,25.0,12.0,,,,,,,,,,,80.39038300821143,"[{""adm2_code"":41110,""adm2_name"":""Shemiranat""}]",,2021-01-04,2023-09-25,2020-12-25,2020-12-25,2020-12-25
2020-0365-ITA,No,nat-hyd-mmw-lan,Natural,Hydrological,Mass movement (wet),Landslide (wet),,,ITA,Italy,Southern Europe,Europe,"Chiareggio Locality (Sondrio Province, Lombardy region)",Heavy rains,,No,No,No,,,,,,,2020,8.0,12.0,2020,8.0,12.0,3.0,2.0,180.0,,182.0,,,,,,,80.39038300821143,"[{""adm2_code"":18365,""adm2_name"":""Sondrio""}]","[{""gid_2"":""ITA.10.11_1"",""migration_date"":""2025-12-20"",""migration_method"":""jaccard2"",""name_2"":""Sondrio""}]",2020-08-17,2025-12-20,2020-08-12,2020-08-12,2020-08-12
2020-0269-MMR,No,nat-hyd-mmw-lan,Natural,Hydrological,Mass movement (wet),Landslide (wet),GLIDE:OT-2020-000159,,MMR,Myanmar,South-eastern Asia,Asia,Hpakant Township (western Kachin),Heavy rains,Collapse,No,No,No,,,,,,,2020,7.0,1.0,2020,7.0,2.0,174.0,54.0,1500.0,,1554.0,,,,,,,80.39038300821143,"[{""adm2_code"":41789,""adm2_name"":""Myitkyina""}]","[{""gid_2"":""MMR.4.2_1"",""migration_date"":""2025-12-20"",""migration_method"":""jaccard2"",""name_2"":""Myitkyina""}]",2020-07-02,2025-12-20,2020-07-01,2020-07-02,2020-07-01
2020-0569-NOR,No,nat-hyd-mmw-lan,Natural,Hydrological,Mass movement (wet),Landslide (wet),,,NOR,Norway,Northern Europe,Europe,Ask (Gjerdrum municipality),,,No,No,No,,,,,,,2020,12.0,30.0,2020,12.0,30.0,10.0,10.0,1000.0,,1010.0,,,,,130000.0,161711.0,80.39038300821143,"[{""adm2_code"":23137,""adm2_name"":""Gjerdrum""}]","[{""gid_2"":""NOR.1.9_1"",""migration_date"":""2025-12-20"",""migration_method"":""jaccard2"",""name_2"":""Gjerdrum""}]",2021-01-04,2025-12-20,2020-12-30,2020-12-30,2020-12-30
2020-0457-PAK,No,nat-hyd-mmw-lan,Natural,Hydrological,Mass movement (wet),Landslide (wet),,,PAK,Pakistan,Southern Asia,Asia,"Tangus Village area, Gilgit-Baltistan Region",,,No,No,No,,,,,,,2020,10.0,18.0,2020,10.0,18.0,16.0,,,,,,,,,,,80.39038300821143,"[{""adm2_code"":40417,""adm2_name"":""Administrative unit not available""}]",,2020-10-20,2023-09-25,2020-10-18,2020-10-18,2020-10-18
2020-0571-PNG,No,nat-hyd-mmw-lan,Natural,Hydrological,Mass movement (wet),Landslide (wet),,,PNG,Papua New Guinea,Melanesia,Oceania,Saki village (Goilala district),Heavy rains,,No,No,No,,,,,,,2020,12.0,29.0,2020,12.0,30.0,13.0,,,,,,,,,,,80.39038300821143,"[{""adm2_code"":37471,""adm2_name"":""Goilala""}]",,2021-01-04,2023-09-25,2020-12-29,2020-12-30,2020-12-29
2020-0146-PNG,No,nat-hyd-mmw-lan,Natural,Hydrological,Mass movement (wet),Landslide (wet),,,PNG,Papua New Guinea,Melanesia,Oceania,"Kundiawa-Gembogl District, Chimbu Province",Heavy rains,,No,No,No,,,,,,,2020,4.0,10.0,2020,4.0,10.0,10.0,,100.0,,100.0,,,,,,,80.39038300821143,"[{""adm2_code"":37476,""adm2_name"":""Gembogl""},{""adm2_code"":37480,""adm2_name"":""Kundiawa""}]",,2020-04-16,2023-09-25,2020-04-10,2020-04-10,2020-04-10
2020-0070-PER,No,nat-hyd-mmw-mud,Natural,Hydrological,Mass movement (wet),Mudslide,,,PER,Peru,Latin America and the Caribbean,Americas,"Santa Teresa District (La Convencion Province, Cusco Department); Pisac District (Calca Province, Cusco Department)",,Flood,No,No,No,,,,,,,2020,2.0,23.0,2020,2.0,23.0,15.0,13.0,,,13.0,,,,,,,80.39038300821143,"[{""adm2_code"":24074,""adm2_name"":""Calca""},{""adm2_code"":24080,""adm2_name"":""La Convención""}]","[{""gid_2"":""PER.8.3_1"",""migration_date"":""2025-12-20"",""migration_method"":""jaccard2"",""name_2"":""Calca""},{""gid_2"":""PER.8.9_1"",""migration_date"":""2025-12-20"",""migration_method"":""jaccard2"",""name_2"":""La Convención""}]",2020-02-28,2025-12-20,2020-02-23,2020-02-23,2020-02-23
2020-0568-PHL,No,nat-hyd-mmw-lan,Natural,Hydrological,Mass movement (wet),Landslide (wet),,,PHL,Philippines,South-eastern Asia,Asia,Cebu province,,,No,No,No,,,,,,,2020,12.0,21.0,2020,12.0,21.0,10.0,11.0,,,11.0,,,,,,,80.39038300821143,"[{""adm2_code"":24253,""adm2_name"":""Cebu""}]","[{""gid_2"":""PHL.25.10_1"",""migration_date"":""2025-12-20"",""migration_method"":""puzzle2_2"",""name_2"":""Barili""},{""gid_2"":""PHL.25.11_1"",""migration_date"":""2025-12-20"",""migration_method"":""puzzle2_2"",""name_2"":""Bogo City""},{""gid_2"":""PHL.25.12_1"",""migration_date"":""2025-12-20"",""migration_method"":""puzzle2_2"",""name_2"":""Boljoon""},{""gid_2"":""PHL.25.13_1"",""migration_date"":""2025-12-20"",""migration_method"":""puzzle2_2"",""name_2"":""Borbon""},{""gid_2"":""PHL.25.14_1"",""migration_date"":""2025-12-20"",""migration_method"":""puzzle2_2"",""name_2"":""Carcar""},{""gid_2"":""PHL.25.15_1"",""migration_date"":""2025-12-20"",""migration_method"":""puzzle2_2"",""name_2"":""Carmen""},{""gid_2"":""PHL.25.16_1"",""migration_date"":""2025-12-20"",""migration_method"":""puzzle2_2"",""name_2"":""Catmon""},{""gid_2"":""PHL.25.17_1"",""migration_date"":""2025-12-20"",""migration_method"":""puzzle2_2"",""name_2"":""Cebu City""},{""gid_2"":""PHL.25.18_1"",""migration_date"":""2025-12-20"",""migration_method"":""puzzle2_2"",""name_2"":""Compostela""},{""gid_2"":""PHL.25.19_1"",""migration_date"":""2025-12-20"",""migration_method"":""puzzle2_2"",""name_2"":""Consolacion""},{""gid_2"":""PHL.25.1_1"",""migration_date"":""2025-12-20"",""migration_method"":""puzzle2_2"",""name_2"":""Alcantara""},{""gid_2"":""PHL.25.20_1"",""migration_date"":""2025-12-20"",""migration_method"":""puzzle2_2"",""name_2"":""Cordoba""},{""gid_2"":""PHL.25.21_1"",""migration_date"":""2025-12-20"",""migration_method"":""puzzle2_2"",""name_2"":""Daanbantayan""},{""gid_2"":""PHL.25.22_1"",""migration_date"":""2025-12-20"",""migration_method"":""puzzle2_2"",""name_2"":""Dalaguete""},{""gid_2"":""PHL.25.23_1"",""migration_date"":""2025-12-20"",""migration_method"":""puzzle2_2"",""name_2"":""Danao City""},{""gid_2"":""PHL.25.24_1"",""migration_date"":""2025-12-20"",""migration_method"":""puzzle2_2"",""name_2"":""Danao Lake""},{""gid_2"":""PHL.25.25_1"",""migration_date"":""2025-12-20"",""migration_method"":""puzzle2_2"",""name_2"":""Dumanjug""},{""gid_2"":""PHL.25.26_1"",""migration_date"":""2025-12-20"",""migration_method"":""puzzle2_2"",""name_2"":""Ginatilan""},{""gid_2"":""PHL.25.27_1"",""migration_date"":""2025-12-20"",""migration_method"":""puzzle2_2"",""name_2"":""Lapu-Lapu City""},{""gid_2"":""PHL.25.28_1"",""migration_date"":""2025-12-20"",""migration_method"":""puzzle2_2"",""name_2"":""Liloan""},{""gid_2"":""PHL.25.29_1"",""migration_date"":""2025-12-20"",""migration_method"":""puzzle2_2"",""name_2"":""Madridejos""},{""gid_2"":""PHL.25.2_1"",""migration_date"":""2025-12-20"",""migration_method"":""puzzle2_2"",""name_2"":""Alcoy""},{""gid_2"":""PHL.25.30_1"",""migration_date"":""2025-12-20"",""migration_method"":""puzzle2_2"",""name_2"":""Malabuyoc""},{""gid_2"":""PHL.25.31_1"",""migration_date"":""2025-12-20"",""migration_method"":""puzzle2_2"",""name_2"":""Mandaue City""},{""gid_2"":""PHL.25.32_1"",""migration_date"":""2025-12-20"",""migration_method"":""puzzle2_2"",""name_2"":""Medellin""},{""gid_2"":""PHL.25.33_1"",""migration_date"":""2025-12-20"",""migration_method"":""puzzle2_2"",""name_2"":""Minglanilla""},{""gid_2"":""PHL.25.34_1"",""migration_date"":""2025-12-20"",""migration_method"":""puzzle2_2"",""name_2"":""Moalboal""},{""gid_2"":""PHL.25.35_1"",""migration_date"":""2025-12-20"",""migration_method"":""puzzle2_2"",""name_2"":""Naga City""},{""gid_2"":""PHL.25.36_1"",""migration_date"":""2025-12-20"",""migration_method"":""puzzle2_2"",""name_2"":""Oslob""},{""gid_2"":""PHL.25.37_1"",""migration_date"":""2025-12-20"",""migration_method"":""puzzle2_2"",""name_2"":""Pilar""},{""gid_2"":""PHL.25.38_1"",""migration_date"":""2025-12-20"",""migration_method"":""puzzle2_2"",""name_2"":""Pinamungahan""},{""gid_2"":""PHL.25.39_1"",""migration_date"":""2025-12-20"",""migration_method"":""puzzle2_2"",""name_2"":""Poro""},{""gid_2"":""PHL.25.3_1"",""migration_date"":""2025-12-20"",""migration_method"":""puzzle2_2"",""name_2"":""Alegria""},{""gid_2"":""PHL.25.40_1"",""migration_date"":""2025-12-20"",""migration_method"":""puzzle2_2"",""name_2"":""Ronda""},{""gid_2"":""PHL.25.41_1"",""migration_date"":""2025-12-20"",""migration_method"":""puzzle2_2"",""name_2"":""Samboan""},{""gid_2"":""PHL.25.42_1"",""migration_date"":""2025-12-20"",""migration_method"":""puzzle2_2"",""name_2"":""San Fernando""},{""gid_2"":""PHL.25.43_1"",""migration_date"":""2025-12-20"",""migration_method"":""puzzle2_2"",""name_2"":""San Francisco""},{""gid_2"":""PHL.25.44_1"",""migration_date"":""2025-12-20"",""migration_method"":""puzzle2_2"",""name_2"":""San Remigio""},{""gid_2"":""PHL.25.45_1"",""migration_date"":""2025-12-20"",""migration_method"":""puzzle2_2"",""name_2"":""Santa Fe""},{""gid_2"":""PHL.25.46_1"",""migration_date"":""2025-12-20"",""migration_method"":""puzzle2_2"",""name_2"":""Santander""},{""gid_2"":""PHL.25.47_1"",""migration_date"":""2025-12-20"",""migration_method"":""puzzle2_2"",""name_2"":""Sibonga""},{""gid_2"":""PHL.25.48_1"",""migration_date"":""2025-12-20"",""migration_method"":""puzzle2_2"",""name_2"":""Sogod""},{""gid_2"":""PHL.25.49_1"",""migration_date"":""2025-12-20"",""migration_method"":""puzzle2_2"",""name_2"":""Tabogon""},{""gid_2"":""PHL.25.4_1"",""migration_date"":""2025-12-20"",""migration_method"":""puzzle2_2"",""name_2"":""Aloguinsan""},{""gid_2"":""PHL.25.50_1"",""migration_date"":""2025-12-20"",""migration_method"":""puzzle2_2"",""name_2"":""Tabuelan""},{""gid_2"":""PHL.25.51_1"",""migration_date"":""2025-12-20"",""migration_method"":""puzzle2_2"",""name_2"":""Talisay City""},{""gid_2"":""PHL.25.52_1"",""migration_date"":""2025-12-20"",""migration_method"":""puzzle2_2"",""name_2"":""Toledo City""},{""gid_2"":""PHL.25.53_1"",""migration_date"":""2025-12-20"",""migration_method"":""puzzle2_2"",""name_2"":""Tuburan""},{""gid_2"":""PHL.25.54_1"",""migration_date"":""2025-12-20"",""migration_method"":""puzzle2_2"",""name_2"":""Tudela""},{""gid_2"":""PHL.25.5_1"",""migration_date"":""2025-12-20"",""migration_method"":""puzzle2_2"",""name_2"":""Argao""},{""gid_2"":""PHL.25.6_1"",""migration_date"":""2025-12-20"",""migration_method"":""puzzle2_2"",""name_2"":""Asturias""},{""gid_2"":""PHL.25.7_1"",""migration_date"":""2025-12-20"",""migration_method"":""puzzle2_2"",""name_2"":""Badian""},{""gid_2"":""PHL.25.8_1"",""migration_date"":""2025-12-20"",""migration_method"":""puzzle2_2"",""name_2"":""Balamban""},{""gid_2"":""PHL.25.9_1"",""migration_date"":""2025-12-20"",""migration_method"":""puzzle2_2"",""name_2"":""Bantayan""}]",2020-12-23,2025-12-20,2020-12-21,2020-12-21,2020-12-21
2020-0044-TUR,No,nat-hyd-mmw-ava,Natural,Hydrological,Mass movement (wet),Avalanche (wet),GLIDE:AV-2020-000030,,TUR,Türkiye,Western Asia,Asia,Bahçesaray and Çatak districts (Van province),,,No,No,No,,,,,,,2020,2.0,4.0,2020,2.0,5.0,41.0,84.0,,,84.0,,,,,,,80.39038300821143,"[{""adm2_code"":28335,""adm2_name"":""Bahcesaray""},{""adm2_code"":28338,""adm2_name"":""Catak""}]",,2020-02-05,2025-06-25,2020-02-04,2020-02-05,2020-02-04
2021-0144-AFG,No,nat-hyd-mmw-ava,Natural,Hydrological,Mass movement (wet),Avalanche (wet),,,AFG,Afghanistan,Southern Asia,Asia,"Zarandab Village (Raghistan District, Badakhshan Province)",,,No,No,No,,,,,,,2021,3.0,4.0,2021,3.0,4.0,20.0,,,,,,,,,,,84.16698295725244,"[{""adm2_code"":99998,""adm2_name"":""Raghestan""}]",,2021-03-15,2023-09-25,2021-03-04,2021-03-04,2021-03-04
2021-0711-COL,No,nat-hyd-mmw-lan,Natural,Hydrological,Mass movement (wet),Landslide (wet),,,COL,Colombia,Latin America and the Caribbean,Americas,Mallama Municipality (Narino Department),Heavy rains,,No,No,No,,,,,,,2021,11.0,2.0,2021,11.0,2.0,20.0,10.0,,,10.0,,,,,,,84.16698295725244,"[{""adm2_code"":14097,""adm2_name"":""Mallama""}]",,2021-11-03,2023-09-25,2021-11-02,2021-11-02,2021-11-02
2021-0419-IND,No,nat-hyd-mmw-lan,Natural,Hydrological,Mass movement (wet),Landslide (wet),,,IND,India,Southern Asia,Asia,Bombay,Monsoon rain,Collapse|Rain,No,No,No,,,,,,,2021,7.0,17.0,2021,7.0,18.0,33.0,,,,,,,,,,,84.16698295725244,"[{""adm2_code"":70183,""adm2_name"":""Mumbai Suburban""},{""adm2_code"":70184,""adm2_name"":""Mumbai city""}]","[{""gid_2"":""IND.20.17_1"",""migration_date"":""2025-12-20"",""migration_method"":""jaccard2"",""name_2"":""Mumbai City""},{""gid_2"":""IND.20.18_1"",""migration_date"":""2025-12-20"",""migration_method"":""jaccard2"",""name_2"":""Mumbai Suburban""}]",2021-07-19,2025-12-20,2021-07-17,2021-07-18,2021-07-17
2021-0500-IND,No,nat-hyd-mmw-lan,Natural,Hydrological,Mass movement (wet),Landslide (wet),,,IND,India,Southern Asia,Asia,"Nigul Sari Village (Kinnaur District, Himachal Pradesh State)",Heavy rains,Collapse,No,No,No,,,,,,,2021,8.0,11.0,2021,8.0,11.0,35.0,13.0,,,13.0,,,,,,,84.16698295725244,"[{""adm2_code"":17670,""adm2_name"":""Kinnaur""}]","[{""gid_2"":""IND.13.5_1"",""migration_date"":""2025-12-20"",""migration_method"":""jaccard2"",""name_2"":""Kinnaur""}]",2021-08-12,2025-12-20,2021-08-11,2021-08-11,2021-08-11
2021-0086-IDN,No,nat-hyd-mmw-lan,Natural,Hydrological,Mass movement (wet),Landslide (wet),,,IDN,Indonesia,South-eastern Asia,Asia,"Ngetos Village (Ngetos District, Nganjuk Regency, East Java Province)",,,No,No,No,,,,,,,2021,2.0,14.0,2021,2.0,14.0,19.0,16.0,175.0,,191.0,,,,,,,84.16698295725244,"[{""adm2_code"":18087,""adm2_name"":""Nganjuk""}]","[{""gid_2"":""IDN.11.24_1"",""migration_date"":""2025-12-20"",""migration_method"":""jaccard2"",""name_2"":""Nganjuk""}]",2021-02-17,2025-12-20,2021-02-14,2021-02-14,2021-02-14
2021-0267-IDN,No,nat-hyd-mmw-lan,Natural,Hydrological,Mass movement (wet),Landslide (wet),,,IDN,Indonesia,South-eastern Asia,Asia,"Batang Toru District (South Tapanuli Regency, North Sumatra Province); Gerung District (West Lombok Regency, West Nusa Tenggara Province)",Heavy rains,Flood,No,No,No,,,,,,,2021,4.0,29.0,2021,5.0,1.0,13.0,,1470.0,,1470.0,,,,,,,84.16698295725244,"[{""adm2_code"":18145,""adm2_name"":""Lombok Barat""},{""adm2_code"":73864,""adm2_name"":""Tapanuli Selatan""}]","[{""gid_2"":""IDN.20.4_1"",""migration_date"":""2025-12-20"",""migration_method"":""puzzle2_2"",""name_2"":""Lombok Barat""},{""gid_2"":""IDN.20.7_1"",""migration_date"":""2025-12-20"",""migration_method"":""puzzle2_2"",""name_2"":""Lombok Utara""},{""gid_2"":""IDN.32.21_1"",""migration_date"":""2025-12-20"",""migration_method"":""puzzle2_2"",""name_2"":""Padang Lawas Utara""},{""gid_2"":""IDN.32.22_1"",""migration_date"":""2025-12-20"",""migration_method"":""puzzle2_2"",""name_2"":""Padang Lawas""},{""gid_2"":""IDN.32.30_1"",""migration_date"":""2025-12-20"",""migration_method"":""puzzle2_2"",""name_2"":""Tapanuli Selatan""}]",2021-05-17,2025-12-20,2021-04-29,2021-05-01,2021-04-29
2021-0372-JPN,No,nat-hyd-mmw-mud,Natural,Hydrological,Mass movement (wet),Mudslide,GLIDE:LS-2021-000075,,JPN,Japan,Eastern Asia,Asia,Atami (Shizuoka Prefecture),Heavy rains,,No,No,No,,,,,,,2021,7.0,3.0,2021,7.0,5.0,26.0,,900.0,,900.0,,,,,250000.0,297029.0,84.16698295725244,"[{""adm2_code"":36111,""adm2_name"":""Atamisi""}]",,2021-07-05,2025-06-25,2021-07-03,2021-07-05,2021-07-03
2021-0413-KGZ,No,nat-hyd-mmw-mud,Natural,Hydrological,Mass movement (wet),Mudslide,GLIDE:MS-2021-000082,,KGZ,Kyrgyzstan,Central Asia,Asia,Jalal-Abad region; Aksy District,Heavy rains,,No,No,No,,,,,,,2021,7.0,12.0,2021,7.0,13.0,15.0,,,,,,,,,,,84.16698295725244,"[{""adm2_code"":18603,""adm2_name"":""Aksy""}]","[{""gid_2"":""KGZ.4.1_1"",""migration_date"":""2025-12-20"",""migration_method"":""jaccard2"",""name_2"":""Aksyi""}]",2021-07-15,2025-12-20,2021-07-12,2021-07-13,2021-07-12
2021-0542-RUS,No,nat-hyd-mmw-mud,Natural,Hydrological,Mass movement (wet),Mudslide,,,RUS,Russian Federation,Eastern Europe,Europe,"Gunibsky, Gergebilsky, Levashinsky, Laksky, Kurakhsky Districts (Dagestan)",Heavy rains,,No,No,No,,,,,,,2021,8.0,22.0,2021,8.0,23.0,6.0,,3000.0,3.0,3003.0,,,,,,,84.16698295725244,"[{""adm1_code"":2503,""adm1_name"":""Dagestan Rep.""}]","[{""gid_1"":""RUS.15_1"",""migration_date"":""2025-12-20"",""migration_method"":""jaccard1"",""name_1"":""Dagestan""}]",2021-08-27,2025-12-20,2021-08-22,2021-08-23,2021-08-22
2021-0077-CHE,No,nat-hyd-mmw-ava,Natural,Hydrological,Mass movement (wet),Avalanche (wet),,,CHE,Switzerland,Western Europe,Europe,Swiss Alps. Part of canton Valais was placed under the avalanche danger level 5.,,Snow/ice,No,No,No,,,,,,,2021,1.0,13.0,2021,1.0,31.0,17.0,,,,,,,,,,,84.16698295725244,"[{""adm1_code"":2829,""adm1_name"":""Valais""}]","[{""gid_1"":""CHE.23_1"",""migration_date"":""2025-12-20"",""migration_method"":""jaccard1"",""name_1"":""Valais""}]",2021-02-10,2025-12-20,2021-01-13,2021-01-31,2021-01-13
2021-0432-TJK,No,nat-hyd-mmw-mud,Natural,Hydrological,Mass movement (wet),Mudslide,,,TJK,Tajikistan,Central Asia,Asia,"Panjakent, Ayni, Mastchoh and Devashtich districts; Sughd region",Heavy rains,,No,No,No,,,,,,,2021,7.0,19.0,2021,7.0,20.0,12.0,,,,,,,,,,,84.16698295725244,"[{""adm2_code"":37603,""adm2_name"":""Aini""},{""adm2_code"":37605,""adm2_name"":""Ganchinskiy""},{""adm2_code"":37609,""adm2_name"":""Kuhistoni Mastchohskiy""},{""adm2_code"":37612,""adm2_name"":""Penjikenskiy""}]","[{""gid_2"":""TJK.4.11_1"",""migration_date"":""2025-12-20"",""migration_method"":""jaccard2"",""name_2"":""Pandjakent""},{""gid_2"":""TJK.4.2_1"",""migration_date"":""2025-12-20"",""migration_method"":""bufhaus2"",""name_2"":""Ayni""},{""gid_2"":""TJK.4.4_1"",""migration_date"":""2025-12-20"",""migration_method"":""jaccard2"",""name_2"":""Ghonchi""},{""gid_2"":""TJK.4.9_1"",""migration_date"":""2025-12-20"",""migration_method"":""jaccard2"",""name_2"":""Kuhistoni Mastchoh""}]",2021-07-22,2025-12-20,2021-07-19,2021-07-20,2021-07-19
2021-0413-UZB,No,nat-hyd-mmw-mud,Natural,Hydrological,Mass movement (wet),Mudslide,GLIDE:MS-2021-000082,,UZB,Uzbekistan,Central Asia,Asia,"Ferghana valley, Namangan Region",Heavy rains,,No,No,No,,,,,,,2021,7.0,12.0,2021,7.0,13.0,8.0,6.0,,,6.0,,,,,,,84.16698295725244,"[{""adm1_code"":3286,""adm1_name"":""Fergana""},{""adm1_code"":3291,""adm1_name"":""Namangan""}]","[{""gid_1"":""UZB.3_1"",""migration_date"":""2025-12-20"",""migration_method"":""jaccard1"",""name_1"":""Farg'ona""},{""gid_1"":""UZB.8_1"",""migration_date"":""2025-12-20"",""migration_method"":""jaccard1"",""name_1"":""Namangan""}]",2021-07-15,2025-12-20,2021-07-12,2021-07-13,2021-07-12
2022-0060-AFG,No,nat-hyd-mmw-ava,Natural,Hydrological,Mass movement (wet),Avalanche (wet),,,AFG,Afghanistan,Southern Asia,Asia,Kunar Province,,,No,No,No,,,,,,,2022,2.0,7.0,2022,2.0,7.0,19.0,,,,,,,,,,,90.9026974595266,"[{""adm1_code"":288,""adm1_name"":""Kunar""}]","[{""gid_1"":""AFG.18_1"",""migration_date"":""2025-12-20"",""migration_method"":""jaccard1"",""name_1"":""Kunar""}]",2022-02-07,2025-12-20,2022-02-07,2022-02-07,2022-02-07
2022-0774-CMR,No,nat-hyd-mmw-lan,Natural,Hydrological,Mass movement (wet),Landslide (wet),,,CMR,Cameroon,Sub-Saharan Africa,Africa,Damas District (Yaounde),,,No,No,No,,,,,,,2022,11.0,27.0,2022,11.0,27.0,14.0,,,,,,,,,,,90.9026974595266,,"[{""gid_2"":""CMR.2.7_1"",""name_2"":""Mfoundi""}]",2022-11-28,2026-02-11,2022-11-27,2022-11-27,2022-11-27
2022-0533-CMR,No,nat-hyd-mmw-lan,Natural,Hydrological,Mass movement (wet),Landslide (wet),,,CMR,Cameroon,Sub-Saharan Africa,Africa,Northwest and Southwest Regions,Heavy rains,Flood,No,No,No,,,,,,,2022,8.0,11.0,2022,8.0,11.0,5.0,,100.0,150.0,250.0,,,,,,,90.9026974595266,,"[{""gid_1"":""CMR.6_1"",""name_1"":""Nord-Ouest""},{""gid_1"":""CMR.9_1"",""name_1"":""Sud-Ouest""}]",2022-08-19,2026-02-11,2022-08-11,2022-08-11,2022-08-11
2022-0001-CHN,No,nat-hyd-mmw-lan,Natural,Hydrological,Mass movement (wet),Landslide (wet),,,CHN,China,Eastern Asia,Asia,Bijie City (Guizhou Province),,,No,No,No,,,,,,,2022,1.0,3.0,2022,1.0,3.0,13.0,3.0,,,3.0,,,,,,,90.9026974595266,"[{""adm2_code"":13068,""adm2_name"":""Bijie""}]","[{""gid_2"":""CHN.8.2_1"",""migration_date"":""2025-12-20"",""migration_method"":""jaccard2"",""name_2"":""Bijie""}]",2022-01-04,2025-12-20,2022-01-03,2022-01-03,2022-01-03
2022-0073-COL,No,nat-hyd-mmw-lan,Natural,Hydrological,Mass movement (wet),Landslide (wet),,,COL,Colombia,Latin America and the Caribbean,Americas,La Esnada District of Pereira City (Risaralda department),Heavy rains,,No,No,No,,,,,,,2022,2.0,1.0,2022,2.0,8.0,19.0,34.0,9117.0,,9151.0,,,,,,,90.9026974595266,"[{""adm2_code"":14198,""adm2_name"":""Pereira""}]","[{""gid_2"":""COL.26.10_2"",""migration_date"":""2025-12-20"",""migration_method"":""bufhaus2"",""name_2"":""Pereira""}]",2022-02-09,2026-02-10,2022-02-01,2022-02-08,2022-02-01
2022-0121-COL,No,nat-hyd-mmw-lan,Natural,Hydrological,Mass movement (wet),Landslide (wet),,,COL,Colombia,Latin America and the Caribbean,Americas,"Urabá, Turbo, Apartadó, Chigorodó, Carepa, Mutatá, Murindó, Cocorná Municipality (Antioquia Department); Caldas and Chocó; Cauca, Cundinamarca, Chocó, Huila, Tolima, the Coffee Region, Nariño and Santander",Heavy rains,,No,No,Yes,,,,,,,2022,3.0,1.0,2022,3.0,15.0,22.0,21.0,21500.0,,21521.0,,,,,,,90.9026974595266,"[{""adm1_code"":944,""adm1_name"":""Cauca""},{""adm1_code"":946,""adm1_name"":""Choco""},{""adm1_code"":952,""adm1_name"":""Huila""},{""adm1_code"":955,""adm1_name"":""Narino""},{""adm1_code"":961,""adm1_name"":""Santander""},{""adm1_code"":963,""adm1_name"":""Tolima""},{""adm2_code"":13352,""adm2_name"":""Apartado""},{""adm2_code"":13366,""adm2_name"":""Caldas""},{""adm2_code"":13371,""adm2_name"":""Carepa""},{""adm2_code"":13375,""adm2_name"":""Chigorodo""},{""adm2_code"":13377,""adm2_name"":""Cocorna""},{""adm2_code"":13410,""adm2_name"":""Murindo""},{""adm2_code"":13411,""adm2_name"":""Mutata""},{""adm2_code"":13453,""adm2_name"":""Turbo""}]","[{""gid_1"":""COL.11_2"",""migration_date"":""2025-12-20"",""migration_method"":""jaccard1"",""name_1"":""Cauca""},{""gid_1"":""COL.13_2"",""migration_date"":""2025-12-20"",""migration_method"":""jaccard1"",""name_1"":""Chocó""},{""gid_1"":""COL.18_2"",""migration_date"":""2025-12-20"",""migration_method"":""jaccard1"",""name_1"":""Huila""},{""gid_1"":""COL.22_2"",""migration_date"":""2025-12-20"",""migration_method"":""jaccard1"",""name_1"":""Nariño""},{""gid_1"":""COL.28_2"",""migration_date"":""2025-12-20"",""migration_method"":""jaccard1"",""name_1"":""Santander""},{""gid_1"":""COL.30_2"",""migration_date"":""2025-12-20"",""migration_method"":""jaccard1"",""name_1"":""Tolima""},{""gid_2"":""COL.2.113_2"",""migration_date"":""2025-12-20"",""migration_method"":""jaccard2"",""name_2"":""Turbo""},{""gid_2"":""COL.2.11_2"",""migration_date"":""2025-12-20"",""migration_method"":""jaccard2"",""name_2"":""Apartadó""},{""gid_2"":""COL.2.24_2"",""migration_date"":""2025-12-20"",""migration_method"":""bufhaus2"",""name_2"":""Caldas""},{""gid_2"":""COL.2.29_2"",""migration_date"":""2025-12-20"",""migration_method"":""bufhaus2"",""name_2"":""Carepa""},{""gid_2"":""COL.2.32_2"",""migration_date"":""2025-12-20"",""migration_method"":""jaccard2"",""name_2"":""Chigorodó""},{""gid_2"":""COL.2.35_2"",""migration_date"":""2025-12-20"",""migration_method"":""bufhaus2"",""name_2"":""Cocorná""},{""gid_2"":""COL.2.71_2"",""migration_date"":""2025-12-20"",""migration_method"":""jaccard2"",""name_2"":""Murindó""},{""gid_2"":""COL.2.72_2"",""migration_date"":""2025-12-20"",""migration_method"":""bufhaus2"",""name_2"":""Mutatá""}]",2022-03-02,2025-12-20,2022-03-01,2022-03-15,2022-03-01
2022-0728-COL,No,nat-hyd-mmw-lan,Natural,Hydrological,Mass movement (wet),Landslide (wet),,,COL,Colombia,Latin America and the Caribbean,Americas,Piojó Municipality (Atlantico Department); Villa Paraiso; Cartajena,Heavy rains,,No,No,No,,,,,,,2022,11.0,6.0,2022,11.0,9.0,,11.0,1755.0,252.0,2018.0,,,,,,,90.9026974595266,"[{""adm2_code"":13475,""adm2_name"":""Barranquilla  (dist.port.""},{""adm2_code"":13484,""adm2_name"":""Piojo""},{""adm2_code"":13503,""adm2_name"":""Cartagena (dist. Esp.)""}]","[{""gid_2"":""COL.20.27_2"",""migration_date"":""2025-12-20"",""migration_method"":""puzzle2_2"",""name_2"":""Sitionuevo""},{""gid_2"":""COL.4.11_2"",""migration_date"":""2025-12-20"",""migration_method"":""jaccard2"",""name_2"":""Piojó""},{""gid_2"":""COL.4.2_2"",""migration_date"":""2025-12-20"",""migration_method"":""puzzle2_2"",""name_2"":""Barranquilla""},{""gid_2"":""COL.6.9_2"",""migration_date"":""2025-12-20"",""migration_method"":""jaccard2"",""name_2"":""Cartagena de Indias""}]",2022-11-08,2025-12-20,2022-11-06,2022-11-09,2022-11-06
2022-0789-COL,No,nat-hyd-mmw-lan,Natural,Hydrological,Mass movement (wet),Landslide (wet),,,COL,Colombia,Latin America and the Caribbean,Americas,Cabaña Sector (Risaralda Department),Heavy rains,,No,No,No,,,,,,,2022,12.0,4.0,2022,12.0,4.0,34.0,6.0,,,6.0,,,,,,,90.9026974595266,"[{""adm1_code"":959,""adm1_name"":""Risaralda""}]","[{""gid_1"":""COL.26_2"",""migration_date"":""2025-12-20"",""migration_method"":""bufhaus1"",""name_1"":""Risaralda""}]",2022-12-05,2026-01-20,2022-12-04,2022-12-04,2022-12-04
2022-0395-IND,No,nat-hyd-mmw-lan,Natural,Hydrological,Mass movement (wet),Landslide (wet),,,IND,India,Southern Asia,Asia,"Tapul village (Noney District, Manipur State); Mumbai",Heavy rains,,No,No,No,,,,,,,2022,6.0,30.0,2022,7.0,6.0,67.0,,,,,,,,,,,90.9026974595266,"[{""adm1_code"":1500,""adm1_name"":""Manipur""},{""adm2_code"":70184,""adm2_name"":""Mumbai city""}]","[{""gid_1"":""IND.21_1"",""migration_date"":""2025-12-20"",""migration_method"":""jaccard1"",""name_1"":""Manipur""},{""gid_2"":""IND.20.17_1"",""migration_date"":""2025-12-20"",""migration_method"":""jaccard2"",""name_2"":""Mumbai City""}]",2022-07-05,2025-12-20,2022-06-30,2022-07-06,2022-06-30
2022-0775-ITA,No,nat-hyd-mmw-mud,Natural,Hydrological,Mass movement (wet),Mudslide,,,ITA,Italy,Southern Europe,Europe,Casamicciola municipality (northern Ischia Island),Heavy rains,Flood,No,No,Yes,,,,,,,2022,11.0,26.0,2022,11.0,26.0,12.0,5.0,230.0,,235.0,,,,,,,90.9026974595266,,"[{""gid_2"":""ITA.5.4_1"",""name_2"":""Napoli""}]",2022-11-28,2026-02-11,2022-11-26,2022-11-26,2022-11-26
2022-0809-MYS,No,nat-hyd-mmw-lan,Natural,Hydrological,Mass movement (wet),Landslide (wet),,,MYS,Malaysia,South-eastern Asia,Asia,Batang Kali (near Kuala Lumpur),Heavy rains,,No,No,No,,,,,,,2022,12.0,16.0,2022,12.0,16.0,33.0,,94.0,,94.0,,,,,,,90.9026974595266,,"[{""gid_2"":""MYS.15.3_1"",""name_2"":""Hulu Selangor""}]",2022-12-21,2026-01-20,2022-12-16,2022-12-16,2022-12-16
2022-0488-NPL,No,nat-hyd-mmw-lan,Natural,Hydrological,Mass movement (wet),Landslide (wet),,,NPL,Nepal,Southern Asia,Asia,Myagdi and Kaski districts (Gandaki Province),Heavy rains,Flood|Storm,No,No,No,,,,,,,2022,7.0,15.0,2022,8.0,18.0,22.0,40.0,510.0,,550.0,,,,,,,90.9026974595266,,"[{""gid_2"":""NPL.5.2_1"",""name_2"":""Gandaki""}]",2022-08-03,2026-02-11,2022-07-15,2022-08-18,2022-07-15
2022-0163-PER,No,nat-hyd-mmw-lan,Natural,Hydrological,Mass movement (wet),Landslide (wet),,,PER,Peru,Latin America and the Caribbean,Americas,"Retamas (Pataz Province, La Libertad Department); Callalli District (Caylloma Province, Arequipa Region); Piura Region",Heavy rains,Flood,No,No,No,,,,,,,2022,3.0,15.0,2022,3.0,15.0,10.0,,3113.0,,3113.0,,,,,,,90.9026974595266,"[{""adm1_code"":2347,""adm1_name"":""Piura""},{""adm2_code"":24043,""adm2_name"":""Caylloma""},{""adm2_code"":24124,""adm2_name"":""Pataz""}]","[{""gid_1"":""PER.21_1"",""migration_date"":""2025-12-20"",""migration_method"":""jaccard1"",""name_1"":""Piura""},{""gid_2"":""PER.13.8_1"",""migration_date"":""2025-12-20"",""migration_method"":""jaccard2"",""name_2"":""Pataz""},{""gid_2"":""PER.4.5_1"",""migration_date"":""2025-12-20"",""migration_method"":""jaccard2"",""name_2"":""Caylloma""}]",2022-03-23,2025-12-20,2022-03-15,2022-03-15,2022-03-15
2022-0685-PHL,No,nat-hyd-mmw-lan,Natural,Hydrological,Mass movement (wet),Landslide (wet),,,PHL,Philippines,South-eastern Asia,Asia,"Bukidnon Town (Malitbog Province); Tagoloan Municipality, Cagayan De Oro City (Misamis Oriental province, Northern Mindanao Region )",,Flood|Lightening,No,No,No,,,,,,,2022,10.0,18.0,2022,10.0,19.0,5.0,,11712.0,,11712.0,,,,,,,90.9026974595266,"[{""adm2_code"":24262,""adm2_name"":""Bukidnon""},{""adm2_code"":24265,""adm2_name"":""Misamis Oriental""}]","[{""gid_2"":""PHL.16.10_1"",""migration_date"":""2025-12-20"",""migration_method"":""puzzle2_2"",""name_2"":""Kitaotao""},{""gid_2"":""PHL.16.11_1"",""migration_date"":""2025-12-20"",""migration_method"":""puzzle2_2"",""name_2"":""Lantapan""},{""gid_2"":""PHL.16.12_1"",""migration_date"":""2025-12-20"",""migration_method"":""puzzle2_2"",""name_2"":""Libona""},{""gid_2"":""PHL.16.13_1"",""migration_date"":""2025-12-20"",""migration_method"":""puzzle2_2"",""name_2"":""Malaybalay City""},{""gid_2"":""PHL.16.14_1"",""migration_date"":""2025-12-20"",""migration_method"":""puzzle2_2"",""name_2"":""Malitbog""},{""gid_2"":""PHL.16.15_1"",""migration_date"":""2025-12-20"",""migration_method"":""puzzle2_2"",""name_2"":""Manolo Fortich""},{""gid_2"":""PHL.16.16_1"",""migration_date"":""2025-12-20"",""migration_method"":""puzzle2_2"",""name_2"":""Maramag""},{""gid_2"":""PHL.16.17_1"",""migration_date"":""2025-12-20"",""migration_method"":""puzzle2_2"",""name_2"":""Pangantucan""},{""gid_2"":""PHL.16.18_1"",""migration_date"":""2025-12-20"",""migration_method"":""puzzle2_2"",""name_2"":""Quezon""},{""gid_2"":""PHL.16.19_1"",""migration_date"":""2025-12-20"",""migration_method"":""puzzle2_2"",""name_2"":""San Fernando""},{""gid_2"":""PHL.16.1_1"",""migration_date"":""2025-12-20"",""migration_method"":""puzzle2_2"",""name_2"":""Baungon""},{""gid_2"":""PHL.16.20_1"",""migration_date"":""2025-12-20"",""migration_method"":""puzzle2_2"",""name_2"":""Sumilao""},{""gid_2"":""PHL.16.21_1"",""migration_date"":""2025-12-20"",""migration_method"":""puzzle2_2"",""name_2"":""Talakag""},{""gid_2"":""PHL.16.22_1"",""migration_date"":""2025-12-20"",""migration_method"":""puzzle2_2"",""name_2"":""Valencia City""},{""gid_2"":""PHL.16.2_1"",""migration_date"":""2025-12-20"",""migration_method"":""puzzle2_2"",""name_2"":""Cabanglasan""},{""gid_2"":""PHL.16.3_1"",""migration_date"":""2025-12-20"",""migration_method"":""puzzle2_2"",""name_2"":""Damulog""},{""gid_2"":""PHL.16.4_1"",""migration_date"":""2025-12-20"",""migration_method"":""puzzle2_2"",""name_2"":""Dangcagan""},{""gid_2"":""PHL.16.5_1"",""migration_date"":""2025-12-20"",""migration_method"":""puzzle2_2"",""name_2"":""Don Carlos""},{""gid_2"":""PHL.16.6_1"",""migration_date"":""2025-12-20"",""migration_method"":""puzzle2_2"",""name_2"":""Impasug-Ong""},{""gid_2"":""PHL.16.8_1"",""migration_date"":""2025-12-20"",""migration_method"":""puzzle2_2"",""name_2"":""Kalilangan""},{""gid_2"":""PHL.16.9_1"",""migration_date"":""2025-12-20"",""migration_method"":""puzzle2_2"",""name_2"":""Kibawe""},{""gid_2"":""PHL.49.10_1"",""migration_date"":""2025-12-20"",""migration_method"":""puzzle2_2"",""name_2"":""Initao""},{""gid_2"":""PHL.49.11_1"",""migration_date"":""2025-12-20"",""migration_method"":""puzzle2_2"",""name_2"":""Jasaan""},{""gid_2"":""PHL.49.12_1"",""migration_date"":""2025-12-20"",""migration_method"":""puzzle2_2"",""name_2"":""Kinoguitan""},{""gid_2"":""PHL.49.13_1"",""migration_date"":""2025-12-20"",""migration_method"":""puzzle2_2"",""name_2"":""Lagonglong""},{""gid_2"":""PHL.49.14_1"",""migration_date"":""2025-12-20"",""migration_method"":""puzzle2_2"",""name_2"":""Laguindingan""},{""gid_2"":""PHL.49.15_1"",""migration_date"":""2025-12-20"",""migration_method"":""puzzle2_2"",""name_2"":""Libertad""},{""gid_2"":""PHL.49.16_1"",""migration_date"":""2025-12-20"",""migration_method"":""puzzle2_2"",""name_2"":""Lugait""},{""gid_2"":""PHL.49.17_1"",""migration_date"":""2025-12-20"",""migration_method"":""puzzle2_2"",""name_2"":""Magsaysay""},{""gid_2"":""PHL.49.18_1"",""migration_date"":""2025-12-20"",""migration_method"":""puzzle2_2"",""name_2"":""Manticao""},{""gid_2"":""PHL.49.19_1"",""migration_date"":""2025-12-20"",""migration_method"":""puzzle2_2"",""name_2"":""Medina""},{""gid_2"":""PHL.49.1_1"",""migration_date"":""2025-12-20"",""migration_method"":""puzzle2_2"",""name_2"":""Alubijid""},{""gid_2"":""PHL.49.20_1"",""migration_date"":""2025-12-20"",""migration_method"":""puzzle2_2"",""name_2"":""Naawan""},{""gid_2"":""PHL.49.21_1"",""migration_date"":""2025-12-20"",""migration_method"":""puzzle2_2"",""name_2"":""Opol""},{""gid_2"":""PHL.49.22_1"",""migration_date"":""2025-12-20"",""migration_method"":""puzzle2_2"",""name_2"":""Salay""},{""gid_2"":""PHL.49.23_1"",""migration_date"":""2025-12-20"",""migration_method"":""puzzle2_2"",""name_2"":""Sugbongcogon""},{""gid_2"":""PHL.49.24_1"",""migration_date"":""2025-12-20"",""migration_method"":""puzzle2_2"",""name_2"":""Tagoloan""},{""gid_2"":""PHL.49.25_1"",""migration_date"":""2025-12-20"",""migration_method"":""puzzle2_2"",""name_2"":""Talisayan""},{""gid_2"":""PHL.49.26_1"",""migration_date"":""2025-12-20"",""migration_method"":""puzzle2_2"",""name_2"":""Villanueva""},{""gid_2"":""PHL.49.2_1"",""migration_date"":""2025-12-20"",""migration_method"":""puzzle2_2"",""name_2"":""Balingasag""},{""gid_2"":""PHL.49.3_1"",""migration_date"":""2025-12-20"",""migration_method"":""puzzle2_2"",""name_2"":""Balingoan""},{""gid_2"":""PHL.49.4_1"",""migration_date"":""2025-12-20"",""migration_method"":""puzzle2_2"",""name_2"":""Binuangan""},{""gid_2"":""PHL.49.5_1"",""migration_date"":""2025-12-20"",""migration_method"":""puzzle2_2"",""name_2"":""Cagayan de Oro City""},{""gid_2"":""PHL.49.6_1"",""migration_date"":""2025-12-20"",""migration_method"":""puzzle2_2"",""name_2"":""Claveria""},{""gid_2"":""PHL.49.7_1"",""migration_date"":""2025-12-20"",""migration_method"":""puzzle2_2"",""name_2"":""El Salvador City""},{""gid_2"":""PHL.49.8_1"",""migration_date"":""2025-12-20"",""migration_method"":""puzzle2_2"",""name_2"":""Gingoog City""},{""gid_2"":""PHL.49.9_1"",""migration_date"":""2025-12-20"",""migration_method"":""puzzle2_2"",""name_2"":""Gitagum""}]",2022-10-19,2025-12-20,2022-10-18,2022-10-19,2022-10-18
2022-0582-UGA,No,nat-hyd-mmw-lan,Natural,Hydrological,Mass movement (wet),Landslide (wet),,,UGA,Uganda,Sub-Saharan Africa,Africa,Kalingatha Village to Kasika Village (Kasese District),Heavy rains,,No,No,No,,,,,,,2022,9.0,6.0,2022,9.0,7.0,19.0,6.0,1190.0,,1196.0,,,,,,,90.9026974595266,"[{""adm1_code"":3121,""adm1_name"":""Kasese""}]","[{""gid_1"":""UGA.21_1"",""migration_date"":""2025-12-20"",""migration_method"":""jaccard1"",""name_1"":""Kasese""}]",2022-09-08,2025-12-20,2022-09-06,2022-09-07,2022-09-06
2022-0648-VEN,No,nat-hyd-mmw-lan,Natural,Hydrological,Mass movement (wet),Landslide (wet),,,VEN,Venezuela (Bolivarian Republic of),Latin America and the Caribbean,Americas,"Tejerías Town (Aragua State); Anzoátegui, Barinas, Bolívar, Carabobo, Distrito Capital, Falcón, Guárico, Mérida, Miranda, Lara, La Guaira, Portuguesa, Táchira, Trujillo, Sucre and Zulia",Heavy rains,Flood,No,No,No,,,,,,,2022,10.0,9.0,2022,10.0,9.0,106.0,,64000.0,951.0,64951.0,,,,,,,90.9026974595266,"[{""adm1_code"":3303,""adm1_name"":""Anzoategui""},{""adm1_code"":3306,""adm1_name"":""Barinas""},{""adm1_code"":3307,""adm1_name"":""Bolivar""},{""adm1_code"":3308,""adm1_name"":""Carabobo""},{""adm1_code"":3313,""adm1_name"":""Falcon""},{""adm1_code"":3314,""adm1_name"":""Guarico""},{""adm1_code"":3315,""adm1_name"":""Lara""},{""adm1_code"":3316,""adm1_name"":""Merida""},{""adm1_code"":3317,""adm1_name"":""Miranda""},{""adm1_code"":3320,""adm1_name"":""Portuguesa""},{""adm1_code"":3321,""adm1_name"":""Sucre""},{""adm1_code"":3322,""adm1_name"":""Tachira""},{""adm1_code"":3323,""adm1_name"":""Trujillo""},{""adm1_code"":3325,""adm1_name"":""Zulia""},{""adm1_code"":67153,""adm1_name"":""Distrito Capital""}]","[{""gid_1"":""VEN.11_1"",""migration_date"":""2025-12-20"",""migration_method"":""jaccard1"",""name_1"":""Distrito Capital""},{""gid_1"":""VEN.12_1"",""migration_date"":""2025-12-20"",""migration_method"":""jaccard1"",""name_1"":""Falcón""},{""gid_1"":""VEN.13_1"",""migration_date"":""2025-12-20"",""migration_method"":""jaccard1"",""name_1"":""Guárico""},{""gid_1"":""VEN.14_1"",""migration_date"":""2025-12-20"",""migration_method"":""jaccard1"",""name_1"":""Lara""},{""gid_1"":""VEN.15_1"",""migration_date"":""2025-12-20"",""migration_method"":""jaccard1"",""name_1"":""Mérida""},{""gid_1"":""VEN.16_1"",""migration_date"":""2025-12-20"",""migration_method"":""jaccard1"",""name_1"":""Miranda""},{""gid_1"":""VEN.19_1"",""migration_date"":""2025-12-20"",""migration_method"":""jaccard1"",""name_1"":""Portuguesa""},{""gid_1"":""VEN.20_1"",""migration_date"":""2025-12-20"",""migration_method"":""jaccard1"",""name_1"":""Sucre""},{""gid_1"":""VEN.21_1"",""migration_date"":""2025-12-20"",""migration_method"":""jaccard1"",""name_1"":""Táchira""},{""gid_1"":""VEN.22_1"",""migration_date"":""2025-12-20"",""migration_method"":""jaccard1"",""name_1"":""Trujillo""},{""gid_1"":""VEN.25_1"",""migration_date"":""2025-12-20"",""migration_method"":""jaccard1"",""name_1"":""Zulia""},{""gid_1"":""VEN.2_1"",""migration_date"":""2025-12-20"",""migration_method"":""jaccard1"",""name_1"":""Anzoátegui""},{""gid_1"":""VEN.5_1"",""migration_date"":""2025-12-20"",""migration_method"":""jaccard1"",""name_1"":""Barinas""},{""gid_1"":""VEN.6_1"",""migration_date"":""2025-12-20"",""migration_method"":""jaccard1"",""name_1"":""Bolívar""},{""gid_1"":""VEN.7_1"",""migration_date"":""2025-12-20"",""migration_method"":""jaccard1"",""name_1"":""Carabobo""}]",2022-10-10,2025-12-20,2022-10-09,2022-10-09,2022-10-09
2022-0682-VEN,No,nat-hyd-mmw-lan,Natural,Hydrological,Mass movement (wet),Landslide (wet),,,VEN,Venezuela (Bolivarian Republic of),Latin America and the Caribbean,Americas,Girardot Municipality (Aragua State),,Flood,No,No,No,,,,,,,2022,10.0,17.0,2022,10.0,17.0,3.0,,150.0,,150.0,,,,,,,90.9026974595266,"[{""adm2_code"":31888,""adm2_name"":""Girardot""}]","[{""gid_2"":""VEN.4.4_1"",""migration_date"":""2025-12-20"",""migration_method"":""jaccard2"",""name_2"":""Girardot""}]",2022-10-18,2025-12-20,2022-10-17,2022-10-17,2022-10-17
2023-0075-AUT,No,nat-hyd-mmw-ava,Natural,Hydrological,Mass movement (wet),Avalanche (wet),,,AUT,Austria,Western Europe,Europe,,,,No,No,No,,,,,,,2023,2.0,4.0,2023,2.0,5.0,8.0,,,,,,,,,,,94.6446220103845,,,2023-02-10,2023-09-26,2023-02-04,2023-02-05,2023-02-04
2023-0634-CMR,No,nat-hyd-mmw-lan,Natural,Hydrological,Mass movement (wet),Landslide (wet),,,CMR,Cameroon,Sub-Saharan Africa,Africa,Mbankolo area (Yaoundé),Heavy rains,Broken Dam/Burst bank|Flood,No,No,No,,,,,,,2023,10.0,8.0,2023,10.0,9.0,27.0,,2000.0,,2000.0,,,,,,,94.6446220103845,,,2023-10-09,2023-11-03,2023-10-08,2023-10-09,2023-10-08
2023-0021-CHN,No,nat-hyd-mmw-ava,Natural,Hydrological,Mass movement (wet),Avalanche (wet),,,CHN,China,Eastern Asia,Asia,"Nyingchi City (Nyingchi County, Autonomous Region of Tibet)",,,No,No,No,,,,,,,2023,1.0,17.0,2023,1.0,17.0,28.0,5.0,53.0,,58.0,,,,,,,94.6446220103845,,"[{""gid_2"":""CHN.29.5_1"",""name_2"":""Nyingtri""}]",2023-01-23,2026-02-13,2023-01-17,2023-01-17,2023-01-17
2023-0357-CHN,No,nat-hyd-mmw-lan,Natural,Hydrological,Mass movement (wet),Landslide (wet),,,CHN,China,Eastern Asia,Asia,"Wenchuan County, Miansi Municipality and the Weizhou Municipality ((Sichuan Province)",Heavy rains,,No,No,No,,,,,,,2023,6.0,27.0,2023,6.0,28.0,7.0,,900.0,,900.0,,,,,,,94.6446220103845,,,2023-06-29,2023-09-26,2023-06-27,2023-06-28,2023-06-27
2023-0451-COL,No,nat-hyd-mmw-lan,Natural,Hydrological,Mass movement (wet),Landslide (wet),,,COL,Colombia,Latin America and the Caribbean,Americas,Quetame Municipality (Cundinamarca Department),Heavy rains,Collapse,No,No,No,,,,,,,2023,7.0,18.0,2023,7.0,18.0,29.0,6.0,,100.0,106.0,,,,,,,94.6446220103845,"[{""adm2_code"":13906,""adm2_name"":""Quetame""}]",,2023-07-19,2023-09-26,2023-07-18,2023-07-18,2023-07-18
2023-0007-COL,No,nat-hyd-mmw-lan,Natural,Hydrological,Mass movement (wet),Landslide (wet),,,COL,Colombia,Latin America and the Caribbean,Americas,"Rosas, Cauca municipality",Heavy rains,,No,No,No,,,,,,,2023,1.0,10.0,2023,1.0,10.0,,,700.0,,700.0,,,,,,,94.6446220103845,"[{""adm2_code"":13748,""adm2_name"":""Rosas""}]","[{""gid_2"":""COL.11.29_2"",""name_2"":""Rosas""}]",2023-01-18,2026-02-13,2023-01-10,2023-01-10,2023-01-10
2023-0193-COD,No,nat-hyd-mmw-lan,Natural,Hydrological,Mass movement (wet),Landslide (wet),GLIDE:FL-2023-000060,,COD,Democratic Republic of the Congo,Sub-Saharan Africa,Africa,"Bulwa (Masisi, Nord-Kivu)",Heavy rains,,No,No,No,,,,,,,2023,4.0,2.0,2023,4.0,2.0,19.0,,,,,,,,,,,94.6446220103845,"[{""adm1_code"":1074,""adm1_name"":""Nord-Kivu""}]","[{""gid_1"":""COD.19_1"",""migration_date"":""2025-12-20"",""migration_method"":""jaccard1"",""name_1"":""Nord-Kivu""}]",2023-04-03,2025-12-20,2023-04-02,2023-04-02,2023-04-02
2023-0671-COD,No,nat-hyd-mmw-lan,Natural,Hydrological,Mass movement (wet),Landslide (wet),,,COD,Democratic Republic of the Congo,Sub-Saharan Africa,Africa,Lisal City (Mongala Province),Heavy rains,Flood,No,No,No,,,,,,Congo River,2023,9.0,17.0,2023,9.0,19.0,17.0,,,,,,,,,,,94.6446220103845,,,2023-10-17,2023-11-09,2023-09-17,2023-09-19,2023-09-17
2023-0827-COD,No,nat-hyd-mmw-lan,Natural,Hydrological,Mass movement (wet),Landslide (wet),,,COD,Democratic Republic of the Congo,Sub-Saharan Africa,Africa,Bukavu,Heavy rains,,No,No,No,,,,,,,2023,12.0,10.0,2023,12.0,11.0,14.0,,,,,,,,,,,94.6446220103845,,,2023-12-11,2023-12-18,2023-12-10,2023-12-11,2023-12-10
2023-0858-COD,No,nat-hyd-mmw-lan,Natural,Hydrological,Mass movement (wet),Landslide (wet),,,COD,Democratic Republic of the Congo,Sub-Saharan Africa,Africa,"Kananga (Kasai Central); Nord-Ubangi, Sud-Ubangi, Tshopo",Heavy rains,Flood,No,No,No,,,,,,,2023,12.0,25.0,2023,12.0,25.0,22.0,,,,,,,,,,,94.6446220103845,,,2024-01-02,2024-02-13,2023-12-25,2023-12-25,2023-12-25
2023-0177-ECU,No,nat-hyd-mmw-lan,Natural,Hydrological,Mass movement (wet),Landslide (wet),GLIDE:FL-2023-000058,,ECU,Ecuador,Latin America and the Caribbean,Americas,"Alausí, La Esperanza, Control Norte, Nuevo Alausí, Pircapamba and Buain (Chimborazo Province)",Heavy rains,Flood,No,No,No,,,,,,,2023,3.0,26.0,2023,3.0,26.0,75.0,44.0,8400.0,,8444.0,,,,,,,94.6446220103845,"[{""adm2_code"":15351,""adm2_name"":""Alausi""}]","[{""gid_2"":""ECU.5.1_1"",""migration_date"":""2025-12-20"",""migration_method"":""jaccard2"",""name_2"":""Alausí""}]",2023-03-29,2025-12-20,2023-03-26,2023-03-26,2023-03-26
2023-0521-GEO,No,nat-hyd-mmw-lan,Natural,Hydrological,Mass movement (wet),Landslide (wet),,,GEO,Georgia,Western Asia,Asia,"Oni Municipality, Racha-Lechkhumi and Kvemo Svaneti Region",Heavy rains,,No,No,No,,,,,,,2023,8.0,3.0,2023,8.0,3.0,18.0,,,,,,,,,,,94.6446220103845,,,2023-08-09,2023-09-26,2023-08-03,2023-08-03,2023-08-03
2023-0764-GTM,No,nat-hyd-mmw-lan,Natural,Hydrological,Mass movement (wet),Landslide (wet),,,GTM,Guatemala,Latin America and the Caribbean,Americas,Las Calaveras,Heavy rains,,No,No,No,,,,,,,2023,11.0,22.0,2023,11.0,27.0,86.0,,123325.0,,123325.0,,,,,,,94.6446220103845,,,2023-11-23,2024-10-28,2023-11-22,2023-11-27,2023-11-22
2023-0547-IND,No,nat-hyd-mmw-lan,Natural,Hydrological,Mass movement (wet),Landslide (wet),,,IND,India,Southern Asia,Asia,Himachal Pradesh and Uttarakhand states,,,No,No,No,,,,,,,2023,8.0,23.0,2023,8.0,24.0,10.0,,605.0,,605.0,,,,,,,94.6446220103845,,,2023-08-28,2024-03-25,2023-08-23,2023-08-24,2023-08-23
2023-0548-IND,No,nat-hyd-mmw-lan,Natural,Hydrological,Mass movement (wet),Landslide (wet),,,IND,India,Southern Asia,Asia,Mizoram State,,Collapse,No,No,No,,,,,,,2023,8.0,23.0,2023,8.0,23.0,26.0,2.0,,,2.0,,,,,,,94.6446220103845,"[{""adm1_code"":1502,""adm1_name"":""Mizoram""}]","[{""gid_1"":""IND.23_1"",""migration_date"":""2025-12-20"",""migration_method"":""jaccard1"",""name_1"":""Mizoram""}]",2023-08-28,2025-12-20,2023-08-23,2023-08-23,2023-08-23
2023-0459-IND,No,nat-hyd-mmw-lan,Natural,Hydrological,Mass movement (wet),Landslide (wet),,,IND,India,Southern Asia,Asia,"Irshalwadi Village (Raigad District, western Maharashtra State)",Heavy rains,,No,No,No,,,,,,,2023,7.0,19.0,2023,7.0,19.0,28.0,,,200.0,200.0,,,,,,,94.6446220103845,"[{""adm2_code"":17777,""adm2_name"":""Raigarh""}]","[{""gid_2"":""IND.20.27_1"",""migration_date"":""2025-12-20"",""migration_method"":""jaccard2"",""name_2"":""Raigarh""}]",2023-07-24,2025-12-20,2023-07-19,2023-07-19,2023-07-19
2023-0227-IDN,No,nat-hyd-mmw-lan,Natural,Hydrological,Mass movement (wet),Landslide (wet),,,IDN,Indonesia,South-eastern Asia,Asia,"Parigi Moutong Regency (Central Sulawesi); Purwakarta Regency, Western Jawa",Heavy rains,,No,No,No,,,,,,,2023,4.0,15.0,2023,4.0,15.0,5.0,,130.0,,130.0,,,,,,,94.6446220103845,,,2023-04-18,2024-10-28,2023-04-15,2023-04-15,2023-04-15
2023-0123-IDN,No,nat-hyd-mmw-lan,Natural,Hydrological,Mass movement (wet),Landslide (wet),GLIDE:LS-2023-000032,,IDN,Indonesia,South-eastern Asia,Asia,Serasan District (Riau Islands),Heavy rains,,No,No,No,,,,,,,2023,3.0,6.0,2023,3.0,6.0,55.0,8.0,1200.0,,1208.0,,,,,,,94.6446220103845,,,2023-03-15,2025-06-25,2023-03-06,2023-03-06,2023-03-06
2023-0075-ITA,No,nat-hyd-mmw-ava,Natural,Hydrological,Mass movement (wet),Avalanche (wet),,,ITA,Italy,Southern Europe,Europe,,,,No,No,No,,,,,,,2023,2.0,4.0,2023,2.0,5.0,1.0,,,,,,,,,,,94.6446220103845,,,2023-02-10,2023-09-26,2023-02-04,2023-02-05,2023-02-04
2023-0530-MMR,No,nat-hyd-mmw-lan,Natural,Hydrological,Mass movement (wet),Landslide (wet),,Jade mine,MMR,Myanmar,South-eastern Asia,Asia,Hpakant,Heavy rains,Industrial accidents,No,No,No,,,,,,,2023,8.0,13.0,2023,8.0,13.0,39.0,,,,,,,,,,,94.6446220103845,,,2023-08-21,2023-09-26,2023-08-13,2023-08-13,2023-08-13
2023-0306-PAK,No,nat-hyd-mmw-ava,Natural,Hydrological,Mass movement (wet),Avalanche (wet),,,PAK,Pakistan,Southern Asia,Asia,Shounter,,,No,No,No,,,,,,,2023,5.0,27.0,2023,5.0,27.0,11.0,25.0,,,25.0,,,,,,,94.6446220103845,,,2023-06-13,2023-09-26,2023-05-27,2023-05-27,2023-05-27
2023-0066-PER,No,nat-hyd-mmw-lan,Natural,Hydrological,Mass movement (wet),Landslide (wet),,,PER,Peru,Latin America and the Caribbean,Americas,Camaná Province (Arequipa Department),Heavy rains,Flood,No,No,Yes,,,,,,,2023,2.0,5.0,2023,2.0,7.0,38.0,27.0,6300.0,,6327.0,,,,,,,94.6446220103845,"[{""adm2_code"":24040,""adm2_name"":""Camaná""}]","[{""gid_2"":""PER.4.2_1"",""migration_date"":""2025-12-20"",""migration_method"":""jaccard2"",""name_2"":""Camaná""}]",2023-02-07,2025-12-20,2023-02-05,2023-02-07,2023-02-05
2023-0075-CHE,No,nat-hyd-mmw-ava,Natural,Hydrological,Mass movement (wet),Avalanche (wet),,,CHE,Switzerland,Western Europe,Europe,,,,No,No,No,,,,,,,2023,2.0,4.0,2023,2.0,5.0,2.0,,,,,,,,,,,94.6446220103845,,,2023-02-10,2023-09-26,2023-02-04,2023-02-05,2023-02-04
2023-0797-TZA,No,nat-hyd-mmw-lan,Natural,Hydrological,Mass movement (wet),Landslide (wet),GLIDE:FL-2023-000241,,TZA,United Republic of Tanzania,Sub-Saharan Africa,Africa,"Katesh, Hanang District, western Manyara Region (North); Morogoro",Heavy rains,Flood,No,No,No,,,,,,,2023,12.0,2.0,2023,12.0,6.0,89.0,139.0,6202.0,,6341.0,,,,,,,94.6446220103845,,,2023-12-05,2024-03-13,2023-12-02,2023-12-06,2023-12-02
2024-0460-AFG,No,nat-hyd-mmw-lan,Natural,Hydrological,Mass movement (wet),Landslide (wet),,,AFG,Afghanistan,Southern Asia,Asia,Orgor village (Saskani district) Wazi Zadran district ( Paktia province),,,No,No,No,,,,,,,2024,6.0,23.0,2024,6.0,23.0,12.0,,,,,,,,,,,97.43617561613397,,,2024-07-11,2024-07-15,2024-06-23,2024-06-23,2024-06-23
2024-0092-AFG,No,nat-hyd-mmw-ava,Natural,Hydrological,Mass movement (wet),Avalanche (wet),,,AFG,Afghanistan,Southern Asia,Asia,"Teten (Noorgram district, Nouristan province)",Heavy snow,"Avalanche (Snow, Debris)",No,No,No,,,,,,,2024,2.0,18.0,2024,2.0,18.0,25.0,8.0,150.0,,158.0,,,,,,,97.43617561613397,,,2024-02-26,2025-01-28,2024-02-18,2024-02-18,2024-02-18
2024-0820-CMR,No,nat-hyd-mmw-lan,Natural,Hydrological,Mass movement (wet),Landslide (wet),,,CMR,Cameroon,Sub-Saharan Africa,Africa,West Region (central-western),Heavy rains,,No,No,No,,,,,,,2024,11.0,5.0,2024,11.0,5.0,12.0,,,,,,,,,,,97.43617561613397,,,2024-11-07,2025-02-13,2024-11-05,2024-11-05,2024-11-05
2024-0270-CHN,No,nat-hyd-mmw-lan,Natural,Hydrological,Mass movement (wet),Landslide (wet),,,CHN,China,Eastern Asia,Asia,Near Meizhou (Guangdong),Heavy rains,Collapse,No,No,No,,,,,,,2024,5.0,1.0,2024,5.0,1.0,48.0,30.0,,,30.0,,,,,,,97.43617561613397,,,2024-05-02,2024-05-03,2024-05-01,2024-05-01,2024-05-01
2024-0032-CHN,No,nat-hyd-mmw-lan,Natural,Hydrological,Mass movement (wet),Landslide (wet),,,CHN,China,Eastern Asia,Asia,"Liangshui (Zhenxiong county, Yunnan province)",Unknown,,No,No,No,,,,,,,2024,1.0,22.0,2024,1.0,22.0,44.0,,500.0,,500.0,,,,,,,97.43617561613397,,,2024-01-22,2024-05-02,2024-01-22,2024-01-22,2024-01-22
2024-0542-CHN,No,nat-hyd-mmw-lan,Natural,Hydrological,Mass movement (wet),Landslide (wet),,,CHN,China,Eastern Asia,Asia,Hunan province,Heavy rains,,No,No,No,,,,,,,2024,7.0,28.0,2024,7.0,28.0,15.0,6.0,,,6.0,,,,,,,97.43617561613397,,,2024-07-29,2024-08-05,2024-07-28,2024-07-28,2024-07-28
2024-0011-COL,No,nat-hyd-mmw-lan,Natural,Hydrological,Mass movement (wet),Landslide (wet),,,COL,Colombia,Latin America and the Caribbean,Americas,Carmen de Atrato,,,No,No,No,,,,,,,2024,1.0,12.0,2024,1.0,12.0,34.0,19.0,,,19.0,,,,,,,97.43617561613397,,,2024-01-19,2024-05-02,2024-01-12,2024-01-12,2024-01-12
2024-0866-COD,No,nat-hyd-mmw-lan,Natural,Hydrological,Mass movement (wet),Landslide (wet),,,COD,Democratic Republic of the Congo,Sub-Saharan Africa,Africa,Kalehe territory (South Kivu province),Heavy rains,,No,No,No,,,,,,,2024,11.0,22.0,2024,11.0,23.0,11.0,3.0,155.0,35.0,193.0,,,,,,,97.43617561613397,,,2024-11-25,2024-11-28,2024-11-22,2024-11-23,2024-11-22
2024-0221-COD,No,nat-hyd-mmw-lan,Natural,Hydrological,Mass movement (wet),Landslide (wet),,,COD,Democratic Republic of the Congo,Sub-Saharan Africa,Africa,Idiofa Town (Kwilu Province),Heavy rains,,No,No,No,,,,,,,2024,4.0,13.0,2024,4.0,13.0,75.0,,,,,,,,,,,97.43617561613397,,,2024-04-16,2024-04-19,2024-04-13,2024-04-13,2024-04-13
2024-0386-ECU,No,nat-hyd-mmw-lan,Natural,Hydrological,Mass movement (wet),Landslide (wet),,,ECU,Ecuador,Latin America and the Caribbean,Americas,"El Chaco, Patate, Pelileo, Quero, Pillaro, Baños de Agua Santa (Tungurahua province); Penipe (Chimborazo province); Cotopaxi province",Heavy rains,"Flood|Slide (land, mud, snow, rock)",No,No,No,,,,,,,2024,6.0,14.0,2024,7.0,1.0,19.0,27.0,3602.0,,3629.0,,,,,10000.0,10263.0,97.43617561613397,,,2024-06-17,2025-02-24,2024-06-14,2024-07-01,2024-06-14
2024-0509-ETH,No,nat-hyd-mmw-lan,Natural,Hydrological,Mass movement (wet),Landslide (wet),GLIDE:LS-2024-000125,,ETH,Ethiopia,Sub-Saharan Africa,Africa,"Oromia, Sidama, Amhara, Tigray, Gambella, Central, Southwestern and Southern regions",Heavy rains,Flood,No,No,No,,,,,,,2024,7.0,,2024,7.0,,257.0,12.0,15515.0,,15527.0,,,,,,,97.43617561613397,,,2024-07-23,2025-07-16,2024-07-01,2024-07-01,2024-07-01
2024-0574-ETH,No,nat-hyd-mmw-lan,Natural,Hydrological,Mass movement (wet),Landslide (wet),,,ETH,Ethiopia,Sub-Saharan Africa,Africa,Kawo Koisha district (Wolaita); Kindo Didaye district,Heavy rains,,No,No,No,,,,,,,2024,8.0,5.0,2024,8.0,5.0,13.0,,,,,,,,,,,97.43617561613397,,,2024-08-06,2024-10-28,2024-08-05,2024-08-05,2024-08-05
2024-0278-HTI,No,nat-hyd-mmw-lan,Natural,Hydrological,Mass movement (wet),Landslide (wet),,,HTI,Haiti,Latin America and the Caribbean,Americas,Cap-Haïtien commune,Heavy rains,Flood,No,No,No,,,,,,,2024,5.0,3.0,2024,5.0,5.0,13.0,,11125.0,75.0,11200.0,,,,,,,97.43617561613397,,,2024-05-06,2024-05-13,2024-05-03,2024-05-05,2024-05-03
2024-0547-IND,No,nat-hyd-mmw-lan,Natural,Hydrological,Mass movement (wet),Landslide (wet),,,IND,India,Southern Asia,Asia,"Mundakkai, Chooralmala, Attamala, and Noolpuzha villages (Wayanad district, Kerala state)",Monsoon rain,,No,No,No,,,,,,,2024,7.0,30.0,2024,7.0,30.0,378.0,91.0,,3000.0,3091.0,,,,,140000.0,143684.0,97.43617561613397,,,2024-07-31,2025-02-06,2024-07-30,2024-07-30,2024-07-30
2024-0627-IND,No,nat-hyd-mmw-lan,Natural,Hydrological,Mass movement (wet),Landslide (wet),,,IND,India,Southern Asia,Asia,"Dipu Dara village (Singtam municipality, Gangtok district, Sikkim state)",Heavy rains,,No,No,No,,,,,,,2024,8.0,22.0,2024,8.0,22.0,10.0,,90.0,,90.0,,,,,,,97.43617561613397,,,2024-08-22,2024-08-23,2024-08-22,2024-08-22,2024-08-22
2024-0216-IDN,No,nat-hyd-mmw-lan,Natural,Hydrological,Mass movement (wet),Landslide (wet),,,IDN,Indonesia,South-eastern Asia,Asia,"Lembang Randan Batu and the Manggau villages (Tana Toraja Regency, South Sulawesi Province)",Heavy rains,,No,No,No,,,,,,,2024,4.0,13.0,2024,4.0,13.0,20.0,2.0,,,2.0,,,,,,,97.43617561613397,,,2024-04-15,2024-04-16,2024-04-13,2024-04-13,2024-04-13
2024-0277-IDN,No,nat-hyd-mmw-lan,Natural,Hydrological,Mass movement (wet),Landslide (wet),,,IDN,Indonesia,South-eastern Asia,Asia,Luwu (Sulawesi),Heavy rains,Flood,No,No,No,,,,,,,2024,5.0,3.0,2024,5.0,5.0,12.0,,17395.0,,17395.0,,,,,,,97.43617561613397,,,2024-05-06,2024-05-06,2024-05-03,2024-05-05,2024-05-03
2024-0339-IDN,No,nat-hyd-mmw-lan,Natural,Hydrological,Mass movement (wet),Landslide (wet),,,IDN,Indonesia,South-eastern Asia,Asia,Arfak Mountain Regency (West Papua Province),Heavy rain,,No,No,No,,,,,,,2024,5.0,26.0,2024,5.0,28.0,4.0,,1750.0,,1750.0,,,,,,,97.43617561613397,,,2024-06-07,2024-06-11,2024-05-26,2024-05-28,2024-05-26
2024-0130-IDN,No,nat-hyd-mmw-lan,Natural,Hydrological,Mass movement (wet),Landslide (wet),,,IDN,Indonesia,South-eastern Asia,Asia,"Pesisir Selatan, Padang Pariaman districts (Sumatra province); West and Central Kalimantan, Central Java, North Sulawesi, and East Nusa Tenggara.",Heavy rains,Flood,No,No,No,,,,,,,2024,3.0,1.0,2024,3.0,22.0,59.0,12.0,500000.0,,500012.0,,,,,20000.0,20526.0,97.43617561613397,,,2024-03-12,2025-01-28,2024-03-01,2024-03-22,2024-03-01
2024-0264-IDN,No,nat-hyd-mmw-lan,Natural,Hydrological,Mass movement (wet),Landslide (wet),,,IDN,Indonesia,South-eastern Asia,Asia,"Tallang Sura village (North Toraja regency, South Sulawesi province); Talagajaya village (Garut regency, West Java province)",Heavy rains,,No,No,No,,,,,,,2024,4.0,25.0,2024,4.0,26.0,12.0,6.0,,,6.0,,,,,,,97.43617561613397,,,2024-04-30,2024-05-03,2024-04-25,2024-04-26,2024-04-25
2024-0698-IDN,No,nat-hyd-mmw-lan,Natural,Hydrological,Mass movement (wet),Landslide (wet),,,IDN,Indonesia,South-eastern Asia,Asia,Solok Regency (West Sumatra Province); Nagari Sungai Abu village (Hiliran Gumanti District),Heavy rain,Industrial accidents,No,No,No,,,,,,,2024,9.0,26.0,2024,9.0,26.0,17.0,11.0,25.0,,36.0,,,,,,,97.43617561613397,,,2024-09-30,2024-10-17,2024-09-26,2024-09-26,2024-09-26
2024-0852-MDG,No,nat-geo-mmd-roc,Natural,Geophysical,Mass movement (dry),Rockfall (dry),,,MDG,Madagascar,Sub-Saharan Africa,Africa,Belo-sur-Tsiribihina village (Menabe Region),,,No,No,No,,,,,,,2024,11.0,12.0,2024,11.0,12.0,16.0,,10.0,,10.0,,,,,,,97.43617561613397,,,2024-11-15,2024-11-28,2024-11-12,2024-11-12,2024-11-12
2024-0665-MEX,No,nat-hyd-mmw-lan,Natural,Hydrological,Mass movement (wet),Landslide (wet),,,MEX,Mexico,Latin America and the Caribbean,Americas,"Jilotzingo, Naucalpan (Mexico state)",Heavy rains,,No,No,No,,,,,,,2024,9.0,14.0,2024,9.0,16.0,15.0,,,132.0,132.0,,,,,,,97.43617561613397,,,2024-09-23,2024-10-28,2024-09-14,2024-09-16,2024-09-14
2024-0477-NPL,No,nat-hyd-mmw-lan,Natural,Hydrological,Mass movement (wet),Landslide (wet),,,NPL,Nepal,Southern Asia,Asia,Chitwan District,Heavy rain,,No,No,No,,,,,,,2024,7.0,13.0,2024,7.0,15.0,62.0,,,,,,,,,,,97.43617561613397,,,2024-07-15,2024-08-19,2024-07-13,2024-07-15,2024-07-13
2024-0478-NPL,No,nat-hyd-mmw-lan,Natural,Hydrological,Mass movement (wet),Landslide (wet),,,NPL,Nepal,Southern Asia,Asia,"Baglung, Chitawan, Kaski, and Myagdi districts (Gandaki and Bagmati provinces)",,,No,No,No,,,,,,,2024,7.0,10.0,2024,7.0,15.0,25.0,13.0,,,13.0,,,,,,,97.43617561613397,,,2024-07-15,2024-07-23,2024-07-10,2024-07-15,2024-07-10
2024-0303-PNG,No,nat-hyd-mmw-lan,Natural,Hydrological,Mass movement (wet),Landslide (wet),GLIDE:LS-2024-000080,,PNG,Papua New Guinea,Melanesia,Oceania,Enga Region,Heavy rains,,No,No,No,,,,,,,2024,5.0,23.0,2024,5.0,24.0,670.0,,7849.0,,7849.0,,,,,,,97.43617561613397,,,2024-06-04,2025-03-03,2024-05-23,2024-05-24,2024-05-23
2024-0140-PNG,No,nat-hyd-mmw-lan,Natural,Hydrological,Mass movement (wet),Landslide (wet),,,PNG,Papua New Guinea,Melanesia,Oceania,Chimbu Province; Lese Kavora (Gulf Province),Heavy rains,Flood,No,No,No,,,,,,,2024,3.0,18.0,2024,3.0,21.0,23.0,,,,,,,,,60000.0,61579.0,97.43617561613397,,,2024-03-22,2024-05-02,2024-03-18,2024-03-21,2024-03-18
2024-0057-PHL,No,nat-hyd-mmw-lan,Natural,Hydrological,Mass movement (wet),Landslide (wet),GLIDE:LS-2024-000003,,PHL,Philippines,South-eastern Asia,Asia,"Massara, Maco Municipality (Davao de Oro Province, Mindanao Island)",Heavy rains,Transport accident,No,No,No,,,,,,,2024,2.0,6.0,2024,2.0,6.0,128.0,32.0,1400000.0,,1400032.0,,,,,50000.0,51316.0,97.43617561613397,,,2024-02-08,2025-02-21,2024-02-06,2024-02-06,2024-02-06
2024-0043-PHL,No,nat-hyd-mmw-lan,Natural,Hydrological,Mass movement (wet),Landslide (wet),,,PHL,Philippines,South-eastern Asia,Asia,"Sitio Panlaisan village (Davao Oriental Province, Davao Region, eastern Mindanao Island)",Northeast Monsoon and a Low-Pressure Area (LPA),"Slide (land, mud, snow, rock)",No,No,No,,,,,,,2024,1.0,28.0,2024,2.0,1.0,22.0,11.0,1567339.0,,1567350.0,,,,,65110.0,66823.0,97.43617561613397,,,2024-02-01,2024-04-16,2024-01-28,2024-02-01,2024-01-28
2024-0588-UGA,No,nat-hyd-mmw-lan,Natural,Hydrological,Mass movement (wet),Landslide (wet),,,UGA,Uganda,Sub-Saharan Africa,Africa,Kampala,Heavy rains,,No,No,No,,,,,,,2024,8.0,9.0,2024,8.0,10.0,34.0,14.0,1000.0,,1014.0,,,,,,,97.43617561613397,,,2024-08-12,2025-01-22,2024-08-09,2024-08-10,2024-08-09
2024-0883-UGA,No,nat-hyd-mmw-lan,Natural,Hydrological,Mass movement (wet),Landslide (wet),GLIDE:LS-2024-000228,,UGA,Uganda,Sub-Saharan Africa,Africa,"Masugu (Bulambuli district, Mount Elgon subregion); Mbale, Sironko, Kapchorwa, Kween, Bukwo et Bududa districts",Heavy rains,Broken Dam/Burst bank|Flood,No,No,No,,,,,,Simu river,2024,11.0,27.0,2024,11.0,28.0,141.0,22.0,30000.0,,30022.0,,,,,,,97.43617561613397,,,2024-11-28,2024-12-19,2024-11-27,2024-11-28,2024-11-27
2024-0017-TZA,No,nat-hyd-mmw-lan,Natural,Hydrological,Mass movement (wet),Landslide (wet),,,TZA,United Republic of Tanzania,Sub-Saharan Africa,Africa,Bariadi District (Simiyu Region),Heavy rains,,No,No,No,,,,,,,2024,1.0,13.0,2024,1.0,13.0,22.0,,,,,,,,,,,97.43617561613397,,,2024-01-19,2024-02-14,2024-01-13,2024-01-13,2024-01-13
2024-0479-VNM,No,nat-hyd-mmw-lan,Natural,Hydrological,Mass movement (wet),Landslide (wet),,,VNM,Viet Nam,South-eastern Asia,Asia,"Ta Mo village (Bac Me district, Ha Giang province)","Heavy rain, tropical depression Three",,No,No,No,,,,,,,2024,7.0,12.0,2024,7.0,13.0,11.0,4.0,230.0,,234.0,,,,,,,97.43617561613397,,,2024-07-15,2024-07-17,2024-07-12,2024-07-13,2024-07-12
2025-0014-BRA,No,nat-hyd-mmw-lan,Natural,Hydrological,Mass movement (wet),Landslide (wet),,,BRA,Brazil,Latin America and the Caribbean,Americas,"Ipatinga, Santana do Paraiso municipalities (Minas Gerais state)",Heavy rains,,No,No,No,,,,,,,2025,1.0,11.0,2025,1.0,12.0,27.0,,3700.0,,3700.0,,,,,,,100.0,,,2025-01-13,2025-02-14,2025-01-11,2025-01-12,2025-01-11
2025-0389-CHN,No,nat-hyd-mmw-mud,Natural,Hydrological,Mass movement (wet),Mudslide,,,CHN,China,Eastern Asia,Asia,"Changshi, Qingyang (Dafang district, Guizhou province)",Heavy rains,,No,No,No,,,,,,,2025,5.0,22.0,2025,5.0,22.0,21.0,,,,,,,,,,,100.0,,,2025-05-22,2025-05-26,2025-05-22,2025-05-22,2025-05-22
2025-0487-CHN,No,nat-hyd-mmw-lan,Natural,Hydrological,Mass movement (wet),Landslide (wet),,,CHN,China,Eastern Asia,Asia,"Qamdo (Dengqen county, Tibet Autonomous Region)",Heavy rains,,No,No,No,,,,,,,2025,6.0,1.0,2025,6.0,4.0,10.0,3.0,,,3.0,,,,,,,100.0,,,2025-07-08,2026-04-23,2025-06-01,2025-06-04,2025-06-01
2025-0087-CHN,No,nat-hyd-mmw-lan,Natural,Hydrological,Mass movement (wet),Landslide (wet),,,CHN,China,Eastern Asia,Asia,Jinping village (Sichuan Province),,,No,No,No,,,,,,,2025,2.0,8.0,2025,2.0,8.0,29.0,,,,,,,,,,,100.0,,,2025-02-14,2025-07-16,2025-02-08,2025-02-08,2025-02-08
2025-0427-COL,No,nat-hyd-mmw-lan,Natural,Hydrological,Mass movement (wet),Landslide (wet),,,COL,Colombia,Latin America and the Caribbean,Americas,Near Medellin,Heavy rain,,No,No,No,,,,,,,2025,6.0,24.0,2025,6.0,24.0,26.0,15.0,1500.0,,1515.0,,,,,,,100.0,,,2025-07-01,2026-01-28,2025-06-24,2025-06-24,2025-06-24
2025-0162-COL,No,nat-hyd-mmw-lan,Natural,Hydrological,Mass movement (wet),Landslide (wet),,,COL,Colombia,Latin America and the Caribbean,Americas,El Encano town in Pasto city (Nariño department),Heavy rains,,No,No,No,,,,,,,2025,3.0,8.0,2025,3.0,8.0,4.0,,200.0,,200.0,,,,,,,100.0,,,2025-03-11,2025-04-01,2025-03-08,2025-03-08,2025-03-08
2025-0387-CIV,No,nat-hyd-mmw-lan,Natural,Hydrological,Mass movement (wet),Landslide (wet),,,CIV,Côte d’Ivoire,Sub-Saharan Africa,Africa,Abidjan district,Heavy rain,,No,No,No,,,,,,,2025,5.0,20.0,2025,5.0,21.0,12.0,7.0,,,7.0,,,,,,,100.0,,,2025-05-22,2025-05-26,2025-05-20,2025-05-21,2025-05-20
2025-0651-IND,No,nat-hyd-mmw-mud,Natural,Hydrological,Mass movement (wet),Mudslide,,,IND,India,Southern Asia,Asia,"Dharali village (Uttarkashi district, Uttarakhand state)",Violent cloudburst,,No,No,No,,,,,,,2025,8.0,5.0,2025,8.0,5.0,105.0,,,,,,,,,,,100.0,,,2025-08-06,2025-08-08,2025-08-05,2025-08-05,2025-08-05
2025-0736-IND,No,nat-hyd-mmw-lan,Natural,Hydrological,Mass movement (wet),Landslide (wet),,,IND,India,Southern Asia,Asia,Jammu and Kashmir region,Heavy rain,,No,No,No,,,,,,,2025,8.0,26.0,2025,8.0,26.0,41.0,,3500.0,,3500.0,,,,,,,100.0,,,2025-08-28,2025-08-29,2025-08-26,2025-08-26,2025-08-26
2025-0143-IND,No,nat-hyd-mmw-ava,Natural,Hydrological,Mass movement (wet),Avalanche (wet),,,IND,India,Southern Asia,Asia,Chamoli district (Uttarakhand),,,No,No,No,,,,,,,2025,2.0,28.0,2025,2.0,28.0,8.0,46.0,173.0,,219.0,,,,,,,100.0,,,2025-02-28,2025-03-04,2025-02-28,2025-02-28,2025-02-28
2025-0037-IDN,No,nat-hyd-mmw-lan,Natural,Hydrological,Mass movement (wet),Landslide (wet),,,IDN,Indonesia,South-eastern Asia,Asia,Near Pekalongan (central Java),Heavy rains,,No,No,No,,,,,,,2025,1.0,20.0,2025,1.0,20.0,26.0,13.0,,,13.0,,,,,,,100.0,,,2025-01-23,2025-02-12,2025-01-20,2025-01-20,2025-01-20
2025-0961-IDN,No,nat-hyd-mmw-lan,Natural,Hydrological,Mass movement (wet),Landslide (wet),,,IDN,Indonesia,South-eastern Asia,Asia,"Cilacap, Banjarnegara districts (Java)",Heavy rain,,No,No,No,,,,,,,2025,11.0,14.0,2025,11.0,16.0,51.0,2.0,414.0,162.0,578.0,,,,,,,100.0,,,2025-11-14,2025-11-24,2025-11-14,2025-11-16,2025-11-14
2025-0937-KEN,No,nat-hyd-mmw-lan,Natural,Hydrological,Mass movement (wet),Landslide (wet),,,KEN,Kenya,Sub-Saharan Africa,Africa,East Marakwet (Elgeyo-Marakwet county),Heavy rain,,No,No,No,,,,,,,2025,11.0,1.0,2025,11.0,1.0,51.0,9.0,6318.0,,6327.0,,,,,,,100.0,,,2025-11-04,2025-11-07,2025-11-01,2025-11-01,2025-11-01
2025-0941-PNG,No,nat-hyd-mmw-lan,Natural,Hydrological,Mass movement (wet),Landslide (wet),,,PNG,Papua New Guinea,Melanesia,Oceania,Kukas (Enga Province),,,No,No,No,,,,,,,2025,10.0,31.0,2025,10.0,31.0,21.0,,,,,,,,,,,100.0,,,2025-11-04,2025-11-07,2025-10-31,2025-10-31,2025-10-31
2025-1010-PER,No,nat-hyd-mmw-lan,Natural,Hydrological,Mass movement (wet),Landslide (wet),,,PER,Peru,Latin America and the Caribbean,Americas,Iparia (Ucayali region),Heavy rain,Transport accident,No,No,No,,,,,,,2025,12.0,1.0,2025,12.0,1.0,41.0,25.0,,,25.0,,,,,,,100.0,,,2025-12-02,2025-12-17,2025-12-01,2025-12-01,2025-12-01
2025-0994-LKA,No,nat-hyd-mmw-lan,Natural,Hydrological,Mass movement (wet),Landslide (wet),,,LKA,Sri Lanka,Southern Asia,Asia,"Ganetenna, Pahala Kadugannawa (Sabaragamuwa province); Badulla, Nuwara Eliya, districts",Heavy rain,Flood|Lightening,No,No,No,,,,,,,2025,11.0,20.0,2025,11.0,23.0,31.0,7.0,3000.0,,3007.0,,,,,,,100.0,,,2025-11-24,2025-11-28,2025-11-20,2025-11-23,2025-11-20
2025-0756-SDN,No,nat-hyd-mmw-lan,Natural,Hydrological,Mass movement (wet),Landslide (wet),,,SDN,Sudan,Northern Africa,Africa,"Tarasin village, Marra Mountains area (Darfur region)",Heavy rain,,No,No,No,,,,,,,2025,8.0,31.0,2025,9.0,1.0,400.0,,,,,,,,,,,100.0,,,2025-09-02,2026-01-13,2025-08-31,2025-09-01,2025-08-31
2025-0929-UGA,No,nat-hyd-mmw-lan,Natural,Hydrological,Mass movement (wet),Landslide (wet),,,UGA,Uganda,Sub-Saharan Africa,Africa,"Tuikat (Kween District); Chesower (Bukwo District), Kapchorwa on the Northern slopes of Mount Elgon",,,No,No,No,,,,,,,2025,10.0,30.0,2025,10.0,31.0,40.0,10.0,225.0,,235.0,,,,,,,100.0,,,2025-10-31,2025-11-07,2025-10-30,2025-10-31,2025-10-30
2025-0869-VEN,No,nat-hyd-mmw-lan,Natural,Hydrological,Mass movement (wet),Landslide (wet),,,VEN,Venezuela (Bolivarian Republic of),Latin America and the Caribbean,Americas,El Callao municipality (Bolivar state),,Collapse,No,No,No,,,,,,,2025,10.0,12.0,2025,10.0,12.0,14.0,,,,,,,,,,,100.0,,,2025-10-16,2025-10-20,2025-10-12,2025-10-12,2025-10-12
2026-0058-ARG,No,nat-hyd-mmw-lan,Natural,Hydrological,Mass movement (wet),Landslide (wet),,,ARG,Argentina,Latin America and the Caribbean,Americas,"Comodoro Rivadavia city (Mount Hermitte, Chubut Province)",,,No,No,No,,,,,,,2026,1.0,17.0,2026,1.0,18.0,,,10500.0,,10500.0,,,,,,,,,,2026-01-29,2026-02-05,2026-01-17,2026-01-18,2026-01-17
2026-0442-CHN,No,nat-hyd-mmw-lan,Natural,Hydrological,Mass movement (wet),Landslide (wet),,,CHN,China,Eastern Asia,Asia,Tanchang (Gansu province),,,No,No,No,,,,,,,2026,7.0,7.0,2026,7.0,7.0,21.0,,,,,,,,,,,,,,2026-07-16,2026-07-29,2026-07-07,2026-07-07,2026-07-07
2026-0444-CHN,No,nat-geo-mmd-lan,Natural,Geophysical,Mass movement (dry),Landslide (dry),,,CHN,China,Eastern Asia,Asia,"Qingyang (Pengshui Miao and Tujia Autonomous County, Chongqing province)",,,No,No,No,,,,,,,2026,7.0,17.0,2026,7.0,17.0,61.0,10.0,,,10.0,,,,,,,,,,2026-07-20,2026-07-31,2026-07-17,2026-07-17,2026-07-17
2026-0067-COD,No,nat-hyd-mmw-lan,Natural,Hydrological,Mass movement (wet),Landslide (wet),,,COD,Democratic Republic of the Congo,Sub-Saharan Africa,Africa,Rubaya (North Kivu),Heavy rain,,No,No,No,,,,,,,2026,1.0,28.0,2026,1.0,28.0,200.0,20.0,,,20.0,,,,,,,,,,2026-02-02,2026-02-16,2026-01-28,2026-01-28,2026-01-28
2026-0063-COD,No,nat-hyd-mmw-lan,Natural,Hydrological,Mass movement (wet),Landslide (wet),,,COD,Democratic Republic of the Congo,Sub-Saharan Africa,Africa,Burutsi village (North Kivu),Heavy rains,,No,No,No,,,,,,,2026,1.0,13.0,2026,1.0,13.0,13.0,4.0,,50.0,54.0,,,,,,,,,,2026-01-29,2026-04-17,2026-01-13,2026-01-13,2026-01-13
2026-0503-ETH,No,nat-hyd-mmw-lan,Natural,Hydrological,Mass movement (wet),Landslide (wet),,,ETH,Ethiopia,Sub-Saharan Africa,Africa,Sela Dingay (Amhara region),Heavy rain,,No,No,No,,,,,,,2026,8.0,3.0,2026,8.0,3.0,14.0,5.0,,,5.0,,,,,,,,,,2026-08-04,2026-09-10,2026-08-03,2026-08-03,2026-08-03
2026-0552-GIN,No,nat-hyd-mmw-lan,Natural,Hydrological,Mass movement (wet),Landslide (wet),,Garbage dump,GIN,Guinea,Sub-Saharan Africa,Africa,"Dar es salam (Gbessi, Conakry)",Heavy rain,,No,No,No,,,,,,,2026,8.0,23.0,2026,8.0,23.0,36.0,33.0,1600.0,,1633.0,,,,,,,,,,2026-08-24,2026-09-10,2026-08-23,2026-08-23,2026-08-23
2026-0148-IDN,No,nat-hyd-mmw-mud,Natural,Hydrological,Mass movement (wet),Mudslide,,slide,IDN,Indonesia,South-eastern Asia,Asia,Magelang and Kebumen (Central Java province),Heavy rain,,No,No,No,,,,,,,2026,3.0,3.0,2026,3.0,3.0,4.0,,,,,,,,,,,,,,2026-03-06,2026-03-09,2026-03-03,2026-03-03,2026-03-03
2026-0028-IDN,No,nat-hyd-mmw-lan,Natural,Hydrological,Mass movement (wet),Landslide (wet),,,IDN,Indonesia,South-eastern Asia,Asia,"Pasirlangu village, near Bandung (Java Isl.)",Heavy rain,,No,No,No,,,,,,,2026,1.0,22.0,2026,2.0,8.0,78.0,33.0,666.0,,699.0,,,,,20000.0,,,,,2026-01-26,2026-04-17,2026-01-22,2026-02-08,2026-01-22
2026-0130-PHL,No,nat-hyd-mmw-lan,Natural,Hydrological,Mass movement (wet),Landslide (wet),,,PHL,Philippines,South-eastern Asia,Asia,"Barangay Rizal, in Monkayo municipality (Davao de Oro) and Mati City of Barangay Central (Davao Oriental)",Heavy rains,,No,No,No,,,,,,,2026,2.0,19.0,2026,2.0,20.0,7.0,,1139.0,,1139.0,,,,,,,,,,2026-02-24,2026-07-24,2026-02-19,2026-02-20,2026-02-19
2026-0197-TZA,No,nat-hyd-mmw-lan,Natural,Hydrological,Mass movement (wet),Landslide (wet),,,TZA,United Republic of Tanzania,Sub-Saharan Africa,Africa,Rungwe District (Mbeya region),Heavy rains,Storm,No,No,No,,,,,,,2026,3.0,25.0,2026,3.0,28.0,20.0,5.0,600.0,,605.0,,,,,,,,,,2026-03-26,2026-07-24,2026-03-25,2026-03-28,2026-03-25
2026-0112-USA,No,nat-hyd-mmw-ava,Natural,Hydrological,Mass movement (wet),Avalanche (wet),,,USA,United States of America,Northern America,Americas,"Castle Peak, Sierra Nevada (Tahoe lake, California)",,Flood,No,No,No,,,,,,,2026,2.0,15.0,2026,2.0,19.0,9.0,6.0,,,6.0,,,,,200000.0,,,,,2026-02-19,2026-08-06,2026-02-15,2026-02-19,2026-02-15
